date,ticker,sentiment_final_mean,news_count_3d,sentiment_mean_3d,sentiment_ema_7d,sentiment_trend_7d,sentiment_delta_1d,sentiment_dir_signal
2017-01-16,ASII.JK,0.0,1.0,0.0,0.0,0.0,0.0,0
2017-01-17,ASII.JK,0.0,1.0,0.0,0.0,0.0,0.0,0
2017-01-18,ASII.JK,-1.0,2.0,-0.3333333333333333,-0.25,-1.0,-1.0,-1
2017-01-19,ASII.JK,0.0,1.0,-0.3333333333333333,-0.1875,0.3333333333333333,1.0,0
2017-01-20,ASII.JK,0.0,1.0,-0.3333333333333333,-0.140625,0.25,0.0,0
2017-01-23,ASII.JK,0.0,0.0,0.0,-0.10546875,0.2,0.0,0
2017-01-24,ASII.JK,0.0,0.0,0.0,-0.0791015625,0.16666666666666666,0.0,0
2017-01-25,ASII.JK,0.0,0.0,0.0,-0.059326171875,0.14285714285714285,0.0,0
2017-01-26,ASII.JK,0.0,0.0,0.0,-0.04449462890625,0.14285714285714285,0.0,0
2017-01-27,ASII.JK,0.0,0.0,0.0,-0.0333709716796875,0.14285714285714285,0.0,0
2017-01-30,ASII.JK,0.0,0.0,0.0,-0.025028228759765625,0.0,0.0,0
2017-01-31,ASII.JK,0.0,0.0,0.0,-0.01877117156982422,0.0,0.0,0
2017-02-01,ASII.JK,0.0,0.0,0.0,-0.014078378677368164,0.0,0.0,0
2017-02-02,ASII.JK,0.0,0.0,0.0,-0.010558784008026123,0.0,0.0,0
2017-02-03,ASII.JK,0.0,0.0,0.0,-0.007919088006019592,0.0,0.0,0
2017-02-06,ASII.JK,0.0,0.0,0.0,-0.005939316004514694,0.0,0.0,0
2017-02-07,ASII.JK,0.0,0.0,0.0,-0.004454487003386021,0.0,0.0,0
2017-02-08,ASII.JK,0.0,0.0,0.0,-0.0033408652525395155,0.0,0.0,0
2017-02-09,ASII.JK,0.0,0.0,0.0,-0.0025056489394046366,0.0,0.0,0
2017-02-10,ASII.JK,0.0,0.0,0.0,-0.0018792367045534775,0.0,0.0,0
2017-02-13,ASII.JK,0.0,0.0,0.0,-0.001409427528415108,0.0,0.0,0
2017-02-14,ASII.JK,0.0,0.0,0.0,-0.001057070646311331,0.0,0.0,0
2017-02-15,ASII.JK,0.0,0.0,0.0,-0.0007928029847334983,0.0,0.0,0
2017-02-16,ASII.JK,0.0,0.0,0.0,-0.0005946022385501237,0.0,0.0,0
2017-02-17,ASII.JK,0.0,0.0,0.0,-0.0004459516789125928,0.0,0.0,0
2017-02-20,ASII.JK,0.0,1.0,0.0,-0.0003344637591844446,0.0,0.0,0
2017-02-21,ASII.JK,1.0,2.0,0.3333333333333333,0.24974915218061167,1.0,1.0,1
2017-02-22,ASII.JK,0.0,2.0,0.3333333333333333,0.18731186413545875,-0.14285714285714285,-1.0,0
2017-02-23,ASII.JK,0.0,1.0,0.3333333333333333,0.14048389810159406,-0.14285714285714285,0.0,0
2017-02-24,ASII.JK,-1.0,4.0,-0.3333333333333333,-0.14463707642380447,-1.1428571428571428,-1.0,-1
2017-02-27,ASII.JK,0.6666666666666666,7.0,-0.11111111111111112,0.05818885934881331,0.6666666666666666,1.6666666666666665,1
2017-02-28,ASII.JK,0.0,9.0,-0.11111111111111112,0.043641644511609984,-0.09523809523809523,-0.6666666666666666,0
2017-03-01,ASII.JK,0.0,5.0,0.2222222222222222,0.03273123338370749,-0.09523809523809523,0.0,0
2017-03-02,ASII.JK,0.0,2.0,0.0,0.024548425037780618,-0.09523809523809523,0.0,0
2017-03-03,ASII.JK,0.0,0.0,0.0,0.01841131877833546,0.04761904761904762,0.0,0
2017-03-06,ASII.JK,0.0,0.0,0.0,0.013808489083751596,0.04761904761904762,0.0,0
2017-03-07,ASII.JK,0.0,0.0,0.0,0.010356366812813697,0.04761904761904762,0.0,0
2017-03-08,ASII.JK,0.0,0.0,0.0,0.007767275109610273,-0.09523809523809523,0.0,0
2017-03-09,ASII.JK,0.0,0.0,0.0,0.005825456332207705,0.0,0.0,0
2017-03-10,ASII.JK,0.0,0.0,0.0,0.004369092249155778,0.0,0.0,0
2017-03-13,ASII.JK,0.0,0.0,0.0,0.003276819186866834,0.0,0.0,0
2017-03-14,ASII.JK,0.0,0.0,0.0,0.002457614390150125,0.0,0.0,0
2017-03-15,ASII.JK,0.0,0.0,0.0,0.001843210792612594,0.0,0.0,0
2017-03-16,ASII.JK,0.0,0.0,0.0,0.0013824080944594454,0.0,0.0,0
2017-03-17,ASII.JK,0.0,0.0,0.0,0.001036806070844584,0.0,0.0,0
2017-03-20,ASII.JK,0.0,0.0,0.0,0.000777604553133438,0.0,0.0,0
2017-03-21,ASII.JK,0.0,0.0,0.0,0.0005832034148500786,0.0,0.0,0
2017-03-22,ASII.JK,0.0,0.0,0.0,0.00043740256113755893,0.0,0.0,0
2017-03-23,ASII.JK,0.0,0.0,0.0,0.0003280519208531692,0.0,0.0,0
2017-03-24,ASII.JK,0.0,0.0,0.0,0.00024603894063987693,0.0,0.0,0
2017-03-27,ASII.JK,0.0,0.0,0.0,0.0001845292054799077,0.0,0.0,0
2017-03-28,ASII.JK,0.0,0.0,0.0,0.00013839690410993077,0.0,0.0,0
2017-03-29,ASII.JK,0.0,1.0,0.0,0.00010379767808244808,0.0,0.0,0
2017-03-30,ASII.JK,0.0,1.0,0.0,7.784825856183606e-05,0.0,0.0,0
2017-03-31,ASII.JK,0.0,1.0,0.0,5.838619392137705e-05,0.0,0.0,0
2017-04-03,ASII.JK,0.0,0.0,0.0,4.3789645441032784e-05,0.0,0.0,0
2017-04-04,ASII.JK,0.0,0.0,0.0,3.284223408077459e-05,0.0,0.0,0
2017-04-05,ASII.JK,0.0,1.0,0.0,2.463167556058094e-05,0.0,0.0,0
2017-04-06,ASII.JK,0.0,1.0,0.0,1.8473756670435704e-05,0.0,0.0,0
2017-04-07,ASII.JK,0.0,1.0,0.0,1.3855317502826778e-05,0.0,0.0,0
2017-04-10,ASII.JK,0.0,0.0,0.0,1.0391488127120083e-05,0.0,0.0,0
2017-04-11,ASII.JK,0.0,0.0,0.0,7.793616095340063e-06,0.0,0.0,0
2017-04-12,ASII.JK,0.0,1.0,0.0,5.8452120715050474e-06,0.0,0.0,0
2017-04-13,ASII.JK,0.0,1.0,0.0,4.383909053628786e-06,0.0,0.0,0
2017-04-14,ASII.JK,-1.0,2.0,-0.3333333333333333,-0.24999671206820978,-1.0,-1.0,-1
2017-04-17,ASII.JK,1.0,2.0,0.0,0.06250246594884268,1.1428571428571428,2.0,1
2017-04-18,ASII.JK,0.0,2.0,0.0,0.04687684946163201,0.0,-1.0,0
2017-04-19,ASII.JK,0.0,1.0,0.3333333333333333,0.035157637096224006,0.0,0.0,0
2017-04-20,ASII.JK,0.0,6.0,0.0,0.026368227822168005,0.0,0.0,0
2017-04-21,ASII.JK,0.0,8.0,0.0,0.019776170866626003,0.0,0.0,0
2017-04-24,ASII.JK,0.0,9.0,0.0,0.014832128149969502,0.0,0.0,0
2017-04-25,ASII.JK,0.0,3.0,0.0,0.011124096112477127,0.0,0.0,0
2017-04-26,ASII.JK,0.0,1.0,0.0,0.008343072084357845,-0.14285714285714285,0.0,0
2017-04-27,ASII.JK,0.0,0.0,0.0,0.006257304063268384,0.0,0.0,0
2017-04-28,ASII.JK,0.0,0.0,0.0,0.004692978047451288,0.0,0.0,0
2017-05-01,ASII.JK,0.0,0.0,0.0,0.003519733535588466,0.0,0.0,0
2017-05-02,ASII.JK,0.0,0.0,0.0,0.0026398001516913495,0.0,0.0,0
2017-05-03,ASII.JK,0.0,0.0,0.0,0.001979850113768512,0.0,0.0,0
2017-05-04,ASII.JK,0.0,0.0,0.0,0.001484887585326384,0.0,0.0,0
2017-05-05,ASII.JK,0.0,0.0,0.0,0.001113665688994788,0.0,0.0,0
2017-05-08,ASII.JK,0.0,0.0,0.0,0.0008352492667460911,0.0,0.0,0
2017-05-09,ASII.JK,0.0,0.0,0.0,0.0006264369500595683,0.0,0.0,0
2017-05-10,ASII.JK,0.0,0.0,0.0,0.00046982771254467623,0.0,0.0,0
2017-05-11,ASII.JK,0.0,0.0,0.0,0.0003523707844085072,0.0,0.0,0
2017-05-12,ASII.JK,0.0,0.0,0.0,0.0002642780883063804,0.0,0.0,0
2017-05-15,ASII.JK,0.0,0.0,0.0,0.0001982085662297853,0.0,0.0,0
2017-05-16,ASII.JK,0.0,0.0,0.0,0.00014865642467233896,0.0,0.0,0
2017-05-17,ASII.JK,0.0,0.0,0.0,0.00011149231850425422,0.0,0.0,0
2017-05-18,ASII.JK,0.0,0.0,0.0,8.361923887819067e-05,0.0,0.0,0
2017-05-19,ASII.JK,0.0,0.0,0.0,6.2714429158643e-05,0.0,0.0,0
2017-05-22,ASII.JK,0.0,0.0,0.0,4.703582186898225e-05,0.0,0.0,0
2017-05-23,ASII.JK,0.0,0.0,0.0,3.527686640173669e-05,0.0,0.0,0
2017-05-24,ASII.JK,0.0,0.0,0.0,2.6457649801302516e-05,0.0,0.0,0
2017-05-25,ASII.JK,0.0,0.0,0.0,1.9843237350976885e-05,0.0,0.0,0
2017-05-26,ASII.JK,0.0,0.0,0.0,1.4882428013232664e-05,0.0,0.0,0
2017-05-29,ASII.JK,0.0,0.0,0.0,1.1161821009924498e-05,0.0,0.0,0
2017-05-30,ASII.JK,0.0,0.0,0.0,8.371365757443374e-06,0.0,0.0,0
2017-05-31,ASII.JK,0.0,0.0,0.0,6.27852431808253e-06,0.0,0.0,0
2017-06-01,ASII.JK,0.0,0.0,0.0,4.708893238561897e-06,0.0,0.0,0
2017-06-02,ASII.JK,0.0,0.0,0.0,3.531669928921423e-06,0.0,0.0,0
2017-06-05,ASII.JK,0.0,0.0,0.0,2.648752446691067e-06,0.0,0.0,0
2017-06-06,ASII.JK,0.0,0.0,0.0,1.9865643350183002e-06,0.0,0.0,0
2017-06-07,ASII.JK,0.0,2.0,0.0,1.489923251263725e-06,0.0,0.0,0
2017-06-08,ASII.JK,0.0,2.0,0.0,1.1174424384477938e-06,0.0,0.0,0
2017-06-09,ASII.JK,0.0,2.0,0.0,8.380818288358453e-07,0.0,0.0,0
2017-06-12,ASII.JK,0.0,0.0,0.0,6.28561371626884e-07,0.0,0.0,0
2017-06-13,ASII.JK,0.0,0.0,0.0,4.7142102872016297e-07,0.0,0.0,0
2017-06-14,ASII.JK,0.0,0.0,0.0,3.535657715401222e-07,0.0,0.0,0
2017-06-15,ASII.JK,0.0,0.0,0.0,2.6517432865509164e-07,0.0,0.0,0
2017-06-16,ASII.JK,0.0,0.0,0.0,1.9888074649131873e-07,0.0,0.0,0
2017-06-19,ASII.JK,1.0,1.0,0.3333333333333333,0.25000014916055985,1.0,1.0,1
2017-06-20,ASII.JK,-1.0,2.0,0.0,-0.06249988812958013,-1.1428571428571428,-2.0,-1
2017-06-21,ASII.JK,0.0,2.0,0.0,-0.046874916097185096,0.0,1.0,0
2017-06-22,ASII.JK,-1.0,2.0,-0.6666666666666666,-0.2851561870728888,-1.0,-1.0,-1
2017-06-23,ASII.JK,0.0,1.0,-0.3333333333333333,-0.2138671403046666,0.14285714285714285,1.0,0
2017-06-26,ASII.JK,0.0,1.0,-0.3333333333333333,-0.16040035522849996,0.14285714285714285,0.0,0
2017-06-27,ASII.JK,0.0,0.0,0.0,-0.12030026642137498,0.14285714285714285,0.0,0
2017-06-28,ASII.JK,0.0,0.0,0.0,-0.09022519981603123,0.14285714285714285,0.0,0
2017-06-29,ASII.JK,0.0,0.0,0.0,-0.06766889986202343,0.2857142857142857,0.0,0
2017-06-30,ASII.JK,0.0,0.0,0.0,-0.05075167489651757,0.14285714285714285,0.0,0
2017-07-03,ASII.JK,0.0,0.0,0.0,-0.03806375617238818,0.14285714285714285,0.0,0
2017-07-04,ASII.JK,0.0,0.0,0.0,-0.028547817129291133,0.0,0.0,0
2017-07-05,ASII.JK,0.0,0.0,0.0,-0.02141086284696835,0.0,0.0,0
2017-07-06,ASII.JK,0.0,0.0,0.0,-0.016058147135226263,0.0,0.0,0
2017-07-07,ASII.JK,0.0,0.0,0.0,-0.012043610351419697,0.0,0.0,0
2017-07-10,ASII.JK,0.0,0.0,0.0,-0.009032707763564773,0.0,0.0,0
2017-07-11,ASII.JK,0.0,0.0,0.0,-0.006774530822673579,0.0,0.0,0
2017-07-12,ASII.JK,0.0,0.0,0.0,-0.0050808981170051845,0.0,0.0,0
2017-07-13,ASII.JK,0.0,0.0,0.0,-0.0038106735877538886,0.0,0.0,0
2017-07-14,ASII.JK,0.0,0.0,0.0,-0.0028580051908154167,0.0,0.0,0
2017-07-17,ASII.JK,0.0,0.0,0.0,-0.0021435038931115627,0.0,0.0,0
2017-07-18,ASII.JK,0.0,0.0,0.0,-0.001607627919833672,0.0,0.0,0
2017-07-19,ASII.JK,-1.0,1.0,-0.3333333333333333,-0.25120572093987525,-1.0,-1.0,-1
2017-07-20,ASII.JK,0.0,1.0,-0.3333333333333333,-0.18840429070490644,0.14285714285714285,1.0,0
2017-07-21,ASII.JK,0.0,1.0,-0.3333333333333333,-0.14130321802867984,0.14285714285714285,0.0,0
2017-07-24,ASII.JK,0.0,0.0,0.0,-0.10597741352150988,0.14285714285714285,0.0,0
2017-07-25,ASII.JK,0.0,0.0,0.0,-0.0794830601411324,0.14285714285714285,0.0,0
2017-07-26,ASII.JK,0.0,0.0,0.0,-0.059612295105849304,0.14285714285714285,0.0,0
2017-07-27,ASII.JK,1.0,1.0,0.3333333333333333,0.20529077867061302,1.1428571428571428,1.0,1
2017-07-28,ASII.JK,-0.3333333333333333,4.0,0.22222222222222224,0.07063475066962642,-0.3333333333333333,-1.3333333333333333,-1
2017-07-31,ASII.JK,0.0,5.0,0.22222222222222224,0.05297606300221981,-0.09523809523809525,0.3333333333333333,0
2017-08-01,ASII.JK,0.0,4.0,-0.1111111111111111,0.03973204725166486,-0.09523809523809525,0.0,0
2017-08-02,ASII.JK,0.0,1.0,0.0,0.029799035438748647,-0.09523809523809525,0.0,0
2017-08-03,ASII.JK,0.0,0.0,0.0,0.022349276579061484,-0.09523809523809525,0.0,0
2017-08-04,ASII.JK,0.0,0.0,0.0,0.016761957434296114,-0.09523809523809525,0.0,0
2017-08-07,ASII.JK,0.0,0.0,0.0,0.012571468075722085,-0.09523809523809525,0.0,0
2017-08-08,ASII.JK,0.0,0.0,0.0,0.009428601056791565,0.047619047619047616,0.0,0
2017-08-09,ASII.JK,0.0,0.0,0.0,0.007071450792593673,0.0,0.0,0
2017-08-10,ASII.JK,0.0,0.0,0.0,0.005303588094445255,0.0,0.0,0
2017-08-11,ASII.JK,0.0,0.0,0.0,0.003977691070833941,0.0,0.0,0
2017-08-14,ASII.JK,0.0,0.0,0.0,0.002983268303125456,0.0,0.0,0
2017-08-15,ASII.JK,0.0,0.0,0.0,0.002237451227344092,0.0,0.0,0
2017-08-16,ASII.JK,0.0,0.0,0.0,0.001678088420508069,0.0,0.0,0
2017-08-17,ASII.JK,0.0,0.0,0.0,0.0012585663153810518,0.0,0.0,0
2017-08-18,ASII.JK,0.0,0.0,0.0,0.0009439247365357888,0.0,0.0,0
2017-08-21,ASII.JK,0.0,0.0,0.0,0.0007079435524018417,0.0,0.0,0
2017-08-22,ASII.JK,-1.0,1.0,-0.3333333333333333,-0.2494690423356986,-1.0,-1.0,-1
2017-08-23,ASII.JK,0.0,1.0,-0.3333333333333333,-0.18710178175177394,0.14285714285714285,1.0,0
2017-08-24,ASII.JK,0.0,1.0,-0.3333333333333333,-0.14032633631383046,0.14285714285714285,0.0,0
2017-08-25,ASII.JK,0.0,0.0,0.0,-0.10524475223537284,0.14285714285714285,0.0,0
2017-08-28,ASII.JK,0.0,1.0,0.0,-0.07893356417652964,0.14285714285714285,0.0,0
2017-08-29,ASII.JK,0.0,1.0,0.0,-0.05920017313239723,0.14285714285714285,0.0,0
2017-08-30,ASII.JK,0.0,1.0,0.0,-0.04440012984929792,0.14285714285714285,0.0,0
2017-08-31,ASII.JK,0.0,1.0,0.0,-0.03330009738697344,0.14285714285714285,0.0,0
2017-09-01,ASII.JK,0.0,1.0,0.0,-0.02497507304023008,0.0,0.0,0
2017-09-04,ASII.JK,0.5,3.0,0.16666666666666666,0.10626869521982744,0.5,0.5,1
2017-09-05,ASII.JK,0.0,2.0,0.16666666666666666,0.07970152141487058,-0.07142857142857142,-0.5,0
2017-09-06,ASII.JK,0.0,2.0,0.16666666666666666,0.059776141061152935,-0.07142857142857142,0.0,0
2017-09-07,ASII.JK,0.0,0.0,0.0,0.044832105795864705,-0.07142857142857142,0.0,0
2017-09-08,ASII.JK,0.0,0.0,0.0,0.033624079346898525,-0.07142857142857142,0.0,0
2017-09-11,ASII.JK,0.0,0.0,0.0,0.025218059510173894,-0.07142857142857142,0.0,0
2017-09-12,ASII.JK,0.0,0.0,0.0,0.01891354463263042,-0.07142857142857142,0.0,0
2017-09-13,ASII.JK,0.0,0.0,0.0,0.014185158474472815,-0.07142857142857142,0.0,0
2017-09-14,ASII.JK,0.0,0.0,0.0,0.010638868855854612,0.0,0.0,0
2017-09-15,ASII.JK,0.0,0.0,0.0,0.007979151641890959,0.0,0.0,0
2017-09-18,ASII.JK,0.0,1.0,0.0,0.005984363731418219,0.0,0.0,0
2017-09-19,ASII.JK,0.0,1.0,0.0,0.004488272798563665,0.0,0.0,0
2017-09-20,ASII.JK,0.0,1.0,0.0,0.0033662045989227484,0.0,0.0,0
2017-09-21,ASII.JK,0.0,0.0,0.0,0.002524653449192061,0.0,0.0,0
2017-09-22,ASII.JK,0.0,1.0,0.0,0.0018934900868940458,0.0,0.0,0
2017-09-25,ASII.JK,0.0,2.0,0.0,0.0014201175651705343,0.0,0.0,0
2017-09-26,ASII.JK,0.0,2.0,0.0,0.0010650881738779009,0.0,0.0,0
2017-09-27,ASII.JK,0.0,1.0,0.0,0.0007988161304084256,0.0,0.0,0
2017-09-28,ASII.JK,0.0,0.0,0.0,0.0005991120978063192,0.0,0.0,0
2017-09-29,ASII.JK,0.0,0.0,0.0,0.0004493340733547394,0.0,0.0,0
2017-10-02,ASII.JK,0.0,0.0,0.0,0.00033700055501605455,0.0,0.0,0
2017-10-03,ASII.JK,0.0,0.0,0.0,0.00025275041626204094,0.0,0.0,0
2017-10-04,ASII.JK,0.0,0.0,0.0,0.0001895628121965307,0.0,0.0,0
2017-10-05,ASII.JK,0.0,0.0,0.0,0.00014217210914739802,0.0,0.0,0
2017-10-06,ASII.JK,0.0,0.0,0.0,0.00010662908186054852,0.0,0.0,0
2017-10-09,ASII.JK,0.0,0.0,0.0,7.997181139541139e-05,0.0,0.0,0
2017-10-10,ASII.JK,0.0,0.0,0.0,5.997885854655854e-05,0.0,0.0,0
2017-10-11,ASII.JK,0.0,0.0,0.0,4.498414390991891e-05,0.0,0.0,0
2017-10-12,ASII.JK,0.0,0.0,0.0,3.3738107932439185e-05,0.0,0.0,0
2017-10-13,ASII.JK,0.0,0.0,0.0,2.530358094932939e-05,0.0,0.0,0
2017-10-16,ASII.JK,0.0,0.0,0.0,1.8977685711997042e-05,0.0,0.0,0
2017-10-17,ASII.JK,0.0,0.0,0.0,1.4233264283997782e-05,0.0,0.0,0
2017-10-18,ASII.JK,0.0,0.0,0.0,1.0674948212998337e-05,0.0,0.0,0
2017-10-19,ASII.JK,0.0,0.0,0.0,8.006211159748752e-06,0.0,0.0,0
2017-10-20,ASII.JK,0.0,0.0,0.0,6.004658369811564e-06,0.0,0.0,0
2017-10-23,ASII.JK,0.0,0.0,0.0,4.503493777358673e-06,0.0,0.0,0
2017-10-24,ASII.JK,0.0,0.0,0.0,3.3776203330190045e-06,0.0,0.0,0
2017-10-25,ASII.JK,0.0,0.0,0.0,2.5332152497642536e-06,0.0,0.0,0
2017-10-26,ASII.JK,0.0,0.0,0.0,1.8999114373231902e-06,0.0,0.0,0
2017-10-27,ASII.JK,0.0,0.0,0.0,1.4249335779923925e-06,0.0,0.0,0
2017-10-30,ASII.JK,0.0,0.0,0.0,1.0687001834942945e-06,0.0,0.0,0
2017-10-31,ASII.JK,1.0,1.0,0.3333333333333333,0.2500008015251376,1.0,1.0,1
2017-11-01,ASII.JK,0.0,1.0,0.3333333333333333,0.1875006011438532,-0.14285714285714285,-1.0,0
2017-11-02,ASII.JK,0.0,1.0,0.3333333333333333,0.1406254508578899,-0.14285714285714285,0.0,0
2017-11-03,ASII.JK,0.0,0.0,0.0,0.10546908814341743,-0.14285714285714285,0.0,0
2017-11-06,ASII.JK,0.0,0.0,0.0,0.07910181610756307,-0.14285714285714285,0.0,0
2017-11-07,ASII.JK,0.0,0.0,0.0,0.05932636208067231,-0.14285714285714285,0.0,0
2017-11-08,ASII.JK,0.0,1.0,0.0,0.04449477156050423,-0.14285714285714285,0.0,0
2017-11-09,ASII.JK,-1.0,2.0,-0.3333333333333333,-0.21662892132962183,-1.1428571428571428,-1.0,-1
2017-11-10,ASII.JK,0.0,2.0,-0.3333333333333333,-0.16247169099721637,0.14285714285714285,1.0,0
2017-11-13,ASII.JK,0.0,1.0,-0.3333333333333333,-0.12185376824791228,0.14285714285714285,0.0,0
2017-11-14,ASII.JK,0.0,0.0,0.0,-0.0913903261859342,0.14285714285714285,0.0,0
2017-11-15,ASII.JK,0.0,0.0,0.0,-0.06854274463945065,0.14285714285714285,0.0,0
2017-11-16,ASII.JK,0.0,0.0,0.0,-0.051407058479587986,0.14285714285714285,0.0,0
2017-11-17,ASII.JK,0.0,0.0,0.0,-0.03855529385969099,0.14285714285714285,0.0,0
2017-11-20,ASII.JK,0.0,0.0,0.0,-0.028916470394768242,0.14285714285714285,0.0,0
2017-11-21,ASII.JK,1.0,1.0,0.3333333333333333,0.22831264720392383,1.0,1.0,1
2017-11-22,ASII.JK,0.0,1.0,0.3333333333333333,0.17123448540294287,-0.14285714285714285,-1.0,0
2017-11-23,ASII.JK,1.0,2.0,0.6666666666666666,0.37842586405220713,0.8571428571428572,1.0,1
2017-11-24,ASII.JK,0.0,1.0,0.3333333333333333,0.28381939803915535,-0.2857142857142857,-1.0,0
2017-11-27,ASII.JK,-1.0,2.0,0.0,-0.03713545147063349,-1.2857142857142856,-1.0,-1
2017-11-28,ASII.JK,0.0,5.0,-0.3333333333333333,-0.027851588602975118,-0.14285714285714285,1.0,0
2017-11-29,ASII.JK,0.0,5.0,-0.3333333333333333,-0.020888691452231337,-0.14285714285714285,0.0,0
2017-11-30,ASII.JK,-1.0,5.0,-0.3333333333333333,-0.2656665185891735,-1.1428571428571428,-1.0,-1
2017-12-01,ASII.JK,0.0,1.0,-0.3333333333333333,-0.19924988894188012,0.14285714285714285,1.0,0
2017-12-04,ASII.JK,0.0,1.0,-0.3333333333333333,-0.1494374167064101,0.14285714285714285,0.0,0
2017-12-05,ASII.JK,0.0,0.0,0.0,-0.11207806252980757,0.2857142857142857,0.0,0
2017-12-06,ASII.JK,0.0,0.0,0.0,-0.08405854689735567,0.2857142857142857,0.0,0
2017-12-07,ASII.JK,1.0,1.0,0.3333333333333333,0.18695608982698325,1.1428571428571428,1.0,1
2017-12-08,ASII.JK,0.0,1.0,0.3333333333333333,0.14021706737023742,0.0,-1.0,0
2017-12-11,ASII.JK,0.0,1.0,0.3333333333333333,0.10516280052767807,0.0,0.0,0
2017-12-12,ASII.JK,0.0,0.0,0.0,0.07887210039575855,-0.14285714285714285,0.0,0
2017-12-13,ASII.JK,0.0,0.0,0.0,0.05915407529681892,-0.14285714285714285,0.0,0
2017-12-14,ASII.JK,0.0,0.0,0.0,0.044365556472614184,-0.14285714285714285,0.0,0
2017-12-15,ASII.JK,0.0,0.0,0.0,0.033274167354460635,-0.14285714285714285,0.0,0
2017-12-18,ASII.JK,0.0,0.0,0.0,0.024955625515845476,-0.14285714285714285,0.0,0
2017-12-19,ASII.JK,0.0,0.0,0.0,0.018716719136884108,0.0,0.0,0
2017-12-20,ASII.JK,0.0,0.0,0.0,0.014037539352663081,0.0,0.0,0
2017-12-21,ASII.JK,0.0,0.0,0.0,0.01052815451449731,0.0,0.0,0
2017-12-22,ASII.JK,0.0,0.0,0.0,0.007896115885872983,0.0,0.0,0
2017-12-25,ASII.JK,-1.0,1.0,-0.3333333333333333,-0.24407791308559526,-1.0,-1.0,-1
2017-12-26,ASII.JK,0.0,1.0,-0.3333333333333333,-0.18305843481419645,0.14285714285714285,1.0,0
2017-12-27,ASII.JK,0.0,1.0,-0.3333333333333333,-0.13729382611064733,0.14285714285714285,0.0,0
2017-12-28,ASII.JK,0.0,0.0,0.0,-0.1029703695829855,0.14285714285714285,0.0,0
2017-12-29,ASII.JK,0.0,0.0,0.0,-0.07722777718723912,0.14285714285714285,0.0,0
2018-01-01,ASII.JK,0.0,0.0,0.0,-0.05792083289042935,0.14285714285714285,0.0,0
2018-01-02,ASII.JK,0.0,0.0,0.0,-0.04344062466782201,0.14285714285714285,0.0,0
2018-01-03,ASII.JK,0.0,0.0,0.0,-0.03258046850086651,0.14285714285714285,0.0,0
2018-01-04,ASII.JK,0.0,0.0,0.0,-0.02443535137564988,0.0,0.0,0
2018-01-05,ASII.JK,0.0,0.0,0.0,-0.01832651353173741,0.0,0.0,0
2018-01-08,ASII.JK,0.0,0.0,0.0,-0.013744885148803059,0.0,0.0,0
2018-01-09,ASII.JK,0.0,0.0,0.0,-0.010308663861602294,0.0,0.0,0
2018-01-10,ASII.JK,0.0,0.0,0.0,-0.007731497896201721,0.0,0.0,0
2018-01-11,ASII.JK,0.0,0.0,0.0,-0.005798623422151291,0.0,0.0,0
2018-01-12,ASII.JK,0.0,0.0,0.0,-0.004348967566613468,0.0,0.0,0
2018-01-15,ASII.JK,0.0,0.0,0.0,-0.0032617256749601013,0.0,0.0,0
2018-01-16,ASII.JK,0.0,0.0,0.0,-0.002446294256220076,0.0,0.0,0
2018-01-17,ASII.JK,0.0,0.0,0.0,-0.0018347206921650568,0.0,0.0,0
2018-01-18,ASII.JK,0.0,0.0,0.0,-0.0013760405191237926,0.0,0.0,0
2018-01-19,ASII.JK,0.0,0.0,0.0,-0.0010320303893428444,0.0,0.0,0
2018-01-22,ASII.JK,0.0,0.0,0.0,-0.0007740227920071333,0.0,0.0,0
2018-01-23,ASII.JK,0.0,0.0,0.0,-0.00058051709400535,0.0,0.0,0
2018-01-24,ASII.JK,0.0,0.0,0.0,-0.00043538782050401247,0.0,0.0,0
2018-01-25,ASII.JK,0.0,0.0,0.0,-0.0003265408653780093,0.0,0.0,0
2018-01-26,ASII.JK,0.0,1.0,0.0,-0.00024490564903350697,0.0,0.0,0
2018-01-29,ASII.JK,0.0,1.0,0.0,-0.00018367923677513022,0.0,0.0,0
2018-01-30,ASII.JK,0.0,1.0,0.0,-0.00013775942758134765,0.0,0.0,0
2018-01-31,ASII.JK,0.0,0.0,0.0,-0.00010331957068601074,0.0,0.0,0
2018-02-01,ASII.JK,0.0,0.0,0.0,-7.748967801450805e-05,0.0,0.0,0
2018-02-02,ASII.JK,0.0,0.0,0.0,-5.8117258510881036e-05,0.0,0.0,0
2018-02-05,ASII.JK,0.0,0.0,0.0,-4.3587943883160774e-05,0.0,0.0,0
2018-02-06,ASII.JK,0.0,0.0,0.0,-3.269095791237058e-05,0.0,0.0,0
2018-02-07,ASII.JK,-1.0,1.0,-0.3333333333333333,-0.2500245182184343,-1.0,-1.0,-1
2018-02-08,ASII.JK,0.0,1.0,-0.3333333333333333,-0.18751838866382572,0.14285714285714285,1.0,0
2018-02-09,ASII.JK,0.0,1.0,-0.3333333333333333,-0.1406387914978693,0.14285714285714285,0.0,0
2018-02-12,ASII.JK,-0.6666666666666666,3.0,-0.2222222222222222,-0.27214576029006865,-0.5238095238095237,-0.6666666666666666,-1
2018-02-13,ASII.JK,0.0,3.0,-0.2222222222222222,-0.2041093202175515,0.23809523809523808,0.6666666666666666,0
2018-02-14,ASII.JK,0.0,3.0,-0.2222222222222222,-0.15308199016316362,0.23809523809523808,0.0,0
2018-02-15,ASII.JK,0.0,0.0,0.0,-0.11481149262237272,0.23809523809523808,0.0,0
2018-02-16,ASII.JK,0.0,0.0,0.0,-0.08610861946677954,0.23809523809523808,0.0,0
2018-02-19,ASII.JK,0.0,0.0,0.0,-0.06458146460008465,0.09523809523809523,0.0,0
2018-02-20,ASII.JK,0.0,0.0,0.0,-0.04843609845006349,0.09523809523809523,0.0,0
2018-02-21,ASII.JK,0.0,0.0,0.0,-0.036327073837547616,0.09523809523809523,0.0,0
2018-02-22,ASII.JK,0.0,0.0,0.0,-0.027245305378160712,0.0,0.0,0
2018-02-23,ASII.JK,0.0,0.0,0.0,-0.020433979033620535,0.0,0.0,0
2018-02-26,ASII.JK,0.0,0.0,0.0,-0.015325484275215401,0.0,0.0,0
2018-02-27,ASII.JK,1.0,4.0,0.3333333333333333,0.23850588679358845,1.0,1.0,1
2018-02-28,ASII.JK,0.0,5.0,0.3333333333333333,0.17887941509519134,-0.14285714285714285,-1.0,0
2018-03-01,ASII.JK,-1.0,6.0,0.0,-0.1158404386786065,-1.1428571428571428,-1.0,-1
2018-03-02,ASII.JK,0.0,2.0,-0.3333333333333333,-0.08688032900895487,0.0,1.0,0
2018-03-05,ASII.JK,-1.0,3.0,-0.6666666666666666,-0.31516024675671617,-1.0,-1.0,-1
2018-03-06,ASII.JK,0.0,2.0,-0.3333333333333333,-0.23637018506753713,0.14285714285714285,1.0,0
2018-03-07,ASII.JK,0.0,2.0,-0.3333333333333333,-0.17727763880065284,0.14285714285714285,0.0,0
2018-03-08,ASII.JK,0.0,1.0,0.0,-0.13295822910048963,0.14285714285714285,0.0,0
2018-03-09,ASII.JK,0.0,1.0,0.0,-0.09971867182536723,0.2857142857142857,0.0,0
2018-03-12,ASII.JK,0.0,1.0,0.0,-0.07478900386902543,0.2857142857142857,0.0,0
2018-03-13,ASII.JK,0.0,0.0,0.0,-0.05609175290176907,0.14285714285714285,0.0,0
2018-03-14,ASII.JK,0.0,0.0,0.0,-0.0420688146763268,0.14285714285714285,0.0,0
2018-03-15,ASII.JK,1.0,1.0,0.3333333333333333,0.2184483889927549,1.0,1.0,1
2018-03-16,ASII.JK,0.0,1.0,0.3333333333333333,0.16383629174456618,-0.14285714285714285,-1.0,0
2018-03-19,ASII.JK,0.0,1.0,0.3333333333333333,0.12287721880842464,-0.14285714285714285,0.0,0
2018-03-20,ASII.JK,-1.0,3.0,-0.3333333333333333,-0.1578420858936815,-1.1428571428571428,-1.0,-1
2018-03-21,ASII.JK,0.0,3.0,-0.3333333333333333,-0.11838156442026113,0.0,1.0,0
2018-03-22,ASII.JK,0.0,3.0,-0.3333333333333333,-0.08878617331519584,0.0,0.0,0
2018-03-23,ASII.JK,0.0,0.0,0.0,-0.06658962998639688,0.0,0.0,0
2018-03-26,ASII.JK,1.0,1.0,0.3333333333333333,0.20005777751020234,1.0,1.0,1
2018-03-27,ASII.JK,1.0,2.0,0.6666666666666666,0.4000433331326517,1.0,0.0,1
2018-03-28,ASII.JK,0.0,2.0,0.6666666666666666,0.30003249984948877,-0.14285714285714285,-1.0,0
2018-03-29,ASII.JK,0.0,1.0,0.3333333333333333,0.22502437488711657,-0.14285714285714285,0.0,0
2018-03-30,ASII.JK,0.0,0.0,0.0,0.16876828116533743,-0.2857142857142857,0.0,0
2018-04-02,ASII.JK,0.0,0.0,0.0,0.12657621087400306,-0.2857142857142857,0.0,0
2018-04-03,ASII.JK,0.0,0.0,0.0,0.0949321581555023,-0.2857142857142857,0.0,0
2018-04-04,ASII.JK,0.0,0.0,0.0,0.07119911861662673,-0.2857142857142857,0.0,0
2018-04-05,ASII.JK,0.0,0.0,0.0,0.053399338962470046,-0.14285714285714285,0.0,0
2018-04-06,ASII.JK,0.0,0.0,0.0,0.040049504221852536,0.0,0.0,0
2018-04-09,ASII.JK,0.0,0.0,0.0,0.030037128166389402,0.0,0.0,0
2018-04-10,ASII.JK,0.0,3.0,0.0,0.022527846124792052,0.0,0.0,0
2018-04-11,ASII.JK,0.0,3.0,0.0,0.01689588459359404,0.0,0.0,0
2018-04-12,ASII.JK,0.0,3.0,0.0,0.01267191344519553,0.0,0.0,0
2018-04-13,ASII.JK,-0.2,5.0,-0.06666666666666667,-0.04049606491610336,-0.2,-0.2,-1
2018-04-16,ASII.JK,0.0,9.0,-0.06666666666666667,-0.03037204868707752,0.028571428571428574,0.2,0
2018-04-17,ASII.JK,0.0,9.0,-0.06666666666666667,-0.02277903651530814,0.028571428571428574,0.0,0
2018-04-18,ASII.JK,0.0,5.0,0.0,-0.017084277386481106,0.028571428571428574,0.0,0
2018-04-19,ASII.JK,0.0,1.0,0.0,-0.01281320803986083,0.028571428571428574,0.0,0
2018-04-20,ASII.JK,0.0,1.0,0.0,-0.009609906029895622,0.028571428571428574,0.0,0
2018-04-23,ASII.JK,0.0,0.0,0.0,-0.007207429522421717,0.028571428571428574,0.0,0
2018-04-24,ASII.JK,0.0,0.0,0.0,-0.005405572141816287,0.028571428571428574,0.0,0
2018-04-25,ASII.JK,0.0,8.0,0.0,-0.004054179106362216,0.0,0.0,0
2018-04-26,ASII.JK,1.0,10.0,0.3333333333333333,0.24695936567022833,1.0,1.0,1
2018-04-27,ASII.JK,0.0,10.0,0.3333333333333333,0.18521952425267124,-0.14285714285714285,-1.0,0
2018-04-30,ASII.JK,0.0,2.0,0.3333333333333333,0.13891464318950342,-0.14285714285714285,0.0,0
2018-05-01,ASII.JK,0.0,0.0,0.0,0.10418598239212756,-0.14285714285714285,0.0,0
2018-05-02,ASII.JK,0.0,0.0,0.0,0.07813948679409567,-0.14285714285714285,0.0,0
2018-05-03,ASII.JK,0.0,0.0,0.0,0.05860461509557176,-0.14285714285714285,0.0,0
2018-05-04,ASII.JK,-1.0,1.0,-0.3333333333333333,-0.20604653867832118,-1.1428571428571428,-1.0,-1
2018-05-07,ASII.JK,0.0,1.0,-0.3333333333333333,-0.15453490400874087,0.0,1.0,0
2018-05-08,ASII.JK,0.0,1.0,-0.3333333333333333,-0.11590117800655565,0.14285714285714285,0.0,0
2018-05-09,ASII.JK,0.0,0.0,0.0,-0.08692588350491674,0.14285714285714285,0.0,0
2018-05-10,ASII.JK,0.0,0.0,0.0,-0.06519441262868755,0.14285714285714285,0.0,0
2018-05-11,ASII.JK,0.0,0.0,0.0,-0.048895809471515665,0.14285714285714285,0.0,0
2018-05-14,ASII.JK,0.0,0.0,0.0,-0.03667185710363675,0.14285714285714285,0.0,0
2018-05-15,ASII.JK,0.0,0.0,0.0,-0.027503892827727562,0.14285714285714285,0.0,0
2018-05-16,ASII.JK,0.0,0.0,0.0,-0.020627919620795673,0.0,0.0,0
2018-05-17,ASII.JK,0.0,0.0,0.0,-0.015470939715596755,0.0,0.0,0
2018-05-18,ASII.JK,0.0,0.0,0.0,-0.011603204786697567,0.0,0.0,0
2018-05-21,ASII.JK,1.0,1.0,0.3333333333333333,0.24129759640997683,1.0,1.0,1
2018-05-22,ASII.JK,0.0,1.0,0.3333333333333333,0.18097319730748263,-0.14285714285714285,-1.0,0
2018-05-23,ASII.JK,0.0,1.0,0.3333333333333333,0.13572989798061197,-0.14285714285714285,0.0,0
2018-05-24,ASII.JK,-1.0,1.0,-0.3333333333333333,-0.14820257651454102,-1.1428571428571428,-1.0,-1
2018-05-25,ASII.JK,0.0,1.0,-0.3333333333333333,-0.11115193238590576,0.0,1.0,0
2018-05-28,ASII.JK,-1.0,2.0,-0.6666666666666666,-0.3333639492894293,-1.0,-1.0,-1
2018-05-29,ASII.JK,0.0,1.0,-0.3333333333333333,-0.25002296196707197,0.14285714285714285,1.0,0
2018-05-30,ASII.JK,0.0,1.0,-0.3333333333333333,-0.18751722147530397,0.14285714285714285,0.0,0
2018-05-31,ASII.JK,0.0,0.0,0.0,-0.14063791610647797,0.2857142857142857,0.0,0
2018-06-01,ASII.JK,0.0,0.0,0.0,-0.10547843707985848,0.2857142857142857,0.0,0
2018-06-04,ASII.JK,-1.0,4.0,-0.3333333333333333,-0.32910882780989387,-0.7142857142857143,-1.0,-1
2018-06-05,ASII.JK,0.5,6.0,-0.16666666666666666,-0.12183162085742039,0.7857142857142857,1.5,1
2018-06-06,ASII.JK,0.0,6.0,-0.16666666666666666,-0.09137371564306529,0.21428571428571427,-0.5,0
2018-06-07,ASII.JK,0.3333333333333333,5.0,0.27777777777777773,0.014803046601034361,0.40476190476190477,0.3333333333333333,1
2018-06-08,ASII.JK,0.0,3.0,0.1111111111111111,0.011102284950775771,0.02380952380952381,-0.3333333333333333,0
2018-06-11,ASII.JK,0.0,3.0,0.1111111111111111,0.00832671371308183,0.02380952380952381,0.0,0
2018-06-12,ASII.JK,0.0,0.0,0.0,0.006245035284811372,0.02380952380952381,0.0,0
2018-06-13,ASII.JK,0.0,0.0,0.0,0.004683776463608529,0.02380952380952381,0.0,0
2018-06-14,ASII.JK,0.0,0.0,0.0,0.0035128323477063967,-0.11904761904761904,0.0,0
2018-06-15,ASII.JK,0.0,0.0,0.0,0.0026346242607797974,-0.04761904761904761,0.0,0
2018-06-18,ASII.JK,0.0,0.0,0.0,0.001975968195584848,-0.04761904761904761,0.0,0
2018-06-19,ASII.JK,0.0,0.0,0.0,0.001481976146688636,0.0,0.0,0
2018-06-20,ASII.JK,0.0,0.0,0.0,0.0011114821100164768,0.0,0.0,0
2018-06-21,ASII.JK,0.0,0.0,0.0,0.0008336115825123576,0.0,0.0,0
2018-06-22,ASII.JK,0.0,0.0,0.0,0.0006252086868842682,0.0,0.0,0
2018-06-25,ASII.JK,0.0,0.0,0.0,0.0004689065151632012,0.0,0.0,0
2018-06-26,ASII.JK,0.0,0.0,0.0,0.0003516798863724009,0.0,0.0,0
2018-06-27,ASII.JK,0.0,0.0,0.0,0.00026375991477930067,0.0,0.0,0
2018-06-28,ASII.JK,-1.0,1.0,-0.3333333333333333,-0.24980218006391552,-1.0,-1.0,-1
2018-06-29,ASII.JK,0.0,1.0,-0.3333333333333333,-0.18735163504793664,0.14285714285714285,1.0,0
2018-07-02,ASII.JK,0.0,1.0,-0.3333333333333333,-0.1405137262859525,0.14285714285714285,0.0,0
2018-07-03,ASII.JK,0.0,0.0,0.0,-0.10538529471446437,0.14285714285714285,0.0,0
2018-07-04,ASII.JK,0.0,0.0,0.0,-0.07903897103584828,0.14285714285714285,0.0,0
2018-07-05,ASII.JK,-1.0,1.0,-0.3333333333333333,-0.3092792282768862,-0.8571428571428572,-1.0,-1
2018-07-06,ASII.JK,0.0,1.0,-0.3333333333333333,-0.23195942120766466,0.2857142857142857,1.0,0
2018-07-09,ASII.JK,0.0,1.0,-0.3333333333333333,-0.1739695659057485,0.2857142857142857,0.0,0
2018-07-10,ASII.JK,0.0,0.0,0.0,-0.13047717442931137,0.14285714285714285,0.0,0
2018-07-11,ASII.JK,0.0,0.0,0.0,-0.09785788082198352,0.14285714285714285,0.0,0
2018-07-12,ASII.JK,0.0,0.0,0.0,-0.07339341061648763,0.14285714285714285,0.0,0
2018-07-13,ASII.JK,0.0,0.0,0.0,-0.05504505796236572,0.14285714285714285,0.0,0
2018-07-16,ASII.JK,0.0,0.0,0.0,-0.04128379347177429,0.14285714285714285,0.0,0
2018-07-17,ASII.JK,0.0,0.0,0.0,-0.030962845103830718,0.0,0.0,0
2018-07-18,ASII.JK,0.0,0.0,0.0,-0.02322213382787304,0.0,0.0,0
2018-07-19,ASII.JK,0.0,0.0,0.0,-0.01741660037090478,0.0,0.0,0
2018-07-20,ASII.JK,0.0,0.0,0.0,-0.013062450278178584,0.0,0.0,0
2018-07-23,ASII.JK,0.0,0.0,0.0,-0.009796837708633939,0.0,0.0,0
2018-07-24,ASII.JK,0.0,0.0,0.0,-0.007347628281475454,0.0,0.0,0
2018-07-25,ASII.JK,0.0,1.0,0.0,-0.00551072121110659,0.0,0.0,0
2018-07-26,ASII.JK,1.0,3.0,0.3333333333333333,0.24586695909167006,1.0,1.0,1
2018-07-27,ASII.JK,0.5,5.0,0.5,0.30940021931875256,0.35714285714285715,-0.5,1
2018-07-30,ASII.JK,0.0,4.0,0.5,0.2320501644890644,-0.21428571428571427,-0.5,0
2018-07-31,ASII.JK,0.0,2.0,0.16666666666666666,0.1740376233667983,-0.21428571428571427,0.0,0
2018-08-01,ASII.JK,0.0,0.0,0.0,0.13052821752509872,-0.21428571428571427,0.0,0
2018-08-02,ASII.JK,0.0,0.0,0.0,0.09789616314382404,-0.21428571428571427,0.0,0
2018-08-03,ASII.JK,0.0,0.0,0.0,0.07342212235786803,-0.21428571428571427,0.0,0
2018-08-06,ASII.JK,0.0,0.0,0.0,0.05506659176840102,-0.21428571428571427,0.0,0
2018-08-07,ASII.JK,-1.0,1.0,-0.3333333333333333,-0.20870005617369924,-1.0714285714285714,-1.0,-1
2018-08-08,ASII.JK,0.0,1.0,-0.3333333333333333,-0.15652504213027443,0.14285714285714285,1.0,0
2018-08-09,ASII.JK,-1.0,2.0,-0.6666666666666666,-0.36739378159770586,-0.8571428571428572,-1.0,-1
2018-08-10,ASII.JK,0.0,2.0,-0.3333333333333333,-0.27554533619827937,0.2857142857142857,1.0,0
2018-08-13,ASII.JK,0.0,2.0,-0.3333333333333333,-0.20665900214870953,0.2857142857142857,0.0,0
2018-08-14,ASII.JK,0.0,1.0,0.0,-0.15499425161153213,0.2857142857142857,0.0,0
2018-08-15,ASII.JK,0.0,0.0,0.0,-0.1162456887086491,0.2857142857142857,0.0,0
2018-08-16,ASII.JK,0.0,1.0,0.0,-0.08718426653148682,0.2857142857142857,0.0,0
2018-08-17,ASII.JK,0.0,1.0,0.0,-0.06538819989861512,0.14285714285714285,0.0,0
2018-08-20,ASII.JK,0.0,1.0,0.0,-0.049041149923961344,0.14285714285714285,0.0,0
2018-08-21,ASII.JK,0.0,0.0,0.0,-0.036780862442971005,0.0,0.0,0
2018-08-22,ASII.JK,0.0,0.0,0.0,-0.027585646832228253,0.0,0.0,0
2018-08-23,ASII.JK,1.0,1.0,0.3333333333333333,0.2293107648758288,1.0,1.0,1
2018-08-24,ASII.JK,0.0,1.0,0.3333333333333333,0.1719830736568716,-0.14285714285714285,-1.0,0
2018-08-27,ASII.JK,0.0,1.0,0.3333333333333333,0.1289873052426537,-0.14285714285714285,0.0,0
2018-08-28,ASII.JK,-1.0,1.0,-0.3333333333333333,-0.15325952106800972,-1.1428571428571428,-1.0,-1
2018-08-29,ASII.JK,-1.0,2.0,-0.6666666666666666,-0.3649446408010073,-1.0,0.0,-1
2018-08-30,ASII.JK,0.0,2.0,-0.6666666666666666,-0.2737084806007555,0.14285714285714285,1.0,0
2018-08-31,ASII.JK,0.0,1.0,-0.3333333333333333,-0.2052813604505666,0.14285714285714285,0.0,0
2018-09-03,ASII.JK,0.0,0.0,0.0,-0.15396102033792497,0.14285714285714285,0.0,0
2018-09-04,ASII.JK,0.0,0.0,0.0,-0.11547076525344373,0.2857142857142857,0.0,0
2018-09-05,ASII.JK,0.5,4.0,0.16666666666666666,0.03839692605991721,0.7857142857142857,0.5,1
2018-09-06,ASII.JK,1.0,5.0,0.5,0.2787976945449379,1.2142857142857142,0.5,1
2018-09-07,ASII.JK,0.0,5.0,0.5,0.20909827090870342,-0.07142857142857142,-1.0,0
2018-09-10,ASII.JK,0.0,1.0,0.3333333333333333,0.15682370318152755,-0.21428571428571427,0.0,0
2018-09-11,ASII.JK,0.0,0.0,0.0,0.11761777738614566,-0.21428571428571427,0.0,0
2018-09-12,ASII.JK,0.0,0.0,0.0,0.08821333303960925,-0.21428571428571427,0.0,0
2018-09-13,ASII.JK,0.0,0.0,0.0,0.06615999977970694,-0.21428571428571427,0.0,0
2018-09-14,ASII.JK,0.0,0.0,0.0,0.0496199998347802,-0.21428571428571427,0.0,0
2018-09-17,ASII.JK,0.0,0.0,0.0,0.03721499987608515,-0.14285714285714285,0.0,0
2018-09-18,ASII.JK,0.0,0.0,0.0,0.02791124990706386,0.0,0.0,0
2018-09-19,ASII.JK,-1.0,1.0,-0.3333333333333333,-0.2290665625697021,-1.0,-1.0,-1
2018-09-20,ASII.JK,0.0,1.0,-0.3333333333333333,-0.17179992192727656,0.14285714285714285,1.0,0
2018-09-21,ASII.JK,0.0,1.0,-0.3333333333333333,-0.12884994144545742,0.14285714285714285,0.0,0
2018-09-24,ASII.JK,0.0,0.0,0.0,-0.09663745608409306,0.14285714285714285,0.0,0
2018-09-25,ASII.JK,0.0,0.0,0.0,-0.0724780920630698,0.14285714285714285,0.0,0
2018-09-26,ASII.JK,0.0,0.0,0.0,-0.054358569047302345,0.14285714285714285,0.0,0
2018-09-27,ASII.JK,0.0,0.0,0.0,-0.04076892678547676,0.14285714285714285,0.0,0
2018-09-28,ASII.JK,0.0,0.0,0.0,-0.03057669508910757,0.14285714285714285,0.0,0
2018-10-01,ASII.JK,0.0,0.0,0.0,-0.022932521316830677,0.0,0.0,0
2018-10-02,ASII.JK,-1.0,1.0,-0.3333333333333333,-0.267199390987623,-1.0,-1.0,-1
2018-10-03,ASII.JK,0.0,1.0,-0.3333333333333333,-0.20039954324071726,0.14285714285714285,1.0,0
2018-10-04,ASII.JK,0.0,1.0,-0.3333333333333333,-0.15029965743053794,0.14285714285714285,0.0,0
2018-10-05,ASII.JK,0.0,0.0,0.0,-0.11272474307290345,0.14285714285714285,0.0,0
2018-10-08,ASII.JK,0.0,0.0,0.0,-0.08454355730467758,0.14285714285714285,0.0,0
2018-10-09,ASII.JK,0.0,0.0,0.0,-0.06340766797850819,0.14285714285714285,0.0,0
2018-10-10,ASII.JK,0.0,0.0,0.0,-0.047555750983881144,0.14285714285714285,0.0,0
2018-10-11,ASII.JK,0.0,0.0,0.0,-0.035666813237910856,0.14285714285714285,0.0,0
2018-10-12,ASII.JK,0.0,0.0,0.0,-0.026750109928433144,0.0,0.0,0
2018-10-15,ASII.JK,1.0,1.0,0.3333333333333333,0.22993741755367514,1.0,1.0,1
2018-10-16,ASII.JK,0.0,1.0,0.3333333333333333,0.17245306316525635,-0.14285714285714285,-1.0,0
2018-10-17,ASII.JK,0.0,1.0,0.3333333333333333,0.12933979737394227,-0.14285714285714285,0.0,0
2018-10-18,ASII.JK,0.0,0.0,0.0,0.0970048480304567,-0.14285714285714285,0.0,0
2018-10-19,ASII.JK,0.0,0.0,0.0,0.07275363602284252,-0.14285714285714285,0.0,0
2018-10-22,ASII.JK,0.0,0.0,0.0,0.05456522701713189,-0.14285714285714285,0.0,0
2018-10-23,ASII.JK,0.0,1.0,0.0,0.04092392026284891,-0.14285714285714285,0.0,0
2018-10-24,ASII.JK,0.0,1.0,0.0,0.030692940197136684,-0.14285714285714285,0.0,0
2018-10-25,ASII.JK,0.0,1.0,0.0,0.023019705147852513,0.0,0.0,0
2018-10-26,ASII.JK,0.0,0.0,0.0,0.017264778860889386,0.0,0.0,0
2018-10-29,ASII.JK,1.0,1.0,0.3333333333333333,0.262948584145667,1.0,1.0,1
2018-10-30,ASII.JK,0.0,1.0,0.3333333333333333,0.19721143810925026,-0.14285714285714285,-1.0,0
2018-10-31,ASII.JK,0.0,1.0,0.3333333333333333,0.1479085785819377,-0.14285714285714285,0.0,0
2018-11-01,ASII.JK,0.0,0.0,0.0,0.11093143393645327,-0.14285714285714285,0.0,0
2018-11-02,ASII.JK,0.0,1.0,0.0,0.08319857545233995,-0.14285714285714285,0.0,0
2018-11-05,ASII.JK,-1.0,3.0,-0.3333333333333333,-0.18760106841074503,-1.1428571428571428,-1.0,-1
2018-11-06,ASII.JK,0.0,3.0,-0.3333333333333333,-0.1407008013080588,0.0,1.0,0
2018-11-07,ASII.JK,0.0,2.0,-0.3333333333333333,-0.10552560098104409,0.0,0.0,0
2018-11-08,ASII.JK,0.0,0.0,0.0,-0.07914420073578307,0.14285714285714285,0.0,0
2018-11-09,ASII.JK,0.0,0.0,0.0,-0.0593581505518373,0.14285714285714285,0.0,0
2018-11-12,ASII.JK,0.0,2.0,0.0,-0.04451861291387798,0.14285714285714285,0.0,0
2018-11-13,ASII.JK,0.0,2.0,0.0,-0.03338895968540848,0.14285714285714285,0.0,0
2018-11-14,ASII.JK,0.0,2.0,0.0,-0.025041719764056364,0.14285714285714285,0.0,0
2018-11-15,ASII.JK,0.0,0.0,0.0,-0.018781289823042273,0.0,0.0,0
2018-11-16,ASII.JK,0.0,0.0,0.0,-0.014085967367281705,0.0,0.0,0
2018-11-19,ASII.JK,0.0,0.0,0.0,-0.010564475525461279,0.0,0.0,0
2018-11-20,ASII.JK,0.0,0.0,0.0,-0.00792335664409596,0.0,0.0,0
2018-11-21,ASII.JK,0.0,0.0,0.0,-0.00594251748307197,0.0,0.0,0
2018-11-22,ASII.JK,0.0,0.0,0.0,-0.004456888112303978,0.0,0.0,0
2018-11-23,ASII.JK,0.0,0.0,0.0,-0.0033426660842279833,0.0,0.0,0
2018-11-26,ASII.JK,1.0,1.0,0.3333333333333333,0.247493000436829,1.0,1.0,1
2018-11-27,ASII.JK,1.0,2.0,0.6666666666666666,0.4356197503276218,0.8571428571428572,0.0,1
2018-11-28,ASII.JK,0.0,2.0,0.6666666666666666,0.32671481274571634,-0.2857142857142857,-1.0,0
2018-11-29,ASII.JK,0.0,1.0,0.3333333333333333,0.24503610955928726,-0.2857142857142857,0.0,0
2018-11-30,ASII.JK,-1.0,1.0,-0.3333333333333333,-0.06622291783053455,-1.2857142857142856,-1.0,-1
2018-12-03,ASII.JK,0.0,1.0,-0.3333333333333333,-0.04966718837290091,-0.14285714285714285,1.0,0
2018-12-04,ASII.JK,0.0,1.0,-0.3333333333333333,-0.037250391279675686,-0.14285714285714285,0.0,0
2018-12-05,ASII.JK,-1.0,1.0,-0.3333333333333333,-0.2779377934597568,-1.1428571428571428,-1.0,-1
2018-12-06,ASII.JK,0.0,2.0,-0.3333333333333333,-0.20845334509481758,0.14285714285714285,1.0,0
2018-12-07,ASII.JK,0.0,2.0,-0.3333333333333333,-0.15634000882111318,0.2857142857142857,0.0,0
2018-12-10,ASII.JK,0.0,1.0,0.0,-0.11725500661583488,0.2857142857142857,0.0,0
2018-12-11,ASII.JK,0.0,0.0,0.0,-0.08794125496187616,0.2857142857142857,0.0,0
2018-12-12,ASII.JK,0.0,0.0,0.0,-0.06595594122140712,0.14285714285714285,0.0,0
2018-12-13,ASII.JK,0.0,0.0,0.0,-0.049466955916055336,0.14285714285714285,0.0,0
2018-12-14,ASII.JK,-1.0,1.0,-0.3333333333333333,-0.2871002169370415,-0.8571428571428572,-1.0,-1
2018-12-17,ASII.JK,0.0,1.0,-0.3333333333333333,-0.21532516270278113,0.14285714285714285,1.0,0
2018-12-18,ASII.JK,0.0,1.0,-0.3333333333333333,-0.16149387202708584,0.14285714285714285,0.0,0
2018-12-19,ASII.JK,0.0,0.0,0.0,-0.12112040402031438,0.14285714285714285,0.0,0
2018-12-20,ASII.JK,0.0,0.0,0.0,-0.09084030301523578,0.14285714285714285,0.0,0
2018-12-21,ASII.JK,0.0,0.0,0.0,-0.06813022726142684,0.14285714285714285,0.0,0
2018-12-24,ASII.JK,0.0,0.0,0.0,-0.05109767044607013,0.14285714285714285,0.0,0
2018-12-25,ASII.JK,0.0,0.0,0.0,-0.038323252834552596,0.14285714285714285,0.0,0
2018-12-26,ASII.JK,-1.0,1.0,-0.3333333333333333,-0.27874243962591444,-1.0,-1.0,-1
2018-12-27,ASII.JK,0.0,1.0,-0.3333333333333333,-0.20905682971943584,0.14285714285714285,1.0,0
2018-12-28,ASII.JK,0.0,1.0,-0.3333333333333333,-0.15679262228957688,0.14285714285714285,0.0,0
2018-12-31,ASII.JK,0.0,0.0,0.0,-0.11759446671718266,0.14285714285714285,0.0,0
2019-01-01,ASII.JK,0.0,0.0,0.0,-0.08819585003788699,0.14285714285714285,0.0,0
2019-01-02,ASII.JK,-1.0,1.0,-0.3333333333333333,-0.31614688752841524,-0.8571428571428572,-1.0,-1
2019-01-03,ASII.JK,0.0,1.0,-0.3333333333333333,-0.23711016564631143,0.2857142857142857,1.0,0
2019-01-04,ASII.JK,0.0,1.0,-0.3333333333333333,-0.17783262423473356,0.2857142857142857,0.0,0
2019-01-07,ASII.JK,0.0,0.0,0.0,-0.13337446817605017,0.14285714285714285,0.0,0
2019-01-08,ASII.JK,0.0,0.0,0.0,-0.10003085113203763,0.14285714285714285,0.0,0
2019-01-09,ASII.JK,0.0,0.0,0.0,-0.07502313834902823,0.14285714285714285,0.0,0
2019-01-10,ASII.JK,0.0,0.0,0.0,-0.056267353761771166,0.14285714285714285,0.0,0
2019-01-11,ASII.JK,0.0,0.0,0.0,-0.042200515321328375,0.14285714285714285,0.0,0
2019-01-14,ASII.JK,0.0,0.0,0.0,-0.03165038649099628,0.0,0.0,0
2019-01-15,ASII.JK,0.0,0.0,0.0,-0.023737789868247212,0.0,0.0,0
2019-01-16,ASII.JK,0.0,0.0,0.0,-0.01780334240118541,0.0,0.0,0
2019-01-17,ASII.JK,0.0,0.0,0.0,-0.013352506800889058,0.0,0.0,0
2019-01-18,ASII.JK,0.0,0.0,0.0,-0.010014380100666794,0.0,0.0,0
2019-01-21,ASII.JK,0.0,0.0,0.0,-0.007510785075500096,0.0,0.0,0
2019-01-22,ASII.JK,-1.0,1.0,-0.3333333333333333,-0.25563308880662505,-1.0,-1.0,-1
2019-01-23,ASII.JK,0.0,1.0,-0.3333333333333333,-0.1917248166049688,0.14285714285714285,1.0,0
2019-01-24,ASII.JK,0.0,1.0,-0.3333333333333333,-0.1437936124537266,0.14285714285714285,0.0,0
2019-01-25,ASII.JK,0.0,1.0,0.0,-0.10784520934029496,0.14285714285714285,0.0,0
2019-01-28,ASII.JK,0.0,1.0,0.0,-0.08088390700522122,0.14285714285714285,0.0,0
2019-01-29,ASII.JK,0.0,1.0,0.0,-0.06066293025391591,0.14285714285714285,0.0,0
2019-01-30,ASII.JK,0.0,0.0,0.0,-0.04549719769043693,0.14285714285714285,0.0,0
2019-01-31,ASII.JK,0.0,0.0,0.0,-0.0341228982678277,0.14285714285714285,0.0,0
2019-02-01,ASII.JK,0.0,0.0,0.0,-0.025592173700870777,0.0,0.0,0
2019-02-04,ASII.JK,0.0,0.0,0.0,-0.019194130275653084,0.0,0.0,0
2019-02-05,ASII.JK,0.0,0.0,0.0,-0.014395597706739812,0.0,0.0,0
2019-02-06,ASII.JK,0.0,0.0,0.0,-0.010796698280054858,0.0,0.0,0
2019-02-07,ASII.JK,0.0,0.0,0.0,-0.008097523710041143,0.0,0.0,0
2019-02-08,ASII.JK,0.0,0.0,0.0,-0.006073142782530857,0.0,0.0,0
2019-02-11,ASII.JK,0.0,1.0,0.0,-0.004554857086898143,0.0,0.0,0
2019-02-12,ASII.JK,0.0,1.0,0.0,-0.003416142815173607,0.0,0.0,0
2019-02-13,ASII.JK,0.0,1.0,0.0,-0.0025621071113802055,0.0,0.0,0
2019-02-14,ASII.JK,0.0,0.0,0.0,-0.0019215803335351541,0.0,0.0,0
2019-02-15,ASII.JK,0.0,0.0,0.0,-0.0014411852501513655,0.0,0.0,0
2019-02-18,ASII.JK,0.0,0.0,0.0,-0.001080888937613524,0.0,0.0,0
2019-02-19,ASII.JK,0.0,0.0,0.0,-0.000810666703210143,0.0,0.0,0
2019-02-20,ASII.JK,-1.0,6.0,-0.3333333333333333,-0.25060800002740763,-1.0,-1.0,-1
2019-02-21,ASII.JK,0.0,6.0,-0.3333333333333333,-0.18795600002055574,0.14285714285714285,1.0,0
2019-02-22,ASII.JK,0.0,6.0,-0.3333333333333333,-0.1409670000154168,0.14285714285714285,0.0,0
2019-02-25,ASII.JK,0.0,0.0,0.0,-0.10572525001156259,0.14285714285714285,0.0,0
2019-02-26,ASII.JK,0.0,0.0,0.0,-0.07929393750867195,0.14285714285714285,0.0,0
2019-02-27,ASII.JK,-0.3333333333333333,3.0,-0.1111111111111111,-0.1428037864648373,-0.19047619047619047,-0.3333333333333333,-1
2019-02-28,ASII.JK,0.0,3.0,-0.1111111111111111,-0.10710283984862798,0.19047619047619047,0.3333333333333333,0
2019-03-01,ASII.JK,0.0,3.0,-0.1111111111111111,-0.08032712988647098,0.19047619047619047,0.0,0
2019-03-04,ASII.JK,0.0,0.0,0.0,-0.06024534741485323,0.047619047619047616,0.0,0
2019-03-05,ASII.JK,0.0,1.0,0.0,-0.04518401056113992,0.047619047619047616,0.0,0
2019-03-06,ASII.JK,0.0,1.0,0.0,-0.033888007920854946,0.047619047619047616,0.0,0
2019-03-07,ASII.JK,0.0,1.0,0.0,-0.02541600594064121,0.047619047619047616,0.0,0
2019-03-08,ASII.JK,0.0,0.0,0.0,-0.019062004455480907,0.047619047619047616,0.0,0
2019-03-11,ASII.JK,0.0,0.0,0.0,-0.01429650334161068,0.0,0.0,0
2019-03-12,ASII.JK,0.0,0.0,0.0,-0.01072237750620801,0.0,0.0,0
2019-03-13,ASII.JK,-1.0,1.0,-0.3333333333333333,-0.25804178312965603,-1.0,-1.0,-1
2019-03-14,ASII.JK,0.0,1.0,-0.3333333333333333,-0.19353133734724204,0.14285714285714285,1.0,0
2019-03-15,ASII.JK,0.0,1.0,-0.3333333333333333,-0.14514850301043153,0.14285714285714285,0.0,0
2019-03-18,ASII.JK,1.0,1.0,0.3333333333333333,0.14113862274217637,1.1428571428571428,1.0,1
2019-03-19,ASII.JK,0.0,1.0,0.3333333333333333,0.10585396705663228,0.0,-1.0,0
2019-03-20,ASII.JK,0.0,2.0,0.3333333333333333,0.0793904752924742,0.0,0.0,0
2019-03-21,ASII.JK,0.0,1.0,0.0,0.05954285646935565,0.0,0.0,0
2019-03-22,ASII.JK,0.0,1.0,0.0,0.04465714235201674,0.0,0.0,0
2019-03-25,ASII.JK,0.0,0.0,0.0,0.033492856764012556,-0.14285714285714285,0.0,0
2019-03-26,ASII.JK,0.0,0.0,0.0,0.025119642573009415,-0.14285714285714285,0.0,0
2019-03-27,ASII.JK,0.0,1.0,0.0,0.01883973192975706,-0.14285714285714285,0.0,0
2019-03-28,ASII.JK,0.0,1.0,0.0,0.014129798947317796,0.0,0.0,0
2019-03-29,ASII.JK,-1.0,2.0,-0.3333333333333333,-0.23940265078951165,-1.0,-1.0,-1
2019-04-01,ASII.JK,0.0,1.0,-0.3333333333333333,-0.17955198809213374,0.14285714285714285,1.0,0
2019-04-02,ASII.JK,0.0,1.0,-0.3333333333333333,-0.13466399106910032,0.14285714285714285,0.0,0
2019-04-03,ASII.JK,0.0,0.0,0.0,-0.10099799330182524,0.14285714285714285,0.0,0
2019-04-04,ASII.JK,0.0,0.0,0.0,-0.07574849497636893,0.14285714285714285,0.0,0
2019-04-05,ASII.JK,0.0,2.0,0.0,-0.0568113712322767,0.14285714285714285,0.0,0
2019-04-08,ASII.JK,0.0,2.0,0.0,-0.04260852842420752,0.14285714285714285,0.0,0
2019-04-09,ASII.JK,0.0,2.0,0.0,-0.03195639631815564,0.14285714285714285,0.0,0
2019-04-10,ASII.JK,0.0,0.0,0.0,-0.02396729723861673,0.0,0.0,0
2019-04-11,ASII.JK,0.4,5.0,0.13333333333333333,0.08202452707103747,0.4,0.4,1
2019-04-12,ASII.JK,0.0,5.0,0.13333333333333333,0.0615183953032781,-0.05714285714285715,-0.4,0
2019-04-15,ASII.JK,-0.5,9.0,-0.033333333333333326,-0.07886120352254142,-0.5571428571428572,-0.5,-1
2019-04-16,ASII.JK,-1.0,5.0,-0.5,-0.30914590264190606,-0.9857142857142858,-0.5,-1
2019-04-17,ASII.JK,0.0,5.0,-0.5,-0.23185942698142953,0.15714285714285717,1.0,0
2019-04-18,ASII.JK,0.0,1.0,-0.3333333333333333,-0.17389457023607213,0.15714285714285717,0.0,0
2019-04-19,ASII.JK,0.0,0.0,0.0,-0.1304209276770541,0.15714285714285717,0.0,0
2019-04-22,ASII.JK,0.0,0.0,0.0,-0.09781569575779057,0.15714285714285717,0.0,0
2019-04-23,ASII.JK,0.0,0.0,0.0,-0.07336177181834293,0.21428571428571427,0.0,0
2019-04-24,ASII.JK,0.0,1.0,0.0,-0.0550213288637572,0.21428571428571427,0.0,0
2019-04-25,ASII.JK,-0.14285714285714285,8.0,-0.047619047619047616,-0.07698028236210361,0.0,-0.14285714285714285,-1
2019-04-26,ASII.JK,0.0,10.0,-0.047619047619047616,-0.057735211771577706,0.020408163265306138,0.14285714285714285,0
2019-04-29,ASII.JK,0.0,9.0,-0.047619047619047616,-0.04330140882868328,0.020408163265306138,0.0,0
2019-04-30,ASII.JK,0.0,2.0,0.0,-0.03247605662151246,0.020408163265306138,0.0,0
2019-05-01,ASII.JK,0.0,0.0,0.0,-0.02435704246613435,0.020408163265306138,0.0,0
2019-05-02,ASII.JK,0.0,0.0,0.0,-0.01826778184960076,0.020408163265306138,0.0,0
2019-05-03,ASII.JK,0.0,0.0,0.0,-0.013700836387200571,0.020408163265306138,0.0,0
2019-05-06,ASII.JK,0.0,0.0,0.0,-0.010275627290400428,0.020408163265306138,0.0,0
2019-05-07,ASII.JK,0.0,0.0,0.0,-0.007706720467800321,0.0,0.0,0
2019-05-08,ASII.JK,0.0,0.0,0.0,-0.005780040350850241,0.0,0.0,0
2019-05-09,ASII.JK,0.0,0.0,0.0,-0.004335030263137681,0.0,0.0,0
2019-05-10,ASII.JK,0.0,1.0,0.0,-0.0032512726973532606,0.0,0.0,0
2019-05-13,ASII.JK,0.0,1.0,0.0,-0.002438454523014945,0.0,0.0,0
2019-05-14,ASII.JK,0.0,1.0,0.0,-0.001828840892261209,0.0,0.0,0
2019-05-15,ASII.JK,0.0,0.0,0.0,-0.0013716306691959066,0.0,0.0,0
2019-05-16,ASII.JK,0.0,0.0,0.0,-0.00102872300189693,0.0,0.0,0
2019-05-17,ASII.JK,-0.3333333333333333,3.0,-0.1111111111111111,-0.08410487558475603,-0.3333333333333333,-0.3333333333333333,-1
2019-05-20,ASII.JK,0.0,5.0,-0.1111111111111111,-0.06307865668856702,0.04761904761904763,0.3333333333333333,0
2019-05-21,ASII.JK,0.0,5.0,-0.1111111111111111,-0.047308992516425265,0.04761904761904763,0.0,0
2019-05-22,ASII.JK,0.0,2.0,0.0,-0.03548174438731895,0.04761904761904763,0.0,0
2019-05-23,ASII.JK,0.0,0.0,0.0,-0.026611308290489213,0.04761904761904763,0.0,0
2019-05-24,ASII.JK,0.0,0.0,0.0,-0.01995848121786691,0.04761904761904763,0.0,0
2019-05-27,ASII.JK,0.0,1.0,0.0,-0.014968860913400182,0.04761904761904763,0.0,0
2019-05-28,ASII.JK,0.0,1.0,0.0,-0.011226645685050137,0.04761904761904763,0.0,0
2019-05-29,ASII.JK,0.0,1.0,0.0,-0.008419984263787603,0.0,0.0,0
2019-05-30,ASII.JK,0.0,0.0,0.0,-0.006314988197840703,0.0,0.0,0
2019-05-31,ASII.JK,0.0,0.0,0.0,-0.004736241148380527,0.0,0.0,0
2019-06-03,ASII.JK,0.0,0.0,0.0,-0.0035521808612853953,0.0,0.0,0
2019-06-04,ASII.JK,-1.0,1.0,-0.3333333333333333,-0.25266413564596407,-1.0,-1.0,-1
2019-06-05,ASII.JK,0.0,1.0,-0.3333333333333333,-0.18949810173447307,0.14285714285714285,1.0,0
2019-06-06,ASII.JK,0.0,1.0,-0.3333333333333333,-0.14212357630085481,0.14285714285714285,0.0,0
2019-06-07,ASII.JK,0.0,0.0,0.0,-0.10659268222564111,0.14285714285714285,0.0,0
2019-06-10,ASII.JK,0.0,0.0,0.0,-0.07994451166923083,0.14285714285714285,0.0,0
2019-06-11,ASII.JK,0.0,0.0,0.0,-0.059958383751923125,0.14285714285714285,0.0,0
2019-06-12,ASII.JK,-1.0,1.0,-0.3333333333333333,-0.2949687878139423,-0.8571428571428572,-1.0,-1
2019-06-13,ASII.JK,0.0,2.0,-0.3333333333333333,-0.22122659086045673,0.2857142857142857,1.0,0
2019-06-14,ASII.JK,0.0,2.0,-0.3333333333333333,-0.16591994314534256,0.14285714285714285,0.0,0
2019-06-17,ASII.JK,0.0,1.0,0.0,-0.12443995735900693,0.14285714285714285,0.0,0
2019-06-18,ASII.JK,0.0,0.0,0.0,-0.0933299680192552,0.14285714285714285,0.0,0
2019-06-19,ASII.JK,0.0,0.0,0.0,-0.0699974760144414,0.14285714285714285,0.0,0
2019-06-20,ASII.JK,0.0,0.0,0.0,-0.05249810701083105,0.14285714285714285,0.0,0
2019-06-21,ASII.JK,0.0,0.0,0.0,-0.039373580258123285,0.14285714285714285,0.0,0
2019-06-24,ASII.JK,-1.0,2.0,-0.3333333333333333,-0.27953018519359246,-1.0,-1.0,-1
2019-06-25,ASII.JK,0.0,2.0,-0.3333333333333333,-0.20964763889519433,0.14285714285714285,1.0,0
2019-06-26,ASII.JK,-1.0,3.0,-0.6666666666666666,-0.4072357291713957,-0.8571428571428572,-1.0,-1
2019-06-27,ASII.JK,0.0,2.0,-0.3333333333333333,-0.3054267968785468,0.2857142857142857,1.0,0
2019-06-28,ASII.JK,0.0,2.0,-0.3333333333333333,-0.2290700976589101,0.2857142857142857,0.0,0
2019-07-01,ASII.JK,0.0,1.0,0.0,-0.17180257324418258,0.2857142857142857,0.0,0
2019-07-02,ASII.JK,0.0,0.0,0.0,-0.12885192993313693,0.2857142857142857,0.0,0
2019-07-03,ASII.JK,0.0,0.0,0.0,-0.0966389474498527,0.2857142857142857,0.0,0
2019-07-04,ASII.JK,0.0,0.0,0.0,-0.07247921058738953,0.14285714285714285,0.0,0
2019-07-05,ASII.JK,0.0,0.0,0.0,-0.05435940794054214,0.14285714285714285,0.0,0
2019-07-08,ASII.JK,0.0,0.0,0.0,-0.04076955595540661,0.0,0.0,0
2019-07-09,ASII.JK,0.0,0.0,0.0,-0.030577166966554957,0.0,0.0,0
2019-07-10,ASII.JK,0.0,0.0,0.0,-0.022932875224916216,0.0,0.0,0
2019-07-11,ASII.JK,0.0,0.0,0.0,-0.017199656418687162,0.0,0.0,0
2019-07-12,ASII.JK,0.0,0.0,0.0,-0.012899742314015371,0.0,0.0,0
2019-07-15,ASII.JK,0.0,1.0,0.0,-0.009674806735511528,0.0,0.0,0
2019-07-16,ASII.JK,0.0,1.0,0.0,-0.007256105051633646,0.0,0.0,0
2019-07-17,ASII.JK,-1.0,2.0,-0.3333333333333333,-0.2554420787887252,-1.0,-1.0,-1
2019-07-18,ASII.JK,0.0,1.0,-0.3333333333333333,-0.1915815590915439,0.14285714285714285,1.0,0
2019-07-19,ASII.JK,0.5,3.0,-0.16666666666666666,-0.018686169318657908,0.6428571428571428,0.5,1
2019-07-22,ASII.JK,0.0,2.0,0.16666666666666666,-0.014014626988993431,0.07142857142857142,-0.5,0
2019-07-23,ASII.JK,-1.0,3.0,-0.16666666666666666,-0.2605109702417451,-0.9285714285714286,-1.0,-1
2019-07-24,ASII.JK,0.0,1.0,-0.3333333333333333,-0.1953832276813088,0.21428571428571427,1.0,0
2019-07-25,ASII.JK,0.0,1.0,-0.3333333333333333,-0.1465374207609816,0.21428571428571427,0.0,0
2019-07-26,ASII.JK,0.0,0.0,0.0,-0.1099030655707362,0.21428571428571427,0.0,0
2019-07-29,ASII.JK,0.0,0.0,0.0,-0.08242729917805215,0.07142857142857142,0.0,0
2019-07-30,ASII.JK,0.0,0.0,0.0,-0.06182047438353912,0.07142857142857142,0.0,0
2019-07-31,ASII.JK,0.0,1.0,0.0,-0.04636535578765434,0.14285714285714285,0.0,0
2019-08-01,ASII.JK,0.0,1.0,0.0,-0.03477401684074076,0.14285714285714285,0.0,0
2019-08-02,ASII.JK,0.0,1.0,0.0,-0.02608051263055557,0.0,0.0,0
2019-08-05,ASII.JK,0.0,0.0,0.0,-0.019560384472916678,0.0,0.0,0
2019-08-06,ASII.JK,-1.0,1.0,-0.3333333333333333,-0.26467028835468753,-1.0,-1.0,-1
2019-08-07,ASII.JK,0.0,3.0,-0.3333333333333333,-0.19850271626601565,0.14285714285714285,1.0,0
2019-08-08,ASII.JK,0.0,3.0,-0.3333333333333333,-0.14887703719951173,0.14285714285714285,0.0,0
2019-08-09,ASII.JK,0.0,2.0,0.0,-0.1116577778996338,0.14285714285714285,0.0,0
2019-08-12,ASII.JK,0.0,0.0,0.0,-0.08374333342472534,0.14285714285714285,0.0,0
2019-08-13,ASII.JK,0.0,0.0,0.0,-0.062807500068544,0.14285714285714285,0.0,0
2019-08-14,ASII.JK,0.0,0.0,0.0,-0.047105625051408,0.14285714285714285,0.0,0
2019-08-15,ASII.JK,0.0,0.0,0.0,-0.035329218788556,0.14285714285714285,0.0,0
2019-08-16,ASII.JK,0.0,0.0,0.0,-0.026496914091417002,0.0,0.0,0
2019-08-19,ASII.JK,0.0,0.0,0.0,-0.019872685568562753,0.0,0.0,0
2019-08-20,ASII.JK,-1.0,1.0,-0.3333333333333333,-0.2649045141764221,-1.0,-1.0,-1
2019-08-21,ASII.JK,-1.0,2.0,-0.6666666666666666,-0.44867838563231655,-0.8571428571428572,0.0,-1
2019-08-22,ASII.JK,0.0,2.0,-0.6666666666666666,-0.33650878922423744,0.2857142857142857,1.0,0
2019-08-23,ASII.JK,0.0,1.0,-0.3333333333333333,-0.2523815919181781,0.2857142857142857,0.0,0
2019-08-26,ASII.JK,-1.0,2.0,-0.3333333333333333,-0.43928619393863355,-0.7142857142857143,-1.0,-1
2019-08-27,ASII.JK,0.0,2.0,-0.3333333333333333,-0.32946464545397514,0.42857142857142855,1.0,0
2019-08-28,ASII.JK,0.0,2.0,-0.3333333333333333,-0.24709848409048135,0.42857142857142855,0.0,0
2019-08-29,ASII.JK,0.0,0.0,0.0,-0.18532386306786103,0.42857142857142855,0.0,0
2019-08-30,ASII.JK,0.0,1.0,0.0,-0.13899289730089576,0.2857142857142857,0.0,0
2019-09-02,ASII.JK,0.0,3.0,0.0,-0.10424467297567182,0.14285714285714285,0.0,0
2019-09-03,ASII.JK,0.0,3.0,0.0,-0.07818350473175387,0.14285714285714285,0.0,0
2019-09-04,ASII.JK,0.0,2.0,0.0,-0.0586376285488154,0.14285714285714285,0.0,0
2019-09-05,ASII.JK,0.0,0.0,0.0,-0.04397822141161155,0.0,0.0,0
2019-09-06,ASII.JK,0.0,0.0,0.0,-0.03298366605870866,0.0,0.0,0
2019-09-09,ASII.JK,0.0,0.0,0.0,-0.024737749544031493,0.0,0.0,0
2019-09-10,ASII.JK,0.0,0.0,0.0,-0.01855331215802362,0.0,0.0,0
2019-09-11,ASII.JK,0.0,0.0,0.0,-0.013914984118517715,0.0,0.0,0
2019-09-12,ASII.JK,0.0,0.0,0.0,-0.010436238088888286,0.0,0.0,0
2019-09-13,ASII.JK,0.0,0.0,0.0,-0.007827178566666215,0.0,0.0,0
2019-09-16,ASII.JK,0.0,0.0,0.0,-0.005870383924999661,0.0,0.0,0
2019-09-17,ASII.JK,0.0,0.0,0.0,-0.004402787943749746,0.0,0.0,0
2019-09-18,ASII.JK,-1.0,1.0,-0.3333333333333333,-0.2533020909578123,-1.0,-1.0,-1
2019-09-19,ASII.JK,0.0,1.0,-0.3333333333333333,-0.18997656821835923,0.14285714285714285,1.0,0
2019-09-20,ASII.JK,0.0,3.0,-0.3333333333333333,-0.14248242616376944,0.14285714285714285,0.0,0
2019-09-23,ASII.JK,0.0,2.0,0.0,-0.10686181962282708,0.14285714285714285,0.0,0
2019-09-24,ASII.JK,0.0,2.0,0.0,-0.0801463647171203,0.14285714285714285,0.0,0
2019-09-25,ASII.JK,0.0,0.0,0.0,-0.06010977353784023,0.14285714285714285,0.0,0
2019-09-26,ASII.JK,0.0,0.0,0.0,-0.04508233015338017,0.14285714285714285,0.0,0
2019-09-27,ASII.JK,0.0,0.0,0.0,-0.03381174761503513,0.14285714285714285,0.0,0
2019-09-30,ASII.JK,0.0,0.0,0.0,-0.025358810711276346,0.0,0.0,0
2019-10-01,ASII.JK,0.0,0.0,0.0,-0.019019108033457258,0.0,0.0,0
2019-10-02,ASII.JK,0.0,0.0,0.0,-0.014264331025092943,0.0,0.0,0
2019-10-03,ASII.JK,0.0,0.0,0.0,-0.010698248268819707,0.0,0.0,0
2019-10-04,ASII.JK,0.0,1.0,0.0,-0.008023686201614779,0.0,0.0,0
2019-10-07,ASII.JK,-0.5,3.0,-0.16666666666666666,-0.1310177646512111,-0.5,-0.5,-1
2019-10-08,ASII.JK,0.0,3.0,-0.16666666666666666,-0.09826332348840833,0.07142857142857142,0.5,0
2019-10-09,ASII.JK,0.0,2.0,-0.16666666666666666,-0.07369749261630625,0.07142857142857142,0.0,0
2019-10-10,ASII.JK,0.0,0.0,0.0,-0.05527311946222968,0.07142857142857142,0.0,0
2019-10-11,ASII.JK,-1.0,1.0,-0.3333333333333333,-0.2914548395966723,-0.9285714285714286,-1.0,-1
2019-10-14,ASII.JK,0.0,1.0,-0.3333333333333333,-0.21859112969750422,0.21428571428571427,1.0,0
2019-10-15,ASII.JK,0.0,1.0,-0.3333333333333333,-0.16394334727312815,0.21428571428571427,0.0,0
2019-10-16,ASII.JK,0.0,0.0,0.0,-0.12295751045484611,0.21428571428571427,0.0,0
2019-10-17,ASII.JK,0.0,0.0,0.0,-0.09221813284113459,0.14285714285714285,0.0,0
2019-10-18,ASII.JK,0.0,0.0,0.0,-0.06916359963085095,0.14285714285714285,0.0,0
2019-10-21,ASII.JK,0.0,0.0,0.0,-0.05187269972313821,0.14285714285714285,0.0,0
2019-10-22,ASII.JK,0.0,0.0,0.0,-0.03890452479235366,0.14285714285714285,0.0,0
2019-10-23,ASII.JK,0.0,0.0,0.0,-0.029178393594265245,0.0,0.0,0
2019-10-24,ASII.JK,0.0,0.0,0.0,-0.021883795195698934,0.0,0.0,0
2019-10-25,ASII.JK,0.0,0.0,0.0,-0.0164128463967742,0.0,0.0,0
2019-10-28,ASII.JK,0.0,0.0,0.0,-0.012309634797580649,0.0,0.0,0
2019-10-29,ASII.JK,0.0,1.0,0.0,-0.009232226098185487,0.0,0.0,0
2019-10-30,ASII.JK,0.0,2.0,0.0,-0.006924169573639115,0.0,0.0,0
2019-10-31,ASII.JK,-1.0,3.0,-0.3333333333333333,-0.25519312718022935,-1.0,-1.0,-1
2019-11-01,ASII.JK,1.0,3.0,0.0,0.05860515461482799,1.1428571428571428,2.0,1
2019-11-04,ASII.JK,0.0,2.0,0.0,0.04395386596112099,0.0,-1.0,0
2019-11-05,ASII.JK,0.0,1.0,0.3333333333333333,0.03296539947084074,0.0,0.0,0
2019-11-06,ASII.JK,1.0,1.0,0.3333333333333333,0.27472404960313057,1.0,1.0,1
2019-11-07,ASII.JK,0.0,1.0,0.3333333333333333,0.20604303720234793,-0.14285714285714285,-1.0,0
2019-11-08,ASII.JK,0.0,1.0,0.3333333333333333,0.15453227790176094,-0.14285714285714285,0.0,0
2019-11-11,ASII.JK,0.0,1.0,0.0,0.1158992084263207,-0.14285714285714285,0.0,0
2019-11-12,ASII.JK,0.0,1.0,0.0,0.08692440631974052,-0.2857142857142857,0.0,0
2019-11-13,ASII.JK,0.0,1.0,0.0,0.06519330473980539,-0.14285714285714285,0.0,0
2019-11-14,ASII.JK,0.0,0.0,0.0,0.04889497855485404,-0.14285714285714285,0.0,0
2019-11-15,ASII.JK,0.0,0.0,0.0,0.036671233916140536,-0.14285714285714285,0.0,0
2019-11-18,ASII.JK,0.0,0.0,0.0,0.027503425437105402,0.0,0.0,0
2019-11-19,ASII.JK,0.0,1.0,0.0,0.02062756907782905,0.0,0.0,0
2019-11-20,ASII.JK,0.0,1.0,0.0,0.015470676808371789,0.0,0.0,0
2019-11-21,ASII.JK,0.0,1.0,0.0,0.011603007606278842,0.0,0.0,0
2019-11-22,ASII.JK,0.0,0.0,0.0,0.00870225570470913,0.0,0.0,0
2019-11-25,ASII.JK,0.0,2.0,0.0,0.006526691778531848,0.0,0.0,0
2019-11-26,ASII.JK,-1.0,3.0,-0.3333333333333333,-0.2451049811661011,-1.0,-1.0,-1
2019-11-27,ASII.JK,0.0,3.0,-0.3333333333333333,-0.18382873587457582,0.14285714285714285,1.0,0
2019-11-28,ASII.JK,0.3333333333333333,4.0,-0.22222222222222224,-0.05453821857259854,0.47619047619047616,0.3333333333333333,1
2019-11-29,ASII.JK,-1.0,4.0,-0.22222222222222224,-0.2909036639294489,-0.9047619047619048,-1.3333333333333333,-1
2019-12-02,ASII.JK,0.0,4.0,-0.22222222222222224,-0.21817774794708666,0.2380952380952381,1.0,0
2019-12-03,ASII.JK,0.0,1.0,-0.3333333333333333,-0.163633310960315,0.2380952380952381,0.0,0
2019-12-04,ASII.JK,0.0,0.0,0.0,-0.12272498322023626,0.2380952380952381,0.0,0
2019-12-05,ASII.JK,0.0,0.0,0.0,-0.09204373741517718,0.2380952380952381,0.0,0
2019-12-06,ASII.JK,0.0,0.0,0.0,-0.06903280306138289,0.09523809523809525,0.0,0
2019-12-09,ASII.JK,-1.0,1.0,-0.3333333333333333,-0.30177460229603714,-0.9047619047619048,-1.0,-1
2019-12-10,ASII.JK,0.0,1.0,-0.3333333333333333,-0.22633095172202786,0.2857142857142857,1.0,0
2019-12-11,ASII.JK,0.0,1.0,-0.3333333333333333,-0.16974821379152089,0.14285714285714285,0.0,0
2019-12-12,ASII.JK,1.0,2.0,0.3333333333333333,0.12268883965635935,1.1428571428571428,1.0,1
2019-12-13,ASII.JK,-1.0,3.0,0.0,-0.1579833702577305,-1.0,-2.0,-1
2019-12-16,ASII.JK,1.0,4.0,0.3333333333333333,0.13151247230670213,1.1428571428571428,2.0,1
2019-12-17,ASII.JK,0.0,2.0,0.0,0.09863435423002659,0.0,-1.0,0
2019-12-18,ASII.JK,0.0,1.0,0.3333333333333333,0.07397576567251994,0.0,0.0,0
2019-12-19,ASII.JK,0.0,0.0,0.0,0.05548182425438995,-0.14285714285714285,0.0,0
2019-12-20,ASII.JK,0.0,0.0,0.0,0.04161136819079246,-0.14285714285714285,0.0,0
2019-12-23,ASII.JK,0.0,0.0,0.0,0.031208526143094346,-0.14285714285714285,0.0,0
2019-12-24,ASII.JK,0.0,0.0,0.0,0.02340639460732076,0.0,0.0,0
2019-12-25,ASII.JK,0.0,0.0,0.0,0.01755479595549057,-0.14285714285714285,0.0,0
2019-12-26,ASII.JK,0.0,0.0,0.0,0.013166096966617927,0.0,0.0,0
2019-12-27,ASII.JK,0.0,1.0,0.0,0.009874572724963445,0.0,0.0,0
2019-12-30,ASII.JK,0.0,1.0,0.0,0.007405929543722584,0.0,0.0,0
2019-12-31,ASII.JK,0.0,1.0,0.0,0.005554447157791938,0.0,0.0,0
2020-01-01,ASII.JK,0.0,0.0,0.0,0.004165835368343954,0.0,0.0,0
2020-01-02,ASII.JK,0.0,0.0,0.0,0.0031243765262579655,0.0,0.0,0
2020-01-03,ASII.JK,0.0,0.0,0.0,0.002343282394693474,0.0,0.0,0
2020-01-06,ASII.JK,0.0,0.0,0.0,0.0017574617960201054,0.0,0.0,0
2020-01-07,ASII.JK,0.0,0.0,0.0,0.001318096347015079,0.0,0.0,0
2020-01-08,ASII.JK,0.0,0.0,0.0,0.000988572260261309,0.0,0.0,0
2020-01-09,ASII.JK,0.0,0.0,0.0,0.0007414291951959818,0.0,0.0,0
2020-01-10,ASII.JK,0.0,0.0,0.0,0.0005560718963969864,0.0,0.0,0
2020-01-13,ASII.JK,0.0,0.0,0.0,0.0004170539222977398,0.0,0.0,0
2020-01-14,ASII.JK,0.0,0.0,0.0,0.0003127904417233048,0.0,0.0,0
2020-01-15,ASII.JK,0.0,0.0,0.0,0.0002345928312924786,0.0,0.0,0
2020-01-16,ASII.JK,0.0,0.0,0.0,0.00017594462346935897,0.0,0.0,0
2020-01-17,ASII.JK,0.0,0.0,0.0,0.00013195846760201922,0.0,0.0,0
2020-01-20,ASII.JK,-1.0,1.0,-0.3333333333333333,-0.24990103114929849,-1.0,-1.0,-1
2020-01-21,ASII.JK,0.0,1.0,-0.3333333333333333,-0.18742577336197386,0.14285714285714285,1.0,0
2020-01-22,ASII.JK,0.0,1.0,-0.3333333333333333,-0.1405693300214804,0.14285714285714285,0.0,0
2020-01-23,ASII.JK,0.0,0.0,0.0,-0.10542699751611029,0.14285714285714285,0.0,0
2020-01-24,ASII.JK,0.0,0.0,0.0,-0.07907024813708272,0.14285714285714285,0.0,0
2020-01-27,ASII.JK,0.0,0.0,0.0,-0.05930268610281204,0.14285714285714285,0.0,0
2020-01-28,ASII.JK,0.0,0.0,0.0,-0.04447701457710903,0.14285714285714285,0.0,0
2020-01-29,ASII.JK,0.0,0.0,0.0,-0.03335776093283177,0.14285714285714285,0.0,0
2020-01-30,ASII.JK,0.0,0.0,0.0,-0.025018320699623828,0.0,0.0,0
2020-01-31,ASII.JK,0.0,0.0,0.0,-0.01876374052471787,0.0,0.0,0
2020-02-03,ASII.JK,0.0,0.0,0.0,-0.014072805393538404,0.0,0.0,0
2020-02-04,ASII.JK,0.0,0.0,0.0,-0.010554604045153803,0.0,0.0,0
2020-02-05,ASII.JK,0.0,0.0,0.0,-0.007915953033865351,0.0,0.0,0
2020-02-06,ASII.JK,-1.0,1.0,-0.3333333333333333,-0.255936964775399,-1.0,-1.0,-1
2020-02-07,ASII.JK,0.0,1.0,-0.3333333333333333,-0.19195272358154924,0.14285714285714285,1.0,0
2020-02-10,ASII.JK,-1.0,2.0,-0.6666666666666666,-0.39396454268616193,-0.8571428571428572,-1.0,-1
2020-02-11,ASII.JK,0.0,1.0,-0.3333333333333333,-0.29547340701462144,0.2857142857142857,1.0,0
2020-02-12,ASII.JK,0.0,1.0,-0.3333333333333333,-0.22160505526096608,0.2857142857142857,0.0,0
2020-02-13,ASII.JK,0.0,0.0,0.0,-0.16620379144572456,0.2857142857142857,0.0,0
2020-02-14,ASII.JK,0.0,0.0,0.0,-0.12465284358429342,0.2857142857142857,0.0,0
2020-02-17,ASII.JK,0.0,0.0,0.0,-0.09348963268822007,0.2857142857142857,0.0,0
2020-02-18,ASII.JK,-1.0,1.0,-0.3333333333333333,-0.32011722451616503,-0.8571428571428572,-1.0,-1
2020-02-19,ASII.JK,0.0,1.0,-0.3333333333333333,-0.2400879183871238,0.2857142857142857,1.0,0
2020-02-20,ASII.JK,0.0,1.0,-0.3333333333333333,-0.18006593879034283,0.14285714285714285,0.0,0
2020-02-21,ASII.JK,0.0,0.0,0.0,-0.13504945409275712,0.14285714285714285,0.0,0
2020-02-24,ASII.JK,0.0,0.0,0.0,-0.10128709056956783,0.14285714285714285,0.0,0
2020-02-25,ASII.JK,-1.0,1.0,-0.3333333333333333,-0.32596531792717587,-0.8571428571428572,-1.0,-1
2020-02-26,ASII.JK,-1.0,2.0,-0.6666666666666666,-0.49447398844538193,-0.7142857142857143,0.0,-1
2020-02-27,ASII.JK,-0.3333333333333333,5.0,-0.7777777777777778,-0.45418882466736976,0.09523809523809523,0.6666666666666667,-1
2020-02-28,ASII.JK,0.0,5.0,-0.4444444444444444,-0.3406416185005273,0.33333333333333337,0.3333333333333333,0
2020-03-02,ASII.JK,0.0,4.0,-0.1111111111111111,-0.25548121387539546,0.33333333333333337,0.0,0
2020-03-03,ASII.JK,-1.0,2.0,-0.3333333333333333,-0.4416109104065466,-0.6666666666666666,-1.0,-1
2020-03-04,ASII.JK,0.0,1.0,-0.3333333333333333,-0.33120818280490993,0.47619047619047616,1.0,0
2020-03-05,ASII.JK,0.0,1.0,-0.3333333333333333,-0.24840613710368245,0.47619047619047616,0.0,0
2020-03-06,ASII.JK,0.0,0.0,0.0,-0.18630460282776184,0.3333333333333333,0.0,0
2020-03-09,ASII.JK,-0.6,5.0,-0.19999999999999998,-0.2897284521208214,-0.4095238095238095,-0.6,-1
2020-03-10,ASII.JK,0.0,5.0,-0.19999999999999998,-0.21729633909061602,0.2285714285714286,0.6,0
2020-03-11,ASII.JK,0.0,5.0,-0.19999999999999998,-0.16297225431796203,0.2285714285714286,0.0,0
2020-03-12,ASII.JK,0.0,0.0,0.0,-0.12222919073847152,0.2285714285714286,0.0,0
2020-03-13,ASII.JK,0.0,0.0,0.0,-0.09167189305385365,0.08571428571428572,0.0,0
2020-03-16,ASII.JK,0.0,0.0,0.0,-0.06875391979039024,0.08571428571428572,0.0,0
2020-03-17,ASII.JK,0.0,0.0,0.0,-0.051565439842792674,0.08571428571428572,0.0,0
2020-03-18,ASII.JK,0.0,0.0,0.0,-0.03867407988209451,0.08571428571428572,0.0,0
2020-03-19,ASII.JK,0.0,0.0,0.0,-0.02900555991157088,0.0,0.0,0
2020-03-20,ASII.JK,0.0,0.0,0.0,-0.02175416993367816,0.0,0.0,0
2020-03-23,ASII.JK,0.0,0.0,0.0,-0.01631562745025862,0.0,0.0,0
2020-03-24,ASII.JK,-1.0,1.0,-0.3333333333333333,-0.262236720587694,-1.0,-1.0,-1
2020-03-25,ASII.JK,0.0,1.0,-0.3333333333333333,-0.1966775404407705,0.14285714285714285,1.0,0
2020-03-26,ASII.JK,0.0,1.0,-0.3333333333333333,-0.14750815533057787,0.14285714285714285,0.0,0
2020-03-27,ASII.JK,0.0,0.0,0.0,-0.1106311164979334,0.14285714285714285,0.0,0
2020-03-30,ASII.JK,0.0,0.0,0.0,-0.08297333737345006,0.14285714285714285,0.0,0
2020-03-31,ASII.JK,0.0,0.0,0.0,-0.06223000303008754,0.14285714285714285,0.0,0
2020-04-01,ASII.JK,0.0,0.0,0.0,-0.046672502272565655,0.14285714285714285,0.0,0
2020-04-02,ASII.JK,0.0,1.0,0.0,-0.035004376704424245,0.14285714285714285,0.0,0
2020-04-03,ASII.JK,0.0,1.0,0.0,-0.026253282528318184,0.0,0.0,0
2020-04-06,ASII.JK,0.0,1.0,0.0,-0.019689961896238638,0.0,0.0,0
2020-04-07,ASII.JK,1.0,1.0,0.3333333333333333,0.235232528577821,1.0,1.0,1
2020-04-08,ASII.JK,-1.0,2.0,0.0,-0.07357560356663423,-1.1428571428571428,-2.0,-1
2020-04-09,ASII.JK,0.0,2.0,0.0,-0.05518170267497567,0.0,1.0,0
2020-04-10,ASII.JK,0.0,1.0,-0.3333333333333333,-0.04138627700623175,0.0,0.0,0
2020-04-13,ASII.JK,-0.5,2.0,-0.16666666666666666,-0.15603970775467382,-0.5,-0.5,-1
2020-04-14,ASII.JK,1.0,3.0,0.16666666666666666,0.13297021918399463,1.0714285714285714,1.5,1
2020-04-15,ASII.JK,0.0,3.0,0.16666666666666666,0.09972766438799596,-0.07142857142857142,-1.0,0
2020-04-16,ASII.JK,0.0,1.0,0.3333333333333333,0.07479574829099697,-0.07142857142857142,0.0,0
2020-04-17,ASII.JK,0.0,0.0,0.0,0.05609681121824773,0.07142857142857142,0.0,0
2020-04-20,ASII.JK,0.0,0.0,0.0,0.0420726084136858,-0.07142857142857142,0.0,0
2020-04-21,ASII.JK,0.0,0.0,0.0,0.03155445631026435,-0.07142857142857142,0.0,0
2020-04-22,ASII.JK,1.0,1.0,0.3333333333333333,0.27366584223269824,0.9285714285714286,1.0,1
2020-04-23,ASII.JK,0.0,3.0,0.3333333333333333,0.20524938167452367,-0.2857142857142857,-1.0,0
2020-04-24,ASII.JK,0.0,3.0,0.3333333333333333,0.15393703625589275,-0.14285714285714285,0.0,0
2020-04-27,ASII.JK,-1.0,3.0,-0.3333333333333333,-0.13454722280808043,-1.1428571428571428,-1.0,-1
2020-04-28,ASII.JK,1.0,2.0,0.0,0.14908958289393967,1.0,2.0,1
2020-04-29,ASII.JK,0.0,2.0,0.0,0.11181718717045475,-0.14285714285714285,-1.0,0
2020-04-30,ASII.JK,0.0,1.0,0.3333333333333333,0.08386289037784106,-0.14285714285714285,0.0,0
2020-05-01,ASII.JK,0.0,0.0,0.0,0.0628971677833808,-0.14285714285714285,0.0,0
2020-05-04,ASII.JK,0.0,0.0,0.0,0.0471728758375356,0.0,0.0,0
2020-05-05,ASII.JK,0.0,0.0,0.0,0.0353796568781517,0.0,0.0,0
2020-05-06,ASII.JK,0.0,0.0,0.0,0.026534742658613775,0.0,0.0,0
2020-05-07,ASII.JK,0.0,0.0,0.0,0.01990105699396033,-0.14285714285714285,0.0,0
2020-05-08,ASII.JK,0.0,0.0,0.0,0.014925792745470248,0.0,0.0,0
2020-05-11,ASII.JK,0.0,0.0,0.0,0.011194344559102686,0.0,0.0,0
2020-05-12,ASII.JK,0.0,0.0,0.0,0.008395758419327014,0.0,0.0,0
2020-05-13,ASII.JK,0.0,0.0,0.0,0.00629681881449526,0.0,0.0,0
2020-05-14,ASII.JK,1.0,1.0,0.3333333333333333,0.25472261411087144,1.0,1.0,1
2020-05-15,ASII.JK,0.0,1.0,0.3333333333333333,0.1910419605831536,-0.14285714285714285,-1.0,0
2020-05-18,ASII.JK,-1.0,2.0,0.0,-0.1067185295626348,-1.1428571428571428,-1.0,-1
2020-05-19,ASII.JK,0.0,1.0,-0.3333333333333333,-0.0800388971719761,0.0,1.0,0
2020-05-20,ASII.JK,0.3333333333333333,4.0,-0.22222222222222224,0.023304160454351255,0.3333333333333333,0.3333333333333333,1
2020-05-21,ASII.JK,0.0,3.0,0.1111111111111111,0.01747812034076344,-0.047619047619047616,-0.3333333333333333,0
2020-05-22,ASII.JK,0.0,3.0,0.1111111111111111,0.01310859025557258,-0.047619047619047616,0.0,0
2020-05-25,ASII.JK,0.0,0.0,0.0,0.009831442691679435,-0.047619047619047616,0.0,0
2020-05-26,ASII.JK,0.0,0.0,0.0,0.007373582018759576,0.09523809523809525,0.0,0
2020-05-27,ASII.JK,0.0,0.0,0.0,0.005530186514069682,0.09523809523809525,0.0,0
2020-05-28,ASII.JK,0.0,0.0,0.0,0.004147639885552262,-0.04761904761904761,0.0,0
2020-05-29,ASII.JK,0.0,0.0,0.0,0.003110729914164196,-0.04761904761904761,0.0,0
2020-06-01,ASII.JK,0.0,0.0,0.0,0.0023330474356231473,0.0,0.0,0
2020-06-02,ASII.JK,0.0,0.0,0.0,0.0017497855767173605,0.0,0.0,0
2020-06-03,ASII.JK,0.0,0.0,0.0,0.0013123391825380203,0.0,0.0,0
2020-06-04,ASII.JK,0.0,0.0,0.0,0.0009842543869035152,0.0,0.0,0
2020-06-05,ASII.JK,0.0,0.0,0.0,0.0007381907901776364,0.0,0.0,0
2020-06-08,ASII.JK,0.0,0.0,0.0,0.0005536430926332273,0.0,0.0,0
2020-06-09,ASII.JK,0.0,1.0,0.0,0.00041523231947492045,0.0,0.0,0
2020-06-10,ASII.JK,0.0,3.0,0.0,0.00031142423960619034,0.0,0.0,0
2020-06-11,ASII.JK,0.0,4.0,0.0,0.00023356817970464274,0.0,0.0,0
2020-06-12,ASII.JK,0.0,3.0,0.0,0.00017517613477848205,0.0,0.0,0
2020-06-15,ASII.JK,-1.0,3.0,-0.3333333333333333,-0.24986861789891615,-1.0,-1.0,-1
2020-06-16,ASII.JK,-0.07142857142857142,16.0,-0.35714285714285715,-0.20525860628132997,0.07142857142857142,0.9285714285714286,-1
2020-06-17,ASII.JK,0.0,17.0,-0.35714285714285715,-0.15394395471099748,0.15306122448979592,0.07142857142857142,0
2020-06-18,ASII.JK,0.0,15.0,-0.023809523809523808,-0.11545796603324811,0.15306122448979592,0.0,0
2020-06-19,ASII.JK,0.0,1.0,0.0,-0.08659347452493608,0.15306122448979592,0.0,0
2020-06-22,ASII.JK,0.5,2.0,0.16666666666666666,0.06005489410629794,0.653061224489796,0.5,1
2020-06-23,ASII.JK,0.0,2.0,0.16666666666666666,0.045041170579723455,0.08163265306122448,-0.5,0
2020-06-24,ASII.JK,0.0,2.0,0.16666666666666666,0.03378087793479259,0.08163265306122448,0.0,0
2020-06-25,ASII.JK,0.0,0.0,0.0,0.025335658451094444,-0.06122448979591837,0.0,0
2020-06-26,ASII.JK,0.0,0.0,0.0,0.01900174383832083,-0.07142857142857142,0.0,0
2020-06-29,ASII.JK,0.0,1.0,0.0,0.014251307878740623,-0.07142857142857142,0.0,0
2020-06-30,ASII.JK,0.0,1.0,0.0,0.010688480909055467,-0.07142857142857142,0.0,0
2020-07-01,ASII.JK,0.0,1.0,0.0,0.008016360681791599,-0.07142857142857142,0.0,0
2020-07-02,ASII.JK,0.0,0.0,0.0,0.006012270511343699,0.0,0.0,0
2020-07-03,ASII.JK,0.0,0.0,0.0,0.004509202883507774,0.0,0.0,0
2020-07-06,ASII.JK,0.0,0.0,0.0,0.0033819021626308307,0.0,0.0,0
2020-07-07,ASII.JK,0.0,0.0,0.0,0.002536426621973123,0.0,0.0,0
2020-07-08,ASII.JK,0.0,0.0,0.0,0.001902319966479842,0.0,0.0,0
2020-07-09,ASII.JK,0.0,0.0,0.0,0.0014267399748598816,0.0,0.0,0
2020-07-10,ASII.JK,1.0,1.0,0.3333333333333333,0.25107005498114493,1.0,1.0,1
2020-07-13,ASII.JK,0.0,1.0,0.3333333333333333,0.1883025412358587,-0.14285714285714285,-1.0,0
2020-07-14,ASII.JK,0.0,1.0,0.3333333333333333,0.14122690592689402,-0.14285714285714285,0.0,0
2020-07-15,ASII.JK,-1.0,1.0,-0.3333333333333333,-0.14407982055482949,-1.1428571428571428,-1.0,-1
2020-07-16,ASII.JK,1.0,2.0,0.0,0.14194013458387789,1.0,2.0,1
2020-07-17,ASII.JK,0.0,2.0,0.0,0.10645510093790841,-0.14285714285714285,-1.0,0
2020-07-20,ASII.JK,0.0,1.0,0.3333333333333333,0.0798413257034313,-0.14285714285714285,0.0,0
2020-07-21,ASII.JK,0.0,0.0,0.0,0.05988099427757348,-0.14285714285714285,0.0,0
2020-07-22,ASII.JK,0.0,0.0,0.0,0.04491074570818011,0.0,0.0,0
2020-07-23,ASII.JK,0.0,0.0,0.0,0.03368305928113508,0.0,0.0,0
2020-07-24,ASII.JK,0.0,0.0,0.0,0.025262294460851313,0.0,0.0,0
2020-07-27,ASII.JK,0.0,0.0,0.0,0.018946720845638483,-0.14285714285714285,0.0,0
2020-07-28,ASII.JK,0.0,0.0,0.0,0.014210040634228862,0.0,0.0,0
2020-07-29,ASII.JK,-1.0,1.0,-0.3333333333333333,-0.23934246952432836,-1.0,-1.0,-1
2020-07-30,ASII.JK,1.0,2.0,0.0,0.07049314785675373,1.1428571428571428,2.0,1
2020-07-31,ASII.JK,0.0,2.0,0.0,0.0528698608925653,0.0,-1.0,0
2020-08-03,ASII.JK,-1.0,2.0,0.0,-0.21034760433057603,-1.0,-1.0,-1
2020-08-04,ASII.JK,0.0,3.0,-0.3333333333333333,-0.157760703247932,0.14285714285714285,1.0,0
2020-08-05,ASII.JK,0.0,3.0,-0.3333333333333333,-0.11832052743594901,0.14285714285714285,0.0,0
2020-08-06,ASII.JK,0.0,2.0,0.0,-0.08874039557696176,0.14285714285714285,0.0,0
2020-08-07,ASII.JK,0.0,0.0,0.0,-0.06655529668272131,0.14285714285714285,0.0,0
2020-08-10,ASII.JK,0.0,0.0,0.0,-0.04991647251204098,0.0,0.0,0
2020-08-11,ASII.JK,0.0,0.0,0.0,-0.03743735438403074,0.14285714285714285,0.0,0
2020-08-12,ASII.JK,-1.0,1.0,-0.3333333333333333,-0.27807801578802305,-0.8571428571428572,-1.0,-1
2020-08-13,ASII.JK,0.0,1.0,-0.3333333333333333,-0.20855851184101729,0.14285714285714285,1.0,0
2020-08-14,ASII.JK,0.0,1.0,-0.3333333333333333,-0.15641888388076297,0.14285714285714285,0.0,0
2020-08-17,ASII.JK,1.0,1.0,0.3333333333333333,0.13268583708942777,1.1428571428571428,1.0,1
2020-08-18,ASII.JK,0.0,1.0,0.3333333333333333,0.09951437781707083,0.0,-1.0,0
2020-08-19,ASII.JK,0.0,1.0,0.3333333333333333,0.07463578336280312,0.0,0.0,0
2020-08-20,ASII.JK,0.0,0.0,0.0,0.055976837522102335,0.0,0.0,0
2020-08-21,ASII.JK,0.0,0.0,0.0,0.04198262814157675,0.0,0.0,0
2020-08-24,ASII.JK,-1.0,1.0,-0.3333333333333333,-0.21851302889381743,-1.1428571428571428,-1.0,-1
2020-08-25,ASII.JK,-1.0,2.0,-0.6666666666666666,-0.4138847716703631,-1.0,0.0,-1
2020-08-26,ASII.JK,0.0,5.0,-0.6666666666666666,-0.3104135787527723,0.14285714285714285,1.0,0
2020-08-27,ASII.JK,0.0,4.0,-0.3333333333333333,-0.23281018406457923,0.2857142857142857,0.0,0
2020-08-28,ASII.JK,0.0,3.0,0.0,-0.17460763804843443,0.2857142857142857,0.0,0
2020-08-31,ASII.JK,0.0,0.0,0.0,-0.1309557285363258,0.2857142857142857,0.0,0
2020-09-01,ASII.JK,0.0,0.0,0.0,-0.09821679640224436,0.2857142857142857,0.0,0
2020-09-02,ASII.JK,0.0,0.0,0.0,-0.07366259730168327,0.2857142857142857,0.0,0
2020-09-03,ASII.JK,0.0,0.0,0.0,-0.05524694797626245,0.14285714285714285,0.0,0
2020-09-04,ASII.JK,0.0,0.0,0.0,-0.04143521098219684,0.0,0.0,0
2020-09-07,ASII.JK,0.0,0.0,0.0,-0.03107640823664763,0.0,0.0,0
2020-09-08,ASII.JK,0.0,0.0,0.0,-0.02330730617748572,0.0,0.0,0
2020-09-09,ASII.JK,0.0,0.0,0.0,-0.01748047963311429,0.0,0.0,0
2020-09-10,ASII.JK,-1.0,1.0,-0.3333333333333333,-0.2631103597248357,-1.0,-1.0,-1
2020-09-11,ASII.JK,0.0,1.0,-0.3333333333333333,-0.1973327697936268,0.14285714285714285,1.0,0
2020-09-14,ASII.JK,0.0,1.0,-0.3333333333333333,-0.1479995773452201,0.14285714285714285,0.0,0
2020-09-15,ASII.JK,0.0,0.0,0.0,-0.11099968300891508,0.14285714285714285,0.0,0
2020-09-16,ASII.JK,0.0,0.0,0.0,-0.08324976225668632,0.14285714285714285,0.0,0
2020-09-17,ASII.JK,0.0,0.0,0.0,-0.06243732169251474,0.14285714285714285,0.0,0
2020-09-18,ASII.JK,0.0,0.0,0.0,-0.046827991269386054,0.14285714285714285,0.0,0
2020-09-21,ASII.JK,-1.0,1.0,-0.3333333333333333,-0.28512099345203956,-0.8571428571428572,-1.0,-1
2020-09-22,ASII.JK,-1.0,2.0,-0.6666666666666666,-0.46384074508902967,-0.8571428571428572,0.0,-1
2020-09-23,ASII.JK,1.0,3.0,-0.3333333333333333,-0.09788055881677227,1.2857142857142856,2.0,1
2020-09-24,ASII.JK,0.0,2.0,0.0,-0.0734104191125792,0.14285714285714285,-1.0,0
2020-09-25,ASII.JK,0.0,1.0,0.3333333333333333,-0.0550578143344344,0.14285714285714285,0.0,0
2020-09-28,ASII.JK,0.0,0.0,0.0,-0.0412933607508258,0.14285714285714285,0.0,0
2020-09-29,ASII.JK,0.0,2.0,0.0,-0.03097002056311935,0.14285714285714285,0.0,0
2020-09-30,ASII.JK,0.0,2.0,0.0,-0.023227515422339515,0.14285714285714285,0.0,0
2020-10-01,ASII.JK,0.0,2.0,0.0,-0.017420636566754636,0.0,0.0,0
2020-10-02,ASII.JK,0.0,0.0,0.0,-0.013065477425065978,-0.14285714285714285,0.0,0
2020-10-05,ASII.JK,-1.0,1.0,-0.3333333333333333,-0.25979910806879947,-1.0,-1.0,-1
2020-10-06,ASII.JK,0.0,1.0,-0.3333333333333333,-0.1948493310515996,0.14285714285714285,1.0,0
2020-10-07,ASII.JK,0.0,1.0,-0.3333333333333333,-0.1461369982886997,0.14285714285714285,0.0,0
2020-10-08,ASII.JK,-1.0,1.0,-0.3333333333333333,-0.35960274871652476,-0.8571428571428572,-1.0,-1
2020-10-09,ASII.JK,0.0,1.0,-0.3333333333333333,-0.26970206153739357,0.2857142857142857,1.0,0
2020-10-12,ASII.JK,0.0,1.0,-0.3333333333333333,-0.2022765461530452,0.2857142857142857,0.0,0
2020-10-13,ASII.JK,0.0,0.0,0.0,-0.1517074096147839,0.2857142857142857,0.0,0
2020-10-14,ASII.JK,0.0,0.0,0.0,-0.11378055721108793,0.2857142857142857,0.0,0
2020-10-15,ASII.JK,0.0,0.0,0.0,-0.08533541790831595,0.14285714285714285,0.0,0
2020-10-16,ASII.JK,0.0,0.0,0.0,-0.06400156343123696,0.14285714285714285,0.0,0
2020-10-19,ASII.JK,-1.0,1.0,-0.3333333333333333,-0.29800117257342773,-0.8571428571428572,-1.0,-1
2020-10-20,ASII.JK,0.0,1.0,-0.3333333333333333,-0.2235008794300708,0.14285714285714285,1.0,0
2020-10-21,ASII.JK,0.0,1.0,-0.3333333333333333,-0.1676256595725531,0.14285714285714285,0.0,0
2020-10-22,ASII.JK,-1.0,1.0,-0.3333333333333333,-0.3757192446794148,-0.8571428571428572,-1.0,-1
2020-10-23,ASII.JK,1.0,2.0,0.0,-0.031789433509561094,1.2857142857142856,2.0,1
2020-10-26,ASII.JK,-1.0,3.0,-0.3333333333333333,-0.27384207513217085,-0.8571428571428572,-2.0,-1
2020-10-27,ASII.JK,0.0,4.0,0.0,-0.20538155634912814,0.2857142857142857,1.0,0
2020-10-28,ASII.JK,0.0,3.0,-0.3333333333333333,-0.1540361672618461,0.2857142857142857,0.0,0
2020-10-29,ASII.JK,1.0,3.0,0.3333333333333333,0.13447287455361542,1.1428571428571428,1.0,1
2020-10-30,ASII.JK,0.0,1.0,0.3333333333333333,0.10085465591521156,0.0,-1.0,0
2020-11-02,ASII.JK,0.0,1.0,0.3333333333333333,0.07564099193640866,0.0,0.0,0
2020-11-03,ASII.JK,0.0,1.0,0.0,0.0567307439523065,-0.14285714285714285,0.0,0
2020-11-04,ASII.JK,0.0,1.0,0.0,0.04254805796422988,0.0,0.0,0
2020-11-05,ASII.JK,0.0,1.0,0.0,0.031911043473172404,-0.14285714285714285,0.0,0
2020-11-06,ASII.JK,0.0,0.0,0.0,0.023933282604879303,-0.14285714285714285,0.0,0
2020-11-09,ASII.JK,0.0,0.0,0.0,0.017949961953659478,-0.14285714285714285,0.0,0
2020-11-10,ASII.JK,0.0,0.0,0.0,0.013462471465244609,0.0,0.0,0
2020-11-11,ASII.JK,0.0,0.0,0.0,0.010096853598933456,0.0,0.0,0
2020-11-12,ASII.JK,0.0,0.0,0.0,0.0075726401992000925,0.0,0.0,0
2020-11-13,ASII.JK,0.0,0.0,0.0,0.005679480149400069,0.0,0.0,0
2020-11-16,ASII.JK,0.0,0.0,0.0,0.004259610112050052,0.0,0.0,0
2020-11-17,ASII.JK,-1.0,1.0,-0.3333333333333333,-0.24680529241596247,-1.0,-1.0,-1
2020-11-18,ASII.JK,0.25,5.0,-0.25,-0.12260396931197184,0.39285714285714285,1.25,1
2020-11-19,ASII.JK,0.0,6.0,-0.25,-0.09195297698397889,0.10714285714285714,-0.25,0
2020-11-20,ASII.JK,-1.0,7.0,-0.25,-0.3189647327379842,-0.8928571428571429,-1.0,-1
2020-11-23,ASII.JK,-1.0,4.0,-0.6666666666666666,-0.4892235495534881,-0.75,0.0,-1
2020-11-24,ASII.JK,0.0,3.0,-0.6666666666666666,-0.3669176621651161,0.39285714285714285,1.0,0
2020-11-25,ASII.JK,0.0,1.0,-0.3333333333333333,-0.2751882466238371,0.39285714285714285,0.0,0
2020-11-26,ASII.JK,-0.5,2.0,-0.16666666666666666,-0.33139118496787784,-0.10714285714285715,-0.5,-1
2020-11-27,ASII.JK,0.0,2.0,-0.16666666666666666,-0.24854338872590837,0.32142857142857145,0.5,0
2020-11-30,ASII.JK,-1.0,3.0,-0.5,-0.4364075415444313,-0.6428571428571428,-1.0,-1
2020-12-01,ASII.JK,0.0,1.0,-0.3333333333333333,-0.32730565615832347,0.5,1.0,0
2020-12-02,ASII.JK,0.0,1.0,-0.3333333333333333,-0.2454792421187426,0.35714285714285715,0.0,0
2020-12-03,ASII.JK,0.0,0.0,0.0,-0.18410943158905696,0.21428571428571427,0.0,0
2020-12-04,ASII.JK,0.0,0.0,0.0,-0.1380820736917927,0.21428571428571427,0.0,0
2020-12-07,ASII.JK,0.0,0.0,0.0,-0.10356155526884453,0.21428571428571427,0.0,0
2020-12-08,ASII.JK,0.0,0.0,0.0,-0.0776711664516334,0.14285714285714285,0.0,0
2020-12-09,ASII.JK,0.0,0.0,0.0,-0.058253374838725044,0.14285714285714285,0.0,0
2020-12-10,ASII.JK,0.0,0.0,0.0,-0.04369003112904378,0.0,0.0,0
2020-12-11,ASII.JK,0.0,0.0,0.0,-0.03276752334678283,0.0,0.0,0
2020-12-14,ASII.JK,0.0,0.0,0.0,-0.024575642510087124,0.0,0.0,0
2020-12-15,ASII.JK,0.0,0.0,0.0,-0.018431731882565344,0.0,0.0,0
2020-12-16,ASII.JK,0.0,0.0,0.0,-0.013823798911924007,0.0,0.0,0
2020-12-17,ASII.JK,0.0,0.0,0.0,-0.010367849183943005,0.0,0.0,0
2020-12-18,ASII.JK,0.0,0.0,0.0,-0.007775886887957254,0.0,0.0,0
2020-12-21,ASII.JK,0.0,0.0,0.0,-0.005831915165967941,0.0,0.0,0
2020-12-22,ASII.JK,-1.0,1.0,-0.3333333333333333,-0.254373936374476,-1.0,-1.0,-1
2020-12-23,ASII.JK,0.0,1.0,-0.3333333333333333,-0.190780452280857,0.14285714285714285,1.0,0
2020-12-24,ASII.JK,0.0,1.0,-0.3333333333333333,-0.14308533921064276,0.14285714285714285,0.0,0
2020-12-25,ASII.JK,0.0,0.0,0.0,-0.10731400440798207,0.14285714285714285,0.0,0
2020-12-28,ASII.JK,0.0,0.0,0.0,-0.08048550330598656,0.14285714285714285,0.0,0
2020-12-29,ASII.JK,0.0,0.0,0.0,-0.06036412747948992,0.14285714285714285,0.0,0
2020-12-30,ASII.JK,0.0,0.0,0.0,-0.04527309560961744,0.14285714285714285,0.0,0
2020-12-31,ASII.JK,0.0,0.0,0.0,-0.033954821707213076,0.14285714285714285,0.0,0
2021-01-01,ASII.JK,0.0,0.0,0.0,-0.025466116280409807,0.0,0.0,0
2021-01-04,ASII.JK,0.0,0.0,0.0,-0.019099587210307356,0.0,0.0,0
2021-01-05,ASII.JK,0.0,0.0,0.0,-0.014324690407730517,0.0,0.0,0
2021-01-06,ASII.JK,0.0,0.0,0.0,-0.010743517805797888,0.0,0.0,0
2021-01-07,ASII.JK,0.0,1.0,0.0,-0.008057638354348416,0.0,0.0,0
2021-01-08,ASII.JK,0.0,1.0,0.0,-0.0060432287657613114,0.0,0.0,0
2021-01-11,ASII.JK,0.0,1.0,0.0,-0.004532421574320983,0.0,0.0,0
2021-01-12,ASII.JK,0.0,0.0,0.0,-0.0033993161807407374,0.0,0.0,0
2021-01-13,ASII.JK,0.0,0.0,0.0,-0.002549487135555553,0.0,0.0,0
2021-01-14,ASII.JK,1.0,1.0,0.3333333333333333,0.24808788464833334,1.0,1.0,1
2021-01-15,ASII.JK,-1.0,2.0,0.0,-0.06393408651374999,-1.1428571428571428,-2.0,-1
2021-01-18,ASII.JK,0.0,2.0,0.0,-0.04795056488531249,0.0,1.0,0
2021-01-19,ASII.JK,0.0,1.0,-0.3333333333333333,-0.03596292366398437,0.0,0.0,0
2021-01-20,ASII.JK,0.0,0.0,0.0,-0.026972192747988274,0.0,0.0,0
2021-01-21,ASII.JK,0.0,0.0,0.0,-0.020229144560991206,0.0,0.0,0
2021-01-22,ASII.JK,0.0,0.0,0.0,-0.015171858420743405,0.0,0.0,0
2021-01-25,ASII.JK,0.0,0.0,0.0,-0.011378893815557553,0.0,0.0,0
2021-01-26,ASII.JK,0.0,0.0,0.0,-0.008534170361668165,0.14285714285714285,0.0,0
2021-01-27,ASII.JK,0.0,0.0,0.0,-0.006400627771251124,0.0,0.0,0
2021-01-28,ASII.JK,0.0,0.0,0.0,-0.0048004708284383425,0.0,0.0,0
2021-01-29,ASII.JK,0.0,0.0,0.0,-0.0036003531213287567,0.0,0.0,0
2021-02-01,ASII.JK,0.0,0.0,0.0,-0.0027002648409965675,0.0,0.0,0
2021-02-02,ASII.JK,0.0,0.0,0.0,-0.0020251986307474254,0.0,0.0,0
2021-02-03,ASII.JK,0.0,0.0,0.0,-0.001518898973060569,0.0,0.0,0
2021-02-04,ASII.JK,0.0,0.0,0.0,-0.0011391742297954268,0.0,0.0,0
2021-02-05,ASII.JK,-1.0,1.0,-0.3333333333333333,-0.25085438067234656,-1.0,-1.0,-1
2021-02-08,ASII.JK,0.0,3.0,-0.3333333333333333,-0.18814078550425992,0.14285714285714285,1.0,0
2021-02-09,ASII.JK,-1.0,4.0,-0.6666666666666666,-0.39110558912819493,-0.8571428571428572,-1.0,-1
2021-02-10,ASII.JK,0.0,4.0,-0.3333333333333333,-0.2933291918461462,0.2857142857142857,1.0,0
2021-02-11,ASII.JK,-0.5,6.0,-0.5,-0.34499689388460963,-0.2142857142857143,-0.5,-1
2021-02-12,ASII.JK,0.0,5.0,-0.16666666666666666,-0.25874767041345725,0.35714285714285715,0.5,0
2021-02-15,ASII.JK,1.0,5.0,0.16666666666666666,0.05593924718990706,1.3571428571428572,1.0,1
2021-02-16,ASII.JK,-1.0,2.0,0.0,-0.2080455646075697,-0.7857142857142857,-2.0,-1
2021-02-17,ASII.JK,-1.0,3.0,-0.3333333333333333,-0.40603417345567727,-0.7857142857142857,0.0,-1
2021-02-18,ASII.JK,0.0,2.0,-0.6666666666666666,-0.3045256300917579,0.35714285714285715,1.0,0
2021-02-19,ASII.JK,0.0,1.0,-0.3333333333333333,-0.22839422256881844,0.21428571428571427,0.0,0
2021-02-22,ASII.JK,0.0,0.0,0.0,-0.17129566692661383,0.21428571428571427,0.0,0
2021-02-23,ASII.JK,0.0,0.0,0.0,-0.12847175019496038,0.14285714285714285,0.0,0
2021-02-24,ASII.JK,0.0,0.0,0.0,-0.09635381264622028,0.14285714285714285,0.0,0
2021-02-25,ASII.JK,1.0,1.0,0.3333333333333333,0.17773464051533477,1.2857142857142856,1.0,1
2021-02-26,ASII.JK,-0.6666666666666666,7.0,0.11111111111111112,-0.03336568628016559,-0.6666666666666666,-1.6666666666666665,-1
2021-03-01,ASII.JK,0.0,7.0,0.11111111111111112,-0.025024264710124193,-0.04761904761904762,0.6666666666666666,0
2021-03-02,ASII.JK,0.0,6.0,-0.2222222222222222,-0.018768198532593143,-0.04761904761904762,0.0,0
2021-03-03,ASII.JK,0.0,0.0,0.0,-0.014076148899444857,-0.04761904761904762,0.0,0
2021-03-04,ASII.JK,0.0,1.0,0.0,-0.010557111674583643,-0.04761904761904762,0.0,0
2021-03-05,ASII.JK,0.0,1.0,0.0,-0.007917833755937732,-0.04761904761904762,0.0,0
2021-03-08,ASII.JK,0.0,1.0,0.0,-0.005938375316953299,-0.04761904761904762,0.0,0
2021-03-09,ASII.JK,0.0,0.0,0.0,-0.004453781487714974,0.09523809523809523,0.0,0
2021-03-10,ASII.JK,-1.0,1.0,-0.3333333333333333,-0.2533403361157862,-1.0,-1.0,-1
2021-03-11,ASII.JK,0.0,1.0,-0.3333333333333333,-0.19000525208683966,0.14285714285714285,1.0,0
2021-03-12,ASII.JK,0.0,1.0,-0.3333333333333333,-0.14250393906512976,0.14285714285714285,0.0,0
2021-03-15,ASII.JK,0.0,3.0,0.0,-0.10687795429884732,0.14285714285714285,0.0,0
2021-03-16,ASII.JK,-0.5,5.0,-0.16666666666666666,-0.20515846572413549,-0.35714285714285715,-0.5,-1
2021-03-17,ASII.JK,0.0,5.0,-0.16666666666666666,-0.15386884929310163,0.21428571428571427,0.5,0
2021-03-18,ASII.JK,0.0,2.0,-0.16666666666666666,-0.11540163696982622,0.21428571428571427,0.0,0
2021-03-19,ASII.JK,0.0,0.0,0.0,-0.08655122772736967,0.21428571428571427,0.0,0
2021-03-22,ASII.JK,0.0,3.0,0.0,-0.06491342079552725,0.07142857142857142,0.0,0
2021-03-23,ASII.JK,-1.0,4.0,-0.3333333333333333,-0.2986850655966454,-0.9285714285714286,-1.0,-1
2021-03-24,ASII.JK,0.0,4.0,-0.3333333333333333,-0.22401379919748407,0.21428571428571427,1.0,0
2021-03-25,ASII.JK,-1.0,2.0,-0.6666666666666666,-0.41801034939811305,-0.7857142857142857,-1.0,-1
2021-03-26,ASII.JK,0.0,1.0,-0.3333333333333333,-0.31350776204858477,0.2857142857142857,1.0,0
2021-03-29,ASII.JK,0.0,6.0,-0.3333333333333333,-0.23513082153643858,0.2857142857142857,0.0,0
2021-03-30,ASII.JK,0.0,5.0,0.0,-0.17634811615232893,0.2857142857142857,0.0,0
2021-03-31,ASII.JK,0.0,5.0,0.0,-0.1322610871142467,0.2857142857142857,0.0,0
2021-04-01,ASII.JK,-1.0,1.0,-0.3333333333333333,-0.349195815335685,-0.7142857142857143,-1.0,-1
2021-04-02,ASII.JK,0.0,1.0,-0.3333333333333333,-0.2618968615017637,0.2857142857142857,1.0,0
2021-04-05,ASII.JK,0.0,1.0,-0.3333333333333333,-0.1964226461263228,0.2857142857142857,0.0,0
2021-04-06,ASII.JK,0.0,0.0,0.0,-0.1473169845947421,0.14285714285714285,0.0,0
2021-04-07,ASII.JK,0.0,0.0,0.0,-0.11048773844605658,0.14285714285714285,0.0,0
2021-04-08,ASII.JK,0.0,0.0,0.0,-0.08286580383454244,0.14285714285714285,0.0,0
2021-04-09,ASII.JK,0.0,1.0,0.0,-0.062149352875906824,0.14285714285714285,0.0,0
2021-04-12,ASII.JK,0.0,1.0,0.0,-0.046612014656930115,0.14285714285714285,0.0,0
2021-04-13,ASII.JK,0.0,1.0,0.0,-0.03495901099269759,0.0,0.0,0
2021-04-14,ASII.JK,0.0,1.0,0.0,-0.026219258244523192,0.0,0.0,0
2021-04-15,ASII.JK,0.0,2.0,0.0,-0.019664443683392395,0.0,0.0,0
2021-04-16,ASII.JK,0.0,2.0,0.0,-0.014748332762544296,0.0,0.0,0
2021-04-19,ASII.JK,0.0,1.0,0.0,-0.011061249571908223,0.0,0.0,0
2021-04-20,ASII.JK,0.0,0.0,0.0,-0.008295937178931167,0.0,0.0,0
2021-04-21,ASII.JK,0.5,4.0,0.16666666666666666,0.11877804711580163,0.5,0.5,1
2021-04-22,ASII.JK,0.6,9.0,0.3666666666666667,0.23908353533685123,0.5285714285714286,0.09999999999999998,1
2021-04-23,ASII.JK,-1.0,10.0,0.03333333333333336,-0.07068734849736158,-1.1571428571428573,-1.6,-1
2021-04-26,ASII.JK,-1.0,7.0,-0.4666666666666666,-0.3030155113730212,-1.0142857142857142,0.0,-1
2021-04-27,ASII.JK,0.0,2.0,-0.6666666666666666,-0.2272616335297659,0.12857142857142856,1.0,0
2021-04-28,ASII.JK,0.0,2.0,-0.3333333333333333,-0.1704462251473244,0.12857142857142856,0.0,0
2021-04-29,ASII.JK,0.0,1.0,0.0,-0.1278346688604933,0.12857142857142856,0.0,0
2021-04-30,ASII.JK,0.0,1.0,0.0,-0.09587600164536997,0.12857142857142856,0.0,0
2021-05-03,ASII.JK,0.0,0.0,0.0,-0.07190700123402748,0.19999999999999998,0.0,0
2021-05-04,ASII.JK,0.0,0.0,0.0,-0.053930250925520604,0.2857142857142857,0.0,0
2021-05-05,ASII.JK,0.0,0.0,0.0,-0.04044768819414045,0.14285714285714285,0.0,0
2021-05-06,ASII.JK,0.0,0.0,0.0,-0.030335766145605337,0.0,0.0,0
2021-05-07,ASII.JK,0.0,0.0,0.0,-0.022751824609204004,0.0,0.0,0
2021-05-10,ASII.JK,0.0,0.0,0.0,-0.017063868456903004,0.0,0.0,0
2021-05-11,ASII.JK,0.0,0.0,0.0,-0.012797901342677253,0.0,0.0,0
2021-05-12,ASII.JK,0.0,0.0,0.0,-0.00959842600700794,0.0,0.0,0
2021-05-13,ASII.JK,0.0,0.0,0.0,-0.007198819505255955,0.0,0.0,0
2021-05-14,ASII.JK,0.0,0.0,0.0,-0.005399114628941966,0.0,0.0,0
2021-05-17,ASII.JK,0.0,1.0,0.0,-0.004049335971706475,0.0,0.0,0
2021-05-18,ASII.JK,1.0,2.0,0.3333333333333333,0.24696299802122015,1.0,1.0,1
2021-05-19,ASII.JK,0.0,2.0,0.3333333333333333,0.18522224851591512,-0.14285714285714285,-1.0,0
2021-05-20,ASII.JK,0.0,1.0,0.3333333333333333,0.13891668638693633,-0.14285714285714285,0.0,0
2021-05-21,ASII.JK,0.0,0.0,0.0,0.10418751479020225,-0.14285714285714285,0.0,0
2021-05-24,ASII.JK,0.0,0.0,0.0,0.07814063609265168,-0.14285714285714285,0.0,0
2021-05-25,ASII.JK,-1.0,1.0,-0.3333333333333333,-0.19139452293051123,-1.1428571428571428,-1.0,-1
2021-05-26,ASII.JK,0.0,2.0,-0.3333333333333333,-0.14354589219788344,0.0,1.0,0
2021-05-27,ASII.JK,0.0,3.0,-0.3333333333333333,-0.10765941914841258,0.0,0.0,0
2021-05-28,ASII.JK,0.0,2.0,0.0,-0.08074456436130943,0.14285714285714285,0.0,0
2021-05-31,ASII.JK,0.0,1.0,0.0,-0.06055842327098207,0.14285714285714285,0.0,0
2021-06-01,ASII.JK,0.0,0.0,0.0,-0.04541881745323655,0.14285714285714285,0.0,0
2021-06-02,ASII.JK,0.0,0.0,0.0,-0.03406411308992741,0.14285714285714285,0.0,0
2021-06-03,ASII.JK,0.0,0.0,0.0,-0.02554808481744556,0.14285714285714285,0.0,0
2021-06-04,ASII.JK,1.0,3.0,0.3333333333333333,0.23083893638691583,1.0,1.0,1
2021-06-07,ASII.JK,0.0,4.0,0.3333333333333333,0.17312920229018686,-0.14285714285714285,-1.0,0
2021-06-08,ASII.JK,0.0,4.0,0.3333333333333333,0.12984690171764013,-0.14285714285714285,0.0,0
2021-06-09,ASII.JK,-1.0,2.0,-0.3333333333333333,-0.1526148237117699,-1.1428571428571428,-1.0,-1
2021-06-10,ASII.JK,0.0,1.0,-0.3333333333333333,-0.11446111778382742,0.0,1.0,0
2021-06-11,ASII.JK,0.0,2.0,-0.3333333333333333,-0.08584583833787057,0.0,0.0,0
2021-06-14,ASII.JK,0.5,3.0,0.16666666666666666,0.06061562124659707,0.5,0.5,1
2021-06-15,ASII.JK,0.0,3.0,0.16666666666666666,0.0454617159349478,-0.07142857142857142,-0.5,0
2021-06-16,ASII.JK,0.0,2.0,0.16666666666666666,0.03409628695121085,0.07142857142857142,0.0,0
2021-06-17,ASII.JK,-1.0,3.0,-0.3333333333333333,-0.22442778478659187,-0.9285714285714286,-1.0,-1
2021-06-18,ASII.JK,0.0,4.0,-0.3333333333333333,-0.1683208385899439,0.21428571428571427,1.0,0
2021-06-21,ASII.JK,0.0,4.0,-0.3333333333333333,-0.1262406289424579,0.07142857142857142,0.0,0
2021-06-22,ASII.JK,0.0,1.0,0.0,-0.09468047170684343,0.07142857142857142,0.0,0
2021-06-23,ASII.JK,0.0,0.0,0.0,-0.07101035378013257,0.07142857142857142,0.0,0
2021-06-24,ASII.JK,0.0,0.0,0.0,-0.053257765335099426,0.14285714285714285,0.0,0
2021-06-25,ASII.JK,0.0,0.0,0.0,-0.03994332400132457,0.14285714285714285,0.0,0
2021-06-28,ASII.JK,1.0,1.0,0.3333333333333333,0.22004250699900657,1.1428571428571428,1.0,1
2021-06-29,ASII.JK,-1.0,5.0,0.0,-0.08496811975074509,-1.1428571428571428,-2.0,-1
2021-06-30,ASII.JK,-0.6666666666666666,8.0,-0.2222222222222222,-0.23039275647972546,-0.6666666666666666,0.33333333333333337,-1
2021-07-01,ASII.JK,0.0,7.0,-0.5555555555555555,-0.1727945673597941,0.09523809523809523,0.6666666666666666,0
2021-07-02,ASII.JK,0.0,3.0,-0.2222222222222222,-0.12959592551984556,0.09523809523809523,0.0,0
2021-07-05,ASII.JK,0.5,2.0,0.16666666666666666,0.027803055860115833,0.5952380952380952,0.5,1
2021-07-06,ASII.JK,0.0,2.0,0.16666666666666666,0.020852291895086875,0.023809523809523805,-0.5,0
2021-07-07,ASII.JK,0.0,2.0,0.16666666666666666,0.015639218921315156,0.023809523809523805,0.0,0
2021-07-08,ASII.JK,0.0,0.0,0.0,0.011729414190986366,0.16666666666666666,0.0,0
2021-07-09,ASII.JK,0.0,0.0,0.0,0.008797060643239775,0.023809523809523805,0.0,0
2021-07-12,ASII.JK,0.0,0.0,0.0,0.0065977954824298305,-0.07142857142857142,0.0,0
2021-07-13,ASII.JK,0.0,0.0,0.0,0.004948346611822373,-0.07142857142857142,0.0,0
2021-07-14,ASII.JK,0.0,0.0,0.0,0.00371125995886678,-0.07142857142857142,0.0,0
2021-07-15,ASII.JK,0.0,0.0,0.0,0.002783444969150085,0.0,0.0,0
2021-07-16,ASII.JK,0.0,0.0,0.0,0.0020875837268625637,0.0,0.0,0
2021-07-19,ASII.JK,0.0,0.0,0.0,0.0015656877951469228,0.0,0.0,0
2021-07-20,ASII.JK,-1.0,1.0,-0.3333333333333333,-0.24882573415363982,-1.0,-1.0,-1
2021-07-21,ASII.JK,0.0,1.0,-0.3333333333333333,-0.18661930061522986,0.14285714285714285,1.0,0
2021-07-22,ASII.JK,0.0,1.0,-0.3333333333333333,-0.13996447546142238,0.14285714285714285,0.0,0
2021-07-23,ASII.JK,-1.0,1.0,-0.3333333333333333,-0.35497335659606677,-0.8571428571428572,-1.0,-1
2021-07-26,ASII.JK,0.0,3.0,-0.3333333333333333,-0.2662300174470501,0.2857142857142857,1.0,0
2021-07-27,ASII.JK,0.0,3.0,-0.3333333333333333,-0.19967251308528758,0.2857142857142857,0.0,0
2021-07-28,ASII.JK,0.0,3.0,0.0,-0.1497543848139657,0.2857142857142857,0.0,0
2021-07-29,ASII.JK,-1.0,2.0,-0.3333333333333333,-0.36231578861047425,-0.7142857142857143,-1.0,-1
2021-07-30,ASII.JK,-0.3333333333333333,5.0,-0.4444444444444444,-0.355070174791189,-0.047619047619047616,0.6666666666666667,-1
2021-08-02,ASII.JK,0.0,4.0,-0.4444444444444444,-0.26630263109339175,0.33333333333333337,0.3333333333333333,0
2021-08-03,ASII.JK,0.0,4.0,-0.1111111111111111,-0.1997269733200438,0.33333333333333337,0.0,0
2021-08-04,ASII.JK,0.0,1.0,0.0,-0.14979522999003286,0.19047619047619047,0.0,0
2021-08-05,ASII.JK,0.0,1.0,0.0,-0.11234642249252465,0.19047619047619047,0.0,0
2021-08-06,ASII.JK,0.0,0.0,0.0,-0.08425981686939349,0.19047619047619047,0.0,0
2021-08-09,ASII.JK,0.0,1.0,0.0,-0.06319486265204512,0.19047619047619047,0.0,0
2021-08-10,ASII.JK,0.0,1.0,0.0,-0.04739614698903384,0.047619047619047616,0.0,0
2021-08-11,ASII.JK,0.0,1.0,0.0,-0.035547110241775384,0.0,0.0,0
2021-08-12,ASII.JK,0.0,0.0,0.0,-0.026660332681331538,0.0,0.0,0
2021-08-13,ASII.JK,1.0,1.0,0.3333333333333333,0.23000475048900135,1.0,1.0,1
2021-08-16,ASII.JK,0.0,2.0,0.3333333333333333,0.172503562866751,-0.14285714285714285,-1.0,0
2021-08-17,ASII.JK,0.0,3.0,0.3333333333333333,0.12937767215006324,-0.14285714285714285,0.0,0
2021-08-18,ASII.JK,0.0,2.0,0.0,0.09703325411254743,-0.14285714285714285,0.0,0
2021-08-19,ASII.JK,0.0,1.0,0.0,0.07277494058441057,-0.14285714285714285,0.0,0
2021-08-20,ASII.JK,0.0,0.0,0.0,0.054581205438307925,-0.14285714285714285,0.0,0
2021-08-23,ASII.JK,0.0,0.0,0.0,0.04093590407873095,-0.14285714285714285,0.0,0
2021-08-24,ASII.JK,0.0,0.0,0.0,0.03070192805904821,-0.14285714285714285,0.0,0
2021-08-25,ASII.JK,0.0,0.0,0.0,0.023026446044286157,0.0,0.0,0
2021-08-26,ASII.JK,0.0,0.0,0.0,0.017269834533214616,0.0,0.0,0
2021-08-27,ASII.JK,0.0,0.0,0.0,0.012952375899910962,0.0,0.0,0
2021-08-30,ASII.JK,0.5,2.0,0.16666666666666666,0.13471428192493323,0.5,0.5,1
2021-08-31,ASII.JK,0.0,2.0,0.16666666666666666,0.10103571144369992,-0.07142857142857142,-0.5,0
2021-09-01,ASII.JK,1.0,3.0,0.5,0.32577678358277495,0.9285714285714286,1.0,1
2021-09-02,ASII.JK,0.0,1.0,0.3333333333333333,0.24433258768708122,-0.21428571428571427,-1.0,0
2021-09-03,ASII.JK,-1.0,2.0,0.0,-0.06675055923468909,-1.2142857142857142,-1.0,-1
2021-09-06,ASII.JK,-0.5,3.0,-0.5,-0.17506291942601682,-0.5714285714285714,0.5,-1
2021-09-07,ASII.JK,0.0,3.0,-0.5,-0.1312971895695126,0.0,0.5,0
2021-09-08,ASII.JK,1.0,3.0,0.16666666666666666,0.15152710782286555,1.0,1.0,1
2021-09-09,ASII.JK,0.0,3.0,0.3333333333333333,0.11364533086714916,-0.07142857142857142,-1.0,0
2021-09-10,ASII.JK,0.0,3.0,0.3333333333333333,0.08523399815036187,-0.07142857142857142,0.0,0
2021-09-13,ASII.JK,0.0,3.0,0.0,0.0639254986127714,0.07142857142857142,0.0,0
2021-09-14,ASII.JK,-1.0,3.0,-0.3333333333333333,-0.20205587604042147,-0.9285714285714286,-1.0,-1
2021-09-15,ASII.JK,0.3333333333333333,6.0,-0.22222222222222224,-0.06820857369698279,0.40476190476190477,1.3333333333333333,1
2021-09-16,ASII.JK,0.3333333333333333,8.0,-0.11111111111111112,0.03217690306059624,0.2857142857142857,0.0,1
2021-09-17,ASII.JK,0.0,6.0,0.2222222222222222,0.024132677295447182,-0.09523809523809523,-0.3333333333333333,0
2021-09-20,ASII.JK,0.0,3.0,0.1111111111111111,0.018099507971585386,0.04761904761904762,0.0,0
2021-09-21,ASII.JK,-1.0,1.0,-0.3333333333333333,-0.23642536902131095,-0.9523809523809523,-1.0,-1
2021-09-22,ASII.JK,0.0,1.0,-0.3333333333333333,-0.1773190267659832,0.1904761904761905,1.0,0
2021-09-23,ASII.JK,0.0,2.0,-0.3333333333333333,-0.1329892700744874,0.1904761904761905,0.0,0
2021-09-24,ASII.JK,0.0,1.0,0.0,-0.09974195255586556,0.04761904761904764,0.0,0
2021-09-27,ASII.JK,0.0,2.0,0.0,-0.07480646441689917,0.09523809523809525,0.0,0
2021-09-28,ASII.JK,-1.0,2.0,-0.3333333333333333,-0.30610484831267437,-0.8571428571428572,-1.0,-1
2021-09-29,ASII.JK,0.0,2.0,-0.3333333333333333,-0.22957863623450578,0.2857142857142857,1.0,0
2021-09-30,ASII.JK,0.0,1.0,-0.3333333333333333,-0.17218397717587933,0.2857142857142857,0.0,0
2021-10-01,ASII.JK,0.0,0.0,0.0,-0.1291379828819095,0.14285714285714285,0.0,0
2021-10-04,ASII.JK,0.0,0.0,0.0,-0.09685348716143213,0.14285714285714285,0.0,0
2021-10-05,ASII.JK,0.0,0.0,0.0,-0.0726401153710741,0.14285714285714285,0.0,0
2021-10-06,ASII.JK,0.0,0.0,0.0,-0.05448008652830557,0.14285714285714285,0.0,0
2021-10-07,ASII.JK,0.0,0.0,0.0,-0.040860064896229176,0.14285714285714285,0.0,0
2021-10-08,ASII.JK,1.0,1.0,0.3333333333333333,0.21935495132782812,1.0,1.0,1
2021-10-11,ASII.JK,0.0,1.0,0.3333333333333333,0.1645162134958711,-0.14285714285714285,-1.0,0
2021-10-12,ASII.JK,0.0,1.0,0.3333333333333333,0.12338716012190332,-0.14285714285714285,0.0,0
2021-10-13,ASII.JK,1.0,1.0,0.3333333333333333,0.34254037009142746,0.8571428571428572,1.0,1
2021-10-14,ASII.JK,0.0,2.0,0.3333333333333333,0.2569052775685706,-0.2857142857142857,-1.0,0
2021-10-15,ASII.JK,-1.0,3.0,0.0,-0.05732104182357203,-1.2857142857142856,-1.0,-1
2021-10-18,ASII.JK,0.0,3.0,-0.3333333333333333,-0.042990781367679025,-0.14285714285714285,1.0,0
2021-10-19,ASII.JK,0.0,2.0,-0.3333333333333333,-0.03224308602575927,-0.14285714285714285,0.0,0
2021-10-20,ASII.JK,0.0,2.0,0.0,-0.024182314519319452,0.0,0.0,0
2021-10-21,ASII.JK,0.0,1.0,0.0,-0.018136735889489587,0.0,0.0,0
2021-10-22,ASII.JK,0.0,2.0,0.0,-0.01360255191711719,0.0,0.0,0
2021-10-25,ASII.JK,0.0,1.0,0.0,-0.010201913937837892,0.14285714285714285,0.0,0
2021-10-26,ASII.JK,0.0,1.0,0.0,-0.00765143545337842,0.14285714285714285,0.0,0
2021-10-27,ASII.JK,0.0,0.0,0.0,-0.005738576590033815,0.0,0.0,0
2021-10-28,ASII.JK,1.0,2.0,0.3333333333333333,0.24569606755747464,1.0,1.0,1
2021-10-29,ASII.JK,1.0,3.0,0.6666666666666666,0.434272050668106,0.8571428571428572,0.0,1
2021-11-01,ASII.JK,0.0,4.0,0.6666666666666666,0.3257040380010795,-0.2857142857142857,-1.0,0
2021-11-02,ASII.JK,0.0,2.0,0.3333333333333333,0.24427802850080962,-0.2857142857142857,0.0,0
2021-11-03,ASII.JK,0.0,1.0,0.0,0.18320852137560723,-0.2857142857142857,0.0,0
2021-11-04,ASII.JK,-1.0,1.0,-0.3333333333333333,-0.11259360896829457,-1.2857142857142856,-1.0,-1
2021-11-05,ASII.JK,0.0,1.0,-0.3333333333333333,-0.08444520672622093,-0.14285714285714285,1.0,0
2021-11-08,ASII.JK,0.0,1.0,-0.3333333333333333,-0.0633339050446657,-0.14285714285714285,0.0,0
2021-11-09,ASII.JK,0.0,0.0,0.0,-0.04750042878349928,0.0,0.0,0
2021-11-10,ASII.JK,0.0,0.0,0.0,-0.03562532158762446,0.14285714285714285,0.0,0
2021-11-11,ASII.JK,0.0,0.0,0.0,-0.02671899119071834,0.14285714285714285,0.0,0
2021-11-12,ASII.JK,0.0,1.0,0.0,-0.020039243393038756,0.14285714285714285,0.0,0
2021-11-15,ASII.JK,0.0,4.0,0.0,-0.015029432544779068,0.14285714285714285,0.0,0
2021-11-16,ASII.JK,0.0,5.0,0.0,-0.011272074408584302,0.0,0.0,0
2021-11-17,ASII.JK,0.0,4.0,0.0,-0.008454055806438227,0.0,0.0,0
2021-11-18,ASII.JK,0.0,1.0,0.0,-0.00634054185482867,0.0,0.0,0
2021-11-19,ASII.JK,0.0,0.0,0.0,-0.004755406391121503,0.0,0.0,0
2021-11-22,ASII.JK,0.0,0.0,0.0,-0.0035665547933411267,0.0,0.0,0
2021-11-23,ASII.JK,-1.0,1.0,-0.3333333333333333,-0.25267491609500586,-1.0,-1.0,-1
2021-11-24,ASII.JK,0.0,1.0,-0.3333333333333333,-0.18950618707125438,0.14285714285714285,1.0,0
2021-11-25,ASII.JK,0.0,1.0,-0.3333333333333333,-0.14212964030344077,0.14285714285714285,0.0,0
2021-11-26,ASII.JK,-1.0,1.0,-0.3333333333333333,-0.3565972302275806,-0.8571428571428572,-1.0,-1
2021-11-29,ASII.JK,0.0,1.0,-0.3333333333333333,-0.26744792267068546,0.2857142857142857,1.0,0
2021-11-30,ASII.JK,0.0,1.0,-0.3333333333333333,-0.2005859420030141,0.2857142857142857,0.0,0
2021-12-01,ASII.JK,0.0,2.0,0.0,-0.1504394565022606,0.2857142857142857,0.0,0
2021-12-02,ASII.JK,0.0,2.0,0.0,-0.11282959237669545,0.2857142857142857,0.0,0
2021-12-03,ASII.JK,0.0,2.0,0.0,-0.08462219428252159,0.14285714285714285,0.0,0
2021-12-06,ASII.JK,0.0,0.0,0.0,-0.06346664571189119,0.14285714285714285,0.0,0
2021-12-07,ASII.JK,0.0,1.0,0.0,-0.04759998428391839,0.14285714285714285,0.0,0
2021-12-08,ASII.JK,0.0,1.0,0.0,-0.035699988212938794,0.0,0.0,0
2021-12-09,ASII.JK,0.0,1.0,0.0,-0.026774991159704095,0.0,0.0,0
2021-12-10,ASII.JK,0.0,0.0,0.0,-0.02008124336977807,0.0,0.0,0
2021-12-13,ASII.JK,0.0,0.0,0.0,-0.015060932527333554,0.0,0.0,0
2021-12-14,ASII.JK,0.0,0.0,0.0,-0.011295699395500167,0.0,0.0,0
2021-12-15,ASII.JK,0.0,0.0,0.0,-0.008471774546625125,0.0,0.0,0
2021-12-16,ASII.JK,0.0,0.0,0.0,-0.006353830909968844,0.0,0.0,0
2021-12-17,ASII.JK,0.0,0.0,0.0,-0.004765373182476633,0.0,0.0,0
2021-12-20,ASII.JK,0.0,0.0,0.0,-0.0035740298868574744,0.0,0.0,0
2021-12-21,ASII.JK,-0.5,2.0,-0.16666666666666666,-0.1276805224151431,-0.5,-0.5,-1
2021-12-22,ASII.JK,0.0,3.0,-0.16666666666666666,-0.09576039181135733,0.07142857142857142,0.5,0
2021-12-23,ASII.JK,0.0,3.0,-0.16666666666666666,-0.071820293858518,0.07142857142857142,0.0,0
2021-12-24,ASII.JK,0.0,1.0,0.0,-0.0538652203938885,0.07142857142857142,0.0,0
2021-12-27,ASII.JK,0.0,0.0,0.0,-0.04039891529541637,0.07142857142857142,0.0,0
2021-12-28,ASII.JK,0.0,0.0,0.0,-0.03029918647156228,0.07142857142857142,0.0,0
2021-12-29,ASII.JK,-0.4,5.0,-0.13333333333333333,-0.12272438985367172,-0.3285714285714286,-0.4,-1
2021-12-30,ASII.JK,-1.0,10.0,-0.4666666666666666,-0.3420432923902538,-0.8714285714285714,-0.6,-1
2021-12-31,ASII.JK,0.0,10.0,-0.4666666666666666,-0.25653246929269036,0.19999999999999998,1.0,0
2022-01-03,ASII.JK,-1.0,6.0,-0.6666666666666666,-0.44239935196951774,-0.8,-1.0,-1
2022-01-04,ASII.JK,0.0,1.0,-0.3333333333333333,-0.3317995139771383,0.34285714285714286,1.0,0
2022-01-05,ASII.JK,0.0,1.0,-0.3333333333333333,-0.24884963548285371,0.34285714285714286,0.0,0
2022-01-06,ASII.JK,0.0,0.0,0.0,-0.18663722661214027,0.34285714285714286,0.0,0
2022-01-07,ASII.JK,0.0,1.0,0.0,-0.1399779199591052,0.34285714285714286,0.0,0
2022-01-10,ASII.JK,0.0,1.0,0.0,-0.10498343996932889,0.2857142857142857,0.0,0
2022-01-11,ASII.JK,0.0,1.0,0.0,-0.07873757997699667,0.14285714285714285,0.0,0
2022-01-12,ASII.JK,0.0,0.0,0.0,-0.0590531849827475,0.14285714285714285,0.0,0
2022-01-13,ASII.JK,0.0,0.0,0.0,-0.04428988873706063,0.0,0.0,0
2022-01-14,ASII.JK,0.0,1.0,0.0,-0.03321741655279547,0.0,0.0,0
2022-01-17,ASII.JK,0.0,2.0,0.0,-0.0249130624145966,0.0,0.0,0
2022-01-18,ASII.JK,-1.0,3.0,-0.3333333333333333,-0.2686847968109475,-1.0,-1.0,-1
2022-01-19,ASII.JK,1.0,3.0,0.0,0.04848640239178939,1.1428571428571428,2.0,1
2022-01-20,ASII.JK,0.0,2.0,0.0,0.03636480179384204,0.0,-1.0,0
2022-01-21,ASII.JK,-1.0,2.0,0.0,-0.22272639865461846,-1.0,-1.0,-1
2022-01-24,ASII.JK,0.0,1.0,-0.3333333333333333,-0.16704479899096386,0.14285714285714285,1.0,0
2022-01-25,ASII.JK,0.0,1.0,-0.3333333333333333,-0.1252835992432229,0.14285714285714285,0.0,0
2022-01-26,ASII.JK,-1.0,2.0,-0.3333333333333333,-0.3439626994324172,-0.8571428571428572,-1.0,-1
2022-01-27,ASII.JK,0.0,2.0,-0.3333333333333333,-0.2579720245743129,0.2857142857142857,1.0,0
2022-01-28,ASII.JK,0.0,2.0,-0.3333333333333333,-0.19347901843073467,0.14285714285714285,0.0,0
2022-01-31,ASII.JK,0.0,0.0,0.0,-0.145109263823051,0.2857142857142857,0.0,0
2022-02-01,ASII.JK,0.0,0.0,0.0,-0.10883194786728825,0.2857142857142857,0.0,0
2022-02-02,ASII.JK,0.0,0.0,0.0,-0.0816239609004662,0.14285714285714285,0.0,0
2022-02-03,ASII.JK,0.0,0.0,0.0,-0.06121797067534965,0.14285714285714285,0.0,0
2022-02-04,ASII.JK,0.0,0.0,0.0,-0.045913478006512236,0.14285714285714285,0.0,0
2022-02-07,ASII.JK,0.0,0.0,0.0,-0.034435108504884175,0.0,0.0,0
2022-02-08,ASII.JK,-1.0,1.0,-0.3333333333333333,-0.27582633137866314,-1.0,-1.0,-1
2022-02-09,ASII.JK,-0.3333333333333333,4.0,-0.4444444444444444,-0.2902030818673307,-0.19047619047619047,0.6666666666666667,-1
2022-02-10,ASII.JK,0.0,5.0,-0.4444444444444444,-0.217652311400498,0.19047619047619047,0.3333333333333333,0
2022-02-11,ASII.JK,-1.0,5.0,-0.4444444444444444,-0.4132392335503735,-0.8095238095238095,-1.0,-1
2022-02-14,ASII.JK,1.0,3.0,0.0,-0.0599294251627801,1.3333333333333333,2.0,1
2022-02-15,ASII.JK,-1.0,3.0,-0.3333333333333333,-0.2949470688720851,-0.8095238095238095,-2.0,-1
2022-02-16,ASII.JK,0.0,2.0,0.0,-0.22121030165406383,0.3333333333333333,1.0,0
2022-02-17,ASII.JK,0.5,3.0,-0.16666666666666666,-0.040907726240547865,0.8333333333333333,0.5,1
2022-02-18,ASII.JK,0.0,2.0,0.16666666666666666,-0.0306807946804109,0.11904761904761904,-0.5,0
2022-02-21,ASII.JK,1.0,4.0,0.5,0.22698940398969183,1.0714285714285714,1.0,1
2022-02-22,ASII.JK,0.0,2.0,0.3333333333333333,0.17024205299226888,-0.07142857142857142,-1.0,0
2022-02-23,ASII.JK,0.0,3.0,0.3333333333333333,0.12768153974420166,-0.21428571428571427,0.0,0
2022-02-24,ASII.JK,1.0,2.0,0.3333333333333333,0.3457611548081512,0.9285714285714286,1.0,1
2022-02-25,ASII.JK,0.0,4.0,0.3333333333333333,0.25932086610611343,-0.35714285714285715,-1.0,0
2022-02-28,ASII.JK,0.0,4.0,0.3333333333333333,0.19449064957958506,-0.35714285714285715,0.0,0
2022-03-01,ASII.JK,0.0,4.0,0.0,0.1458679871846888,-0.2857142857142857,0.0,0
2022-03-02,ASII.JK,1.0,3.0,0.3333333333333333,0.3594009903885166,0.7142857142857143,1.0,1
2022-03-03,ASII.JK,0.0,2.0,0.3333333333333333,0.26955074279138747,-0.2857142857142857,-1.0,0
2022-03-04,ASII.JK,1.0,2.0,0.6666666666666666,0.4521630570935406,0.7142857142857143,1.0,1
2022-03-07,ASII.JK,0.0,1.0,0.3333333333333333,0.33912229282015544,-0.42857142857142855,-1.0,0
2022-03-08,ASII.JK,0.0,1.0,0.3333333333333333,0.2543417196151166,-0.2857142857142857,0.0,0
2022-03-09,ASII.JK,1.0,1.0,0.3333333333333333,0.44075628971133746,0.7142857142857143,1.0,1
2022-03-10,ASII.JK,0.0,1.0,0.3333333333333333,0.3305672172835031,-0.42857142857142855,-1.0,0
2022-03-11,ASII.JK,0.0,1.0,0.3333333333333333,0.24792541296262732,-0.42857142857142855,0.0,0
2022-03-14,ASII.JK,-1.0,1.0,-0.3333333333333333,-0.06405594027802952,-1.2857142857142856,-1.0,-1
2022-03-15,ASII.JK,0.0,1.0,-0.3333333333333333,-0.04804195520852214,-0.14285714285714285,1.0,0
2022-03-16,ASII.JK,0.0,1.0,-0.3333333333333333,-0.036031466406391606,0.0,0.0,0
2022-03-17,ASII.JK,0.0,0.0,0.0,-0.027023599804793706,0.0,0.0,0
2022-03-18,ASII.JK,0.0,0.0,0.0,-0.020267699853595278,0.0,0.0,0
2022-03-21,ASII.JK,0.0,1.0,0.0,-0.015200774890196458,0.14285714285714285,0.0,0
2022-03-22,ASII.JK,0.0,1.0,0.0,-0.011400581167647344,0.14285714285714285,0.0,0
2022-03-23,ASII.JK,0.0,1.0,0.0,-0.008550435875735507,0.14285714285714285,0.0,0
2022-03-24,ASII.JK,0.0,0.0,0.0,-0.00641282690680163,0.0,0.0,0
2022-03-25,ASII.JK,0.0,0.0,0.0,-0.004809620180101223,0.0,0.0,0
2022-03-28,ASII.JK,1.0,1.0,0.3333333333333333,0.24639278486492408,1.0,1.0,1
2022-03-29,ASII.JK,1.0,2.0,0.6666666666666666,0.434794588648693,0.8571428571428572,0.0,1
2022-03-30,ASII.JK,0.0,4.0,0.6666666666666666,0.32609594148651977,-0.2857142857142857,-1.0,0
2022-03-31,ASII.JK,1.0,4.0,0.6666666666666666,0.4945719561148898,0.7142857142857143,1.0,1
2022-04-01,ASII.JK,0.0,3.0,0.3333333333333333,0.37092896708616735,-0.42857142857142855,-1.0,0
2022-04-04,ASII.JK,0.0,1.0,0.3333333333333333,0.2781967253146255,-0.42857142857142855,0.0,0
2022-04-05,ASII.JK,0.0,0.0,0.0,0.20864754398596913,-0.42857142857142855,0.0,0
2022-04-06,ASII.JK,-1.0,1.0,-0.3333333333333333,-0.09351434201052317,-1.4285714285714286,-1.0,-1
2022-04-07,ASII.JK,-1.0,2.0,-0.6666666666666666,-0.3201357565078924,-1.1428571428571428,0.0,-1
2022-04-08,ASII.JK,-0.5,6.0,-0.8333333333333334,-0.3651018173809193,-0.35714285714285715,0.5,-1
2022-04-11,ASII.JK,0.0,6.0,-0.5,-0.27382636303568947,0.21428571428571427,0.5,0
2022-04-12,ASII.JK,0.0,8.0,-0.16666666666666666,-0.20536977227676712,0.35714285714285715,0.0,0
2022-04-13,ASII.JK,1.0,5.0,0.3333333333333333,0.09597267079242466,1.3571428571428572,1.0,1
2022-04-14,ASII.JK,0.0,6.0,0.3333333333333333,0.0719795030943185,0.21428571428571427,-1.0,0
2022-04-15,ASII.JK,0.0,4.0,0.3333333333333333,0.05398462732073887,0.21428571428571427,0.0,0
2022-04-18,ASII.JK,0.0,3.0,0.0,0.04048847049055415,0.07142857142857142,0.0,0
2022-04-19,ASII.JK,-1.0,2.0,-0.3333333333333333,-0.2196336471320844,-1.0714285714285714,-1.0,-1
2022-04-20,ASII.JK,0.16666666666666666,7.0,-0.2777777777777778,-0.12305856868239665,0.16666666666666666,1.1666666666666667,1
2022-04-21,ASII.JK,0.0,7.0,-0.2777777777777778,-0.09229392651179749,-0.023809523809523808,-0.16666666666666666,0
2022-04-22,ASII.JK,0.0,6.0,0.05555555555555555,-0.06922044488384813,-0.023809523809523808,0.0,0
2022-04-25,ASII.JK,-1.0,1.0,-0.3333333333333333,-0.3019153336628861,-0.8809523809523809,-1.0,-1
2022-04-26,ASII.JK,1.0,2.0,0.0,0.02356349975283545,1.2619047619047619,2.0,1
2022-04-27,ASII.JK,1.0,4.0,0.3333333333333333,0.2676726248146266,1.119047619047619,0.0,1
2022-04-28,ASII.JK,-1.0,4.0,0.3333333333333333,-0.04924553138903004,-1.0238095238095237,-2.0,-1
2022-04-29,ASII.JK,0.0,3.0,0.0,-0.03693414854177253,-0.023809523809523787,1.0,0
2022-05-02,ASII.JK,0.0,1.0,-0.3333333333333333,-0.027700611406329397,1.9825411154020653e-17,0.0,0
2022-05-03,ASII.JK,1.0,1.0,0.3333333333333333,0.22922454144525295,1.0,1.0,1
2022-05-04,ASII.JK,0.0,2.0,0.3333333333333333,0.1719184060839397,-0.14285714285714285,-1.0,0
2022-05-05,ASII.JK,0.0,2.0,0.3333333333333333,0.12893880456295478,-0.2857142857142857,0.0,0
2022-05-06,ASII.JK,0.0,1.0,0.0,0.09670410342221608,-0.14285714285714285,0.0,0
2022-05-09,ASII.JK,0.0,0.0,0.0,0.07252807756666206,0.0,0.0,0
2022-05-10,ASII.JK,-1.0,1.0,-0.3333333333333333,-0.19560394182500346,-1.1428571428571428,-1.0,-1
2022-05-11,ASII.JK,0.0,1.0,-0.3333333333333333,-0.14670295636875258,0.0,1.0,0
2022-05-12,ASII.JK,0.0,1.0,-0.3333333333333333,-0.11002721727656443,0.0,0.0,0
2022-05-13,ASII.JK,-1.0,1.0,-0.3333333333333333,-0.3325204129574233,-0.8571428571428572,-1.0,-1
2022-05-16,ASII.JK,0.0,1.0,-0.3333333333333333,-0.24939030971806747,0.2857142857142857,1.0,0
2022-05-17,ASII.JK,0.0,1.0,-0.3333333333333333,-0.18704273228855062,0.2857142857142857,0.0,0
2022-05-18,ASII.JK,0.0,1.0,0.0,-0.14028204921641296,0.2857142857142857,0.0,0
2022-05-19,ASII.JK,0.0,1.0,0.0,-0.10521153691230972,0.2857142857142857,0.0,0
2022-05-20,ASII.JK,0.0,1.0,0.0,-0.07890865268423229,0.14285714285714285,0.0,0
2022-05-23,ASII.JK,0.0,2.0,0.0,-0.059181489513174215,0.14285714285714285,0.0,0
2022-05-24,ASII.JK,0.0,2.0,0.0,-0.044386117134880665,0.14285714285714285,0.0,0
2022-05-25,ASII.JK,0.0,2.0,0.0,-0.0332895878511605,0.0,0.0,0
2022-05-26,ASII.JK,0.0,0.0,0.0,-0.024967190888370374,0.0,0.0,0
2022-05-27,ASII.JK,0.0,0.0,0.0,-0.01872539316627778,0.0,0.0,0
2022-05-30,ASII.JK,1.0,1.0,0.3333333333333333,0.23595595512529166,1.0,1.0,1
2022-05-31,ASII.JK,0.0,1.0,0.3333333333333333,0.17696696634396875,-0.14285714285714285,-1.0,0
2022-06-01,ASII.JK,0.0,1.0,0.3333333333333333,0.13272522475797655,-0.14285714285714285,0.0,0
2022-06-02,ASII.JK,-1.0,1.0,-0.3333333333333333,-0.1504560814315176,-1.1428571428571428,-1.0,-1
2022-06-03,ASII.JK,0.0,1.0,-0.3333333333333333,-0.1128420610736382,0.0,1.0,0
2022-06-06,ASII.JK,0.0,1.0,-0.3333333333333333,-0.08463154580522865,0.0,0.0,0
2022-06-07,ASII.JK,0.0,1.0,0.0,-0.06347365935392149,0.0,0.0,0
2022-06-08,ASII.JK,0.0,2.0,0.0,-0.04760524451544112,0.0,0.0,0
2022-06-09,ASII.JK,0.0,2.0,0.0,-0.03570393338658084,0.14285714285714285,0.0,0
2022-06-10,ASII.JK,0.0,1.0,0.0,-0.026777950039935626,0.14285714285714285,0.0,0
2022-06-13,ASII.JK,-1.0,4.0,-0.3333333333333333,-0.27008346252995175,-0.8571428571428572,-1.0,-1
2022-06-14,ASII.JK,0.0,5.0,-0.3333333333333333,-0.2025625968974638,0.14285714285714285,1.0,0
2022-06-15,ASII.JK,0.0,5.0,-0.3333333333333333,-0.15192194767309786,0.14285714285714285,0.0,0
2022-06-16,ASII.JK,0.0,1.0,0.0,-0.11394146075482339,0.14285714285714285,0.0,0
2022-06-17,ASII.JK,0.0,0.0,0.0,-0.08545609556611755,0.14285714285714285,0.0,0
2022-06-20,ASII.JK,-1.0,1.0,-0.3333333333333333,-0.3140920716745882,-0.8571428571428572,-1.0,-1
2022-06-21,ASII.JK,0.0,1.0,-0.3333333333333333,-0.23556905375594114,0.2857142857142857,1.0,0
2022-06-22,ASII.JK,0.0,1.0,-0.3333333333333333,-0.17667679031695585,0.2857142857142857,0.0,0
2022-06-23,ASII.JK,0.0,1.0,0.0,-0.1325075927377169,0.14285714285714285,0.0,0
2022-06-24,ASII.JK,0.0,1.0,0.0,-0.09938069455328767,0.14285714285714285,0.0,0
2022-06-27,ASII.JK,0.0,2.0,0.0,-0.07453552091496575,0.14285714285714285,0.0,0
2022-06-28,ASII.JK,0.0,1.0,0.0,-0.055901640686224316,0.14285714285714285,0.0,0
2022-06-29,ASII.JK,0.0,1.0,0.0,-0.041926230514668233,0.14285714285714285,0.0,0
2022-06-30,ASII.JK,0.0,0.0,0.0,-0.031444672886001175,0.0,0.0,0
2022-07-01,ASII.JK,0.0,0.0,0.0,-0.023583504664500883,0.0,0.0,0
2022-07-04,ASII.JK,-1.0,9.0,-0.3333333333333333,-0.2676876284983757,-1.0,-1.0,-1
2022-07-05,ASII.JK,-1.0,11.0,-0.6666666666666666,-0.4507657213737818,-0.8571428571428572,0.0,-1
2022-07-06,ASII.JK,0.0,12.0,-0.6666666666666666,-0.33807429103033637,0.2857142857142857,1.0,0
2022-07-07,ASII.JK,0.0,3.0,-0.3333333333333333,-0.25355571827275225,0.2857142857142857,0.0,0
2022-07-08,ASII.JK,0.0,1.0,0.0,-0.1901667887045642,0.2857142857142857,0.0,0
2022-07-11,ASII.JK,0.0,1.0,0.0,-0.14262509152842315,0.2857142857142857,0.0,0
2022-07-12,ASII.JK,0.0,2.0,0.0,-0.10696881864631735,0.2857142857142857,0.0,0
2022-07-13,ASII.JK,0.5,4.0,0.16666666666666666,0.044773386015261984,0.7857142857142857,0.5,1
2022-07-14,ASII.JK,0.0,3.0,0.16666666666666666,0.03358003951144649,0.07142857142857142,-0.5,0
2022-07-15,ASII.JK,0.0,2.0,0.16666666666666666,0.025185029633584866,-0.07142857142857142,0.0,0
2022-07-18,ASII.JK,-1.0,1.0,-0.3333333333333333,-0.23111122777481136,-1.0714285714285714,-1.0,-1
2022-07-19,ASII.JK,-1.0,2.0,-0.6666666666666666,-0.42333342083110853,-0.9285714285714286,0.0,-1
2022-07-20,ASII.JK,0.0,2.0,-0.6666666666666666,-0.3175000656233314,0.21428571428571427,1.0,0
2022-07-21,ASII.JK,0.0,1.0,-0.3333333333333333,-0.23812504921749855,0.21428571428571427,0.0,0
2022-07-22,ASII.JK,0.0,0.0,0.0,-0.17859378691312391,0.21428571428571427,0.0,0
2022-07-25,ASII.JK,0.0,0.0,0.0,-0.13394534018484294,0.2857142857142857,0.0,0
2022-07-26,ASII.JK,1.0,1.0,0.3333333333333333,0.1495409948613678,1.2857142857142856,1.0,1
2022-07-27,ASII.JK,0.0,1.0,0.3333333333333333,0.11215574614602584,0.14285714285714285,-1.0,0
2022-07-28,ASII.JK,1.0,3.0,0.6666666666666666,0.3341168096095194,1.0,1.0,1
2022-07-29,ASII.JK,0.5,4.0,0.5,0.3755876072071396,0.2142857142857143,-0.5,1
2022-08-01,ASII.JK,0.0,5.0,0.5,0.2816907054053547,-0.35714285714285715,-0.5,0
2022-08-02,ASII.JK,0.0,3.0,0.16666666666666666,0.211268029054016,-0.35714285714285715,0.0,0
2022-08-03,ASII.JK,-0.3333333333333333,4.0,-0.1111111111111111,0.07511768845717869,-0.6904761904761905,-0.3333333333333333,-1
2022-08-04,ASII.JK,0.0,3.0,-0.1111111111111111,0.05633826634288401,-0.3095238095238095,0.3333333333333333,0
2022-08-05,ASII.JK,0.6,8.0,0.08888888888888889,0.192253699757163,0.4333333333333333,0.6,1
2022-08-08,ASII.JK,1.0,10.0,0.5333333333333333,0.3941902748178723,0.7476190476190476,0.4,1
2022-08-09,ASII.JK,0.0,10.0,0.5333333333333333,0.2956427061134042,-0.2523809523809524,-1.0,0
2022-08-10,ASII.JK,0.0,6.0,0.3333333333333333,0.22173202958505317,-0.18095238095238095,0.0,0
2022-08-11,ASII.JK,0.0,1.0,0.0,0.1662990221887899,-0.18095238095238095,0.0,0
2022-08-12,ASII.JK,0.0,1.0,0.0,0.12472426664159242,-0.18095238095238095,0.0,0
2022-08-15,ASII.JK,1.0,1.0,0.3333333333333333,0.3435431999811943,0.7714285714285715,1.0,1
2022-08-16,ASII.JK,0.0,1.0,0.3333333333333333,0.25765739998589576,-0.3714285714285714,-1.0,0
2022-08-17,ASII.JK,0.0,1.0,0.3333333333333333,0.19324304998942182,-0.2857142857142857,0.0,0
2022-08-18,ASII.JK,-1.0,1.0,-0.3333333333333333,-0.10506771250793362,-1.1428571428571428,-1.0,-1
2022-08-19,ASII.JK,0.0,1.0,-0.3333333333333333,-0.07880078438095021,0.0,1.0,0
2022-08-22,ASII.JK,0.3333333333333333,4.0,-0.22222222222222218,0.02423274504762067,0.3333333333333333,0.3333333333333333,1
2022-08-23,ASII.JK,0.0,3.0,0.11111111111111115,0.018174558785715503,-0.047619047619047616,-0.3333333333333333,0
2022-08-24,ASII.JK,0.0,4.0,0.11111111111111115,0.013630919089286628,-0.047619047619047616,0.0,0
2022-08-25,ASII.JK,0.0,1.0,0.0,0.010223189316964972,0.09523809523809525,0.0,0
2022-08-26,ASII.JK,0.0,1.0,0.0,0.007667391987723729,0.09523809523809525,0.0,0
2022-08-29,ASII.JK,-0.5,2.0,-0.16666666666666663,-0.11924945600920721,-0.40476190476190477,-0.5,-1
2022-08-30,ASII.JK,0.0,3.0,-0.16666666666666663,-0.0894370920069054,0.02380952380952382,0.5,0
2022-08-31,ASII.JK,-1.0,4.0,-0.5,-0.31707781900517906,-0.9761904761904762,-1.0,-1
2022-09-01,ASII.JK,0.0,2.0,-0.3333333333333333,-0.2378083642538843,0.21428571428571427,1.0,0
2022-09-02,ASII.JK,0.0,1.0,-0.3333333333333333,-0.17835627319041322,0.21428571428571427,0.0,0
2022-09-05,ASII.JK,0.0,0.0,0.0,-0.1337672048928099,0.21428571428571427,0.0,0
2022-09-06,ASII.JK,0.0,0.0,0.0,-0.10032540366960743,0.21428571428571427,0.0,0
2022-09-07,ASII.JK,0.0,0.0,0.0,-0.07524405275220558,0.21428571428571427,0.0,0
2022-09-08,ASII.JK,0.0,0.0,0.0,-0.056433039564154186,0.14285714285714285,0.0,0
2022-09-09,ASII.JK,0.0,0.0,0.0,-0.04232477967311564,0.14285714285714285,0.0,0
2022-09-12,ASII.JK,0.0,3.0,0.0,-0.031743584754836726,0.0,0.0,0
2022-09-13,ASII.JK,0.0,3.0,0.0,-0.023807688566127545,0.0,0.0,0
2022-09-14,ASII.JK,0.0,3.0,0.0,-0.01785576642459566,0.0,0.0,0
2022-09-15,ASII.JK,0.0,0.0,0.0,-0.013391824818446744,0.0,0.0,0
2022-09-16,ASII.JK,0.0,1.0,0.0,-0.010043868613835058,0.0,0.0,0
2022-09-19,ASII.JK,-0.4,6.0,-0.13333333333333333,-0.1075329014603763,-0.4,-0.4,-1
2022-09-20,ASII.JK,-0.5,8.0,-0.3,-0.20564967609528223,-0.44285714285714284,-0.09999999999999998,-1
2022-09-21,ASII.JK,0.0,7.0,-0.3,-0.1542372570714617,0.1285714285714286,0.5,0
2022-09-22,ASII.JK,-1.0,9.0,-0.5,-0.3656779428035963,-0.8714285714285714,-1.0,-1
2022-09-23,ASII.JK,-1.0,11.0,-0.6666666666666666,-0.5242584571026971,-0.7285714285714286,0.0,-1
2022-09-26,ASII.JK,0.0,11.0,-0.6666666666666666,-0.39319384282702285,0.41428571428571426,1.0,0
2022-09-27,ASII.JK,-1.0,5.0,-0.6666666666666666,-0.5448953821202671,-0.5857142857142857,-1.0,-1
2022-09-28,ASII.JK,0.0,1.0,-0.3333333333333333,-0.40867153659020033,0.5571428571428572,1.0,0
2022-09-29,ASII.JK,0.0,2.0,-0.3333333333333333,-0.30650365244265027,0.5,0.0,0
2022-09-30,ASII.JK,-1.0,2.0,-0.3333333333333333,-0.4798777393319877,-0.5714285714285714,-1.0,-1
2022-10-03,ASII.JK,0.0,2.0,-0.3333333333333333,-0.35990830449899075,0.5714285714285714,1.0,0
2022-10-04,ASII.JK,0.3333333333333333,4.0,-0.22222222222222224,-0.18659789504090973,0.7619047619047619,0.3333333333333333,1
2022-10-05,ASII.JK,0.0,4.0,0.1111111111111111,-0.1399484212806823,0.2380952380952381,-0.3333333333333333,0
2022-10-06,ASII.JK,0.0,4.0,0.1111111111111111,-0.10496131596051173,0.2380952380952381,0.0,0
2022-10-07,ASII.JK,-1.0,2.0,-0.3333333333333333,-0.32872098697038377,-0.9047619047619048,-1.0,-1
2022-10-10,ASII.JK,0.0,1.0,-0.3333333333333333,-0.24654074022778782,0.2380952380952381,1.0,0
2022-10-11,ASII.JK,0.0,1.0,-0.3333333333333333,-0.18490555517084087,0.2380952380952381,0.0,0
2022-10-12,ASII.JK,0.0,0.0,0.0,-0.13867916637813066,0.09523809523809525,0.0,0
2022-10-13,ASII.JK,0.0,0.0,0.0,-0.104009374783598,0.09523809523809525,0.0,0
2022-10-14,ASII.JK,-1.0,1.0,-0.3333333333333333,-0.32800703108769846,-0.8571428571428572,-1.0,-1
2022-10-17,ASII.JK,0.0,2.0,-0.3333333333333333,-0.24600527331577385,0.2857142857142857,1.0,0
2022-10-18,ASII.JK,0.0,2.0,-0.3333333333333333,-0.1845039549868304,0.2857142857142857,0.0,0
2022-10-19,ASII.JK,0.0,1.0,0.0,-0.1383779662401228,0.14285714285714285,0.0,0
2022-10-20,ASII.JK,0.0,1.0,0.0,-0.10378347468009211,0.14285714285714285,0.0,0
2022-10-21,ASII.JK,-1.0,2.0,-0.3333333333333333,-0.32783760601006906,-0.8571428571428572,-1.0,-1
2022-10-24,ASII.JK,0.0,2.0,-0.3333333333333333,-0.2458782045075518,0.2857142857142857,1.0,0
2022-10-25,ASII.JK,0.0,1.0,-0.3333333333333333,-0.18440865338066384,0.2857142857142857,0.0,0
2022-10-26,ASII.JK,0.0,0.0,0.0,-0.1383064900354979,0.14285714285714285,0.0,0
2022-10-27,ASII.JK,0.0,0.0,0.0,-0.10372986752662341,0.14285714285714285,0.0,0
2022-10-28,ASII.JK,0.0,0.0,0.0,-0.07779740064496757,0.14285714285714285,0.0,0
2022-10-31,ASII.JK,0.4444444444444444,9.0,0.14814814814814814,0.05276306062738543,0.5873015873015872,0.4444444444444444,1
2022-11-01,ASII.JK,0.0,9.0,0.14814814814814814,0.03957229547053907,0.07936507936507937,-0.4444444444444444,0
2022-11-02,ASII.JK,0.3333333333333333,12.0,0.25925925925925924,0.11301255493623763,0.2698412698412698,0.3333333333333333,1
2022-11-03,ASII.JK,0.0,4.0,0.1111111111111111,0.08475941620217822,-0.11111111111111109,-0.3333333333333333,0
2022-11-04,ASII.JK,0.0,4.0,0.1111111111111111,0.06356956215163367,-0.11111111111111109,0.0,0
2022-11-07,ASII.JK,-0.2,6.0,-0.06666666666666667,-0.0023228283862747473,-0.3111111111111111,-0.2,-1
2022-11-08,ASII.JK,0.0,6.0,-0.06666666666666667,-0.0017421212897060605,-0.08253968253968254,0.2,0
2022-11-09,ASII.JK,1.0,7.0,0.26666666666666666,0.24869340903272044,0.9174603174603174,1.0,1
2022-11-10,ASII.JK,0.0,2.0,0.3333333333333333,0.18652005677454034,-0.1619047619047619,-1.0,0
2022-11-11,ASII.JK,0.0,1.0,0.3333333333333333,0.13989004258090526,-0.1619047619047619,0.0,0
2022-11-14,ASII.JK,0.0,0.0,0.0,0.10491753193567895,-0.1142857142857143,0.0,0
2022-11-15,ASII.JK,0.0,1.0,0.0,0.07868814895175921,-0.1142857142857143,0.0,0
2022-11-16,ASII.JK,-1.0,2.0,-0.3333333333333333,-0.1909838882861806,-1.1142857142857143,-1.0,-1
2022-11-17,ASII.JK,0.0,3.0,-0.3333333333333333,-0.14323791621463544,0.0,1.0,0
2022-11-18,ASII.JK,0.0,2.0,-0.3333333333333333,-0.10742843716097658,0.0,0.0,0
2022-11-21,ASII.JK,-1.0,2.0,-0.3333333333333333,-0.3305713278707324,-0.8571428571428572,-1.0,-1
2022-11-22,ASII.JK,-1.0,2.0,-0.6666666666666666,-0.49792849590304933,-0.7142857142857143,0.0,-1
2022-11-23,ASII.JK,0.0,3.0,-0.6666666666666666,-0.373446371927287,0.42857142857142855,1.0,0
2022-11-24,ASII.JK,0.0,2.0,-0.3333333333333333,-0.28008477894546524,0.42857142857142855,0.0,0
2022-11-25,ASII.JK,0.0,1.0,0.0,-0.21006358420909893,0.42857142857142855,0.0,0
2022-11-28,ASII.JK,0.0,2.0,0.0,-0.15754768815682418,0.2857142857142857,0.0,0
2022-11-29,ASII.JK,0.0,2.0,0.0,-0.11816076611761814,0.2857142857142857,0.0,0
2022-11-30,ASII.JK,0.0,2.0,0.0,-0.0886205745882136,0.2857142857142857,0.0,0
2022-12-01,ASII.JK,0.0,0.0,0.0,-0.0664654309411602,0.14285714285714285,0.0,0
2022-12-02,ASII.JK,0.0,0.0,0.0,-0.04984907320587015,0.0,0.0,0
2022-12-05,ASII.JK,0.0,3.0,0.0,-0.03738680490440261,0.0,0.0,0
2022-12-06,ASII.JK,-1.0,4.0,-0.3333333333333333,-0.27804010367830195,-1.0,-1.0,-1
2022-12-07,ASII.JK,-1.0,6.0,-0.6666666666666666,-0.45853007775872645,-0.8571428571428572,0.0,-1
2022-12-08,ASII.JK,0.5,5.0,-0.5,-0.21889755831904484,0.7857142857142857,1.5,1
2022-12-09,ASII.JK,0.0,4.0,-0.16666666666666666,-0.16417316873928361,0.21428571428571427,-0.5,0
2022-12-12,ASII.JK,1.0,3.0,0.5,0.12687012344553728,1.2142857142857142,1.0,1
2022-12-13,ASII.JK,0.0,1.0,0.3333333333333333,0.09515259258415296,0.07142857142857142,-1.0,0
2022-12-14,ASII.JK,0.0,4.0,0.3333333333333333,0.07136444443811471,0.07142857142857142,0.0,0
2022-12-15,ASII.JK,0.0,3.0,0.0,0.05352333332858603,0.07142857142857142,0.0,0
2022-12-16,ASII.JK,0.0,3.0,0.0,0.040142499996439526,-0.07142857142857142,0.0,0
2022-12-19,ASII.JK,0.0,2.0,0.0,0.030106874997329645,-0.21428571428571427,0.0,0
2022-12-20,ASII.JK,0.0,2.0,0.0,0.022580156247997234,-0.14285714285714285,0.0,0
2022-12-21,ASII.JK,-0.3333333333333333,5.0,-0.1111111111111111,-0.0663982161473354,-0.47619047619047616,-0.3333333333333333,-1
2022-12-22,ASII.JK,0.0,3.0,-0.1111111111111111,-0.04979866211050155,0.047619047619047616,0.3333333333333333,0
2022-12-23,ASII.JK,0.0,3.0,-0.1111111111111111,-0.037348996582876166,0.047619047619047616,0.0,0
2022-12-26,ASII.JK,0.0,0.0,0.0,-0.028011747437157127,0.047619047619047616,0.0,0
2022-12-27,ASII.JK,0.0,0.0,0.0,-0.021008810577867847,0.047619047619047616,0.0,0
2022-12-28,ASII.JK,0.0,0.0,0.0,-0.015756607933400883,0.047619047619047616,0.0,0
2022-12-29,ASII.JK,0.0,0.0,0.0,-0.011817455950050662,0.047619047619047616,0.0,0
2022-12-30,ASII.JK,0.0,0.0,0.0,-0.008863091962537997,0.047619047619047616,0.0,0
2023-01-02,ASII.JK,-1.0,1.0,-0.3333333333333333,-0.2566473189719035,-1.0,-1.0,-1
2023-01-03,ASII.JK,0.0,1.0,-0.3333333333333333,-0.19248548922892764,0.14285714285714285,1.0,0
2023-01-04,ASII.JK,0.0,1.0,-0.3333333333333333,-0.14436411692169573,0.14285714285714285,0.0,0
2023-01-05,ASII.JK,0.0,0.0,0.0,-0.10827308769127181,0.14285714285714285,0.0,0
2023-01-06,ASII.JK,0.0,0.0,0.0,-0.08120481576845386,0.14285714285714285,0.0,0
2023-01-09,ASII.JK,0.0,1.0,0.0,-0.060903611826340395,0.14285714285714285,0.0,0
2023-01-10,ASII.JK,0.0,1.0,0.0,-0.04567770886975529,0.14285714285714285,0.0,0
2023-01-11,ASII.JK,0.0,1.0,0.0,-0.034258281652316466,0.14285714285714285,0.0,0
2023-01-12,ASII.JK,0.0,0.0,0.0,-0.02569371123923735,0.0,0.0,0
2023-01-13,ASII.JK,0.0,0.0,0.0,-0.019270283429428013,0.0,0.0,0
2023-01-16,ASII.JK,0.0,0.0,0.0,-0.01445271257207101,0.0,0.0,0
2023-01-17,ASII.JK,0.0,0.0,0.0,-0.010839534429053258,0.0,0.0,0
2023-01-18,ASII.JK,1.0,1.0,0.3333333333333333,0.24187034917821004,1.0,1.0,1
2023-01-19,ASII.JK,0.0,3.0,0.3333333333333333,0.18140276188365753,-0.14285714285714285,-1.0,0
2023-01-20,ASII.JK,0.0,4.0,0.3333333333333333,0.13605207141274314,-0.14285714285714285,0.0,0
2023-01-23,ASII.JK,0.0,5.0,0.0,0.10203905355955736,-0.14285714285714285,0.0,0
2023-01-24,ASII.JK,0.0,3.0,0.0,0.07652929016966803,-0.14285714285714285,0.0,0
2023-01-25,ASII.JK,-1.0,4.0,-0.3333333333333333,-0.19260303237274898,-1.1428571428571428,-1.0,-1
2023-01-26,ASII.JK,0.0,2.0,-0.3333333333333333,-0.14445227427956173,0.0,1.0,0
2023-01-27,ASII.JK,0.0,2.0,-0.3333333333333333,-0.10833920570967129,0.0,0.0,0
2023-01-30,ASII.JK,0.0,0.0,0.0,-0.08125440428225347,0.14285714285714285,0.0,0
2023-01-31,ASII.JK,0.0,0.0,0.0,-0.060940803211690105,0.14285714285714285,0.0,0
2023-02-01,ASII.JK,0.0,0.0,0.0,-0.04570560240876758,0.14285714285714285,0.0,0
2023-02-02,ASII.JK,0.0,1.0,0.0,-0.03427920180657568,0.14285714285714285,0.0,0
2023-02-03,ASII.JK,1.0,2.0,0.3333333333333333,0.22429059864506823,1.1428571428571428,1.0,1
2023-02-06,ASII.JK,-1.0,3.0,0.0,-0.08178205101619884,-1.1428571428571428,-2.0,-1
2023-02-07,ASII.JK,0.0,2.0,0.0,-0.06133653826214913,0.0,1.0,0
2023-02-08,ASII.JK,-1.0,2.0,-0.6666666666666666,-0.29600240369661185,-1.0,-1.0,-1
2023-02-09,ASII.JK,0.0,2.0,-0.3333333333333333,-0.2220018027724589,0.14285714285714285,1.0,0
2023-02-10,ASII.JK,0.0,3.0,-0.3333333333333333,-0.1665013520793442,0.14285714285714285,0.0,0
2023-02-13,ASII.JK,0.0,3.0,0.0,-0.12487601405950814,0.14285714285714285,0.0,0
2023-02-14,ASII.JK,-1.0,3.0,-0.3333333333333333,-0.3436570105446311,-0.8571428571428572,-1.0,-1
2023-02-15,ASII.JK,-1.0,3.0,-0.6666666666666666,-0.5077427579084733,-0.5714285714285714,0.0,-1
2023-02-16,ASII.JK,0.0,2.0,-0.6666666666666666,-0.38080706843135503,0.42857142857142855,1.0,0
2023-02-17,ASII.JK,0.0,1.0,-0.3333333333333333,-0.28560530132351625,0.42857142857142855,0.0,0
2023-02-20,ASII.JK,-0.4,5.0,-0.13333333333333333,-0.31420397599263716,-0.11428571428571432,-0.4,-1
2023-02-21,ASII.JK,0.0,5.0,-0.13333333333333333,-0.23565298199447787,0.34285714285714286,0.4,0
2023-02-22,ASII.JK,-1.0,6.0,-0.4666666666666666,-0.4267397364958584,-0.6571428571428571,-1.0,-1
2023-02-23,ASII.JK,0.5,3.0,-0.16666666666666666,-0.19505480237189377,0.9857142857142858,1.5,1
2023-02-24,ASII.JK,0.0,3.0,-0.16666666666666666,-0.14629110177892032,0.2714285714285714,-0.5,0
2023-02-27,ASII.JK,0.0,2.0,0.16666666666666666,-0.10971832633419024,0.12857142857142856,0.0,0
2023-02-28,ASII.JK,0.3333333333333333,3.0,0.1111111111111111,0.0010445885826906448,0.4619047619047619,0.3333333333333333,1
2023-03-01,ASII.JK,0.0,3.0,0.1111111111111111,0.0007834414370179836,0.08095238095238096,-0.3333333333333333,0
2023-03-02,ASII.JK,0.0,3.0,0.1111111111111111,0.0005875810777634877,0.023809523809523798,0.0,0
2023-03-03,ASII.JK,0.0,0.0,0.0,0.0004406858083226158,0.023809523809523798,0.0,0
2023-03-06,ASII.JK,0.0,0.0,0.0,0.00033051435624196183,-0.11904761904761907,0.0,0
2023-03-07,ASII.JK,0.0,0.0,0.0,0.0002478857671814714,-0.04761904761904764,0.0,0
2023-03-08,ASII.JK,0.0,2.0,0.0,0.00018591432538610356,-0.04761904761904764,0.0,0
2023-03-09,ASII.JK,-0.5,6.0,-0.16666666666666666,-0.12486056425596043,-0.5476190476190477,-0.5,-1
2023-03-10,ASII.JK,0.0,6.0,-0.16666666666666666,-0.09364542319197032,0.07142857142857141,0.5,0
2023-03-13,ASII.JK,-0.6666666666666666,7.0,-0.38888888888888884,-0.23690073406064438,-0.5952380952380952,-0.6666666666666666,-1
2023-03-14,ASII.JK,0.0,6.0,-0.2222222222222222,-0.17767555054548329,0.16666666666666666,0.6666666666666666,0
2023-03-15,ASII.JK,0.0,6.0,-0.2222222222222222,-0.13325666290911248,0.16666666666666666,0.0,0
2023-03-16,ASII.JK,0.0,3.0,0.0,-0.09994249718183436,0.16666666666666666,0.0,0
2023-03-17,ASII.JK,0.0,0.0,0.0,-0.07495687288637577,0.16666666666666666,0.0,0
2023-03-20,ASII.JK,0.0,0.0,0.0,-0.05621765466478183,0.16666666666666666,0.0,0
2023-03-21,ASII.JK,0.0,0.0,0.0,-0.04216324099858637,0.0952380952380952,0.0,0
2023-03-22,ASII.JK,0.0,0.0,0.0,-0.03162243074893978,0.0952380952380952,0.0,0
2023-03-23,ASII.JK,0.0,0.0,0.0,-0.023716823061704834,0.0,0.0,0
2023-03-24,ASII.JK,0.0,0.0,0.0,-0.017787617296278625,0.0,0.0,0
2023-03-27,ASII.JK,0.0,0.0,0.0,-0.013340712972208969,0.0,0.0,0
2023-03-28,ASII.JK,0.0,3.0,0.0,-0.010005534729156726,0.0,0.0,0
2023-03-29,ASII.JK,0.0,5.0,0.0,-0.007504151046867545,0.0,0.0,0
2023-03-30,ASII.JK,0.0,5.0,0.0,-0.005628113285150659,0.0,0.0,0
2023-03-31,ASII.JK,0.3333333333333333,5.0,0.1111111111111111,0.07911224836947034,0.3333333333333333,0.3333333333333333,1
2023-04-03,ASII.JK,-0.4,8.0,-0.022222222222222237,-0.04066581372289725,-0.4476190476190477,-0.7333333333333334,-1
2023-04-04,ASII.JK,0.0,12.0,-0.022222222222222237,-0.03049936029217294,0.009523809523809499,0.4,0
2023-04-05,ASII.JK,0.0,9.0,-0.13333333333333333,-0.022874520219129703,0.009523809523809499,0.0,0
2023-04-06,ASII.JK,0.0,4.0,0.0,-0.01715589016434728,0.009523809523809499,0.0,0
2023-04-07,ASII.JK,0.0,0.0,0.0,-0.01286691762326046,0.009523809523809499,0.0,0
2023-04-10,ASII.JK,0.0,2.0,0.0,-0.009650188217445343,0.009523809523809499,0.0,0
2023-04-11,ASII.JK,0.5,8.0,0.16666666666666666,0.11776235883691599,0.5095238095238095,0.5,1
2023-04-12,ASII.JK,-0.25,12.0,0.08333333333333333,0.025821769127686994,-0.2642857142857143,-0.75,-1
2023-04-13,ASII.JK,1.0,13.0,0.4166666666666667,0.2693663268457652,0.9642857142857143,1.25,1
2023-04-14,ASII.JK,0.0,7.0,0.25,0.20202474513432392,-0.1785714285714286,-1.0,0
2023-04-17,ASII.JK,1.0,4.0,0.6666666666666666,0.40151855885074295,0.8214285714285714,1.0,1
2023-04-18,ASII.JK,1.0,3.0,0.6666666666666666,0.5511389191380572,0.6785714285714286,0.0,1
2023-04-19,ASII.JK,-0.3333333333333333,6.0,0.5555555555555556,0.33002085602020964,-0.7976190476190477,-1.3333333333333333,-1
2023-04-20,ASII.JK,-1.0,6.0,-0.11111111111111109,-0.0024843579848427555,-1.4166666666666667,-0.6666666666666667,-1
2023-04-21,ASII.JK,0.0,4.0,-0.4444444444444444,-0.0018632684886320666,-0.2023809523809524,1.0,0
2023-04-24,ASII.JK,0.0,1.0,-0.3333333333333333,-0.00139745136647405,-0.23809523809523814,0.0,0
2023-04-25,ASII.JK,-1.0,1.0,-0.3333333333333333,-0.25104808852485555,-1.0952380952380953,-1.0,-1
2023-04-26,ASII.JK,0.0,1.0,-0.3333333333333333,-0.18828606639364165,0.047619047619047575,1.0,0
2023-04-27,ASII.JK,0.0,1.0,-0.3333333333333333,-0.14121454979523124,0.19047619047619044,0.0,0
2023-04-28,ASII.JK,-1.0,1.0,-0.3333333333333333,-0.3559109123464234,-0.6666666666666667,-1.0,-1
2023-05-01,ASII.JK,0.0,1.0,-0.3333333333333333,-0.26693318425981755,0.42857142857142855,1.0,0
2023-05-02,ASII.JK,0.0,1.0,-0.3333333333333333,-0.20019988819486317,0.2857142857142857,0.0,0
2023-05-03,ASII.JK,-1.0,1.0,-0.3333333333333333,-0.40014991614614737,-0.7142857142857143,-1.0,-1
2023-05-04,ASII.JK,-1.0,2.0,-0.6666666666666666,-0.5501124371096106,-0.5714285714285714,0.0,-1
2023-05-05,ASII.JK,-1.0,4.0,-1.0,-0.6625843278322079,-0.5714285714285714,0.0,-1
2023-05-08,ASII.JK,0.0,3.0,-0.6666666666666666,-0.4969382458741559,0.5714285714285714,1.0,0
2023-05-09,ASII.JK,0.0,2.0,-0.3333333333333333,-0.37270368440561696,0.5714285714285714,0.0,0
2023-05-10,ASII.JK,0.0,0.0,0.0,-0.2795277633042127,0.42857142857142855,0.0,0
2023-05-11,ASII.JK,0.0,0.0,0.0,-0.20964582247815952,0.42857142857142855,0.0,0
2023-05-12,ASII.JK,0.0,0.0,0.0,-0.15723436685861963,0.42857142857142855,0.0,0
2023-05-15,ASII.JK,0.0,0.0,0.0,-0.11792577514396473,0.2857142857142857,0.0,0
2023-05-16,ASII.JK,0.0,1.0,0.0,-0.08844433135797354,0.14285714285714282,0.0,0
2023-05-17,ASII.JK,0.0,1.0,0.0,-0.06633324851848016,0.0,0.0,0
2023-05-18,ASII.JK,0.0,1.0,0.0,-0.04974993638886012,0.0,0.0,0
2023-05-19,ASII.JK,0.0,0.0,0.0,-0.03731245229164509,0.0,0.0,0
2023-05-22,ASII.JK,0.5,2.0,0.16666666666666666,0.09701566078126618,0.5,0.5,1
2023-05-23,ASII.JK,0.6666666666666666,5.0,0.38888888888888884,0.2394284122526163,0.5952380952380951,0.16666666666666663,1
2023-05-24,ASII.JK,0.0,5.0,0.38888888888888884,0.17957130918946224,-0.1666666666666667,-0.6666666666666666,0
2023-05-25,ASII.JK,0.0,3.0,0.2222222222222222,0.1346784818920967,-0.1666666666666667,0.0,0
2023-05-26,ASII.JK,0.0,0.0,0.0,0.10100886141907252,-0.1666666666666667,0.0,0
2023-05-29,ASII.JK,0.0,2.0,0.0,0.07575664606430439,-0.1666666666666667,0.0,0
2023-05-30,ASII.JK,0.0,2.0,0.0,0.0568174845482283,-0.1666666666666667,0.0,0
2023-05-31,ASII.JK,1.0,3.0,0.3333333333333333,0.29261311341117124,0.8333333333333333,1.0,1
2023-06-01,ASII.JK,0.0,1.0,0.3333333333333333,0.21945983505837843,-0.23809523809523814,-1.0,0
2023-06-02,ASII.JK,0.0,1.0,0.3333333333333333,0.16459487629378383,-0.14285714285714293,0.0,0
2023-06-05,ASII.JK,-0.5,2.0,-0.16666666666666666,-0.0015538427796621262,-0.6428571428571429,-0.5,-1
2023-06-06,ASII.JK,-1.0,3.0,-0.5,-0.2511653820847466,-1.0714285714285714,-0.5,-1
2023-06-07,ASII.JK,-1.0,4.0,-0.8333333333333334,-0.43837403656355994,-0.9285714285714286,0.0,-1
2023-06-08,ASII.JK,0.0,2.0,-0.6666666666666666,-0.32878052742266994,0.21428571428571425,1.0,0
2023-06-09,ASII.JK,-1.0,2.0,-0.6666666666666666,-0.49658539556700243,-0.7857142857142858,-1.0,-1
2023-06-12,ASII.JK,0.0,5.0,-0.3333333333333333,-0.37243904667525185,0.5,1.0,0
2023-06-13,ASII.JK,0.0,6.0,-0.3333333333333333,-0.2793292850064389,0.5,0.0,0
2023-06-14,ASII.JK,-1.0,6.0,-0.3333333333333333,-0.4594969637548292,-0.5,-1.0,-1
2023-06-15,ASII.JK,1.0,3.0,0.0,-0.09462272281612188,1.5714285714285714,2.0,1
2023-06-16,ASII.JK,-1.0,3.0,-0.3333333333333333,-0.3209670421120914,-0.7142857142857143,-2.0,-1
2023-06-19,ASII.JK,-0.5,4.0,-0.16666666666666666,-0.3657252815840686,-0.2142857142857143,0.5,-1
2023-06-20,ASII.JK,-1.0,4.0,-0.8333333333333334,-0.5242939611880515,-0.6428571428571428,-0.5,-1
2023-06-21,ASII.JK,0.0,3.0,-0.5,-0.3932204708910386,0.35714285714285715,1.0,0
2023-06-22,ASII.JK,0.0,1.0,-0.3333333333333333,-0.294915353168279,0.35714285714285715,0.0,0
2023-06-23,ASII.JK,0.0,0.0,0.0,-0.22118651487620924,0.35714285714285715,0.0,0
2023-06-26,ASII.JK,0.0,2.0,0.0,-0.16588988615715694,0.21428571428571425,0.0,0
2023-06-27,ASII.JK,0.0,2.0,0.0,-0.1244174146178677,0.35714285714285715,0.0,0
2023-06-28,ASII.JK,0.0,2.0,0.0,-0.09331306096340078,0.21428571428571425,0.0,0
2023-06-29,ASII.JK,0.0,0.0,0.0,-0.06998479572255059,0.14285714285714282,0.0,0
2023-06-30,ASII.JK,0.0,0.0,0.0,-0.05248859679191294,0.0,0.0,0
2023-07-03,ASII.JK,0.0,1.0,0.0,-0.039366447593934706,0.0,0.0,0
2023-07-04,ASII.JK,0.0,1.0,0.0,-0.02952483569545103,0.0,0.0,0
2023-07-05,ASII.JK,0.0,6.0,0.0,-0.022143626771588272,0.0,0.0,0
2023-07-06,ASII.JK,-0.4,10.0,-0.13333333333333333,-0.11660772007869122,-0.4,-0.4,-1
2023-07-07,ASII.JK,0.0,13.0,-0.13333333333333333,-0.0874557900590184,0.05714285714285711,0.4,0
2023-07-10,ASII.JK,-1.0,9.0,-0.4666666666666666,-0.3155918425442638,-0.9428571428571428,-1.0,-1
2023-07-11,ASII.JK,-1.0,5.0,-0.6666666666666666,-0.48669388190819785,-0.8,0.0,-1
2023-07-12,ASII.JK,0.0,2.0,-0.6666666666666666,-0.3650204114311484,0.34285714285714286,1.0,0
2023-07-13,ASII.JK,0.0,1.0,-0.3333333333333333,-0.2737653085733613,0.34285714285714286,0.0,0
2023-07-14,ASII.JK,0.0,0.0,0.0,-0.20532398143002095,0.34285714285714286,0.0,0
2023-07-17,ASII.JK,-1.0,1.0,-0.3333333333333333,-0.4039929860725157,-0.6571428571428571,-1.0,-1
2023-07-18,ASII.JK,0.0,1.0,-0.3333333333333333,-0.30299473955438677,0.42857142857142855,1.0,0
2023-07-19,ASII.JK,0.0,1.0,-0.3333333333333333,-0.22724605466579006,0.42857142857142855,0.0,0
2023-07-20,ASII.JK,0.0,1.0,0.0,-0.17043454099934255,0.2857142857142857,0.0,0
2023-07-21,ASII.JK,-1.0,2.0,-0.3333333333333333,-0.3778259057495069,-0.8571428571428572,-1.0,-1
2023-07-24,ASII.JK,0.0,4.0,-0.3333333333333333,-0.28336942931213016,0.2857142857142857,1.0,0
2023-07-25,ASII.JK,0.0,3.0,-0.3333333333333333,-0.21252707198409762,0.2857142857142857,0.0,0
2023-07-26,ASII.JK,0.0,4.0,0.0,-0.15939530398807322,0.2857142857142857,0.0,0
2023-07-27,ASII.JK,0.8,7.0,0.26666666666666666,0.0804535220089451,0.9428571428571428,0.8,1
2023-07-28,ASII.JK,1.0,9.0,0.6,0.3103401415067088,1.0285714285714285,0.19999999999999996,1
2023-07-31,ASII.JK,1.0,9.0,0.9333333333333332,0.4827551061300316,0.8857142857142857,0.0,1
2023-08-01,ASII.JK,0.0,6.0,0.6666666666666666,0.3620663295975237,-0.2571428571428572,-1.0,0
2023-08-02,ASII.JK,-1.0,5.0,0.0,0.021549747198142788,-1.4,-1.0,-1
2023-08-03,ASII.JK,1.0,4.0,0.0,0.2661623103986071,0.7428571428571429,2.0,1
2023-08-04,ASII.JK,0.0,3.0,0.0,0.19962173279895534,-0.39999999999999997,-1.0,0
2023-08-07,ASII.JK,-1.0,3.0,0.0,-0.1002837004007835,-1.4,-1.0,-1
2023-08-08,ASII.JK,0.0,2.0,-0.3333333333333333,-0.07521277530058762,-0.14285714285714285,1.0,0
2023-08-09,ASII.JK,1.0,2.0,0.0,0.19359041852455927,1.0,1.0,1
2023-08-10,ASII.JK,0.0,2.0,0.3333333333333333,0.14519281389341945,0.0,-1.0,0
2023-08-11,ASII.JK,-0.125,10.0,0.2916666666666667,0.0776446104200646,-0.125,-0.125,-1
2023-08-14,ASII.JK,0.0,14.0,-0.041666666666666664,0.05823345781504845,-0.125,0.125,0
2023-08-15,ASII.JK,0.0,13.0,-0.041666666666666664,0.04367509336128633,0.017857142857142856,0.0,0
2023-08-16,ASII.JK,0.0,5.0,0.0,0.03275632002096475,0.017857142857142856,0.0,0
2023-08-17,ASII.JK,1.0,1.0,0.3333333333333333,0.2745672400157236,0.875,1.0,1
2023-08-18,ASII.JK,0.0,1.0,0.3333333333333333,0.2059254300117927,-0.26785714285714285,-1.0,0
2023-08-21,ASII.JK,0.0,1.0,0.3333333333333333,0.1544440725088445,-0.125,0.0,0
2023-08-22,ASII.JK,-1.0,1.0,-0.3333333333333333,-0.13416694561836662,-1.125,-1.0,-1
2023-08-23,ASII.JK,0.0,1.0,-0.3333333333333333,-0.10062520921377496,0.0,1.0,0
2023-08-24,ASII.JK,-1.0,2.0,-0.6666666666666666,-0.32546890691033126,-1.0,-1.0,-1
2023-08-25,ASII.JK,-1.0,2.0,-0.6666666666666666,-0.49410168018274847,-0.8571428571428572,0.0,-1
2023-08-28,ASII.JK,0.0,2.0,-0.6666666666666666,-0.37057626013706135,0.2857142857142857,1.0,0
2023-08-29,ASII.JK,-1.0,3.0,-0.6666666666666666,-0.527932195102796,-0.5714285714285714,-1.0,-1
2023-08-30,ASII.JK,0.0,3.0,-0.3333333333333333,-0.395949146327097,0.5714285714285714,1.0,0
2023-08-31,ASII.JK,0.0,3.0,-0.3333333333333333,-0.29696185974532274,0.5714285714285714,0.0,0
2023-09-01,ASII.JK,0.0,1.0,0.0,-0.22272139480899206,0.42857142857142855,0.0,0
2023-09-04,ASII.JK,0.0,0.0,0.0,-0.16704104610674403,0.42857142857142855,0.0,0
2023-09-05,ASII.JK,0.0,0.0,0.0,-0.12528078458005804,0.2857142857142857,0.0,0
2023-09-06,ASII.JK,0.0,0.0,0.0,-0.09396058843504353,0.14285714285714285,0.0,0
2023-09-07,ASII.JK,0.0,2.0,0.0,-0.07047044132628265,0.14285714285714285,0.0,0
2023-09-08,ASII.JK,0.0,3.0,0.0,-0.05285283099471198,0.0,0.0,0
2023-09-11,ASII.JK,-0.5,5.0,-0.16666666666666666,-0.16463962324603398,-0.5,-0.5,-1
2023-09-12,ASII.JK,0.0,3.0,-0.16666666666666666,-0.12347971743452549,0.07142857142857142,0.5,0
2023-09-13,ASII.JK,0.0,2.0,-0.16666666666666666,-0.09260978807589412,0.07142857142857142,0.0,0
2023-09-14,ASII.JK,0.0,3.0,0.0,-0.06945734105692059,0.07142857142857142,0.0,0
2023-09-15,ASII.JK,0.0,4.0,0.0,-0.05209300579269044,0.07142857142857142,0.0,0
2023-09-18,ASII.JK,-1.0,6.0,-0.3333333333333333,-0.2890697543445178,-0.9285714285714286,-1.0,-1
2023-09-19,ASII.JK,-1.0,4.0,-0.6666666666666666,-0.4668023157583884,-0.7857142857142857,0.0,-1
2023-09-20,ASII.JK,0.0,3.0,-0.6666666666666666,-0.3501017368187913,0.35714285714285715,1.0,0
2023-09-21,ASII.JK,0.0,1.0,-0.3333333333333333,-0.2625763026140935,0.2857142857142857,0.0,0
2023-09-22,ASII.JK,0.0,1.0,0.0,-0.1969322269605701,0.2857142857142857,0.0,0
2023-09-25,ASII.JK,-0.5,3.0,-0.16666666666666666,-0.27269917022042756,-0.2142857142857143,-0.5,-1
2023-09-26,ASII.JK,0.0,3.0,-0.16666666666666666,-0.20452437766532067,0.35714285714285715,0.5,0
2023-09-27,ASII.JK,0.0,2.0,-0.16666666666666666,-0.1533932832489905,0.35714285714285715,0.0,0
2023-09-28,ASII.JK,0.0,0.0,0.0,-0.11504496243674286,0.21428571428571427,0.0,0
2023-09-29,ASII.JK,-1.0,1.0,-0.3333333333333333,-0.33628372182755717,-0.9285714285714286,-1.0,-1
2023-10-02,ASII.JK,0.0,1.0,-0.3333333333333333,-0.2522127913706679,0.21428571428571427,1.0,0
2023-10-03,ASII.JK,0.0,1.0,-0.3333333333333333,-0.1891595935280009,0.21428571428571427,0.0,0
2023-10-04,ASII.JK,1.0,1.0,0.3333333333333333,0.10813030485399933,1.2142857142857142,1.0,1
2023-10-05,ASII.JK,0.0,1.0,0.3333333333333333,0.0810977286404995,0.0,-1.0,0
2023-10-06,ASII.JK,0.0,1.0,0.3333333333333333,0.06082329648037462,0.0,0.0,0
2023-10-09,ASII.JK,-1.0,1.0,-0.3333333333333333,-0.20438252763971904,-1.0,-1.0,-1
2023-10-10,ASII.JK,0.0,1.0,-0.3333333333333333,-0.15328689572978926,0.14285714285714285,1.0,0
2023-10-11,ASII.JK,-1.0,3.0,-0.6666666666666666,-0.36496517179734195,-1.0,-1.0,-1
2023-10-12,ASII.JK,0.0,3.0,-0.3333333333333333,-0.2737238788480065,0.14285714285714285,1.0,0
2023-10-13,ASII.JK,0.0,4.0,-0.3333333333333333,-0.20529290913600484,0.14285714285714285,0.0,0
2023-10-16,ASII.JK,-0.5,4.0,-0.16666666666666666,-0.27896968185200366,-0.2142857142857143,-0.5,-1
2023-10-17,ASII.JK,-1.0,4.0,-0.5,-0.4592272613890027,-0.6428571428571428,-0.5,-1
2023-10-18,ASII.JK,0.0,3.0,-0.5,-0.34442044604175204,0.5,1.0,0
2023-10-19,ASII.JK,0.0,2.0,-0.3333333333333333,-0.25831533453131406,0.35714285714285715,0.0,0
2023-10-20,ASII.JK,-1.0,2.0,-0.3333333333333333,-0.44373650089848554,-0.6428571428571428,-1.0,-1
2023-10-23,ASII.JK,1.0,4.0,0.0,-0.08280237567386417,1.3571428571428572,2.0,1
2023-10-24,ASII.JK,0.5,5.0,0.16666666666666666,0.06289821824460187,0.7142857142857143,-0.5,1
2023-10-25,ASII.JK,0.0,4.0,0.5,0.047173663683451404,0.14285714285714285,-0.5,0
2023-10-26,ASII.JK,0.0,2.0,0.16666666666666666,0.03538024776258855,0.07142857142857142,0.0,0
2023-10-27,ASII.JK,0.0,0.0,0.0,0.026535185821941414,-0.07142857142857142,0.0,0
2023-10-30,ASII.JK,0.0,0.0,0.0,0.01990138936645606,-0.07142857142857142,0.0,0
2023-10-31,ASII.JK,-1.0,1.0,-0.3333333333333333,-0.23507395797515795,-1.0714285714285714,-1.0,-1
2023-11-01,ASII.JK,1.0,2.0,0.0,0.07369453151863153,0.9285714285714286,2.0,1
2023-11-02,ASII.JK,-1.0,3.0,-0.3333333333333333,-0.19472910136102634,-1.0714285714285714,-2.0,-1
2023-11-03,ASII.JK,0.0,2.0,0.0,-0.14604682602076974,0.14285714285714285,1.0,0
2023-11-06,ASII.JK,0.0,2.0,-0.3333333333333333,-0.1095351195155773,0.14285714285714285,0.0,0
2023-11-07,ASII.JK,0.0,1.0,0.0,-0.08215133963668297,0.14285714285714285,0.0,0
2023-11-08,ASII.JK,0.0,1.0,0.0,-0.06161350472751223,0.14285714285714285,0.0,0
2023-11-09,ASII.JK,0.0,1.0,0.0,-0.04621012854563417,0.14285714285714285,0.0,0
2023-11-10,ASII.JK,0.0,2.0,0.0,-0.03465759640922563,0.0,0.0,0
2023-11-13,ASII.JK,-0.5,4.0,-0.16666666666666666,-0.15099319730691924,-0.35714285714285715,-0.5,-1
2023-11-14,ASII.JK,-0.2,8.0,-0.2333333333333333,-0.16324489798018943,-0.1285714285714286,0.3,-1
2023-11-15,ASII.JK,0.6666666666666666,10.0,-0.011111111111111146,0.044232993181524585,0.7666666666666666,0.8666666666666667,1
2023-11-16,ASII.JK,1.0,9.0,0.4888888888888889,0.28317474488614347,1.0047619047619047,0.33333333333333337,1
2023-11-17,ASII.JK,0.0,4.0,0.5555555555555555,0.2123810586646076,-0.13809523809523808,-1.0,0
2023-11-20,ASII.JK,-0.1111111111111111,10.0,0.2962962962962963,0.13150801622067793,-0.24920634920634918,-0.1111111111111111,-1
2023-11-21,ASII.JK,-0.4,14.0,-0.17037037037037037,-0.0013689878344915613,-0.5222222222222223,-0.2888888888888889,-1
2023-11-22,ASII.JK,0.0,15.0,-0.17037037037037037,-0.001026740875868671,-0.06507936507936506,0.4,0
2023-11-23,ASII.JK,0.0,6.0,-0.13333333333333333,-0.0007700556569015032,-0.1365079365079365,0.0,0
2023-11-24,ASII.JK,0.0,1.0,0.0,-0.0005775417426761274,-0.16507936507936508,0.0,0
2023-11-27,ASII.JK,-1.0,1.0,-0.3333333333333333,-0.2504331563070071,-1.0698412698412698,-1.0,-1
2023-11-28,ASII.JK,1.0,2.0,0.0,0.06217513276974468,1.2158730158730158,2.0,1
2023-11-29,ASII.JK,-1.0,3.0,-0.3333333333333333,-0.20336865042269148,-0.926984126984127,-2.0,-1
2023-11-30,ASII.JK,0.0,2.0,0.0,-0.1525264878170186,0.19999999999999998,1.0,0
2023-12-01,ASII.JK,0.0,4.0,-0.3333333333333333,-0.11439486586276396,0.14285714285714285,0.0,0
2023-12-04,ASII.JK,0.0,4.0,0.0,-0.08579614939707297,0.14285714285714285,0.0,0
2023-12-05,ASII.JK,0.0,4.0,0.0,-0.06434711204780473,0.14285714285714285,0.0,0
2023-12-06,ASII.JK,-0.5,3.0,-0.16666666666666666,-0.17326033403585356,-0.35714285714285715,-0.5,-1
2023-12-07,ASII.JK,0.0,3.0,-0.16666666666666666,-0.12994525052689015,0.07142857142857141,0.5,0
2023-12-08,ASII.JK,0.5,5.0,0.0,0.027541062104832384,0.7142857142857143,0.5,1
2023-12-11,ASII.JK,0.0,3.0,0.16666666666666666,0.020655796578624288,0.0,-0.5,0
2023-12-12,ASII.JK,0.0,2.0,0.16666666666666666,0.015491847433968215,0.0,0.0,0
2023-12-13,ASII.JK,0.0,0.0,0.0,0.011618885575476162,0.0,0.0,0
2023-12-14,ASII.JK,0.0,0.0,0.0,0.008714164181607122,0.0,0.0,0
2023-12-15,ASII.JK,-1.0,1.0,-0.3333333333333333,-0.24346437686379466,-1.0,-1.0,-1
2023-12-18,ASII.JK,0.0,3.0,-0.3333333333333333,-0.182598282647846,0.07142857142857142,1.0,0
2023-12-19,ASII.JK,0.0,4.0,-0.3333333333333333,-0.13694871198588449,0.07142857142857142,0.0,0
2023-12-20,ASII.JK,-1.0,4.0,-0.3333333333333333,-0.35271153398941335,-0.8571428571428572,-1.0,-1
2023-12-21,ASII.JK,-0.75,6.0,-0.5833333333333334,-0.45203365049206,-0.4642857142857143,0.25,-1
2023-12-22,ASII.JK,0.0,5.0,-0.5833333333333334,-0.33902523786904504,0.39285714285714285,0.75,0
2023-12-25,ASII.JK,0.0,6.0,-0.25,-0.2542689284017838,0.39285714285714285,0.0,0
2023-12-26,ASII.JK,0.0,2.0,0.0,-0.19070169630133782,0.39285714285714285,0.0,0
2023-12-27,ASII.JK,0.0,3.0,0.0,-0.14302627222600336,0.25,0.0,0
2023-12-28,ASII.JK,0.0,1.0,0.0,-0.10726970416950252,0.25,0.0,0
2023-12-29,ASII.JK,0.0,1.0,0.0,-0.08045227812712688,0.25,0.0,0
2024-01-01,ASII.JK,0.5,2.0,0.16666666666666666,0.06466079140465483,0.6071428571428571,0.5,1
2024-01-02,ASII.JK,0.0,2.0,0.16666666666666666,0.048495593553491124,-0.07142857142857142,-0.5,0
2024-01-03,ASII.JK,0.0,2.0,0.16666666666666666,0.036371695165118345,-0.07142857142857142,0.0,0
2024-01-04,ASII.JK,-0.5,2.0,-0.16666666666666666,-0.09772122862616124,-0.5714285714285714,-0.5,-1
2024-01-05,ASII.JK,0.0,3.0,-0.16666666666666666,-0.07329092146962093,0.0,0.5,0
2024-01-08,ASII.JK,-1.0,4.0,-0.5,-0.3049681911022157,-1.0,-1.0,-1
2024-01-09,ASII.JK,0.0,2.0,-0.3333333333333333,-0.22872614332666175,0.14285714285714285,1.0,0
2024-01-10,ASII.JK,0.0,1.0,-0.3333333333333333,-0.1715446074949963,0.14285714285714285,0.0,0
2024-01-11,ASII.JK,0.0,0.0,0.0,-0.12865845562124723,0.21428571428571427,0.0,0
2024-01-12,ASII.JK,0.0,0.0,0.0,-0.09649384171593542,0.21428571428571427,0.0,0
2024-01-15,ASII.JK,0.5,2.0,0.16666666666666666,0.05262961871304844,0.7142857142857143,0.5,1
2024-01-16,ASII.JK,0.0,2.0,0.16666666666666666,0.03947221403478633,0.07142857142857142,-0.5,0
2024-01-17,ASII.JK,-1.0,3.0,-0.16666666666666666,-0.22039583947391025,-0.9285714285714286,-1.0,-1
2024-01-18,ASII.JK,-1.0,2.0,-0.6666666666666666,-0.4152968796054327,-0.9285714285714286,0.0,-1
2024-01-19,ASII.JK,0.0,2.0,-0.6666666666666666,-0.31147265970407456,0.21428571428571427,1.0,0
2024-01-22,ASII.JK,0.5,3.0,-0.16666666666666666,-0.10860449477805592,0.7142857142857143,0.5,1
2024-01-23,ASII.JK,-1.0,3.0,-0.16666666666666666,-0.33145337108354195,-0.8571428571428572,-1.5,-1
2024-01-24,ASII.JK,-1.0,5.0,-0.5,-0.4985900283126565,-0.7142857142857143,0.0,-1
2024-01-25,ASII.JK,-0.6666666666666666,6.0,-0.8888888888888888,-0.540609187901159,-0.16666666666666663,0.33333333333333337,-1
2024-01-26,ASII.JK,-1.0,6.0,-0.8888888888888888,-0.6554568909258692,-0.40476190476190477,-0.33333333333333337,-1
2024-01-29,ASII.JK,0.0,5.0,-0.5555555555555555,-0.49159266819440195,0.5952380952380952,1.0,0
2024-01-30,ASII.JK,0.0,2.0,-0.3333333333333333,-0.3686945011458015,0.4523809523809524,0.0,0
2024-01-31,ASII.JK,1.0,2.0,0.3333333333333333,-0.026520875859351145,1.4523809523809523,1.0,1
2024-02-01,ASII.JK,0.0,1.0,0.3333333333333333,-0.01989065689451336,0.38095238095238093,-1.0,0
2024-02-02,ASII.JK,0.0,1.0,0.3333333333333333,-0.014917992670885019,0.23809523809523808,0.0,0
2024-02-05,ASII.JK,0.0,0.0,0.0,-0.011188494503163764,0.09523809523809523,0.0,0
2024-02-06,ASII.JK,0.0,0.0,0.0,-0.008391370877372822,0.0,0.0,0
2024-02-07,ASII.JK,0.0,0.0,0.0,-0.006293528158029617,-0.14285714285714285,0.0,0
2024-02-08,ASII.JK,0.0,0.0,0.0,-0.004720146118522213,-0.14285714285714285,0.0,0
2024-02-09,ASII.JK,0.0,0.0,0.0,-0.0035401095888916594,-0.14285714285714285,0.0,0
2024-02-12,ASII.JK,0.0,2.0,0.0,-0.0026550821916687447,0.0,0.0,0
2024-02-13,ASII.JK,0.0,2.0,0.0,-0.0019913116437515585,0.0,0.0,0
2024-02-14,ASII.JK,0.0,2.0,0.0,-0.001493483732813669,0.0,0.0,0
2024-02-15,ASII.JK,0.0,0.0,0.0,-0.0011201127996102516,0.0,0.0,0
2024-02-16,ASII.JK,0.0,1.0,0.0,-0.0008400845997076887,0.0,0.0,0
2024-02-19,ASII.JK,0.3333333333333333,4.0,0.11111111111111115,0.08270326988355256,0.3333333333333333,0.3333333333333333,1
2024-02-20,ASII.JK,0.0,5.0,0.11111111111111115,0.06202745241266442,-0.047619047619047616,-0.3333333333333333,0
2024-02-21,ASII.JK,0.0,4.0,0.11111111111111115,0.04652058930949832,-0.047619047619047616,0.0,0
2024-02-22,ASII.JK,0.0,1.0,0.0,0.03489044198212374,-0.047619047619047616,0.0,0
2024-02-23,ASII.JK,1.0,1.0,0.3333333333333333,0.2761678314865928,0.9523809523809523,1.0,1
2024-02-26,ASII.JK,1.0,3.0,0.6666666666666666,0.4571258736149446,0.8095238095238095,0.0,1
2024-02-27,ASII.JK,0.8,8.0,0.9333333333333332,0.5428444052112085,0.46666666666666673,-0.19999999999999996,1
2024-02-28,ASII.JK,-0.3333333333333333,10.0,0.48888888888888893,0.32379997057507304,-0.780952380952381,-1.1333333333333333,-1
2024-02-29,ASII.JK,0.0,8.0,0.15555555555555559,0.24284997793130478,-0.35238095238095235,0.3333333333333333,0
2024-03-01,ASII.JK,0.0,3.0,-0.1111111111111111,0.18213748344847858,-0.35238095238095235,0.0,0
2024-03-04,ASII.JK,-1.0,1.0,-0.3333333333333333,-0.11339688741364107,-1.3523809523809525,-1.0,-1
2024-03-05,ASII.JK,-1.0,3.0,-0.6666666666666666,-0.3350476655602308,-1.2095238095238094,0.0,-1
2024-03-06,ASII.JK,-0.3333333333333333,6.0,-0.7777777777777778,-0.3346190825035064,-0.2571428571428571,0.6666666666666667,-1
2024-03-07,ASII.JK,0.0,5.0,-0.4444444444444444,-0.2509643118776298,0.26666666666666666,0.3333333333333333,0
2024-03-08,ASII.JK,0.0,4.0,-0.1111111111111111,-0.18822323390822235,0.38095238095238093,0.0,0
2024-03-11,ASII.JK,0.0,2.0,0.0,-0.14116742543116675,0.3333333333333333,0.0,0
2024-03-12,ASII.JK,0.0,3.0,0.0,-0.10587556907337506,0.3333333333333333,0.0,0
2024-03-13,ASII.JK,0.0,2.0,0.0,-0.0794066768050313,0.3333333333333333,0.0,0
2024-03-14,ASII.JK,-1.0,2.0,-0.3333333333333333,-0.30955500760377347,-0.8095238095238095,-1.0,-1
2024-03-15,ASII.JK,0.0,1.0,-0.3333333333333333,-0.23216625570283012,0.19047619047619047,1.0,0
2024-03-18,ASII.JK,1.0,3.0,0.0,0.07587530822287741,1.1428571428571428,1.0,1
2024-03-19,ASII.JK,0.0,4.0,0.3333333333333333,0.05690648116715806,0.0,-1.0,0
2024-03-20,ASII.JK,0.0,4.0,0.3333333333333333,0.04267986087536854,-7.93016446160826e-18,0.0,0
2024-03-21,ASII.JK,0.0,3.0,0.0,0.032009895656526406,-7.93016446160826e-18,0.0,0
2024-03-22,ASII.JK,0.6,6.0,0.19999999999999998,0.1740074217423948,0.6,0.6,1
2024-03-25,ASII.JK,0.3333333333333333,9.0,0.3111111111111111,0.21383889964012942,0.24761904761904757,-0.26666666666666666,1
2024-03-26,ASII.JK,-1.0,9.0,-0.022222222222222216,-0.08962082526990295,-1.276190476190476,-1.3333333333333333,-1
2024-03-27,ASII.JK,1.0,5.0,0.11111111111111112,0.18278438104757277,0.8666666666666667,2.0,1
2024-03-28,ASII.JK,-1.0,3.0,-0.3333333333333333,-0.11291171421432042,-1.1333333333333333,-2.0,-1
2024-03-29,ASII.JK,0.0,3.0,0.0,-0.08468378566074031,0.009523809523809521,1.0,0
2024-04-01,ASII.JK,0.0,3.0,-0.3333333333333333,-0.06351283924555523,0.009523809523809521,0.0,0
2024-04-02,ASII.JK,0.0,2.0,0.0,-0.04763462943416642,0.009523809523809521,0.0,0
2024-04-03,ASII.JK,0.0,1.0,0.0,-0.03572597207562482,0.09523809523809523,0.0,0
2024-04-04,ASII.JK,0.0,0.0,0.0,-0.026794479056718615,0.14285714285714285,0.0,0
2024-04-05,ASII.JK,-0.5,2.0,-0.16666666666666666,-0.14509585929253896,-0.5,-0.5,-1
2024-04-08,ASII.JK,0.0,2.0,-0.16666666666666666,-0.10882189446940421,0.21428571428571427,0.5,0
2024-04-09,ASII.JK,0.0,2.0,-0.16666666666666666,-0.08161642085205316,0.07142857142857142,0.0,0
2024-04-10,ASII.JK,0.0,0.0,0.0,-0.061212315639039866,0.07142857142857142,0.0,0
2024-04-11,ASII.JK,0.0,0.0,0.0,-0.0459092367292799,0.07142857142857142,0.0,0
2024-04-12,ASII.JK,0.0,0.0,0.0,-0.03443192754695992,0.07142857142857142,0.0,0
2024-04-15,ASII.JK,0.0,0.0,0.0,-0.025823945660219942,0.07142857142857142,0.0,0
2024-04-16,ASII.JK,0.0,0.0,0.0,-0.019367959245164955,0.07142857142857142,0.0,0
2024-04-17,ASII.JK,0.0,0.0,0.0,-0.014525969433873716,0.0,0.0,0
2024-04-18,ASII.JK,0.0,0.0,0.0,-0.010894477075405288,0.0,0.0,0
2024-04-19,ASII.JK,-1.0,1.0,-0.3333333333333333,-0.25817085780655397,-1.0,-1.0,-1
2024-04-22,ASII.JK,0.0,2.0,-0.3333333333333333,-0.19362814335491546,0.14285714285714285,1.0,0
2024-04-23,ASII.JK,-0.5,8.0,-0.5,-0.2702211075161866,-0.35714285714285715,-0.5,-1
2024-04-24,ASII.JK,0.3333333333333333,10.0,-0.05555555555555556,-0.11933249730380661,0.5476190476190476,0.8333333333333333,1
2024-04-25,ASII.JK,1.0,10.0,0.27777777777777773,0.16050062702214504,1.1666666666666667,0.6666666666666667,1
2024-04-26,ASII.JK,1.0,6.0,0.7777777777777777,0.3703754702666088,1.0238095238095237,0.0,1
2024-04-29,ASII.JK,1.0,5.0,1.0,0.5277816026999566,0.8809523809523809,0.0,1
2024-04-30,ASII.JK,0.75,12.0,0.9166666666666666,0.5833362020249674,0.4880952380952381,-0.25,1
2024-05-01,ASII.JK,-0.3333333333333333,13.0,0.47222222222222227,0.3541688181853922,-0.8452380952380951,-1.0833333333333333,-1
2024-05-02,ASII.JK,0.0,12.0,0.1388888888888889,0.26562661363904416,-0.46428571428571425,0.3333333333333333,0
2024-05-03,ASII.JK,1.0,5.0,0.22222222222222224,0.4492199602292831,0.4642857142857143,1.0,1
2024-05-06,ASII.JK,0.0,3.0,0.3333333333333333,0.33691497017196237,-0.630952380952381,-1.0,0
2024-05-07,ASII.JK,-1.0,3.0,0.0,0.002686227628971749,-1.4880952380952381,-1.0,-1
2024-05-08,ASII.JK,0.0,2.0,-0.3333333333333333,0.002014670721728812,-0.20238095238095238,1.0,0
2024-05-09,ASII.JK,0.0,1.0,-0.3333333333333333,0.0015110030412966088,-0.059523809523809534,0.0,0
2024-05-10,ASII.JK,0.0,0.0,0.0,0.0011332522809724566,0.04761904761904761,0.0,0
2024-05-13,ASII.JK,-1.0,3.0,-0.3333333333333333,-0.24915006078927066,-1.0,-1.0,-1
2024-05-14,ASII.JK,-1.0,4.0,-0.6666666666666666,-0.436862545591953,-0.8571428571428572,0.0,-1
2024-05-15,ASII.JK,0.3333333333333333,7.0,-0.5555555555555556,-0.2443135758606314,0.7619047619047619,1.3333333333333333,1
2024-05-16,ASII.JK,0.0,4.0,-0.22222222222222224,-0.18323518189547355,0.38095238095238093,-0.3333333333333333,0
2024-05-17,ASII.JK,0.0,3.0,0.1111111111111111,-0.13742638642160515,0.2380952380952381,0.0,0
2024-05-20,ASII.JK,0.25,4.0,0.08333333333333333,-0.04056978981620386,0.48809523809523814,0.25,1
2024-05-21,ASII.JK,0.0,5.0,0.08333333333333333,-0.030427342362152898,0.20238095238095238,-0.25,0
2024-05-22,ASII.JK,0.0,5.0,0.08333333333333333,-0.022820506771614672,0.20238095238095238,0.0,0
2024-05-23,ASII.JK,1.0,2.0,0.3333333333333333,0.232884619921289,1.0595238095238095,1.0,1
2024-05-24,ASII.JK,0.0,2.0,0.3333333333333333,0.17466346494096674,-0.2261904761904762,-1.0,0
2024-05-27,ASII.JK,0.0,4.0,0.3333333333333333,0.13099759870572505,-0.17857142857142858,0.0,0
2024-05-28,ASII.JK,0.0,3.0,0.0,0.0982481990292938,-0.17857142857142858,0.0,0
2024-05-29,ASII.JK,-1.0,3.0,-0.3333333333333333,-0.17631385072802966,-1.1785714285714286,-1.0,-1
2024-05-30,ASII.JK,-0.6666666666666666,4.0,-0.5555555555555555,-0.29890205471268894,-0.6666666666666666,0.33333333333333337,-1
2024-05-31,ASII.JK,0.0,4.0,-0.5555555555555555,-0.2241765410345167,0.09523809523809525,0.6666666666666666,0
2024-06-03,ASII.JK,0.0,3.0,-0.2222222222222222,-0.16813240577588753,0.09523809523809523,0.0,0
2024-06-04,ASII.JK,0.0,2.0,0.0,-0.12609930433191566,0.23809523809523808,0.0,0
2024-06-05,ASII.JK,0.0,2.0,0.0,-0.09457447824893675,0.23809523809523808,0.0,0
2024-06-06,ASII.JK,0.0,3.0,0.0,-0.07093085868670257,0.23809523809523808,0.0,0
2024-06-07,ASII.JK,0.0,1.0,0.0,-0.05319814401502693,0.23809523809523808,0.0,0
2024-06-10,ASII.JK,0.0,1.0,0.0,-0.039898608011270195,0.09523809523809523,0.0,0
2024-06-11,ASII.JK,0.0,0.0,0.0,-0.029923956008452646,0.0,0.0,0
2024-06-12,ASII.JK,0.0,0.0,0.0,-0.022442967006339486,0.0,0.0,0
2024-06-13,ASII.JK,0.0,2.0,0.0,-0.016832225254754613,0.0,0.0,0
2024-06-14,ASII.JK,-1.0,3.0,-0.3333333333333333,-0.26262416894106594,-1.0,-1.0,-1
2024-06-17,ASII.JK,-0.25,7.0,-0.4166666666666667,-0.25946812670579944,-0.10714285714285715,0.75,-1
2024-06-18,ASII.JK,0.0,6.0,-0.4166666666666667,-0.19460109502934958,0.17857142857142858,0.25,0
2024-06-19,ASII.JK,0.0,5.0,-0.08333333333333333,-0.1459508212720122,0.17857142857142858,0.0,0
2024-06-20,ASII.JK,0.0,1.0,0.0,-0.10946311595400915,0.17857142857142858,0.0,0
2024-06-21,ASII.JK,1.0,1.0,0.3333333333333333,0.16790266303449314,1.1785714285714286,1.0,1
2024-06-24,ASII.JK,-0.4,6.0,0.19999999999999998,0.025926997275869862,-0.3642857142857143,-1.4,-1
2024-06-25,ASII.JK,0.0,6.0,0.19999999999999998,0.019445247956902396,0.09285714285714286,0.4,0
2024-06-26,ASII.JK,0.0,5.0,-0.13333333333333333,0.014583935967676797,-0.049999999999999996,0.0,0
2024-06-27,ASII.JK,0.0,0.0,0.0,0.010937951975757598,-0.08571428571428572,0.0,0
2024-06-28,ASII.JK,-1.0,1.0,-0.3333333333333333,-0.2417965360181818,-1.0857142857142856,-1.0,-1
2024-07-01,ASII.JK,-0.5,3.0,-0.5,-0.30634740201363636,-0.44285714285714284,0.5,-1
2024-07-02,ASII.JK,-0.25,7.0,-0.5833333333333334,-0.2922605515102273,-0.12142857142857141,0.25,-1
2024-07-03,ASII.JK,0.0,6.0,-0.25,-0.21919541363267048,0.3071428571428571,0.25,0
2024-07-04,ASII.JK,0.0,4.0,-0.08333333333333333,-0.16439656022450286,0.25,0.0,0
2024-07-05,ASII.JK,-1.0,1.0,-0.3333333333333333,-0.37329742016837714,-0.75,-1.0,-1
2024-07-08,ASII.JK,-1.0,2.0,-0.6666666666666666,-0.5299730651262828,-0.6071428571428572,0.0,-1
2024-07-09,ASII.JK,-1.0,3.0,-1.0,-0.6474797988447121,-0.4642857142857143,0.0,-1
2024-07-10,ASII.JK,0.0,5.0,-0.6666666666666666,-0.48560984913353406,0.5357142857142857,1.0,0
2024-07-11,ASII.JK,0.0,5.0,-0.3333333333333333,-0.3642073868501505,0.4642857142857143,0.0,0
2024-07-12,ASII.JK,0.0,4.0,0.0,-0.2731555401376129,0.42857142857142855,0.0,0
2024-07-15,ASII.JK,-0.5,5.0,-0.16666666666666666,-0.32986665510320967,-0.07142857142857145,-0.5,-1
2024-07-16,ASII.JK,-1.0,6.0,-0.5,-0.49739999132740725,-0.5,-0.5,-1
2024-07-17,ASII.JK,0.0,6.0,-0.5,-0.37304999349555545,0.5,1.0,0
2024-07-18,ASII.JK,0.0,5.0,-0.3333333333333333,-0.27978749512166656,0.35714285714285715,0.0,0
2024-07-19,ASII.JK,-0.5,5.0,-0.16666666666666666,-0.3348406213412499,-0.2857142857142857,-0.5,-1
2024-07-22,ASII.JK,0.0,5.0,-0.16666666666666666,-0.25113046600593747,0.2857142857142857,0.5,0
2024-07-23,ASII.JK,0.0,2.0,-0.16666666666666666,-0.1883478495044531,0.2857142857142857,0.0,0
2024-07-24,ASII.JK,0.0,0.0,0.0,-0.14126088712833984,0.2857142857142857,0.0,0
2024-07-25,ASII.JK,0.0,0.0,0.0,-0.10594566534625488,0.21428571428571427,0.0,0
2024-07-26,ASII.JK,1.0,1.0,0.3333333333333333,0.17054075099030885,1.0714285714285714,1.0,1
2024-07-29,ASII.JK,1.0,3.0,0.6666666666666666,0.3779055632427316,0.9285714285714286,0.0,1
2024-07-30,ASII.JK,-0.3333333333333333,6.0,0.5555555555555556,0.20009583909871537,-0.5476190476190476,-1.3333333333333333,-1
2024-07-31,ASII.JK,0.0,6.0,0.22222222222222224,0.15007187932403654,-0.2380952380952381,0.3333333333333333,0
2024-08-01,ASII.JK,0.0,4.0,-0.1111111111111111,0.1125539094930274,-0.2380952380952381,0.0,0
2024-08-02,ASII.JK,0.0,1.0,0.0,0.08441543211977055,-0.2380952380952381,0.0,0
2024-08-05,ASII.JK,-0.2,5.0,-0.06666666666666667,0.013311574089827916,-0.4380952380952381,-0.2,-1
2024-08-06,ASII.JK,1.0,6.0,0.26666666666666666,0.2599836805673709,0.7904761904761904,1.2,1
2024-08-07,ASII.JK,0.0,6.0,0.26666666666666666,0.19498776042552818,-0.20952380952380953,-1.0,0
2024-08-08,ASII.JK,-0.6666666666666666,4.0,0.11111111111111112,-0.02042584634752051,-0.7333333333333333,-0.6666666666666666,-1
2024-08-09,ASII.JK,0.25,7.0,-0.13888888888888887,0.04718061523935962,0.23095238095238094,0.9166666666666666,1
2024-08-12,ASII.JK,0.6666666666666666,10.0,0.08333333333333333,0.20205212809618636,0.6119047619047618,0.41666666666666663,1
2024-08-13,ASII.JK,0.0,7.0,0.3055555555555555,0.15153909607213978,-0.15,-0.6666666666666666,0
2024-08-14,ASII.JK,0.5,5.0,0.38888888888888884,0.23865432205410483,0.35000000000000003,0.5,1
2024-08-15,ASII.JK,0.0,3.0,0.16666666666666666,0.17899074154057862,-0.25,-0.5,0
2024-08-16,ASII.JK,0.0,4.0,0.16666666666666666,0.13424305615543397,-0.10714285714285712,0.0,0
2024-08-19,ASII.JK,0.5,4.0,0.16666666666666666,0.22568229211657548,0.3928571428571429,0.5,1
2024-08-20,ASII.JK,0.0,3.0,0.16666666666666666,0.1692617190874316,-0.2738095238095238,-0.5,0
2024-08-21,ASII.JK,1.0,3.0,0.5,0.3769462893155737,0.7619047619047619,1.0,1
2024-08-22,ASII.JK,0.0,1.0,0.3333333333333333,0.2827097169866803,-0.2857142857142857,-1.0,0
2024-08-23,ASII.JK,0.0,1.0,0.3333333333333333,0.2120322877400102,-0.2857142857142857,0.0,0
2024-08-26,ASII.JK,0.0,0.0,0.0,0.15902421580500764,-0.21428571428571427,0.0,0
2024-08-27,ASII.JK,0.0,0.0,0.0,0.11926816185375573,-0.21428571428571427,0.0,0
2024-08-28,ASII.JK,0.0,0.0,0.0,0.0894511213903168,-0.21428571428571427,0.0,0
2024-08-29,ASII.JK,0.0,1.0,0.0,0.0670883410427376,-0.14285714285714285,0.0,0
2024-08-30,ASII.JK,0.5,3.0,0.16666666666666666,0.1753162557820532,0.35714285714285715,0.5,1
2024-09-02,ASII.JK,1.0,4.0,0.5,0.3814871918365399,0.9285714285714286,0.5,1
2024-09-03,ASII.JK,0.0,3.0,0.5,0.2861153938774049,-0.21428571428571427,-1.0,0
2024-09-04,ASII.JK,0.0,2.0,0.3333333333333333,0.2145865454080537,-0.21428571428571427,0.0,0
2024-09-05,ASII.JK,-1.0,2.0,-0.3333333333333333,-0.08906009094395972,-1.2142857142857142,-1.0,-1
2024-09-06,ASII.JK,0.0,3.0,-0.3333333333333333,-0.0667950682079698,-0.07142857142857142,1.0,0
2024-09-09,ASII.JK,1.0,3.0,0.0,0.19990369884402265,0.9285714285714286,1.0,1
2024-09-10,ASII.JK,0.0,3.0,0.3333333333333333,0.149927774133017,-0.21428571428571427,-1.0,0
2024-09-11,ASII.JK,0.0,2.0,0.3333333333333333,0.11244583059976275,-0.14285714285714285,0.0,0
2024-09-12,ASII.JK,0.0,1.0,0.0,0.08433437294982206,0.0,0.0,0
2024-09-13,ASII.JK,0.0,0.0,0.0,0.06325077971236655,0.0,0.0,0
2024-09-16,ASII.JK,-0.16666666666666666,6.0,-0.05555555555555555,0.00577141811760825,-0.16666666666666666,-0.16666666666666666,-1
2024-09-17,ASII.JK,1.0,7.0,0.2777777777777778,0.2543285635882062,0.8809523809523809,1.1666666666666667,1
2024-09-18,ASII.JK,0.5,9.0,0.4444444444444445,0.31574642269115466,0.23809523809523808,-0.5,1
2024-09-19,ASII.JK,-0.3333333333333333,6.0,0.3888888888888889,0.1534764836850327,-0.5238095238095238,-0.8333333333333333,-1
2024-09-20,ASII.JK,1.0,6.0,0.3888888888888889,0.36510736276377453,0.8571428571428571,1.3333333333333333,1
2024-09-23,ASII.JK,1.0,5.0,0.5555555555555556,0.5238305220728309,0.7142857142857143,0.0,1
2024-09-24,ASII.JK,0.0,3.0,0.6666666666666666,0.3928728915546231,-0.42857142857142855,-1.0,0
2024-09-25,ASII.JK,-1.0,3.0,0.0,0.044654668665967345,-1.4285714285714286,-1.0,-1
2024-09-26,ASII.JK,-1.0,3.0,-0.6666666666666666,-0.2165089985005245,-1.3095238095238095,0.0,-1
2024-09-27,ASII.JK,-1.0,3.0,-1.0,-0.41238174887539336,-1.0238095238095237,0.0,-1
2024-09-30,ASII.JK,0.0,4.0,-0.6666666666666666,-0.309286311656545,0.19047619047619044,1.0,0
2024-10-01,ASII.JK,0.0,3.0,-0.3333333333333333,-0.23196473374240878,0.14285714285714285,0.0,0
2024-10-02,ASII.JK,0.0,2.0,0.0,-0.17397355030680658,0.2857142857142857,0.0,0
2024-10-03,ASII.JK,1.0,1.0,0.3333333333333333,0.11951983726989507,1.4285714285714286,1.0,1
2024-10-04,ASII.JK,0.0,2.0,0.3333333333333333,0.0896398779524213,0.2857142857142857,-1.0,0
2024-10-07,ASII.JK,0.3333333333333333,5.0,0.4444444444444444,0.1505632417976493,0.47619047619047616,0.3333333333333333,1
2024-10-08,ASII.JK,0.0,4.0,0.1111111111111111,0.11292243134823697,-0.047619047619047616,-0.3333333333333333,0
2024-10-09,ASII.JK,0.0,3.0,0.1111111111111111,0.08469182351117772,-0.19047619047619047,0.0,0
2024-10-10,ASII.JK,-1.0,1.0,-0.3333333333333333,-0.1864811323666167,-1.1904761904761905,-1.0,-1
2024-10-11,ASII.JK,-1.0,3.0,-0.6666666666666666,-0.38986084927496256,-1.0476190476190477,0.0,-1
2024-10-14,ASII.JK,1.0,4.0,-0.3333333333333333,-0.04239563695622195,1.0952380952380953,2.0,1
2024-10-15,ASII.JK,-1.0,4.0,-0.3333333333333333,-0.28179672771716646,-0.9047619047619048,-2.0,-1
2024-10-16,ASII.JK,0.0,3.0,0.0,-0.21134754578787485,0.2380952380952381,1.0,0
2024-10-17,ASII.JK,0.0,2.0,-0.3333333333333333,-0.15851065934090613,0.2857142857142857,0.0,0
2024-10-18,ASII.JK,0.0,1.0,0.0,-0.1188829945056796,0.2857142857142857,0.0,0
2024-10-21,ASII.JK,1.0,1.0,0.3333333333333333,0.1608377541207403,1.2857142857142856,1.0,1
2024-10-22,ASII.JK,0.0,2.0,0.3333333333333333,0.12062831559055523,0.0,-1.0,0
2024-10-23,ASII.JK,1.0,3.0,0.6666666666666666,0.34047123669291646,0.8571428571428572,1.0,1
2024-10-24,ASII.JK,0.0,2.0,0.3333333333333333,0.25535342751968737,-0.14285714285714285,-1.0,0
2024-10-25,ASII.JK,0.0,1.0,0.3333333333333333,0.19151507063976553,-0.2857142857142857,0.0,0
2024-10-28,ASII.JK,-0.5,2.0,-0.16666666666666666,0.01863630297982416,-0.7857142857142857,-0.5,-1
2024-10-29,ASII.JK,0.0,2.0,-0.16666666666666666,0.01397722723486812,-0.21428571428571427,0.5,0
2024-10-30,ASII.JK,0.3333333333333333,5.0,-0.05555555555555556,0.09381625375948442,0.11904761904761904,0.3333333333333333,1
2024-10-31,ASII.JK,1.0,4.0,0.4444444444444444,0.3203621903196133,0.8809523809523809,0.6666666666666667,1
2024-11-01,ASII.JK,0.0,4.0,0.4444444444444444,0.24027164273971,-0.2619047619047619,-1.0,0
2024-11-04,ASII.JK,0.0,1.0,0.3333333333333333,0.1802037320547825,-0.11904761904761904,0.0,0
2024-11-05,ASII.JK,0.0,1.0,0.0,0.13515279904108687,-0.11904761904761904,0.0,0
2024-11-06,ASII.JK,1.0,2.0,0.3333333333333333,0.35136459928081515,0.8809523809523809,1.0,1
2024-11-07,ASII.JK,-1.0,3.0,0.0,0.013523449460611348,-1.3333333333333333,-2.0,-1
2024-11-08,ASII.JK,0.0,2.0,0.0,0.01014258709545851,-0.19047619047619047,1.0,0
2024-11-11,ASII.JK,0.0,1.0,-0.3333333333333333,0.007606940321593883,-0.14285714285714285,0.0,0
2024-11-12,ASII.JK,0.0,0.0,0.0,0.005705205241195412,0.0,0.0,0
2024-11-13,ASII.JK,-1.0,1.0,-0.3333333333333333,-0.24572109606910345,-1.0,-1.0,-1
2024-11-14,ASII.JK,0.0,1.0,-0.3333333333333333,-0.1842908220518276,0.14285714285714285,1.0,0
2024-11-15,ASII.JK,0.0,2.0,-0.3333333333333333,-0.1382181165388707,0.14285714285714285,0.0,0
2024-11-18,ASII.JK,-0.3333333333333333,4.0,-0.1111111111111111,-0.18699692073748636,-0.047619047619047616,-0.3333333333333333,-1
2024-11-19,ASII.JK,0.0,4.0,-0.1111111111111111,-0.14024769055311476,0.19047619047619047,0.3333333333333333,0
2024-11-20,ASII.JK,0.0,4.0,-0.1111111111111111,-0.10518576791483607,0.19047619047619047,0.0,0
2024-11-21,ASII.JK,0.0,1.0,0.0,-0.07888932593612705,0.19047619047619047,0.0,0
2024-11-22,ASII.JK,1.0,2.0,0.3333333333333333,0.19083300554790472,1.1904761904761905,1.0,1
2024-11-25,ASII.JK,0.0,1.0,0.3333333333333333,0.14312475416092854,-0.09523809523809525,-1.0,0
2024-11-26,ASII.JK,0.0,1.0,0.3333333333333333,0.10734356562069641,-0.09523809523809525,0.0,0
2024-11-27,ASII.JK,0.0,0.0,0.0,0.08050767421552231,-0.09523809523809525,0.0,0
2024-11-28,ASII.JK,0.0,1.0,0.0,0.060380755661641736,-0.14285714285714285,0.0,0
2024-11-29,ASII.JK,0.0,1.0,0.0,0.0452855667462313,-0.14285714285714285,0.0,0
2024-12-02,ASII.JK,-1.0,2.0,-0.3333333333333333,-0.21603582494032653,-1.1428571428571428,-1.0,-1
2024-12-03,ASII.JK,0.0,2.0,-0.3333333333333333,-0.1620268687052449,0.0,1.0,0
2024-12-04,ASII.JK,0.0,2.0,-0.3333333333333333,-0.12152015152893368,0.14285714285714285,0.0,0
2024-12-05,ASII.JK,0.0,1.0,0.0,-0.09114011364670026,0.14285714285714285,0.0,0
2024-12-06,ASII.JK,0.0,0.0,0.0,-0.06835508523502519,0.14285714285714285,0.0,0
2024-12-09,ASII.JK,0.0,1.0,0.0,-0.05126631392626889,0.14285714285714285,0.0,0
2024-12-10,ASII.JK,0.0,1.0,0.0,-0.03844973544470166,0.14285714285714285,0.0,0
2024-12-11,ASII.JK,0.0,1.0,0.0,-0.028837301583526247,0.14285714285714285,0.0,0
2024-12-12,ASII.JK,-0.3333333333333333,3.0,-0.1111111111111111,-0.10496130952097801,-0.3333333333333333,-0.3333333333333333,-1
2024-12-13,ASII.JK,0.0,3.0,-0.1111111111111111,-0.0787209821407335,0.047619047619047616,0.3333333333333333,0
2024-12-16,ASII.JK,0.0,3.0,-0.1111111111111111,-0.05904073660555013,0.047619047619047616,0.0,0
2024-12-17,ASII.JK,0.0,1.0,0.0,-0.0442805524541626,0.047619047619047616,0.0,0
2024-12-18,ASII.JK,0.0,1.0,0.0,-0.03321041434062195,0.047619047619047616,0.0,0
2024-12-19,ASII.JK,0.0,1.0,0.0,-0.024907810755466463,0.047619047619047616,0.0,0
2024-12-20,ASII.JK,0.0,0.0,0.0,-0.018680858066599845,0.047619047619047616,0.0,0
2024-12-23,ASII.JK,0.0,0.0,0.0,-0.014010643549949884,0.047619047619047616,0.0,0
2024-12-24,ASII.JK,0.0,0.0,0.0,-0.010507982662462414,0.0,0.0,0
2024-12-25,ASII.JK,0.0,0.0,0.0,-0.00788098699684681,0.0,0.0,0
2024-12-26,ASII.JK,0.0,0.0,0.0,-0.005910740247635107,0.0,0.0,0
2024-12-27,ASII.JK,0.0,0.0,0.0,-0.00443305518572633,0.0,0.0,0
2024-12-30,ASII.JK,-0.5,2.0,-0.16666666666666666,-0.12832479138929476,-0.5,-0.5,-1
2024-12-31,ASII.JK,0.0,3.0,-0.16666666666666666,-0.09624359354197107,0.07142857142857142,0.5,0
2025-01-01,ASII.JK,0.0,3.0,-0.16666666666666666,-0.0721826951564783,0.07142857142857142,0.0,0
2025-01-02,ASII.JK,0.0,1.0,0.0,-0.05413702136735872,0.07142857142857142,0.0,0
2025-01-03,ASII.JK,-1.0,1.0,-0.3333333333333333,-0.29060276602551904,-0.9285714285714286,-1.0,-1
2025-01-06,ASII.JK,0.0,1.0,-0.3333333333333333,-0.21795207451913928,0.21428571428571427,1.0,0
2025-01-07,ASII.JK,-1.0,2.0,-0.6666666666666666,-0.4134640558893545,-0.7857142857142857,-1.0,-1
2025-01-08,ASII.JK,0.0,2.0,-0.3333333333333333,-0.31009804191701584,0.35714285714285715,1.0,0
2025-01-09,ASII.JK,0.0,2.0,-0.3333333333333333,-0.23257353143776188,0.2857142857142857,0.0,0
2025-01-10,ASII.JK,0.0,1.0,0.0,-0.1744301485783214,0.2857142857142857,0.0,0
2025-01-13,ASII.JK,0.0,1.0,0.0,-0.13082261143374105,0.2857142857142857,0.0,0
2025-01-14,ASII.JK,0.0,1.0,0.0,-0.09811695857530578,0.2857142857142857,0.0,0
2025-01-15,ASII.JK,-1.0,2.0,-0.3333333333333333,-0.3235877189314793,-0.8571428571428572,-1.0,-1
2025-01-16,ASII.JK,0.0,1.0,-0.3333333333333333,-0.24269078919860948,0.2857142857142857,1.0,0
2025-01-17,ASII.JK,0.0,1.0,-0.3333333333333333,-0.18201809189895712,0.14285714285714285,0.0,0
2025-01-20,ASII.JK,0.0,0.0,0.0,-0.13651356892421784,0.14285714285714285,0.0,0
2025-01-21,ASII.JK,0.0,0.0,0.0,-0.10238517669316338,0.14285714285714285,0.0,0
2025-01-22,ASII.JK,0.0,1.0,0.0,-0.07678888251987254,0.14285714285714285,0.0,0
2025-01-23,ASII.JK,0.0,2.0,0.0,-0.0575916618899044,0.14285714285714285,0.0,0
2025-01-24,ASII.JK,-1.0,3.0,-0.3333333333333333,-0.2931937464174283,-0.8571428571428572,-1.0,-1
2025-01-27,ASII.JK,0.0,2.0,-0.3333333333333333,-0.2198953098130712,0.14285714285714285,1.0,0
2025-01-28,ASII.JK,-1.0,2.0,-0.6666666666666666,-0.4149214823598034,-0.8571428571428572,-1.0,-1
2025-01-29,ASII.JK,-1.0,2.0,-0.6666666666666666,-0.5611911117698526,-0.7142857142857143,0.0,-1
2025-01-30,ASII.JK,0.0,2.0,-0.6666666666666666,-0.42089333382738947,0.42857142857142855,1.0,0
2025-01-31,ASII.JK,0.0,2.0,-0.3333333333333333,-0.3156700003705421,0.42857142857142855,0.0,0
2025-02-03,ASII.JK,0.0,1.0,0.0,-0.23675250027790656,0.42857142857142855,0.0,0
2025-02-04,ASII.JK,1.0,2.0,0.3333333333333333,0.07243562479157006,1.4285714285714286,1.0,1
2025-02-05,ASII.JK,1.0,2.0,0.6666666666666666,0.30432671859367755,1.1428571428571428,0.0,1
2025-02-06,ASII.JK,0.0,2.0,0.6666666666666666,0.22824503894525816,0.0,-1.0,0
2025-02-07,ASII.JK,0.0,1.0,0.3333333333333333,0.17118377920894362,-0.14285714285714285,0.0,0
2025-02-10,ASII.JK,0.0,0.0,0.0,0.1283878344067077,-0.2857142857142857,0.0,0
2025-02-11,ASII.JK,0.0,0.0,0.0,0.09629087580503078,-0.2857142857142857,0.0,0
2025-02-12,ASII.JK,0.0,0.0,0.0,0.07221815685377309,-0.2857142857142857,0.0,0
2025-02-13,ASII.JK,0.0,0.0,0.0,0.054163617640329814,-0.2857142857142857,0.0,0
2025-02-14,ASII.JK,-1.0,2.0,-0.3333333333333333,-0.20937728676975265,-1.1428571428571428,-1.0,-1
2025-02-17,ASII.JK,-1.0,3.0,-0.6666666666666666,-0.40703296507731446,-0.8571428571428572,0.0,-1
2025-02-18,ASII.JK,0.0,3.0,-0.6666666666666666,-0.3052747238079858,0.2857142857142857,1.0,0
2025-02-19,ASII.JK,0.0,2.0,-0.3333333333333333,-0.22895604285598936,0.2857142857142857,0.0,0
2025-02-20,ASII.JK,1.0,2.0,0.3333333333333333,0.07828296785800798,1.2857142857142856,1.0,1
2025-02-21,ASII.JK,0.3333333333333333,5.0,0.4444444444444444,0.1420455592268393,0.47619047619047616,-0.6666666666666667,1
2025-02-24,ASII.JK,1.0,5.0,0.7777777777777777,0.3565341694201295,1.0952380952380953,0.6666666666666667,1
2025-02-25,ASII.JK,1.0,6.0,0.7777777777777777,0.5174006270650972,0.9523809523809524,0.0,1
2025-02-26,ASII.JK,0.0,3.0,0.6666666666666666,0.3880504702988229,-0.3333333333333333,-1.0,0
2025-02-27,ASII.JK,0.0,6.0,0.3333333333333333,0.2910378527241172,-0.47619047619047616,0.0,0
2025-02-28,ASII.JK,0.0,6.0,0.0,0.2182783895430879,-0.47619047619047616,0.0,0
2025-03-03,ASII.JK,0.14285714285714285,13.0,0.047619047619047616,0.19942307787160163,-0.3333333333333333,0.14285714285714285,1
2025-03-04,ASII.JK,0.0,9.0,0.047619047619047616,0.14956730840370122,-0.35374149659863946,-0.14285714285714285,0
2025-03-05,ASII.JK,0.0,7.0,0.047619047619047616,0.11217548130277591,-0.30612244897959184,0.0,0
2025-03-06,ASII.JK,0.0,2.0,0.0,0.08413161097708194,-0.16326530612244897,0.0,0
2025-03-07,ASII.JK,0.0,2.0,0.0,0.06309870823281145,-0.02040816326530612,0.0,0
2025-03-10,ASII.JK,0.0,3.0,0.0,0.047324031174608594,-0.02040816326530612,0.0,0
2025-03-11,ASII.JK,-1.0,4.0,-0.3333333333333333,-0.21450697661904355,-1.0204081632653061,-1.0,-1
2025-03-12,ASII.JK,0.0,4.0,-0.3333333333333333,-0.16088023246428268,0.12244897959183675,1.0,0
2025-03-13,ASII.JK,0.0,4.0,-0.3333333333333333,-0.12066017434821201,0.14285714285714285,0.0,0
2025-03-14,ASII.JK,0.0,1.0,0.0,-0.090495130761159,0.14285714285714285,0.0,0
2025-03-17,ASII.JK,0.0,3.0,0.0,-0.06787134807086925,0.14285714285714285,0.0,0
2025-03-18,ASII.JK,0.0,2.0,0.0,-0.05090351105315194,0.14285714285714285,0.0,0
2025-03-19,ASII.JK,1.0,4.0,0.3333333333333333,0.21182236671013605,1.1428571428571428,1.0,1
2025-03-20,ASII.JK,0.0,2.0,0.3333333333333333,0.15886677503260205,0.0,-1.0,0
2025-03-21,ASII.JK,0.0,2.0,0.3333333333333333,0.11915008127445154,-0.14285714285714285,0.0,0
2025-03-24,ASII.JK,-1.0,1.0,-0.3333333333333333,-0.16063743904416133,-1.1428571428571428,-1.0,-1
2025-03-25,ASII.JK,0.0,1.0,-0.3333333333333333,-0.120478079283121,0.0,1.0,0
2025-03-26,ASII.JK,-1.0,2.0,-0.6666666666666666,-0.3403585594623407,-1.0,-1.0,-1
2025-03-27,ASII.JK,0.0,2.0,-0.3333333333333333,-0.2552689195967556,0.14285714285714285,1.0,0
2025-03-28,ASII.JK,0.0,3.0,-0.3333333333333333,-0.19145168969756668,0.14285714285714285,0.0,0
2025-03-31,ASII.JK,0.0,2.0,0.0,-0.14358876727317502,0.2857142857142857,0.0,0
2025-04-01,ASII.JK,0.0,1.0,0.0,-0.10769157545488126,0.2857142857142857,0.0,0
2025-04-02,ASII.JK,0.0,0.0,0.0,-0.08076868159116093,0.2857142857142857,0.0,0
2025-04-03,ASII.JK,0.0,0.0,0.0,-0.0605765111933707,0.14285714285714285,0.0,0
2025-04-04,ASII.JK,-1.0,1.0,-0.3333333333333333,-0.29543238339502803,-0.8571428571428572,-1.0,-1
2025-04-07,ASII.JK,0.0,1.0,-0.3333333333333333,-0.221574287546271,0.14285714285714285,1.0,0
2025-04-08,ASII.JK,0.0,1.0,-0.3333333333333333,-0.16618071565970327,0.14285714285714285,0.0,0
2025-04-09,ASII.JK,0.0,0.0,0.0,-0.12463553674477745,0.14285714285714285,0.0,0
2025-04-10,ASII.JK,0.0,0.0,0.0,-0.09347665255858309,0.14285714285714285,0.0,0
2025-04-11,ASII.JK,0.0,0.0,0.0,-0.07010748941893732,0.14285714285714285,0.0,0
2025-04-14,ASII.JK,0.0,0.0,0.0,-0.05258061706420299,0.14285714285714285,0.0,0
2025-04-15,ASII.JK,0.0,0.0,0.0,-0.03943546279815224,0.14285714285714285,0.0,0
2025-04-16,ASII.JK,1.0,1.0,0.3333333333333333,0.22042340290138582,1.0,1.0,1
2025-04-17,ASII.JK,0.0,1.0,0.3333333333333333,0.16531755217603936,-0.14285714285714285,-1.0,0
2025-04-18,ASII.JK,0.0,1.0,0.3333333333333333,0.12398816413202951,-0.14285714285714285,0.0,0
2025-04-21,ASII.JK,-1.0,1.0,-0.3333333333333333,-0.15700887690097787,-1.1428571428571428,-1.0,-1
2025-04-22,ASII.JK,0.0,1.0,-0.3333333333333333,-0.1177566576757334,0.0,1.0,0
2025-04-23,ASII.JK,1.0,3.0,0.0,0.16168250674319995,1.0,1.0,1
2025-04-24,ASII.JK,0.0,4.0,0.3333333333333333,0.12126188005739996,-0.14285714285714285,-1.0,0
2025-04-25,ASII.JK,0.5,6.0,0.5,0.21594641004304999,0.35714285714285715,0.5,1
2025-04-28,ASII.JK,-0.75,12.0,-0.08333333333333333,-0.025540192467712497,-0.8214285714285714,-1.25,-1
2025-04-29,ASII.JK,0.0,15.0,-0.08333333333333333,-0.019155144350784373,0.03571428571428571,0.75,0
2025-04-30,ASII.JK,0.0,17.0,-0.25,-0.01436635826308828,0.03571428571428571,0.0,0
2025-05-01,ASII.JK,-1.0,11.0,-0.3333333333333333,-0.2607747686973162,-1.1071428571428572,-1.0,-1
2025-05-02,ASII.JK,-1.0,7.0,-0.6666666666666666,-0.4455810765229872,-0.9642857142857143,0.0,-1
2025-05-05,ASII.JK,1.0,4.0,-0.3333333333333333,-0.08418580739224035,1.3214285714285714,2.0,1
2025-05-06,ASII.JK,0.0,2.0,0.0,-0.06313935554418026,0.17857142857142858,-1.0,0
2025-05-07,ASII.JK,-0.6666666666666666,4.0,0.11111111111111112,-0.21402118332480186,-0.41666666666666663,-0.6666666666666666,-1
2025-05-08,ASII.JK,-0.5238095238095238,24.0,-0.3968253968253968,-0.2914682684459824,-0.28571428571428575,0.1428571428571428,-1
2025-05-09,ASII.JK,-0.5555555555555556,33.0,-0.582010582010582,-0.3574900902233757,-0.24263038548752835,-0.031746031746031744,-1
2025-05-12,ASII.JK,0.0,33.0,-0.3597883597883598,-0.26811756766753175,0.3922902494331066,0.5555555555555556,0
2025-05-13,ASII.JK,0.0,13.0,-0.1851851851851852,-0.2010881757506488,0.2494331065759637,0.0,0
2025-05-14,ASII.JK,0.0,4.0,0.0,-0.1508161318129866,0.10657596371882086,0.0,0
2025-05-15,ASII.JK,0.0,3.0,0.0,-0.11311209885973994,0.2494331065759637,0.0,0
2025-05-16,ASII.JK,-1.0,3.0,-0.3333333333333333,-0.3348340741448049,-0.7505668934240363,-1.0,-1
2025-05-19,ASII.JK,-1.0,4.0,-0.6666666666666666,-0.5011255556086037,-0.7029478458049887,0.0,-1
2025-05-20,ASII.JK,0.0,2.0,-0.6666666666666666,-0.3758441667064528,0.36507936507936506,1.0,0
2025-05-21,ASII.JK,-0.3333333333333333,4.0,-0.4444444444444444,-0.3652164583631729,-0.047619047619047616,-0.3333333333333333,-1
2025-05-22,ASII.JK,-1.0,5.0,-0.4444444444444444,-0.5239123437723796,-0.6666666666666666,-0.6666666666666667,-1
2025-05-23,ASII.JK,0.0,5.0,-0.4444444444444444,-0.3929342578292847,0.47619047619047616,1.0,0
2025-05-26,ASII.JK,1.0,4.0,0.0,-0.04470069337196353,1.4761904761904763,1.0,1
2025-05-27,ASII.JK,-1.0,3.0,0.0,-0.28352552002897263,-0.6666666666666667,-2.0,-1
2025-05-28,ASII.JK,0.0,4.0,0.0,-0.2126441400217295,0.3333333333333333,1.0,0
2025-05-29,ASII.JK,0.0,2.0,-0.3333333333333333,-0.15948310501629712,0.19047619047619047,0.0,0
2025-05-30,ASII.JK,0.0,1.0,0.0,-0.11961232876222283,0.19047619047619047,0.0,0
2025-06-02,ASII.JK,-1.0,1.0,-0.3333333333333333,-0.3397092465716671,-0.8571428571428572,-1.0,-1
2025-06-03,ASII.JK,0.0,1.0,-0.3333333333333333,-0.25478193492875034,0.14285714285714285,1.0,0
2025-06-04,ASII.JK,0.0,2.0,-0.3333333333333333,-0.19108645119656276,0.14285714285714285,0.0,0
2025-06-05,ASII.JK,0.0,2.0,0.0,-0.14331483839742207,0.2857142857142857,0.0,0
2025-06-06,ASII.JK,-1.0,3.0,-0.3333333333333333,-0.3574861287980665,-0.8571428571428572,-1.0,-1
2025-06-09,ASII.JK,-1.0,3.0,-0.6666666666666666,-0.5181145965985499,-0.7142857142857143,0.0,-1
2025-06-10,ASII.JK,0.0,2.0,-0.6666666666666666,-0.3885859474489124,0.42857142857142855,1.0,0
2025-06-11,ASII.JK,0.0,1.0,-0.3333333333333333,-0.2914394605866843,0.42857142857142855,0.0,0
2025-06-12,ASII.JK,-1.0,1.0,-0.3333333333333333,-0.4685795954400132,-0.7142857142857143,-1.0,-1
2025-06-13,ASII.JK,0.0,1.0,-0.3333333333333333,-0.3514346965800099,0.42857142857142855,1.0,0
2025-06-16,ASII.JK,0.5,3.0,-0.16666666666666666,-0.13857602243500744,0.9285714285714286,0.5,1
2025-06-17,ASII.JK,0.0,2.0,0.16666666666666666,-0.10393201682625558,0.35714285714285715,-0.5,0
2025-06-18,ASII.JK,0.0,2.0,0.16666666666666666,-0.07794901261969168,0.21428571428571427,0.0,0
2025-06-19,ASII.JK,-1.0,1.0,-0.3333333333333333,-0.3084617594647688,-0.9285714285714286,-1.0,-1
2025-06-20,ASII.JK,0.0,2.0,-0.3333333333333333,-0.2313463195985766,0.21428571428571427,1.0,0
2025-06-23,ASII.JK,0.0,4.0,-0.3333333333333333,-0.17350973969893246,0.21428571428571427,0.0,0
2025-06-24,ASII.JK,0.0,3.0,0.0,-0.13013230477419935,0.07142857142857142,0.0,0
2025-06-25,ASII.JK,0.0,3.0,0.0,-0.09759922858064951,0.07142857142857142,0.0,0
2025-06-26,ASII.JK,1.0,2.0,0.3333333333333333,0.17680057856451287,1.1428571428571428,1.0,1
2025-06-27,ASII.JK,0.0,2.0,0.3333333333333333,0.13260043392338466,0.0,-1.0,0
2025-06-30,ASII.JK,0.0,1.0,0.3333333333333333,0.0994503254425385,0.0,0.0,0
2025-07-01,ASII.JK,0.0,0.0,0.0,0.07458774408190387,-0.14285714285714285,0.0,0
2025-07-02,ASII.JK,0.0,0.0,0.0,0.0559408080614279,-0.14285714285714285,0.0,0
2025-07-03,ASII.JK,1.0,1.0,0.3333333333333333,0.2919556060460709,0.8571428571428572,1.0,1
2025-07-04,ASII.JK,-1.0,2.0,0.0,-0.03103329546544681,-1.2857142857142856,-2.0,-1
2025-07-07,ASII.JK,-1.0,4.0,-0.3333333333333333,-0.2732749715990851,-1.1428571428571428,0.0,-1
2025-07-08,ASII.JK,0.0,3.0,-0.6666666666666666,-0.20495622869931382,0.14285714285714285,1.0,0
2025-07-09,ASII.JK,0.0,2.0,-0.3333333333333333,-0.15371717152448536,0.14285714285714285,0.0,0
2025-07-10,ASII.JK,0.0,0.0,0.0,-0.11528787864336401,0.14285714285714285,0.0,0
2025-07-11,ASII.JK,1.0,1.0,0.3333333333333333,0.16353409101747698,1.1428571428571428,1.0,1
2025-07-14,ASII.JK,-1.0,2.0,0.0,-0.12734943173689225,-1.0,-2.0,-1
2025-07-15,ASII.JK,-1.0,3.0,-0.3333333333333333,-0.3455120738026692,-0.7142857142857143,0.0,-1
2025-07-16,ASII.JK,0.0,5.0,-0.6666666666666666,-0.2591340553520019,0.2857142857142857,1.0,0
2025-07-17,ASII.JK,-1.0,5.0,-0.6666666666666666,-0.44435054151400144,-0.8571428571428572,-1.0,-1
2025-07-18,ASII.JK,1.0,5.0,0.0,-0.08326290613550108,1.2857142857142856,2.0,1
2025-07-21,ASII.JK,0.0,4.0,0.0,-0.06244717960162581,0.14285714285714285,-1.0,0
2025-07-22,ASII.JK,0.375,19.0,0.4583333333333333,0.046914615298780646,0.5178571428571428,0.375,1
2025-07-23,ASII.JK,0.16666666666666666,24.0,0.18055555555555555,0.07685262814075214,0.39880952380952384,-0.20833333333333334,1
2025-07-24,ASII.JK,0.0,24.0,0.18055555555555555,0.057639471105564104,0.06547619047619048,-0.16666666666666666,0
2025-07-25,ASII.JK,-1.0,9.0,-0.2777777777777778,-0.20677039667082692,-1.0773809523809523,-1.0,-1
2025-07-28,ASII.JK,1.0,5.0,0.0,0.09492220249687983,1.0654761904761905,2.0,1
2025-07-29,ASII.JK,-1.0,5.0,-0.3333333333333333,-0.17880834812734014,-1.2202380952380951,-2.0,-1
2025-07-30,ASII.JK,0.3333333333333333,7.0,0.1111111111111111,-0.05077292776217178,0.3988095238095238,1.3333333333333333,1
2025-07-31,ASII.JK,1.0,7.0,0.11111111111111109,0.21192030417837115,1.0178571428571428,0.6666666666666667,1
2025-08-01,ASII.JK,0.0,5.0,0.4444444444444444,0.15894022813377837,-0.07142857142857142,-1.0,0
2025-08-04,ASII.JK,-1.0,3.0,0.0,-0.13079482889966623,-1.0476190476190477,-1.0,-1
2025-08-05,ASII.JK,-0.5,3.0,-0.5,-0.22309612167474968,-0.40476190476190477,0.5,-1
2025-08-06,ASII.JK,0.0,6.0,-0.5,-0.16732209125606226,0.02380952380952382,0.5,0
2025-08-07,ASII.JK,-1.0,6.0,-0.5,-0.3754915684420467,-0.8333333333333333,-1.0,-1
2025-08-08,ASII.JK,1.0,5.0,0.0,-0.031618676331535034,1.1666666666666667,2.0,1
2025-08-11,ASII.JK,-1.0,3.0,-0.3333333333333333,-0.27371400724865125,-0.9285714285714286,-2.0,-1
2025-08-12,ASII.JK,0.0,3.0,0.0,-0.20528550543648844,0.35714285714285715,1.0,0
2025-08-13,ASII.JK,1.0,3.0,0.0,0.09603587092263366,1.3571428571428572,1.0,1
2025-08-14,ASII.JK,1.0,3.0,0.6666666666666666,0.32202690319197524,1.0714285714285714,0.0,1
2025-08-15,ASII.JK,0.0,2.0,0.6666666666666666,0.24152017739398143,-0.14285714285714285,-1.0,0
2025-08-18,ASII.JK,-0.3333333333333333,4.0,0.22222222222222224,0.09780679971215274,-0.47619047619047616,-0.3333333333333333,-1
2025-08-19,ASII.JK,0.7,13.0,0.12222222222222223,0.24835509978411455,0.4619047619047618,1.0333333333333332,1
2025-08-20,ASII.JK,0.5,17.0,0.2888888888888889,0.3112663248380859,0.3047619047619048,-0.19999999999999996,1
2025-08-21,ASII.JK,0.0,14.0,0.39999999999999997,0.23344974362856444,-0.4095238095238095,-0.5,0
2025-08-22,ASII.JK,1.0,5.0,0.5,0.42508730772142334,0.5904761904761905,1.0,1
2025-08-25,ASII.JK,-0.4,6.0,0.19999999999999998,0.21881548079106747,-0.8095238095238095,-1.4,-1
2025-08-26,ASII.JK,0.0,8.0,0.19999999999999998,0.1641116105933006,-0.20952380952380953,0.4,0
2025-08-27,ASII.JK,0.0,14.0,-0.13333333333333333,0.12308370794497545,-0.20952380952380953,0.0,0
2025-08-28,ASII.JK,0.16666666666666666,15.0,0.05555555555555555,0.13397944762539823,-0.09047619047619046,0.16666666666666666,1
2025-08-29,ASII.JK,1.0,14.0,0.3888888888888889,0.35048458571904867,0.819047619047619,0.8333333333333334,1
2025-09-01,ASII.JK,0.0,8.0,0.3888888888888889,0.2628634392892865,-0.2523809523809524,-1.0,0
2025-09-02,ASII.JK,0.0,2.0,0.3333333333333333,0.19714757946696487,-0.2523809523809524,0.0,0
2025-09-03,ASII.JK,0.0,1.0,0.0,0.14786068460022367,-0.10952380952380951,0.0,0
2025-09-04,ASII.JK,0.0,0.0,0.0,0.11089551345016775,-0.16666666666666666,0.0,0
2025-09-05,ASII.JK,0.0,1.0,0.0,0.08317163508762582,-0.16666666666666666,0.0,0
2025-09-08,ASII.JK,0.0,1.0,0.0,0.06237872631571936,-0.16666666666666666,0.0,0
2025-09-09,ASII.JK,0.0,1.0,0.0,0.04678404473678952,-0.14285714285714285,0.0,0
2025-09-10,ASII.JK,0.0,3.0,0.0,0.03508803355259214,0.0,0.0,0
2025-09-11,ASII.JK,0.0,4.0,0.0,0.026316025164444107,0.0,0.0,0
2025-09-12,ASII.JK,0.0,4.0,0.0,0.01973701887333308,0.0,0.0,0
2025-09-15,ASII.JK,-1.0,5.0,-0.3333333333333333,-0.23519723584500019,-1.0,-1.0,-1
2025-09-16,ASII.JK,-0.5,8.0,-0.5,-0.3013979268837501,-0.35714285714285715,0.5,-1
2025-09-17,ASII.JK,-0.2857142857142857,15.0,-0.5952380952380952,-0.29747701659138404,-0.07142857142857142,0.2142857142857143,-1
2025-09-18,ASII.JK,1.0,12.0,0.07142857142857147,0.026892237556461973,1.2551020408163265,1.2857142857142856,1
2025-09-19,ASII.JK,0.0,8.0,0.23809523809523814,0.02016917816734648,0.11224489795918367,-1.0,0
2025-09-22,ASII.JK,1.0,8.0,0.6666666666666666,0.26512688362550985,1.1122448979591837,1.0,1
2025-09-23,ASII.JK,-0.16666666666666666,19.0,0.2777777777777778,0.15717849605246573,-0.19727891156462585,-1.1666666666666667,-1
2025-09-24,ASII.JK,0.0,32.0,0.27777777777777785,0.1178838720393493,-0.006802721088435377,0.16666666666666666,0
2025-09-25,ASII.JK,0.6666666666666666,28.0,0.1666666666666667,0.25507957069617865,0.5170068027210883,0.6666666666666666,1
2025-09-26,ASII.JK,0.0,19.0,0.22222222222222224,0.191309678022134,-0.3163265306122449,-0.6666666666666666,0
2025-09-29,ASII.JK,-0.6666666666666666,9.0,3.700743415417188e-17,-0.023184408150066144,-1.0238095238095237,-0.6666666666666666,-1
2025-09-30,ASII.JK,1.0,7.0,0.11111111111111116,0.2326116938874504,0.8809523809523809,1.6666666666666665,1
2025-10-01,ASII.JK,0.6,14.0,0.31111111111111117,0.3244587704155878,0.33809523809523806,-0.4,1
2025-10-02,ASII.JK,0.25,15.0,0.6166666666666667,0.3058440778116909,0.045238095238095216,-0.35,1
2025-10-03,ASII.JK,0.0,18.0,0.2833333333333334,0.22938305835876815,-0.2642857142857143,-0.25,0
2025-10-06,ASII.JK,0.0,21.0,0.08333333333333337,0.17203729376907612,-0.2642857142857143,0.0,0
2025-10-07,ASII.JK,0.0,23.0,0.0,0.12902797032680707,-0.16904761904761909,0.0,0
2025-10-08,ASII.JK,-0.5,21.0,-0.16666666666666663,-0.028229022254894695,-0.6690476190476191,-0.5,-1
2025-10-09,ASII.JK,-1.0,9.0,-0.5,-0.27117176669117105,-1.1928571428571428,-0.5,-1
2025-10-10,ASII.JK,1.0,5.0,-0.16666666666666666,0.046621174981621716,1.0928571428571427,2.0,1
2025-10-13,ASII.JK,0.0,7.0,0.0,0.03496588123621629,0.035714285714285685,-1.0,0
2025-10-14,ASII.JK,-1.0,11.0,0.0,-0.2237755890728378,-0.9285714285714286,-1.0,-1
2025-10-15,ASII.JK,-1.0,10.0,-0.6666666666666666,-0.4178316918046283,-0.7857142857142858,0.0,-1
2025-10-16,ASII.JK,1.0,7.0,-0.3333333333333333,-0.06337376885347124,1.3571428571428572,2.0,1
2025-10-17,ASII.JK,0.5,4.0,0.16666666666666666,0.07746967335989657,0.7142857142857142,-0.5,1
2025-10-20,ASII.JK,0.0,5.0,0.5,0.05810225501992243,0.0714285714285714,-0.5,0
2025-10-21,ASII.JK,0.5,8.0,0.3333333333333333,0.16857669126494182,0.42857142857142855,0.5,1
2025-10-22,ASII.JK,0.0,10.0,0.16666666666666666,0.12643251844870637,-3.172065784643304e-17,-0.5,0
2025-10-23,ASII.JK,-0.3333333333333333,11.0,0.05555555555555556,0.011491055503196443,-0.33333333333333337,-0.3333333333333333,-1
2025-10-24,ASII.JK,0.0,9.0,-0.1111111111111111,0.008618291627397332,-0.09523809523809527,0.3333333333333333,0
2025-10-27,ASII.JK,-1.0,6.0,-0.4444444444444444,-0.243536281279452,-1.2380952380952381,-1.0,-1
2025-10-28,ASII.JK,-1.0,4.0,-0.6666666666666666,-0.432652210959589,-0.9523809523809524,0.0,-1
2025-10-29,ASII.JK,-0.3333333333333333,5.0,-0.7777777777777778,-0.4078224915530251,-0.07142857142857145,0.6666666666666667,-1
2025-10-30,ASII.JK,0.0,5.0,-0.4444444444444444,-0.3058668686647688,0.3095238095238095,0.3333333333333333,0
2025-10-31,ASII.JK,-0.2,9.0,-0.17777777777777778,-0.2794001514985766,0.18095238095238092,-0.2,-1
2025-11-03,ASII.JK,0.0,13.0,-0.06666666666666667,-0.20955011362393244,0.40952380952380946,0.2,0
2025-11-04,ASII.JK,0.6666666666666666,18.0,0.15555555555555553,0.00950408144871731,1.0285714285714285,0.6666666666666666,1
2025-11-05,ASII.JK,0.0,13.0,0.2222222222222222,0.007128061086537983,0.2666666666666666,-0.6666666666666666,0
2025-11-06,ASII.JK,0.0,8.0,0.2222222222222222,0.005346045814903487,0.12380952380952379,0.0,0
2025-11-07,ASII.JK,-0.3333333333333333,5.0,-0.1111111111111111,-0.07932379897215572,-0.3523809523809524,-0.3333333333333333,-1
2025-11-10,ASII.JK,0.0,6.0,-0.1111111111111111,-0.05949284922911679,-0.019047619047619074,0.3333333333333333,0
2025-11-11,ASII.JK,-1.0,6.0,-0.4444444444444444,-0.29461963692183757,-1.019047619047619,-1.0,-1
2025-11-12,ASII.JK,0.4,8.0,-0.19999999999999998,-0.12096472769137817,0.49523809523809526,1.4,1
2025-11-13,ASII.JK,0.0,9.0,-0.19999999999999996,-0.09072354576853363,0.03809523809523807,-0.4,0
2025-11-14,ASII.JK,0.0,7.0,0.1333333333333334,-0.06804265932640022,0.1333333333333333,0.0,0
2025-11-17,ASII.JK,0.5,8.0,0.1666666666666667,0.07396800550519983,0.6333333333333333,0.5,1
2025-11-18,ASII.JK,0.6666666666666666,9.0,0.3888888888888889,0.22214267079556654,0.7285714285714285,0.16666666666666663,1
2025-11-19,ASII.JK,0.0,18.0,0.3888888888888889,0.16660700309667492,-0.08095238095238098,-0.6666666666666666,0
2025-11-20,ASII.JK,-0.6,17.0,0.022222222222222254,-0.025044747677493803,-0.680952380952381,-0.6,-1
2025-11-21,ASII.JK,-0.5,16.0,-0.36666666666666664,-0.14378356075812035,-0.6380952380952382,0.09999999999999998,-1
2025-11-24,ASII.JK,0.6666666666666666,13.0,-0.1444444444444444,0.0588289960980764,0.657142857142857,1.1666666666666665,1
2025-11-25,ASII.JK,-1.0,9.0,-0.27777777777777773,-0.20587825292644268,-1.1047619047619048,-1.6666666666666665,-1
2025-11-26,ASII.JK,0.0,7.0,-0.11111111111111109,-0.154408689694832,0.03809523809523807,1.0,0
2025-11-27,ASII.JK,-0.14285714285714285,8.0,-0.38095238095238093,-0.1515208029854097,-0.033333333333333354,-0.14285714285714285,-1
2025-11-28,ASII.JK,-1.0,9.0,-0.38095238095238093,-0.36364060223905725,-0.7748299319727892,-0.8571428571428572,-1
2025-12-01,ASII.JK,0.42857142857142855,16.0,-0.23809523809523805,-0.1655875945364358,0.7965986394557822,1.4285714285714286,1
2025-12-02,ASII.JK,-0.14285714285714285,16.0,-0.2380952380952381,-0.15990498161661254,0.07823129251700675,-0.5714285714285714,-1
2025-12-03,ASII.JK,-0.5,16.0,-0.07142857142857144,-0.24492873621245942,-0.3299319727891157,-0.35714285714285715,-1
2025-12-04,ASII.JK,1.0,12.0,0.11904761904761907,0.06630344784065545,1.3367346938775508,1.5,1
2025-12-05,ASII.JK,-0.5,9.0,0.0,-0.07527241411950841,-0.44897959183673475,-1.5,-1
2025-12-08,ASII.JK,-0.5,11.0,0.0,-0.1814543105896313,-0.3775510204081633,0.0,-1
2025-12-09,ASII.JK,-0.3333333333333333,14.0,-0.4444444444444444,-0.21942406627555677,-0.15986394557823133,0.16666666666666669,-1
2025-12-10,ASII.JK,0.5,12.0,-0.1111111111111111,-0.03956804970666758,0.5782312925170068,0.8333333333333333,1
2025-12-11,ASII.JK,-0.6666666666666666,11.0,-0.16666666666666666,-0.19634270394666734,-0.5986394557823129,-1.1666666666666665,-1
2025-12-12,ASII.JK,0.5,7.0,0.11111111111111112,-0.02225702796000051,0.6428571428571428,1.1666666666666665,1
2025-12-15,ASII.JK,0.14285714285714285,12.0,-0.007936507936507927,0.01902151474428533,0.1428571428571428,-0.35714285714285715,1
2025-12-16,ASII.JK,0.0,11.0,0.21428571428571427,0.014266136058213998,0.12244897959183668,-0.14285714285714285,0
2025-12-17,ASII.JK,-1.0,10.0,-0.2857142857142857,-0.2393003979563395,-0.9489795918367347,-1.0,-1
2025-12-18,ASII.JK,-1.0,4.0,-0.6666666666666666,-0.42947529846725463,-0.8775510204081634,0.0,-1
2025-12-19,ASII.JK,-1.0,3.0,-1.0,-0.572106473850441,-0.782312925170068,0.0,-1
2025-12-22,ASII.JK,0.0,8.0,-0.6666666666666666,-0.4290798553878308,0.4319727891156462,1.0,0
2025-12-23,ASII.JK,0.3333333333333333,10.0,-0.22222222222222224,-0.23847655820753977,0.6700680272108843,0.3333333333333333,1
2025-12-24,ASII.JK,1.0,12.0,0.4444444444444444,0.07114258134434517,1.3605442176870748,0.6666666666666667,1
2025-12-25,ASII.JK,0.0,7.0,0.4444444444444444,0.05335693600825888,0.23809523809523805,-1.0,0
2025-12-26,ASII.JK,0.0,4.0,0.3333333333333333,0.04001770200619416,0.23809523809523805,0.0,0
2025-12-29,ASII.JK,0.6666666666666666,7.0,0.2222222222222222,0.19667994317131227,0.7619047619047619,0.6666666666666666,1
2025-12-30,ASII.JK,1.0,7.0,0.5555555555555555,0.3975099573784842,0.8571428571428571,0.33333333333333337,1
2025-12-31,ASII.JK,0.0,9.0,0.5555555555555555,0.2981324680338632,-0.42857142857142866,-1.0,0
2026-01-01,ASII.JK,-1.0,4.0,0.0,-0.02640064897460262,-1.4285714285714286,-1.0,-1
2026-01-02,ASII.JK,-0.2,8.0,-0.39999999999999997,-0.06980048673095196,-0.43809523809523815,0.8,-1
2026-01-05,ASII.JK,1.0,9.0,-0.06666666666666665,0.19764963495178603,0.9333333333333332,1.2,1
2026-01-06,ASII.JK,-0.5,14.0,0.10000000000000002,0.02323722621383953,-0.7095238095238097,-1.5,-1
2026-01-07,ASII.JK,0.0,14.0,0.16666666666666666,0.017427919660379647,-0.1380952380952382,0.5,0
2026-01-08,ASII.JK,0.2,21.0,-0.09999999999999999,0.06307093974528474,0.15714285714285708,0.2,1
2026-01-09,ASII.JK,1.0,16.0,0.39999999999999997,0.29730320480896355,1.0714285714285714,0.8,1
2026-01-12,ASII.JK,0.5,19.0,0.5666666666666667,0.3479774036067227,0.4285714285714285,-0.5,1
2026-01-13,ASII.JK,-0.1111111111111111,18.0,0.46296296296296297,0.23320527492726423,-0.39682539682539697,-0.6111111111111112,-1
2026-01-14,ASII.JK,-0.42857142857142855,38.0,-0.013227513227513218,0.06776109905259105,-0.7269841269841271,-0.31746031746031744,-1
2017-01-19,BBRI.JK,0.0,1.0,0.0,0.0,0.0,0.0,0
2017-01-20,BBRI.JK,0.0,1.0,0.0,0.0,0.0,0.0,0
2017-01-23,BBRI.JK,0.0,2.0,0.0,0.0,0.0,0.0,0
2017-01-24,BBRI.JK,-1.0,2.0,-0.3333333333333333,-0.25,-1.0,-1.0,-1
2017-01-25,BBRI.JK,0.0,2.0,-0.3333333333333333,-0.1875,0.25,1.0,0
2017-01-26,BBRI.JK,0.0,1.0,-0.3333333333333333,-0.140625,0.2,0.0,0
2017-01-27,BBRI.JK,0.0,0.0,0.0,-0.10546875,0.16666666666666666,0.0,0
2017-01-30,BBRI.JK,0.0,0.0,0.0,-0.0791015625,0.14285714285714285,0.0,0
2017-01-31,BBRI.JK,0.0,0.0,0.0,-0.059326171875,0.14285714285714285,0.0,0
2017-02-01,BBRI.JK,0.0,0.0,0.0,-0.04449462890625,0.14285714285714285,0.0,0
2017-02-02,BBRI.JK,0.0,0.0,0.0,-0.0333709716796875,0.14285714285714285,0.0,0
2017-02-03,BBRI.JK,0.0,0.0,0.0,-0.025028228759765625,0.0,0.0,0
2017-02-06,BBRI.JK,0.0,0.0,0.0,-0.01877117156982422,0.0,0.0,0
2017-02-07,BBRI.JK,0.0,0.0,0.0,-0.014078378677368164,0.0,0.0,0
2017-02-08,BBRI.JK,0.0,0.0,0.0,-0.010558784008026123,0.0,0.0,0
2017-02-09,BBRI.JK,0.0,0.0,0.0,-0.007919088006019592,0.0,0.0,0
2017-02-10,BBRI.JK,0.0,0.0,0.0,-0.005939316004514694,0.0,0.0,0
2017-02-13,BBRI.JK,0.0,0.0,0.0,-0.004454487003386021,0.0,0.0,0
2017-02-14,BBRI.JK,0.0,0.0,0.0,-0.0033408652525395155,0.0,0.0,0
2017-02-15,BBRI.JK,0.0,1.0,0.0,-0.0025056489394046366,0.0,0.0,0
2017-02-16,BBRI.JK,0.0,1.0,0.0,-0.0018792367045534775,0.0,0.0,0
2017-02-17,BBRI.JK,0.0,1.0,0.0,-0.001409427528415108,0.0,0.0,0
2017-02-20,BBRI.JK,0.0,1.0,0.0,-0.001057070646311331,0.0,0.0,0
2017-02-21,BBRI.JK,0.0,1.0,0.0,-0.0007928029847334983,0.0,0.0,0
2017-02-22,BBRI.JK,0.0,1.0,0.0,-0.0005946022385501237,0.0,0.0,0
2017-02-23,BBRI.JK,0.0,1.0,0.0,-0.0004459516789125928,0.0,0.0,0
2017-02-24,BBRI.JK,0.0,2.0,0.0,-0.0003344637591844446,0.0,0.0,0
2017-02-27,BBRI.JK,0.0,2.0,0.0,-0.00025084781938833345,0.0,0.0,0
2017-02-28,BBRI.JK,0.0,1.0,0.0,-0.00018813586454125009,0.0,0.0,0
2017-03-01,BBRI.JK,0.0,1.0,0.0,-0.00014110189840593756,0.0,0.0,0
2017-03-02,BBRI.JK,0.0,1.0,0.0,-0.00010582642380445317,0.0,0.0,0
2017-03-03,BBRI.JK,0.0,1.0,0.0,-7.936981785333988e-05,0.0,0.0,0
2017-03-06,BBRI.JK,0.0,0.0,0.0,-5.952736339000491e-05,0.0,0.0,0
2017-03-07,BBRI.JK,0.0,0.0,0.0,-4.464552254250368e-05,0.0,0.0,0
2017-03-08,BBRI.JK,0.0,0.0,0.0,-3.348414190687776e-05,0.0,0.0,0
2017-03-09,BBRI.JK,0.0,1.0,0.0,-2.511310643015832e-05,0.0,0.0,0
2017-03-10,BBRI.JK,0.0,1.0,0.0,-1.883482982261874e-05,0.0,0.0,0
2017-03-13,BBRI.JK,0.0,1.0,0.0,-1.4126122366964055e-05,0.0,0.0,0
2017-03-14,BBRI.JK,0.0,0.0,0.0,-1.0594591775223041e-05,0.0,0.0,0
2017-03-15,BBRI.JK,0.0,8.0,0.0,-7.94594383141728e-06,0.0,0.0,0
2017-03-16,BBRI.JK,1.0,9.0,0.3333333333333333,0.24999404054212643,1.0,1.0,1
2017-03-17,BBRI.JK,0.0,9.0,0.3333333333333333,0.18749553040659483,-0.14285714285714285,-1.0,0
2017-03-20,BBRI.JK,-1.0,2.0,0.0,-0.10937835219505387,-1.1428571428571428,-1.0,-1
2017-03-21,BBRI.JK,0.0,1.0,-0.3333333333333333,-0.0820337641462904,0.0,1.0,0
2017-03-22,BBRI.JK,0.0,1.0,-0.3333333333333333,-0.061525323109717804,0.0,0.0,0
2017-03-23,BBRI.JK,0.0,0.0,0.0,-0.04614399233228835,0.0,0.0,0
2017-03-24,BBRI.JK,0.0,0.0,0.0,-0.03460799424921626,0.0,0.0,0
2017-03-27,BBRI.JK,0.0,0.0,0.0,-0.025955995686912196,0.0,0.0,0
2017-03-28,BBRI.JK,0.0,0.0,0.0,-0.019466996765184146,0.14285714285714285,0.0,0
2017-03-29,BBRI.JK,0.0,0.0,0.0,-0.01460024757388811,0.14285714285714285,0.0,0
2017-03-30,BBRI.JK,0.0,0.0,0.0,-0.010950185680416082,0.0,0.0,0
2017-03-31,BBRI.JK,0.0,0.0,0.0,-0.00821263926031206,0.0,0.0,0
2017-04-03,BBRI.JK,0.0,0.0,0.0,-0.006159479445234046,0.0,0.0,0
2017-04-04,BBRI.JK,0.0,0.0,0.0,-0.004619609583925534,0.0,0.0,0
2017-04-05,BBRI.JK,1.0,1.0,0.3333333333333333,0.24653529281205586,1.0,1.0,1
2017-04-06,BBRI.JK,0.0,1.0,0.3333333333333333,0.18490146960904189,-0.14285714285714285,-1.0,0
2017-04-07,BBRI.JK,0.0,1.0,0.3333333333333333,0.13867610220678142,-0.14285714285714285,0.0,0
2017-04-10,BBRI.JK,0.0,0.0,0.0,0.10400707665508607,-0.14285714285714285,0.0,0
2017-04-11,BBRI.JK,0.0,0.0,0.0,0.07800530749131455,-0.14285714285714285,0.0,0
2017-04-12,BBRI.JK,0.0,1.0,0.0,0.05850398061848591,-0.14285714285714285,0.0,0
2017-04-13,BBRI.JK,-1.0,2.0,-0.3333333333333333,-0.20612201453613557,-1.1428571428571428,-1.0,-1
2017-04-14,BBRI.JK,0.0,2.0,-0.3333333333333333,-0.1545915109021017,0.0,1.0,0
2017-04-17,BBRI.JK,0.0,1.0,-0.3333333333333333,-0.11594363317657627,0.14285714285714285,0.0,0
2017-04-18,BBRI.JK,-1.0,1.0,-0.3333333333333333,-0.3369577248824322,-0.8571428571428572,-1.0,-1
2017-04-19,BBRI.JK,0.0,1.0,-0.3333333333333333,-0.25271829366182413,0.2857142857142857,1.0,0
2017-04-20,BBRI.JK,0.0,1.0,-0.3333333333333333,-0.1895387202463681,0.2857142857142857,0.0,0
2017-04-21,BBRI.JK,0.0,0.0,0.0,-0.14215404018477606,0.2857142857142857,0.0,0
2017-04-24,BBRI.JK,0.0,0.0,0.0,-0.10661553013858205,0.2857142857142857,0.0,0
2017-04-25,BBRI.JK,0.0,0.0,0.0,-0.07996164760393654,0.14285714285714285,0.0,0
2017-04-26,BBRI.JK,0.0,0.0,0.0,-0.0599712357029524,0.14285714285714285,0.0,0
2017-04-27,BBRI.JK,0.0,0.0,0.0,-0.0449784267772143,0.14285714285714285,0.0,0
2017-04-28,BBRI.JK,0.0,0.0,0.0,-0.033733820082910725,0.0,0.0,0
2017-05-01,BBRI.JK,0.0,0.0,0.0,-0.02530036506218304,0.0,0.0,0
2017-05-02,BBRI.JK,0.0,0.0,0.0,-0.01897527379663728,0.0,0.0,0
2017-05-03,BBRI.JK,0.0,0.0,0.0,-0.01423145534747796,0.0,0.0,0
2017-05-04,BBRI.JK,0.0,0.0,0.0,-0.01067359151060847,0.0,0.0,0
2017-05-05,BBRI.JK,0.0,0.0,0.0,-0.008005193632956353,0.0,0.0,0
2017-05-08,BBRI.JK,0.0,0.0,0.0,-0.006003895224717264,0.0,0.0,0
2017-05-09,BBRI.JK,0.0,0.0,0.0,-0.004502921418537948,0.0,0.0,0
2017-05-10,BBRI.JK,0.0,0.0,0.0,-0.0033771910639034614,0.0,0.0,0
2017-05-11,BBRI.JK,0.0,0.0,0.0,-0.0025328932979275963,0.0,0.0,0
2017-05-12,BBRI.JK,0.0,0.0,0.0,-0.0018996699734456972,0.0,0.0,0
2017-05-15,BBRI.JK,0.0,0.0,0.0,-0.001424752480084273,0.0,0.0,0
2017-05-16,BBRI.JK,0.0,0.0,0.0,-0.0010685643600632047,0.0,0.0,0
2017-05-17,BBRI.JK,0.0,0.0,0.0,-0.0008014232700474035,0.0,0.0,0
2017-05-18,BBRI.JK,0.0,0.0,0.0,-0.0006010674525355526,0.0,0.0,0
2017-05-19,BBRI.JK,-1.0,1.0,-0.3333333333333333,-0.25045080058940167,-1.0,-1.0,-1
2017-05-22,BBRI.JK,0.0,2.0,-0.3333333333333333,-0.18783810044205124,0.14285714285714285,1.0,0
2017-05-23,BBRI.JK,0.0,2.0,-0.3333333333333333,-0.1408785753315384,0.14285714285714285,0.0,0
2017-05-24,BBRI.JK,0.0,1.0,0.0,-0.10565893149865381,0.14285714285714285,0.0,0
2017-05-25,BBRI.JK,0.0,0.0,0.0,-0.07924419862399036,0.14285714285714285,0.0,0
2017-05-26,BBRI.JK,0.0,0.0,0.0,-0.059433148967992774,0.14285714285714285,0.0,0
2017-05-29,BBRI.JK,0.0,0.0,0.0,-0.04457486172599458,0.14285714285714285,0.0,0
2017-05-30,BBRI.JK,0.0,0.0,0.0,-0.033431146294495936,0.14285714285714285,0.0,0
2017-05-31,BBRI.JK,0.0,0.0,0.0,-0.025073359720871952,0.0,0.0,0
2017-06-01,BBRI.JK,0.0,0.0,0.0,-0.018805019790653965,0.0,0.0,0
2017-06-02,BBRI.JK,-1.0,1.0,-0.3333333333333333,-0.2641037648429905,-1.0,-1.0,-1
2017-06-05,BBRI.JK,0.0,1.0,-0.3333333333333333,-0.19807782363224286,0.14285714285714285,1.0,0
2017-06-06,BBRI.JK,-1.0,2.0,-0.6666666666666666,-0.3985583677241821,-0.8571428571428572,-1.0,-1
2017-06-07,BBRI.JK,0.0,1.0,-0.3333333333333333,-0.2989187757931366,0.2857142857142857,1.0,0
2017-06-08,BBRI.JK,0.0,1.0,-0.3333333333333333,-0.22418908184485242,0.2857142857142857,0.0,0
2017-06-09,BBRI.JK,0.0,1.0,0.0,-0.16814181138363932,0.2857142857142857,0.0,0
2017-06-12,BBRI.JK,0.0,1.0,0.0,-0.1261063585377295,0.2857142857142857,0.0,0
2017-06-13,BBRI.JK,0.0,1.0,0.0,-0.09457976890329713,0.2857142857142857,0.0,0
2017-06-14,BBRI.JK,1.0,1.0,0.3333333333333333,0.17906517332252714,1.1428571428571428,1.0,1
2017-06-15,BBRI.JK,0.0,1.0,0.3333333333333333,0.13429887999189535,0.0,-1.0,0
2017-06-16,BBRI.JK,0.0,2.0,0.3333333333333333,0.10072415999392151,-0.14285714285714285,0.0,0
2017-06-19,BBRI.JK,0.0,1.0,0.0,0.07554311999544114,-0.14285714285714285,0.0,0
2017-06-20,BBRI.JK,0.0,1.0,0.0,0.056657339996580854,-0.14285714285714285,0.0,0
2017-06-21,BBRI.JK,0.0,0.0,0.0,0.04249300499743564,-0.14285714285714285,0.0,0
2017-06-22,BBRI.JK,0.0,0.0,0.0,0.03186975374807673,-0.14285714285714285,0.0,0
2017-06-23,BBRI.JK,0.0,0.0,0.0,0.023902315311057548,-0.14285714285714285,0.0,0
2017-06-26,BBRI.JK,0.0,0.0,0.0,0.01792673648329316,0.0,0.0,0
2017-06-27,BBRI.JK,0.0,1.0,0.0,0.01344505236246987,0.0,0.0,0
2017-06-28,BBRI.JK,0.0,1.0,0.0,0.010083789271852403,0.0,0.0,0
2017-06-29,BBRI.JK,0.0,1.0,0.0,0.007562841953889302,0.0,0.0,0
2017-06-30,BBRI.JK,0.0,0.0,0.0,0.005672131465416976,0.0,0.0,0
2017-07-03,BBRI.JK,0.0,1.0,0.0,0.004254098599062732,0.0,0.0,0
2017-07-04,BBRI.JK,0.0,1.0,0.0,0.0031905739492970493,0.0,0.0,0
2017-07-05,BBRI.JK,0.0,1.0,0.0,0.002392930461972787,0.0,0.0,0
2017-07-06,BBRI.JK,0.0,0.0,0.0,0.0017946978464795902,0.0,0.0,0
2017-07-07,BBRI.JK,0.0,0.0,0.0,0.0013460233848596927,0.0,0.0,0
2017-07-10,BBRI.JK,-1.0,1.0,-0.3333333333333333,-0.24899048246135522,-1.0,-1.0,-1
2017-07-11,BBRI.JK,0.0,1.0,-0.3333333333333333,-0.1867428618460164,0.14285714285714285,1.0,0
2017-07-12,BBRI.JK,0.0,1.0,-0.3333333333333333,-0.1400571463845123,0.14285714285714285,0.0,0
2017-07-13,BBRI.JK,0.0,0.0,0.0,-0.10504285978838424,0.14285714285714285,0.0,0
2017-07-14,BBRI.JK,0.0,0.0,0.0,-0.07878214484128818,0.14285714285714285,0.0,0
2017-07-17,BBRI.JK,0.0,1.0,0.0,-0.05908660863096613,0.14285714285714285,0.0,0
2017-07-18,BBRI.JK,0.0,1.0,0.0,-0.0443149564732246,0.14285714285714285,0.0,0
2017-07-19,BBRI.JK,0.0,1.0,0.0,-0.033236217354918454,0.14285714285714285,0.0,0
2017-07-20,BBRI.JK,0.0,0.0,0.0,-0.02492716301618884,0.0,0.0,0
2017-07-21,BBRI.JK,-1.0,1.0,-0.3333333333333333,-0.26869537226214163,-1.0,-1.0,-1
2017-07-24,BBRI.JK,0.0,1.0,-0.3333333333333333,-0.2015215291966062,0.14285714285714285,1.0,0
2017-07-25,BBRI.JK,0.0,1.0,-0.3333333333333333,-0.15114114689745467,0.14285714285714285,0.0,0
2017-07-26,BBRI.JK,0.0,0.0,0.0,-0.113355860173091,0.14285714285714285,0.0,0
2017-07-27,BBRI.JK,0.0,0.0,0.0,-0.08501689512981825,0.14285714285714285,0.0,0
2017-07-28,BBRI.JK,0.0,0.0,0.0,-0.06376267134736369,0.14285714285714285,0.0,0
2017-07-31,BBRI.JK,0.0,0.0,0.0,-0.047822003510522765,0.14285714285714285,0.0,0
2017-08-01,BBRI.JK,0.0,0.0,0.0,-0.035866502632892074,0.14285714285714285,0.0,0
2017-08-02,BBRI.JK,0.0,1.0,0.0,-0.026899876974669057,0.0,0.0,0
2017-08-03,BBRI.JK,0.0,1.0,0.0,-0.020174907731001793,0.0,0.0,0
2017-08-04,BBRI.JK,1.0,2.0,0.3333333333333333,0.23486881920174865,1.0,1.0,1
2017-08-07,BBRI.JK,0.0,1.0,0.3333333333333333,0.1761516144013115,-0.14285714285714285,-1.0,0
2017-08-08,BBRI.JK,0.0,2.0,0.3333333333333333,0.1321137108009836,-0.14285714285714285,0.0,0
2017-08-09,BBRI.JK,0.0,1.0,0.0,0.0990852831007377,-0.14285714285714285,0.0,0
2017-08-10,BBRI.JK,0.0,2.0,0.0,0.07431396232555328,-0.14285714285714285,0.0,0
2017-08-11,BBRI.JK,0.0,3.0,0.0,0.05573547174416496,-0.14285714285714285,0.0,0
2017-08-14,BBRI.JK,0.0,3.0,0.0,0.04180160380812372,-0.14285714285714285,0.0,0
2017-08-15,BBRI.JK,0.0,2.0,0.0,0.03135120285609279,-0.14285714285714285,0.0,0
2017-08-16,BBRI.JK,0.0,0.0,0.0,0.02351340214206959,0.0,0.0,0
2017-08-17,BBRI.JK,0.0,0.0,0.0,0.017635051606552193,0.0,0.0,0
2017-08-18,BBRI.JK,0.0,0.0,0.0,0.013226288704914144,0.0,0.0,0
2017-08-21,BBRI.JK,0.0,0.0,0.0,0.009919716528685608,0.0,0.0,0
2017-08-22,BBRI.JK,0.0,0.0,0.0,0.007439787396514206,0.0,0.0,0
2017-08-23,BBRI.JK,0.0,0.0,0.0,0.005579840547385654,0.0,0.0,0
2017-08-24,BBRI.JK,0.0,0.0,0.0,0.004184880410539241,0.0,0.0,0
2017-08-25,BBRI.JK,0.0,0.0,0.0,0.003138660307904431,0.0,0.0,0
2017-08-28,BBRI.JK,0.0,1.0,0.0,0.002353995230928323,0.0,0.0,0
2017-08-29,BBRI.JK,0.0,1.0,0.0,0.0017654964231962425,0.0,0.0,0
2017-08-30,BBRI.JK,0.0,1.0,0.0,0.001324122317397182,0.0,0.0,0
2017-08-31,BBRI.JK,0.0,0.0,0.0,0.0009930917380478865,0.0,0.0,0
2017-09-01,BBRI.JK,0.0,0.0,0.0,0.0007448188035359148,0.0,0.0,0
2017-09-04,BBRI.JK,0.0,0.0,0.0,0.0005586141026519361,0.0,0.0,0
2017-09-05,BBRI.JK,0.0,0.0,0.0,0.0004189605769889521,0.0,0.0,0
2017-09-06,BBRI.JK,0.0,0.0,0.0,0.00031422043274171403,0.0,0.0,0
2017-09-07,BBRI.JK,0.0,0.0,0.0,0.00023566532455628552,0.0,0.0,0
2017-09-08,BBRI.JK,0.0,0.0,0.0,0.00017674899341721414,0.0,0.0,0
2017-09-11,BBRI.JK,0.0,2.0,0.0,0.0001325617450629106,0.0,0.0,0
2017-09-12,BBRI.JK,0.0,2.0,0.0,9.942130879718296e-05,0.0,0.0,0
2017-09-13,BBRI.JK,0.0,2.0,0.0,7.456598159788722e-05,0.0,0.0,0
2017-09-14,BBRI.JK,0.0,0.0,0.0,5.592448619841541e-05,0.0,0.0,0
2017-09-15,BBRI.JK,0.0,0.0,0.0,4.194336464881156e-05,0.0,0.0,0
2017-09-18,BBRI.JK,0.0,0.0,0.0,3.145752348660867e-05,0.0,0.0,0
2017-09-19,BBRI.JK,0.0,0.0,0.0,2.3593142614956502e-05,0.0,0.0,0
2017-09-20,BBRI.JK,0.0,0.0,0.0,1.7694856961217378e-05,0.0,0.0,0
2017-09-21,BBRI.JK,0.0,0.0,0.0,1.3271142720913034e-05,0.0,0.0,0
2017-09-22,BBRI.JK,-1.0,1.0,-0.3333333333333333,-0.24999004664295932,-1.0,-1.0,-1
2017-09-25,BBRI.JK,0.0,1.0,-0.3333333333333333,-0.1874925349822195,0.14285714285714285,1.0,0
2017-09-26,BBRI.JK,-1.0,2.0,-0.6666666666666666,-0.3906194012366646,-0.8571428571428572,-1.0,-1
2017-09-27,BBRI.JK,0.0,1.0,-0.3333333333333333,-0.29296455092749846,0.2857142857142857,1.0,0
2017-09-28,BBRI.JK,0.0,1.0,-0.3333333333333333,-0.21972341319562383,0.2857142857142857,0.0,0
2017-09-29,BBRI.JK,0.0,0.0,0.0,-0.16479255989671787,0.2857142857142857,0.0,0
2017-10-02,BBRI.JK,0.0,0.0,0.0,-0.1235944199225384,0.2857142857142857,0.0,0
2017-10-03,BBRI.JK,0.0,0.0,0.0,-0.0926958149419038,0.2857142857142857,0.0,0
2017-10-04,BBRI.JK,0.0,0.0,0.0,-0.06952186120642785,0.14285714285714285,0.0,0
2017-10-05,BBRI.JK,0.0,0.0,0.0,-0.05214139590482089,0.14285714285714285,0.0,0
2017-10-06,BBRI.JK,0.0,0.0,0.0,-0.03910604692861567,0.0,0.0,0
2017-10-09,BBRI.JK,0.0,0.0,0.0,-0.029329535196461753,0.0,0.0,0
2017-10-10,BBRI.JK,0.0,0.0,0.0,-0.021997151397346315,0.0,0.0,0
2017-10-11,BBRI.JK,0.0,0.0,0.0,-0.016497863548009736,0.0,0.0,0
2017-10-12,BBRI.JK,0.0,0.0,0.0,-0.012373397661007302,0.0,0.0,0
2017-10-13,BBRI.JK,0.0,0.0,0.0,-0.009280048245755478,0.0,0.0,0
2017-10-16,BBRI.JK,0.0,0.0,0.0,-0.006960036184316608,0.0,0.0,0
2017-10-17,BBRI.JK,-1.0,1.0,-0.3333333333333333,-0.25522002713823744,-1.0,-1.0,-1
2017-10-18,BBRI.JK,-0.5555555555555556,10.0,-0.5185185185185185,-0.330303909242567,-0.41269841269841273,0.4444444444444444,-1
2017-10-19,BBRI.JK,-0.2,15.0,-0.5851851851851851,-0.2977279319319252,0.022222222222222227,0.35555555555555557,-1
2017-10-20,BBRI.JK,0.0,14.0,-0.2518518518518518,-0.2232959489489439,0.2507936507936508,0.2,0
2017-10-23,BBRI.JK,0.0,5.0,-0.06666666666666667,-0.16747196171170792,0.2507936507936508,0.0,0
2017-10-24,BBRI.JK,0.0,0.0,0.0,-0.12560397128378092,0.2507936507936508,0.0,0
2017-10-25,BBRI.JK,0.0,0.0,0.0,-0.0942029784628357,0.2507936507936508,0.0,0
2017-10-26,BBRI.JK,1.0,1.0,0.3333333333333333,0.17934776615287323,1.2507936507936508,1.0,1
2017-10-27,BBRI.JK,0.0,2.0,0.3333333333333333,0.1345108246146549,-0.03492063492063492,-1.0,0
2017-10-30,BBRI.JK,0.0,4.0,0.3333333333333333,0.10088311846099118,-0.1142857142857143,0.0,0
2017-10-31,BBRI.JK,0.0,3.0,0.0,0.07566233884574339,-0.14285714285714285,0.0,0
2017-11-01,BBRI.JK,0.0,2.0,0.0,0.05674675413430754,-0.14285714285714285,0.0,0
2017-11-02,BBRI.JK,0.0,0.0,0.0,0.042560065600730654,-0.14285714285714285,0.0,0
2017-11-03,BBRI.JK,0.0,1.0,0.0,0.03192004920054799,-0.14285714285714285,0.0,0
2017-11-06,BBRI.JK,0.0,2.0,0.0,0.02394003690041099,-0.14285714285714285,0.0,0
2017-11-07,BBRI.JK,0.0,2.0,0.0,0.017955027675308242,0.0,0.0,0
2017-11-08,BBRI.JK,0.0,1.0,0.0,0.013466270756481182,0.0,0.0,0
2017-11-09,BBRI.JK,0.0,0.0,0.0,0.010099703067360886,0.0,0.0,0
2017-11-10,BBRI.JK,-1.0,1.0,-0.3333333333333333,-0.24242522269947933,-1.0,-1.0,-1
2017-11-13,BBRI.JK,0.0,2.0,-0.3333333333333333,-0.1818189170246095,0.14285714285714285,1.0,0
2017-11-14,BBRI.JK,0.0,2.0,-0.3333333333333333,-0.13636418776845713,0.14285714285714285,0.0,0
2017-11-15,BBRI.JK,0.0,1.0,0.0,-0.10227314082634284,0.14285714285714285,0.0,0
2017-11-16,BBRI.JK,0.0,0.0,0.0,-0.07670485561975712,0.14285714285714285,0.0,0
2017-11-17,BBRI.JK,0.0,0.0,0.0,-0.05752864171481784,0.14285714285714285,0.0,0
2017-11-20,BBRI.JK,0.0,1.0,0.0,-0.04314648128611338,0.14285714285714285,0.0,0
2017-11-21,BBRI.JK,0.0,3.0,0.0,-0.03235986096458504,0.14285714285714285,0.0,0
2017-11-22,BBRI.JK,0.0,3.0,0.0,-0.02426989572343878,0.0,0.0,0
2017-11-23,BBRI.JK,0.0,2.0,0.0,-0.018202421792579086,0.0,0.0,0
2017-11-24,BBRI.JK,0.0,0.0,0.0,-0.013651816344434315,0.0,0.0,0
2017-11-27,BBRI.JK,1.0,1.0,0.3333333333333333,0.23976113774167426,1.0,1.0,1
2017-11-28,BBRI.JK,-1.0,2.0,0.0,-0.07017914669374431,-1.1428571428571428,-2.0,-1
2017-11-29,BBRI.JK,0.0,2.0,0.0,-0.05263436002030823,0.0,1.0,0
2017-11-30,BBRI.JK,0.0,1.0,-0.3333333333333333,-0.03947577001523117,0.0,0.0,0
2017-12-01,BBRI.JK,0.0,0.0,0.0,-0.029606827511423378,0.0,0.0,0
2017-12-04,BBRI.JK,0.0,0.0,0.0,-0.022205120633567534,0.0,0.0,0
2017-12-05,BBRI.JK,0.0,0.0,0.0,-0.016653840475175652,0.0,0.0,0
2017-12-06,BBRI.JK,-1.0,1.0,-0.3333333333333333,-0.2624903803563817,-1.0,-1.0,-1
2017-12-07,BBRI.JK,1.0,2.0,0.0,0.053132214732713706,1.2857142857142856,2.0,1
2017-12-08,BBRI.JK,0.0,2.0,0.0,0.03984916104953528,0.0,-1.0,0
2017-12-11,BBRI.JK,0.0,1.0,0.3333333333333333,0.029886870787151458,0.0,0.0,0
2017-12-12,BBRI.JK,0.0,0.0,0.0,0.022415153090363592,0.0,0.0,0
2017-12-13,BBRI.JK,0.0,0.0,0.0,0.016811364817772692,0.0,0.0,0
2017-12-14,BBRI.JK,1.0,1.0,0.3333333333333333,0.26260852361332954,1.0,1.0,1
2017-12-15,BBRI.JK,0.0,1.0,0.3333333333333333,0.19695639270999715,-0.14285714285714285,-1.0,0
2017-12-18,BBRI.JK,-0.5,3.0,0.16666666666666666,0.022717294532497878,-0.7857142857142857,-0.5,-1
2017-12-19,BBRI.JK,0.0,2.0,-0.16666666666666666,0.01703797089937341,-0.07142857142857142,0.5,0
2017-12-20,BBRI.JK,0.0,2.0,-0.16666666666666666,0.012778478174530056,-0.07142857142857142,0.0,0
2017-12-21,BBRI.JK,0.0,0.0,0.0,0.009583858630897543,-0.07142857142857142,0.0,0
2017-12-22,BBRI.JK,0.0,0.0,0.0,0.007187893973173157,-0.07142857142857142,0.0,0
2017-12-25,BBRI.JK,0.0,0.0,0.0,0.005390920479879868,-0.07142857142857142,0.0,0
2017-12-26,BBRI.JK,0.0,0.0,0.0,0.004043190359909901,0.07142857142857142,0.0,0
2017-12-27,BBRI.JK,0.0,2.0,0.0,0.0030323927699324256,0.07142857142857142,0.0,0
2017-12-28,BBRI.JK,-1.0,3.0,-0.3333333333333333,-0.24772570542255068,-1.0,-1.0,-1
2017-12-29,BBRI.JK,0.0,3.0,-0.3333333333333333,-0.185794279066913,0.14285714285714285,1.0,0
2018-01-01,BBRI.JK,0.0,1.0,-0.3333333333333333,-0.13934570930018475,0.14285714285714285,0.0,0
2018-01-02,BBRI.JK,0.0,0.0,0.0,-0.10450928197513856,0.14285714285714285,0.0,0
2018-01-03,BBRI.JK,0.0,0.0,0.0,-0.07838196148135393,0.14285714285714285,0.0,0
2018-01-04,BBRI.JK,0.0,0.0,0.0,-0.05878647111101545,0.14285714285714285,0.0,0
2018-01-05,BBRI.JK,0.0,0.0,0.0,-0.04408985333326158,0.14285714285714285,0.0,0
2018-01-08,BBRI.JK,-1.0,1.0,-0.3333333333333333,-0.2830673899999462,-0.8571428571428572,-1.0,-1
2018-01-09,BBRI.JK,0.0,1.0,-0.3333333333333333,-0.21230054249995964,0.14285714285714285,1.0,0
2018-01-10,BBRI.JK,-1.0,2.0,-0.6666666666666666,-0.4092254068749697,-0.8571428571428572,-1.0,-1
2018-01-11,BBRI.JK,0.0,1.0,-0.3333333333333333,-0.3069190551562273,0.2857142857142857,1.0,0
2018-01-12,BBRI.JK,0.0,1.0,-0.3333333333333333,-0.23018929136717048,0.2857142857142857,0.0,0
2018-01-15,BBRI.JK,0.0,0.0,0.0,-0.17264196852537786,0.2857142857142857,0.0,0
2018-01-16,BBRI.JK,-1.0,1.0,-0.3333333333333333,-0.3794814763940334,-0.7142857142857143,-1.0,-1
2018-01-17,BBRI.JK,0.0,1.0,-0.3333333333333333,-0.2846111072955251,0.42857142857142855,1.0,0
2018-01-18,BBRI.JK,0.0,1.0,-0.3333333333333333,-0.2134583304716438,0.2857142857142857,0.0,0
2018-01-19,BBRI.JK,0.0,0.0,0.0,-0.16009374785373287,0.2857142857142857,0.0,0
2018-01-22,BBRI.JK,0.0,0.0,0.0,-0.12007031089029965,0.14285714285714285,0.0,0
2018-01-23,BBRI.JK,0.0,0.0,0.0,-0.09005273316772475,0.14285714285714285,0.0,0
2018-01-24,BBRI.JK,-0.5,4.0,-0.16666666666666666,-0.19253954987579355,-0.35714285714285715,-0.5,-1
2018-01-25,BBRI.JK,0.0,4.0,-0.16666666666666666,-0.14440466240684516,0.21428571428571427,0.5,0
2018-01-26,BBRI.JK,0.0,4.0,-0.16666666666666666,-0.10830349680513388,0.07142857142857142,0.0,0
2018-01-29,BBRI.JK,0.0,0.0,0.0,-0.08122762260385041,0.07142857142857142,0.0,0
2018-01-30,BBRI.JK,1.0,1.0,0.3333333333333333,0.1890792830471122,1.0714285714285714,1.0,1
2018-01-31,BBRI.JK,0.0,1.0,0.3333333333333333,0.14180946228533414,-0.07142857142857142,-1.0,0
2018-02-01,BBRI.JK,0.0,1.0,0.3333333333333333,0.1063570967140006,-0.07142857142857142,0.0,0
2018-02-02,BBRI.JK,0.0,0.0,0.0,0.07976782253550045,-0.07142857142857142,0.0,0
2018-02-05,BBRI.JK,0.0,0.0,0.0,0.059825866901625335,-0.14285714285714285,0.0,0
2018-02-06,BBRI.JK,0.0,0.0,0.0,0.044869400176219,-0.14285714285714285,0.0,0
2018-02-07,BBRI.JK,0.0,0.0,0.0,0.033652050132164255,-0.14285714285714285,0.0,0
2018-02-08,BBRI.JK,0.0,0.0,0.0,0.02523903759912319,-0.14285714285714285,0.0,0
2018-02-09,BBRI.JK,0.0,0.0,0.0,0.018929278199342394,0.0,0.0,0
2018-02-12,BBRI.JK,0.0,0.0,0.0,0.014196958649506795,0.0,0.0,0
2018-02-13,BBRI.JK,0.0,0.0,0.0,0.010647718987130097,0.0,0.0,0
2018-02-14,BBRI.JK,0.0,0.0,0.0,0.007985789240347572,0.0,0.0,0
2018-02-15,BBRI.JK,0.0,0.0,0.0,0.005989341930260679,0.0,0.0,0
2018-02-16,BBRI.JK,0.0,0.0,0.0,0.004492006447695509,0.0,0.0,0
2018-02-19,BBRI.JK,0.0,0.0,0.0,0.0033690048357716317,0.0,0.0,0
2018-02-20,BBRI.JK,0.0,0.0,0.0,0.002526753626828724,0.0,0.0,0
2018-02-21,BBRI.JK,0.0,0.0,0.0,0.001895065220121543,0.0,0.0,0
2018-02-22,BBRI.JK,0.0,0.0,0.0,0.0014212989150911572,0.0,0.0,0
2018-02-23,BBRI.JK,0.0,0.0,0.0,0.001065974186318368,0.0,0.0,0
2018-02-26,BBRI.JK,0.0,0.0,0.0,0.000799480639738776,0.0,0.0,0
2018-02-27,BBRI.JK,0.0,0.0,0.0,0.0005996104798040821,0.0,0.0,0
2018-02-28,BBRI.JK,-1.0,1.0,-0.3333333333333333,-0.24955029214014693,-1.0,-1.0,-1
2018-03-01,BBRI.JK,0.0,1.0,-0.3333333333333333,-0.1871627191051102,0.14285714285714285,1.0,0
2018-03-02,BBRI.JK,0.0,1.0,-0.3333333333333333,-0.14037203932883266,0.14285714285714285,0.0,0
2018-03-05,BBRI.JK,0.3333333333333333,3.0,0.1111111111111111,-0.02194569616329116,0.47619047619047616,0.3333333333333333,1
2018-03-06,BBRI.JK,0.0,3.0,0.1111111111111111,-0.01645927212246837,0.09523809523809525,-0.3333333333333333,0
2018-03-07,BBRI.JK,0.0,3.0,0.1111111111111111,-0.012344454091851278,0.09523809523809525,0.0,0
2018-03-08,BBRI.JK,0.0,0.0,0.0,-0.009258340568888457,0.09523809523809525,0.0,0
2018-03-09,BBRI.JK,0.0,0.0,0.0,-0.006943755426666343,0.09523809523809525,0.0,0
2018-03-12,BBRI.JK,0.0,1.0,0.0,-0.005207816569999757,-0.047619047619047616,0.0,0
2018-03-13,BBRI.JK,-1.0,4.0,-0.3333333333333333,-0.2539058624274998,-1.0476190476190477,-1.0,-1
2018-03-14,BBRI.JK,-1.0,6.0,-0.6666666666666666,-0.4404293968206249,-0.9047619047619048,0.0,-1
2018-03-15,BBRI.JK,-1.0,7.0,-1.0,-0.5803220476154687,-0.7142857142857143,0.0,-1
2018-03-16,BBRI.JK,0.0,6.0,-0.6666666666666666,-0.4352415357116015,0.42857142857142855,1.0,0
2018-03-19,BBRI.JK,-1.0,7.0,-0.6666666666666666,-0.5764311517837011,-0.5714285714285714,-1.0,-1
2018-03-20,BBRI.JK,-1.0,6.0,-0.6666666666666666,-0.6823233638377758,-0.4285714285714286,0.0,-1
2018-03-21,BBRI.JK,-1.0,6.0,-1.0,-0.7617425228783319,-0.2857142857142857,0.0,-1
2018-03-22,BBRI.JK,-0.2857142857142857,10.0,-0.7619047619047619,-0.6427354635873204,0.5714285714285714,0.7142857142857143,-1
2018-03-23,BBRI.JK,0.0,9.0,-0.42857142857142855,-0.4820515976904903,0.7551020408163265,0.2857142857142857,0
2018-03-26,BBRI.JK,-1.0,10.0,-0.42857142857142855,-0.6115386982678677,-0.3877551020408163,-1.0,-1
2018-03-27,BBRI.JK,-1.0,4.0,-0.6666666666666666,-0.7086540237009007,-0.3877551020408163,0.0,-1
2018-03-28,BBRI.JK,-1.0,5.0,-1.0,-0.7814905177756755,-0.24489795918367352,0.0,-1
2018-03-29,BBRI.JK,0.0,2.0,-0.6666666666666666,-0.5861178883317566,0.7551020408163265,1.0,0
2018-03-30,BBRI.JK,0.0,1.0,-0.3333333333333333,-0.43958841624881745,0.6122448979591837,0.0,0
2018-04-02,BBRI.JK,-1.0,2.0,-0.3333333333333333,-0.5796913121866131,-0.5306122448979592,-1.0,-1
2018-04-03,BBRI.JK,0.0,2.0,-0.3333333333333333,-0.43476848413995983,0.5714285714285714,1.0,0
2018-04-04,BBRI.JK,0.0,3.0,-0.3333333333333333,-0.3260763631049699,0.5714285714285714,0.0,0
2018-04-05,BBRI.JK,-0.5,3.0,-0.16666666666666666,-0.3695572723287274,-0.07142857142857145,-0.5,-1
2018-04-06,BBRI.JK,-1.0,4.0,-0.5,-0.5271679542465455,-0.6428571428571428,-0.5,-1
2018-04-09,BBRI.JK,0.0,4.0,-0.5,-0.3953759656849091,0.35714285714285715,1.0,0
2018-04-10,BBRI.JK,0.0,2.0,-0.3333333333333333,-0.29653197426368183,0.35714285714285715,0.0,0
2018-04-11,BBRI.JK,1.0,3.0,0.3333333333333333,0.027601019302238627,1.3571428571428572,1.0,1
2018-04-12,BBRI.JK,-1.0,3.0,0.0,-0.22929923552332104,-0.9285714285714286,-2.0,-1
2018-04-13,BBRI.JK,0.0,3.0,0.0,-0.1719744266424908,0.21428571428571427,1.0,0
2018-04-16,BBRI.JK,0.0,1.0,-0.3333333333333333,-0.1289808199818681,0.21428571428571427,0.0,0
2018-04-17,BBRI.JK,0.0,0.0,0.0,-0.09673561498640108,0.14285714285714285,0.0,0
2018-04-18,BBRI.JK,-1.0,1.0,-0.3333333333333333,-0.3225517112398008,-1.0,-1.0,-1
2018-04-19,BBRI.JK,0.0,1.0,-0.3333333333333333,-0.2419137834298506,0.14285714285714285,1.0,0
2018-04-20,BBRI.JK,0.0,1.0,-0.3333333333333333,-0.18143533757238794,0.14285714285714285,0.0,0
2018-04-23,BBRI.JK,-1.0,2.0,-0.3333333333333333,-0.386076503179291,-0.7142857142857143,-1.0,-1
2018-04-24,BBRI.JK,0.0,2.0,-0.3333333333333333,-0.28955737738446824,0.2857142857142857,1.0,0
2018-04-25,BBRI.JK,0.0,2.0,-0.3333333333333333,-0.2171680330383512,0.2857142857142857,0.0,0
2018-04-26,BBRI.JK,0.0,0.0,0.0,-0.1628760247787634,0.2857142857142857,0.0,0
2018-04-27,BBRI.JK,0.0,0.0,0.0,-0.12215701858407255,0.2857142857142857,0.0,0
2018-04-30,BBRI.JK,0.0,0.0,0.0,-0.0916177639380544,0.14285714285714285,0.0,0
2018-05-01,BBRI.JK,0.0,0.0,0.0,-0.0687133229535408,0.14285714285714285,0.0,0
2018-05-02,BBRI.JK,0.0,3.0,0.0,-0.051534992215155596,0.14285714285714285,0.0,0
2018-05-03,BBRI.JK,0.0,3.0,0.0,-0.0386512441613667,0.0,0.0,0
2018-05-04,BBRI.JK,-0.3333333333333333,6.0,-0.1111111111111111,-0.11232176645435835,-0.3333333333333333,-0.3333333333333333,-1
2018-05-07,BBRI.JK,0.0,3.0,-0.1111111111111111,-0.08424132484076877,0.047619047619047616,0.3333333333333333,0
2018-05-08,BBRI.JK,0.0,3.0,-0.1111111111111111,-0.06318099363057658,0.047619047619047616,0.0,0
2018-05-09,BBRI.JK,-0.6666666666666666,3.0,-0.2222222222222222,-0.2140524118895991,-0.6190476190476191,-0.6666666666666666,-1
2018-05-10,BBRI.JK,0.0,3.0,-0.2222222222222222,-0.1605393089171993,0.14285714285714285,0.6666666666666666,0
2018-05-11,BBRI.JK,0.0,5.0,-0.2222222222222222,-0.12040448168789948,0.14285714285714285,0.0,0
2018-05-14,BBRI.JK,0.0,2.0,0.0,-0.09030336126592461,0.14285714285714285,0.0,0
2018-05-15,BBRI.JK,0.0,2.0,0.0,-0.06772752094944345,0.14285714285714285,0.0,0
2018-05-16,BBRI.JK,0.0,0.0,0.0,-0.05079564071208259,0.09523809523809522,0.0,0
2018-05-17,BBRI.JK,0.0,0.0,0.0,-0.03809673053406194,0.09523809523809522,0.0,0
2018-05-18,BBRI.JK,-1.0,1.0,-0.3333333333333333,-0.2785725479005465,-0.9047619047619048,-1.0,-1
2018-05-21,BBRI.JK,0.0,1.0,-0.3333333333333333,-0.20892941092540984,0.14285714285714285,1.0,0
2018-05-22,BBRI.JK,-1.0,2.0,-0.6666666666666666,-0.4066970581940574,-0.8571428571428572,-1.0,-1
2018-05-23,BBRI.JK,0.0,1.0,-0.3333333333333333,-0.305022793645543,0.2857142857142857,1.0,0
2018-05-24,BBRI.JK,0.0,1.0,-0.3333333333333333,-0.22876709523415728,0.2857142857142857,0.0,0
2018-05-25,BBRI.JK,0.0,0.0,0.0,-0.17157532142561796,0.2857142857142857,0.0,0
2018-05-28,BBRI.JK,0.0,0.0,0.0,-0.12868149106921348,0.2857142857142857,0.0,0
2018-05-29,BBRI.JK,0.0,0.0,0.0,-0.09651111830191011,0.2857142857142857,0.0,0
2018-05-30,BBRI.JK,0.0,0.0,0.0,-0.07238333872643259,0.14285714285714285,0.0,0
2018-05-31,BBRI.JK,0.0,0.0,0.0,-0.054287504044824436,0.14285714285714285,0.0,0
2018-06-01,BBRI.JK,1.0,1.0,0.3333333333333333,0.20928437196638167,1.0,1.0,1
2018-06-04,BBRI.JK,0.0,1.0,0.3333333333333333,0.15696327897478624,-0.14285714285714285,-1.0,0
2018-06-05,BBRI.JK,0.0,1.0,0.3333333333333333,0.11772245923108968,-0.14285714285714285,0.0,0
2018-06-06,BBRI.JK,0.0,0.0,0.0,0.08829184442331725,-0.14285714285714285,0.0,0
2018-06-07,BBRI.JK,0.0,0.0,0.0,0.06621888331748793,-0.14285714285714285,0.0,0
2018-06-08,BBRI.JK,0.0,0.0,0.0,0.04966416248811595,-0.14285714285714285,0.0,0
2018-06-11,BBRI.JK,0.0,0.0,0.0,0.03724812186608696,-0.14285714285714285,0.0,0
2018-06-12,BBRI.JK,0.0,0.0,0.0,0.02793609139956522,-0.14285714285714285,0.0,0
2018-06-13,BBRI.JK,0.0,0.0,0.0,0.020952068549673915,0.0,0.0,0
2018-06-14,BBRI.JK,0.0,0.0,0.0,0.015714051412255438,0.0,0.0,0
2018-06-15,BBRI.JK,0.0,0.0,0.0,0.011785538559191578,0.0,0.0,0
2018-06-18,BBRI.JK,0.0,0.0,0.0,0.008839153919393683,0.0,0.0,0
2018-06-19,BBRI.JK,0.0,0.0,0.0,0.006629365439545263,0.0,0.0,0
2018-06-20,BBRI.JK,0.0,0.0,0.0,0.004972024079658947,0.0,0.0,0
2018-06-21,BBRI.JK,0.0,0.0,0.0,0.00372901805974421,0.0,0.0,0
2018-06-22,BBRI.JK,-1.0,1.0,-0.3333333333333333,-0.24720323645519185,-1.0,-1.0,-1
2018-06-25,BBRI.JK,0.0,1.0,-0.3333333333333333,-0.1854024273413939,0.14285714285714285,1.0,0
2018-06-26,BBRI.JK,-1.0,2.0,-0.6666666666666666,-0.3890518205060454,-0.8571428571428572,-1.0,-1
2018-06-27,BBRI.JK,0.0,1.0,-0.3333333333333333,-0.2917888653795341,0.2857142857142857,1.0,0
2018-06-28,BBRI.JK,-1.0,2.0,-0.6666666666666666,-0.46884164903465053,-0.7142857142857143,-1.0,-1
2018-06-29,BBRI.JK,0.0,1.0,-0.3333333333333333,-0.3516312367759879,0.42857142857142855,1.0,0
2018-07-02,BBRI.JK,0.0,2.0,-0.3333333333333333,-0.2637234275819909,0.42857142857142855,0.0,0
2018-07-03,BBRI.JK,0.0,1.0,0.0,-0.1977925706864932,0.42857142857142855,0.0,0
2018-07-04,BBRI.JK,0.0,1.0,0.0,-0.1483444280148699,0.2857142857142857,0.0,0
2018-07-05,BBRI.JK,0.0,0.0,0.0,-0.11125832101115243,0.2857142857142857,0.0,0
2018-07-06,BBRI.JK,0.0,0.0,0.0,-0.08344374075836433,0.14285714285714285,0.0,0
2018-07-09,BBRI.JK,0.0,0.0,0.0,-0.06258280556877324,0.14285714285714285,0.0,0
2018-07-10,BBRI.JK,-1.0,1.0,-0.3333333333333333,-0.2969371041765799,-1.0,-1.0,-1
2018-07-11,BBRI.JK,0.0,1.0,-0.3333333333333333,-0.22270282813243494,0.14285714285714285,1.0,0
2018-07-12,BBRI.JK,-1.0,2.0,-0.6666666666666666,-0.4170271210993262,-0.8571428571428572,-1.0,-1
2018-07-13,BBRI.JK,0.0,1.0,-0.3333333333333333,-0.3127703408244947,0.2857142857142857,1.0,0
2018-07-16,BBRI.JK,0.0,1.0,-0.3333333333333333,-0.23457775561837102,0.2857142857142857,0.0,0
2018-07-17,BBRI.JK,-1.0,1.0,-0.3333333333333333,-0.42593331671377826,-0.7142857142857143,-1.0,-1
2018-07-18,BBRI.JK,0.0,3.0,-0.3333333333333333,-0.3194499875353337,0.42857142857142855,1.0,0
2018-07-19,BBRI.JK,0.0,3.0,-0.3333333333333333,-0.23958749065150028,0.42857142857142855,0.0,0
2018-07-20,BBRI.JK,0.0,2.0,0.0,-0.1796906179886252,0.2857142857142857,0.0,0
2018-07-23,BBRI.JK,0.0,2.0,0.0,-0.1347679634914689,0.2857142857142857,0.0,0
2018-07-24,BBRI.JK,0.0,2.0,0.0,-0.10107597261860168,0.14285714285714285,0.0,0
2018-07-25,BBRI.JK,0.0,2.0,0.0,-0.07580697946395126,0.14285714285714285,0.0,0
2018-07-26,BBRI.JK,0.0,0.0,0.0,-0.05685523459796345,0.14285714285714285,0.0,0
2018-07-27,BBRI.JK,0.0,0.0,0.0,-0.04264142594847259,0.0,0.0,0
2018-07-30,BBRI.JK,0.0,0.0,0.0,-0.03198106946135444,0.0,0.0,0
2018-07-31,BBRI.JK,0.0,0.0,0.0,-0.02398580209601583,0.0,0.0,0
2018-08-01,BBRI.JK,0.0,0.0,0.0,-0.017989351572011873,0.0,0.0,0
2018-08-02,BBRI.JK,1.0,1.0,0.3333333333333333,0.2365079863209911,1.0,1.0,1
2018-08-03,BBRI.JK,0.0,1.0,0.3333333333333333,0.17738098974074332,-0.14285714285714285,-1.0,0
2018-08-06,BBRI.JK,0.0,1.0,0.3333333333333333,0.13303574230555748,-0.14285714285714285,0.0,0
2018-08-07,BBRI.JK,0.0,0.0,0.0,0.09977680672916811,-0.14285714285714285,0.0,0
2018-08-08,BBRI.JK,0.0,0.0,0.0,0.07483260504687608,-0.14285714285714285,0.0,0
2018-08-09,BBRI.JK,-1.0,1.0,-0.3333333333333333,-0.19387554621484293,-1.1428571428571428,-1.0,-1
2018-08-10,BBRI.JK,0.0,1.0,-0.3333333333333333,-0.1454066596611322,0.0,1.0,0
2018-08-13,BBRI.JK,0.0,1.0,-0.3333333333333333,-0.10905499474584915,0.0,0.0,0
2018-08-14,BBRI.JK,0.0,0.0,0.0,-0.08179124605938687,0.14285714285714285,0.0,0
2018-08-15,BBRI.JK,0.0,0.0,0.0,-0.06134343454454015,0.14285714285714285,0.0,0
2018-08-16,BBRI.JK,0.0,2.0,0.0,-0.04600757590840511,0.14285714285714285,0.0,0
2018-08-17,BBRI.JK,0.0,2.0,0.0,-0.034505681931303836,0.14285714285714285,0.0,0
2018-08-20,BBRI.JK,0.5,4.0,0.16666666666666666,0.09912073855152212,0.6428571428571428,0.5,1
2018-08-21,BBRI.JK,0.0,2.0,0.16666666666666666,0.07434055391364158,-0.07142857142857142,-0.5,0
2018-08-22,BBRI.JK,0.0,2.0,0.16666666666666666,0.05575541543523119,-0.07142857142857142,0.0,0
2018-08-23,BBRI.JK,0.0,0.0,0.0,0.04181656157642339,-0.07142857142857142,0.0,0
2018-08-24,BBRI.JK,0.0,0.0,0.0,0.031362421182317544,-0.07142857142857142,0.0,0
2018-08-27,BBRI.JK,0.0,0.0,0.0,0.023521815886738157,-0.07142857142857142,0.0,0
2018-08-28,BBRI.JK,0.0,0.0,0.0,0.017641361915053617,-0.07142857142857142,0.0,0
2018-08-29,BBRI.JK,0.0,0.0,0.0,0.013231021436290213,-0.07142857142857142,0.0,0
2018-08-30,BBRI.JK,0.0,0.0,0.0,0.00992326607721766,0.0,0.0,0
2018-08-31,BBRI.JK,0.0,0.0,0.0,0.0074424495579132445,0.0,0.0,0
2018-09-03,BBRI.JK,-0.6,5.0,-0.19999999999999998,-0.14441816283156506,-0.6,-0.6,-1
2018-09-04,BBRI.JK,-1.0,6.0,-0.5333333333333333,-0.3583136221236738,-0.9142857142857143,-0.4,-1
2018-09-05,BBRI.JK,0.0,6.0,-0.5333333333333333,-0.26873521659275534,0.2285714285714286,1.0,0
2018-09-06,BBRI.JK,0.0,1.0,-0.3333333333333333,-0.2015514124445665,0.2285714285714286,0.0,0
2018-09-07,BBRI.JK,0.0,2.0,0.0,-0.15116355933342487,0.2285714285714286,0.0,0
2018-09-10,BBRI.JK,0.0,2.0,0.0,-0.11337266950006866,0.2285714285714286,0.0,0
2018-09-11,BBRI.JK,0.0,2.0,0.0,-0.0850295021250515,0.2285714285714286,0.0,0
2018-09-12,BBRI.JK,0.0,0.0,0.0,-0.06377212659378863,0.2285714285714286,0.0,0
2018-09-13,BBRI.JK,0.0,0.0,0.0,-0.047829094945341474,0.14285714285714285,0.0,0
2018-09-14,BBRI.JK,0.0,0.0,0.0,-0.0358718212090061,0.0,0.0,0
2018-09-17,BBRI.JK,0.0,0.0,0.0,-0.026903865906754577,0.0,0.0,0
2018-09-18,BBRI.JK,0.0,0.0,0.0,-0.020177899430065933,0.0,0.0,0
2018-09-19,BBRI.JK,0.0,0.0,0.0,-0.01513342457254945,0.0,0.0,0
2018-09-20,BBRI.JK,0.0,0.0,0.0,-0.011350068429412087,0.0,0.0,0
2018-09-21,BBRI.JK,0.0,0.0,0.0,-0.008512551322059065,0.0,0.0,0
2018-09-24,BBRI.JK,0.0,0.0,0.0,-0.0063844134915442986,0.0,0.0,0
2018-09-25,BBRI.JK,0.0,1.0,0.0,-0.004788310118658224,0.0,0.0,0
2018-09-26,BBRI.JK,1.0,2.0,0.3333333333333333,0.24640876741100634,1.0,1.0,1
2018-09-27,BBRI.JK,0.0,3.0,0.3333333333333333,0.18480657555825475,-0.14285714285714285,-1.0,0
2018-09-28,BBRI.JK,0.5,4.0,0.5,0.26360493166869103,0.35714285714285715,0.5,1
2018-10-01,BBRI.JK,-0.3333333333333333,6.0,0.055555555555555525,0.11437036541818495,-0.5476190476190476,-0.8333333333333333,-1
2018-10-02,BBRI.JK,0.0,5.0,0.055555555555555525,0.0857777740636387,-0.16666666666666666,0.3333333333333333,0
2018-10-03,BBRI.JK,0.0,3.0,-0.11111111111111115,0.06433333054772902,-0.16666666666666666,0.0,0
2018-10-04,BBRI.JK,0.0,0.0,0.0,0.04824999791079677,-0.16666666666666666,0.0,0
2018-10-05,BBRI.JK,0.0,1.0,0.0,0.03618749843309758,-0.16666666666666666,0.0,0
2018-10-08,BBRI.JK,0.0,2.0,0.0,0.027140623824823185,-0.023809523809523798,0.0,0
2018-10-09,BBRI.JK,0.0,2.0,0.0,0.02035546786861739,-0.023809523809523798,0.0,0
2018-10-10,BBRI.JK,0.0,2.0,0.0,0.015266600901463041,0.04761904761904763,0.0,0
2018-10-11,BBRI.JK,0.0,2.0,0.0,0.011449950676097281,0.0,0.0,0
2018-10-12,BBRI.JK,0.0,2.0,0.0,0.00858746300707296,0.0,0.0,0
2018-10-15,BBRI.JK,0.0,1.0,0.0,0.00644059725530472,0.0,0.0,0
2018-10-16,BBRI.JK,0.0,0.0,0.0,0.00483044794147854,0.0,0.0,0
2018-10-17,BBRI.JK,0.0,0.0,0.0,0.003622835956108905,0.0,0.0,0
2018-10-18,BBRI.JK,0.0,0.0,0.0,0.002717126967081679,0.0,0.0,0
2018-10-19,BBRI.JK,0.0,0.0,0.0,0.002037845225311259,0.0,0.0,0
2018-10-22,BBRI.JK,0.0,0.0,0.0,0.0015283839189834444,0.0,0.0,0
2018-10-23,BBRI.JK,0.0,0.0,0.0,0.0011462879392375833,0.0,0.0,0
2018-10-24,BBRI.JK,0.0,0.0,0.0,0.0008597159544281875,0.0,0.0,0
2018-10-25,BBRI.JK,-0.3333333333333333,3.0,-0.11111111111111115,-0.08268854636751219,-0.3333333333333333,-0.3333333333333333,-1
2018-10-26,BBRI.JK,0.0,4.0,-0.11111111111111115,-0.06201640977563414,0.04761904761904763,0.3333333333333333,0
2018-10-29,BBRI.JK,-1.0,5.0,-0.4444444444444445,-0.2965123073317256,-0.9523809523809523,-1.0,-1
2018-10-30,BBRI.JK,0.0,2.0,-0.3333333333333334,-0.22238423049879422,0.1904761904761905,1.0,0
2018-10-31,BBRI.JK,0.0,1.0,-0.3333333333333334,-0.16678817287409567,0.1904761904761905,0.0,0
2018-11-01,BBRI.JK,0.0,0.0,0.0,-0.12509112965557176,0.1904761904761905,0.0,0
2018-11-02,BBRI.JK,0.0,0.0,0.0,-0.09381834724167881,0.1904761904761905,0.0,0
2018-11-05,BBRI.JK,1.0,1.0,0.33333333333333326,0.1796362395687409,1.1904761904761905,1.0,1
2018-11-06,BBRI.JK,0.0,1.0,0.33333333333333326,0.13472717967655568,3.172065784643304e-17,-1.0,0
2018-11-07,BBRI.JK,0.0,1.0,0.33333333333333326,0.10104538475741676,2.3790493384824782e-17,0.0,0
2018-11-08,BBRI.JK,0.0,0.0,0.0,0.07578403856806257,-0.14285714285714282,0.0,0
2018-11-09,BBRI.JK,-1.0,1.0,-0.3333333333333334,-0.19316197107395308,-1.1428571428571428,-1.0,-1
2018-11-12,BBRI.JK,0.0,1.0,-0.3333333333333334,-0.14487147830546482,3.172065784643304e-17,1.0,0
2018-11-13,BBRI.JK,0.0,1.0,-0.3333333333333334,-0.10865360872909861,3.172065784643304e-17,0.0,0
2018-11-14,BBRI.JK,0.0,0.0,0.0,-0.08149020654682396,3.172065784643304e-17,0.0,0
2018-11-15,BBRI.JK,0.0,0.0,0.0,-0.06111765491011797,0.14285714285714288,0.0,0
2018-11-16,BBRI.JK,1.0,1.0,0.33333333333333326,0.20416175881741153,1.1428571428571428,1.0,1
2018-11-19,BBRI.JK,0.0,1.0,0.33333333333333326,0.15312131911305865,3.172065784643304e-17,-1.0,0
2018-11-20,BBRI.JK,0.0,1.0,0.33333333333333326,0.11484098933479399,3.172065784643304e-17,0.0,0
2018-11-21,BBRI.JK,0.0,0.0,0.0,0.0861307420010955,-0.14285714285714282,0.0,0
2018-11-22,BBRI.JK,0.0,0.0,0.0,0.06459805650082162,-0.14285714285714282,0.0,0
2018-11-23,BBRI.JK,0.0,0.0,0.0,0.048448542375616216,-0.14285714285714282,0.0,0
2018-11-26,BBRI.JK,0.0,0.0,0.0,0.03633640678171216,-0.14285714285714282,0.0,0
2018-11-27,BBRI.JK,0.0,0.0,0.0,0.027252305086284123,-0.14285714285714282,0.0,0
2018-11-28,BBRI.JK,0.0,0.0,0.0,0.020439228814713092,0.0,0.0,0
2018-11-29,BBRI.JK,0.0,1.0,0.0,0.01532942161103482,0.0,0.0,0
2018-11-30,BBRI.JK,0.0,1.0,0.0,0.011497066208276115,0.0,0.0,0
2018-12-03,BBRI.JK,0.0,1.0,0.0,0.008622799656207086,0.0,0.0,0
2018-12-04,BBRI.JK,0.0,0.0,0.0,0.006467099742155314,0.0,0.0,0
2018-12-05,BBRI.JK,0.0,0.0,0.0,0.004850324806616486,0.0,0.0,0
2018-12-06,BBRI.JK,0.0,0.0,0.0,0.0036377436049623646,0.0,0.0,0
2018-12-07,BBRI.JK,-0.5,2.0,-0.16666666666666674,-0.12227169229627823,-0.5,-0.5,-1
2018-12-10,BBRI.JK,0.0,4.0,-0.16666666666666674,-0.09170376922220867,0.07142857142857147,0.5,0
2018-12-11,BBRI.JK,0.0,5.0,-0.16666666666666674,-0.0687778269166565,0.07142857142857147,0.0,0
2018-12-12,BBRI.JK,0.0,4.0,0.0,-0.05158337018749237,0.07142857142857147,0.0,0
2018-12-13,BBRI.JK,0.0,2.0,0.0,-0.03868752764061928,0.07142857142857147,0.0,0
2018-12-14,BBRI.JK,0.0,1.0,0.0,-0.02901564573046446,0.07142857142857147,0.0,0
2018-12-17,BBRI.JK,0.3333333333333333,3.0,0.11111111111111104,0.06157159903548498,0.40476190476190477,0.3333333333333333,1
2018-12-18,BBRI.JK,0.0,4.0,0.11111111111111104,0.046178699276613736,0.023809523809523843,-0.3333333333333333,0
2018-12-19,BBRI.JK,0.0,5.0,0.11111111111111104,0.034634024457460305,-0.04761904761904758,0.0,0
2018-12-20,BBRI.JK,0.0,2.0,0.0,0.02597551834309523,-0.04761904761904758,0.0,0
2018-12-21,BBRI.JK,-1.0,2.0,-0.3333333333333334,-0.23051836124267858,-1.0476190476190477,-1.0,-1
2018-12-24,BBRI.JK,0.0,1.0,-0.3333333333333334,-0.17288877093200894,0.09523809523809527,1.0,0
2018-12-25,BBRI.JK,0.0,1.0,-0.3333333333333334,-0.1296665781990067,0.09523809523809527,0.0,0
2018-12-26,BBRI.JK,0.0,0.0,0.0,-0.09724993364925502,0.09523809523809527,0.0,0
2018-12-27,BBRI.JK,-1.0,2.0,-0.3333333333333334,-0.32293745023694126,-0.8571428571428571,-1.0,-1
2018-12-28,BBRI.JK,0.0,2.0,-0.3333333333333334,-0.24220308767770593,0.2857142857142857,1.0,0
2018-12-31,BBRI.JK,-0.3333333333333333,5.0,-0.4444444444444445,-0.26498564909161276,-0.047619047619047616,-0.3333333333333333,-1
2019-01-01,BBRI.JK,0.0,3.0,-0.11111111111111117,-0.19873923681870959,0.33333333333333337,0.3333333333333333,0
2019-01-02,BBRI.JK,0.0,3.0,-0.11111111111111117,-0.1490544276140322,0.1904761904761905,0.0,0
2019-01-03,BBRI.JK,-0.2857142857142857,7.0,-0.0952380952380953,-0.18321939213909558,-0.0952380952380952,-0.2857142857142857,-1
2019-01-04,BBRI.JK,-0.2,12.0,-0.16190476190476197,-0.18741454410432168,0.031292517006802745,0.08571428571428569,-1
2019-01-07,BBRI.JK,0.0,12.0,-0.16190476190476197,-0.14056090807824126,0.25986394557823134,0.2,0
2019-01-08,BBRI.JK,0.0,5.0,-0.06666666666666675,-0.10542068105868094,0.11700680272108846,0.0,0
2019-01-09,BBRI.JK,-1.0,1.0,-0.3333333333333334,-0.3290655107940107,-0.8829931972789116,-1.0,-1
2019-01-10,BBRI.JK,0.0,1.0,-0.3333333333333334,-0.24679913309550802,0.21224489795918372,1.0,0
2019-01-11,BBRI.JK,0.0,1.0,-0.3333333333333334,-0.185099349821631,0.21224489795918372,0.0,0
2019-01-14,BBRI.JK,0.0,0.0,0.0,-0.13882451236622326,0.21224489795918372,0.0,0
2019-01-15,BBRI.JK,1.0,1.0,0.33333333333333326,0.14588161572533256,1.1714285714285715,1.0,1
2019-01-16,BBRI.JK,0.0,1.0,0.33333333333333326,0.10941121179399943,3.172065784643304e-17,-1.0,0
2019-01-17,BBRI.JK,0.0,1.0,0.33333333333333326,0.08205840884549957,3.9650822308041306e-17,0.0,0
2019-01-18,BBRI.JK,0.0,0.0,0.0,0.061543806634124676,3.9650822308041306e-17,0.0,0
2019-01-21,BBRI.JK,0.0,0.0,0.0,0.04615785497559351,-0.14285714285714282,0.0,0
2019-01-22,BBRI.JK,0.0,0.0,0.0,0.034618391231695134,-0.14285714285714282,0.0,0
2019-01-23,BBRI.JK,-0.5,2.0,-0.16666666666666674,-0.09903620657622865,-0.6428571428571428,-0.5,-1
2019-01-24,BBRI.JK,1.0,3.0,0.1666666666666666,0.1757228450678285,0.9285714285714286,1.5,1
2019-01-25,BBRI.JK,0.0,3.0,0.1666666666666666,0.13179213380087137,-0.0714285714285714,-1.0,0
2019-01-28,BBRI.JK,0.0,1.0,0.33333333333333326,0.09884410035065352,-0.0714285714285714,0.0,0
2019-01-29,BBRI.JK,0.0,0.0,0.0,0.07413307526299015,-0.0714285714285714,0.0,0
2019-01-30,BBRI.JK,1.0,2.0,0.33333333333333326,0.3055998064472426,0.9285714285714286,1.0,1
2019-01-31,BBRI.JK,1.0,3.0,0.6666666666666666,0.4791998548354319,0.7857142857142858,0.0,1
2019-02-01,BBRI.JK,0.0,3.0,0.6666666666666666,0.35939989112657394,-0.35714285714285715,-1.0,0
2019-02-04,BBRI.JK,0.0,1.0,0.33333333333333326,0.2695499183449305,-0.42857142857142855,0.0,0
2019-02-05,BBRI.JK,0.0,0.0,0.0,0.20216243875869785,-0.2857142857142857,0.0,0
2019-02-06,BBRI.JK,0.0,1.0,0.0,0.15162182906902338,-0.2857142857142857,0.0,0
2019-02-07,BBRI.JK,0.0,2.0,0.0,0.11371637180176754,-0.2857142857142857,0.0,0
2019-02-08,BBRI.JK,-0.5,4.0,-0.16666666666666674,-0.03971272114867434,-0.7857142857142857,-0.5,-1
2019-02-11,BBRI.JK,0.0,3.0,-0.16666666666666674,-0.029784540861505757,-0.0714285714285714,0.5,0
2019-02-12,BBRI.JK,0.0,2.0,-0.16666666666666674,-0.02233840564612932,0.07142857142857147,0.0,0
2019-02-13,BBRI.JK,0.0,0.0,0.0,-0.01675380423459699,0.07142857142857147,0.0,0
2019-02-14,BBRI.JK,0.0,0.0,0.0,-0.01256535317594774,0.07142857142857147,0.0,0
2019-02-15,BBRI.JK,0.0,0.0,0.0,-0.009424014881960804,0.07142857142857147,0.0,0
2019-02-18,BBRI.JK,0.0,0.0,0.0,-0.007068011161470603,0.07142857142857147,0.0,0
2019-02-19,BBRI.JK,0.0,0.0,0.0,-0.0053010083711029525,0.07142857142857147,0.0,0
2019-02-20,BBRI.JK,0.0,0.0,0.0,-0.003975756278327214,0.0,0.0,0
2019-02-21,BBRI.JK,0.0,0.0,0.0,-0.0029818172087454106,0.0,0.0,0
2019-02-22,BBRI.JK,0.0,0.0,0.0,-0.002236362906559058,0.0,0.0,0
2019-02-25,BBRI.JK,0.0,0.0,0.0,-0.0016772721799192935,0.0,0.0,0
2019-02-26,BBRI.JK,0.0,0.0,0.0,-0.0012579541349394701,0.0,0.0,0
2019-02-27,BBRI.JK,1.0,2.0,0.33333333333333326,0.2490565343987954,1.0,1.0,1
2019-02-28,BBRI.JK,0.0,3.0,0.33333333333333326,0.18679240079909656,-0.14285714285714282,-1.0,0
2019-03-01,BBRI.JK,0.0,3.0,0.33333333333333326,0.14009430059932243,-0.14285714285714282,0.0,0
2019-03-04,BBRI.JK,0.0,1.0,0.0,0.10507072544949182,-0.14285714285714282,0.0,0
2019-03-05,BBRI.JK,0.0,0.0,0.0,0.07880304408711887,-0.14285714285714282,0.0,0
2019-03-06,BBRI.JK,0.0,0.0,0.0,0.059102283065339156,-0.14285714285714282,0.0,0
2019-03-07,BBRI.JK,0.0,0.0,0.0,0.04432671229900437,-0.14285714285714282,0.0,0
2019-03-08,BBRI.JK,0.0,0.0,0.0,0.033245034224253275,-0.14285714285714282,0.0,0
2019-03-11,BBRI.JK,0.0,0.0,0.0,0.024933775668189957,0.0,0.0,0
2019-03-12,BBRI.JK,0.0,0.0,0.0,0.018700331751142468,0.0,0.0,0
2019-03-13,BBRI.JK,0.0,0.0,0.0,0.014025248813356851,0.0,0.0,0
2019-03-14,BBRI.JK,0.0,1.0,0.0,0.010518936610017638,0.0,0.0,0
2019-03-15,BBRI.JK,0.0,1.0,0.0,0.007889202457513228,0.0,0.0,0
2019-03-18,BBRI.JK,0.0,1.0,0.0,0.005916901843134922,0.0,0.0,0
2019-03-19,BBRI.JK,0.5,2.0,0.1666666666666666,0.12943767638235118,0.5,0.5,1
2019-03-20,BBRI.JK,-1.0,3.0,-0.16666666666666674,-0.1529217427132366,-1.0714285714285714,-1.5,-1
2019-03-21,BBRI.JK,1.0,4.0,0.1666666666666666,0.13530869296507253,1.0714285714285714,2.0,1
2019-03-22,BBRI.JK,0.0,2.0,-7.401486830834377e-17,0.1014815197238044,-0.0714285714285714,-1.0,0
2019-03-25,BBRI.JK,0.3333333333333333,4.0,0.44444444444444436,0.15944447312618665,0.2619047619047619,0.3333333333333333,1
2019-03-26,BBRI.JK,0.0,3.0,0.11111111111111104,0.11958335484463999,-0.119047619047619,-0.3333333333333333,0
2019-03-27,BBRI.JK,0.0,3.0,0.11111111111111104,0.08968751613347999,-0.119047619047619,0.0,0
2019-03-28,BBRI.JK,0.0,0.0,0.0,0.06726563710010999,-0.119047619047619,0.0,0
2019-03-29,BBRI.JK,1.0,1.0,0.33333333333333326,0.3004492278250825,0.9523809523809524,1.0,1
2019-04-01,BBRI.JK,1.0,2.0,0.6666666666666666,0.47533692086881185,0.6666666666666667,0.0,1
2019-04-02,BBRI.JK,0.0,2.0,0.6666666666666666,0.3565026906516089,-0.3333333333333333,-1.0,0
2019-04-03,BBRI.JK,0.0,1.0,0.33333333333333326,0.26737701798870667,-0.3333333333333333,0.0,0
2019-04-04,BBRI.JK,0.0,0.0,0.0,0.20053276349153,-0.2857142857142857,0.0,0
2019-04-05,BBRI.JK,0.0,0.0,0.0,0.1503995726186475,-0.2857142857142857,0.0,0
2019-04-08,BBRI.JK,0.0,0.0,0.0,0.11279967946398563,-0.2857142857142857,0.0,0
2019-04-09,BBRI.JK,0.0,0.0,0.0,0.08459975959798922,-0.2857142857142857,0.0,0
2019-04-10,BBRI.JK,0.3333333333333333,3.0,0.11111111111111104,0.14678315303182526,0.1904761904761905,0.3333333333333333,1
2019-04-11,BBRI.JK,0.0,3.0,0.11111111111111104,0.11008736477386895,-0.04761904761904758,-0.3333333333333333,0
2019-04-12,BBRI.JK,0.0,3.0,0.11111111111111104,0.08256552358040171,-0.04761904761904758,0.0,0
2019-04-15,BBRI.JK,0.0,0.0,0.0,0.06192414268530129,-0.04761904761904758,0.0,0
2019-04-16,BBRI.JK,0.0,0.0,0.0,0.04644310701397597,-0.04761904761904758,0.0,0
2019-04-17,BBRI.JK,0.0,0.0,0.0,0.03483233026048198,-0.04761904761904758,0.0,0
2019-04-18,BBRI.JK,0.0,0.0,0.0,0.026124247695361483,-0.04761904761904758,0.0,0
2019-04-19,BBRI.JK,0.0,0.0,0.0,0.019593185771521113,-0.04761904761904758,0.0,0
2019-04-22,BBRI.JK,-1.0,1.0,-0.3333333333333334,-0.23530511067135917,-1.0,-1.0,-1
2019-04-23,BBRI.JK,0.0,1.0,-0.3333333333333334,-0.17647883300351938,0.14285714285714288,1.0,0
2019-04-24,BBRI.JK,1.0,2.0,-7.401486830834377e-17,0.11764087524736047,1.1428571428571428,1.0,1
2019-04-25,BBRI.JK,1.0,2.0,0.6666666666666666,0.33823065643552036,1.0,0.0,1
2019-04-26,BBRI.JK,0.0,2.0,0.6666666666666666,0.25367299232664026,-0.14285714285714282,-1.0,0
2019-04-29,BBRI.JK,0.0,1.0,0.33333333333333326,0.19025474424498018,-0.14285714285714282,0.0,0
2019-04-30,BBRI.JK,0.0,1.0,0.0,0.14269105818373512,-0.14285714285714282,0.0,0
2019-05-01,BBRI.JK,0.0,2.0,0.0,0.10701829363780134,-0.14285714285714282,0.0,0
2019-05-02,BBRI.JK,-1.0,3.0,-0.3333333333333334,-0.169736279771649,-1.2857142857142856,-1.0,-1
2019-05-03,BBRI.JK,-1.0,3.0,-0.6666666666666666,-0.37730220982873675,-1.1428571428571428,0.0,-1
2019-05-06,BBRI.JK,0.0,2.0,-0.6666666666666666,-0.28297665737155253,0.14285714285714288,1.0,0
2019-05-07,BBRI.JK,0.0,1.0,-0.3333333333333334,-0.2122324930286644,0.2857142857142857,0.0,0
2019-05-08,BBRI.JK,0.0,0.0,0.0,-0.1591743697714983,0.2857142857142857,0.0,0
2019-05-09,BBRI.JK,0.0,0.0,0.0,-0.11938077732862372,0.2857142857142857,0.0,0
2019-05-10,BBRI.JK,-1.0,1.0,-0.3333333333333334,-0.3395355829964678,-0.7142857142857143,-1.0,-1
2019-05-13,BBRI.JK,0.0,1.0,-0.3333333333333334,-0.2546516872473509,0.42857142857142855,1.0,0
2019-05-14,BBRI.JK,0.0,1.0,-0.3333333333333334,-0.19098876543551316,0.2857142857142857,0.0,0
2019-05-15,BBRI.JK,1.0,1.0,0.33333333333333326,0.10675842592336512,1.1428571428571428,1.0,1
2019-05-16,BBRI.JK,0.0,1.0,0.33333333333333326,0.08006881944252384,3.172065784643304e-17,-1.0,0
2019-05-17,BBRI.JK,-1.0,3.0,-7.401486830834377e-17,-0.18994838541810713,-1.0,-1.0,-1
2019-05-20,BBRI.JK,-0.5,4.0,-0.5000000000000001,-0.26746128906358035,-0.3571428571428571,0.5,-1
2019-05-21,BBRI.JK,0.0,8.0,-0.5000000000000001,-0.20059596679768527,0.21428571428571433,0.5,0
2019-05-22,BBRI.JK,-1.0,7.0,-0.5000000000000001,-0.40044697509826394,-0.9285714285714285,-1.0,-1
2019-05-23,BBRI.JK,-1.0,6.0,-0.6666666666666666,-0.550335231323698,-0.7857142857142857,0.0,-1
2019-05-24,BBRI.JK,0.0,2.0,-0.6666666666666666,-0.4127514234927735,0.35714285714285715,1.0,0
2019-05-27,BBRI.JK,0.0,2.0,-0.3333333333333334,-0.30956356761958015,0.5,0.0,0
2019-05-28,BBRI.JK,0.0,1.0,0.0,-0.2321726757146851,0.5,0.0,0
2019-05-29,BBRI.JK,0.0,1.0,0.0,-0.17412950678601383,0.35714285714285715,0.0,0
2019-05-30,BBRI.JK,0.0,0.0,0.0,-0.13059713008951038,0.2857142857142857,0.0,0
2019-05-31,BBRI.JK,0.0,0.0,0.0,-0.09794784756713279,0.2857142857142857,0.0,0
2019-06-03,BBRI.JK,0.0,1.0,0.0,-0.07346088567534959,0.14285714285714288,0.0,0
2019-06-04,BBRI.JK,0.0,1.0,0.0,-0.05509566425651219,0.0,0.0,0
2019-06-05,BBRI.JK,0.0,1.0,0.0,-0.04132174819238414,0.0,0.0,0
2019-06-06,BBRI.JK,0.0,0.0,0.0,-0.030991311144288106,0.0,0.0,0
2019-06-07,BBRI.JK,0.0,0.0,0.0,-0.02324348335821608,0.0,0.0,0
2019-06-10,BBRI.JK,0.0,0.0,0.0,-0.01743261251866206,0.0,0.0,0
2019-06-11,BBRI.JK,0.0,0.0,0.0,-0.013074459388996547,0.0,0.0,0
2019-06-12,BBRI.JK,0.0,0.0,0.0,-0.00980584454174741,0.0,0.0,0
2019-06-13,BBRI.JK,0.0,0.0,0.0,-0.007354383406310557,0.0,0.0,0
2019-06-14,BBRI.JK,1.0,2.0,0.33333333333333326,0.24448421244526708,1.0,1.0,1
2019-06-17,BBRI.JK,0.0,2.0,0.33333333333333326,0.1833631593339503,-0.14285714285714282,-1.0,0
2019-06-18,BBRI.JK,0.0,4.0,0.33333333333333326,0.13752236950046273,-0.14285714285714282,0.0,0
2019-06-19,BBRI.JK,0.0,3.0,0.0,0.10314177712534706,-0.14285714285714282,0.0,0
2019-06-20,BBRI.JK,0.0,3.0,0.0,0.07735633284401029,-0.14285714285714282,0.0,0
2019-06-21,BBRI.JK,0.0,2.0,0.0,0.05801724963300772,-0.14285714285714282,0.0,0
2019-06-24,BBRI.JK,-1.0,3.0,-0.3333333333333334,-0.2064870627752442,-1.1428571428571428,-1.0,-1
2019-06-25,BBRI.JK,0.0,3.0,-0.3333333333333334,-0.15486529708143315,3.172065784643304e-17,1.0,0
2019-06-26,BBRI.JK,0.0,2.0,-0.3333333333333334,-0.11614897281107486,0.14285714285714288,0.0,0
2019-06-27,BBRI.JK,0.0,0.0,0.0,-0.08711172960830615,0.14285714285714288,0.0,0
2019-06-28,BBRI.JK,0.0,0.0,0.0,-0.06533379720622962,0.14285714285714288,0.0,0
2019-07-01,BBRI.JK,0.0,0.0,0.0,-0.04900034790467221,0.14285714285714288,0.0,0
2019-07-02,BBRI.JK,0.0,0.0,0.0,-0.036750260928504155,0.14285714285714288,0.0,0
2019-07-03,BBRI.JK,0.0,1.0,0.0,-0.027562695696378117,0.14285714285714288,0.0,0
2019-07-04,BBRI.JK,0.0,1.0,0.0,-0.020672021772283587,0.0,0.0,0
2019-07-05,BBRI.JK,0.5,3.0,0.1666666666666666,0.1094959836707873,0.5,0.5,1
2019-07-08,BBRI.JK,0.0,4.0,0.1666666666666666,0.08212198775309049,-0.0714285714285714,-0.5,0
2019-07-09,BBRI.JK,0.0,4.0,0.1666666666666666,0.061591490814817865,-0.0714285714285714,0.0,0
2019-07-10,BBRI.JK,0.0,3.0,0.0,0.0461936181111134,-0.0714285714285714,0.0,0
2019-07-11,BBRI.JK,1.0,2.0,0.33333333333333326,0.28464521358333505,0.9285714285714286,1.0,1
2019-07-12,BBRI.JK,0.5,4.0,0.49999999999999994,0.3384839101875013,0.28571428571428575,-0.5,1
2019-07-15,BBRI.JK,1.0,4.0,0.8333333333333334,0.503862932640626,0.7142857142857143,0.5,1
2019-07-16,BBRI.JK,0.0,3.0,0.49999999999999994,0.3778971994804695,-0.42857142857142855,-1.0,0
2019-07-17,BBRI.JK,0.0,1.0,0.33333333333333326,0.28342289961035216,-0.35714285714285715,0.0,0
2019-07-18,BBRI.JK,0.0,1.0,0.0,0.21256717470776412,-0.35714285714285715,0.0,0
2019-07-19,BBRI.JK,0.0,1.0,0.0,0.1594253810308231,-0.35714285714285715,0.0,0
2019-07-22,BBRI.JK,0.0,2.0,0.0,0.11956903577311732,-0.35714285714285715,0.0,0
2019-07-23,BBRI.JK,-1.0,2.0,-0.3333333333333334,-0.160323223170162,-1.2142857142857142,-1.0,-1
2019-07-24,BBRI.JK,0.0,2.0,-0.3333333333333334,-0.12024241737762151,3.172065784643304e-17,1.0,0
2019-07-25,BBRI.JK,0.0,2.0,-0.3333333333333334,-0.09018181303321612,0.14285714285714288,0.0,0
2019-07-26,BBRI.JK,0.0,1.0,0.0,-0.06763635977491209,0.14285714285714288,0.0,0
2019-07-29,BBRI.JK,0.0,2.0,0.0,-0.050727269831184064,0.14285714285714288,0.0,0
2019-07-30,BBRI.JK,0.0,1.0,0.0,-0.03804545237338805,0.14285714285714288,0.0,0
2019-07-31,BBRI.JK,0.0,1.0,0.0,-0.028534089280041038,0.14285714285714288,0.0,0
2019-08-01,BBRI.JK,0.0,0.0,0.0,-0.02140056696003078,0.14285714285714288,0.0,0
2019-08-02,BBRI.JK,0.0,0.0,0.0,-0.016050425220023083,0.0,0.0,0
2019-08-05,BBRI.JK,0.0,1.0,0.0,-0.012037818915017312,0.0,0.0,0
2019-08-06,BBRI.JK,0.0,1.0,0.0,-0.009028364186262985,0.0,0.0,0
2019-08-07,BBRI.JK,0.0,3.0,0.0,-0.0067712731396972385,0.0,0.0,0
2019-08-08,BBRI.JK,0.0,4.0,0.0,-0.005078454854772929,0.0,0.0,0
2019-08-09,BBRI.JK,0.0,4.0,0.0,-0.003808841141079697,0.0,0.0,0
2019-08-12,BBRI.JK,0.0,2.0,0.0,-0.0028566308558097726,0.0,0.0,0
2019-08-13,BBRI.JK,0.0,0.0,0.0,-0.0021424731418573295,0.0,0.0,0
2019-08-14,BBRI.JK,0.0,1.0,0.0,-0.001606854856392997,0.0,0.0,0
2019-08-15,BBRI.JK,-1.0,2.0,-0.3333333333333334,-0.25120514114229475,-1.0,-1.0,-1
2019-08-16,BBRI.JK,0.0,2.0,-0.3333333333333334,-0.18840385585672106,0.14285714285714288,1.0,0
2019-08-19,BBRI.JK,-0.3333333333333333,4.0,-0.4444444444444445,-0.22463622522587412,-0.19047619047619044,-0.3333333333333333,-1
2019-08-20,BBRI.JK,-0.5,5.0,-0.27777777777777785,-0.29347716891940556,-0.30952380952380953,-0.16666666666666669,-1
2019-08-21,BBRI.JK,0.0,5.0,-0.27777777777777785,-0.22010787668955417,0.2619047619047619,0.5,0
2019-08-22,BBRI.JK,1.0,3.0,0.1666666666666666,0.08491909248283436,1.2619047619047619,1.0,1
2019-08-23,BBRI.JK,1.0,2.0,0.6666666666666666,0.31368931936212574,1.119047619047619,0.0,1
2019-08-26,BBRI.JK,0.0,4.0,0.6666666666666666,0.2352669895215943,-0.023809523809523787,-1.0,0
2019-08-27,BBRI.JK,0.0,3.0,0.33333333333333326,0.17645024214119573,-0.16666666666666666,0.0,0
2019-08-28,BBRI.JK,-1.0,3.0,-0.3333333333333334,-0.11766231839410321,-1.1666666666666667,-1.0,-1
2019-08-29,BBRI.JK,0.0,2.0,-0.3333333333333334,-0.0882467387955774,-0.0714285714285714,1.0,0
2019-08-30,BBRI.JK,-1.0,8.0,-0.6666666666666666,-0.31618505409668307,-1.1428571428571428,-1.0,-1
2019-09-02,BBRI.JK,-0.3333333333333333,25.0,-0.4444444444444445,-0.3204721239058456,-0.33333333333333326,0.6666666666666667,-1
2019-09-03,BBRI.JK,-0.2222222222222222,33.0,-0.5185185185185186,-0.2959096484849397,-0.031746031746031717,0.1111111111111111,-1
2019-09-04,BBRI.JK,0.0,27.0,-0.18518518518518526,-0.2219322363637048,0.3650793650793651,0.2222222222222222,0
2019-09-05,BBRI.JK,-1.0,10.0,-0.4074074074074075,-0.4164491772727786,-0.6349206349206349,-1.0,-1
2019-09-06,BBRI.JK,0.0,2.0,-0.3333333333333335,-0.31233688295458395,0.507936507936508,1.0,0
2019-09-09,BBRI.JK,-0.6666666666666666,5.0,-0.5555555555555557,-0.4009193288826046,-0.3015873015873015,-0.6666666666666666,-1
2019-09-10,BBRI.JK,0.0,4.0,-0.22222222222222235,-0.30068949666195344,0.46031746031746035,0.6666666666666666,0
2019-09-11,BBRI.JK,0.0,3.0,-0.22222222222222235,-0.22551712249646508,0.3174603174603175,0.0,0
2019-09-12,BBRI.JK,0.0,0.0,0.0,-0.16913784187234882,0.2698412698412699,0.0,0
2019-09-13,BBRI.JK,-1.0,1.0,-0.3333333333333335,-0.3768533814042616,-0.7619047619047619,-1.0,-1
2019-09-16,BBRI.JK,0.0,1.0,-0.3333333333333335,-0.2826400360531962,0.380952380952381,1.0,0
2019-09-17,BBRI.JK,0.0,1.0,-0.3333333333333335,-0.21198002703989716,0.23809523809523814,0.0,0
2019-09-18,BBRI.JK,0.0,0.0,0.0,-0.15898502027992287,0.23809523809523814,0.0,0
2019-09-19,BBRI.JK,0.0,0.0,0.0,-0.11923876520994214,0.14285714285714293,0.0,0
2019-09-20,BBRI.JK,0.0,0.0,0.0,-0.08942907390745661,0.14285714285714293,0.0,0
2019-09-23,BBRI.JK,0.0,0.0,0.0,-0.06707180543059246,0.14285714285714293,0.0,0
2019-09-24,BBRI.JK,0.0,0.0,0.0,-0.05030385407294435,0.14285714285714293,0.0,0
2019-09-25,BBRI.JK,0.0,0.0,0.0,-0.03772789055470826,0.0,0.0,0
2019-09-26,BBRI.JK,1.0,2.0,0.3333333333333332,0.2217040820839688,1.0,1.0,1
2019-09-27,BBRI.JK,1.0,3.0,0.6666666666666665,0.4162780615629766,0.8571428571428572,0.0,1
2019-09-30,BBRI.JK,-1.0,5.0,0.3333333333333332,0.062208546172232426,-1.2857142857142856,-2.0,-1
2019-10-01,BBRI.JK,0.0,3.0,-1.4802973661668753e-16,0.04665640962917432,-0.14285714285714282,1.0,0
2019-10-02,BBRI.JK,0.0,2.0,-0.3333333333333335,0.034992307221880736,-0.14285714285714282,0.0,0
2019-10-03,BBRI.JK,0.0,0.0,0.0,0.026244230416410552,-0.14285714285714282,0.0,0
2019-10-04,BBRI.JK,1.0,1.0,0.3333333333333332,0.2696831728123079,0.8571428571428572,1.0,1
2019-10-07,BBRI.JK,0.0,1.0,0.3333333333333332,0.20226237960923094,-0.28571428571428564,-1.0,0
2019-10-08,BBRI.JK,-0.5,3.0,0.16666666666666652,0.026696784706923216,-0.6428571428571428,-0.5,-1
2019-10-09,BBRI.JK,0.0,4.0,-0.16666666666666682,0.02002258853019241,0.07142857142857148,0.5,0
2019-10-10,BBRI.JK,0.5,6.0,-1.4802973661668753e-16,0.1400169413976443,0.4285714285714286,0.5,1
2019-10-11,BBRI.JK,0.0,4.0,0.16666666666666652,0.10501270604823323,-0.14285714285714282,-0.5,0
2019-10-14,BBRI.JK,0.0,2.0,0.16666666666666652,0.07875952953617493,-0.14285714285714282,0.0,0
2019-10-15,BBRI.JK,-1.0,2.0,-0.3333333333333335,-0.1909303528478688,-1.1428571428571428,-1.0,-1
2019-10-16,BBRI.JK,0.0,2.0,-0.3333333333333335,-0.14319776463590161,0.14285714285714293,1.0,0
2019-10-17,BBRI.JK,0.0,3.0,-0.3333333333333335,-0.10739832347692621,0.14285714285714293,0.0,0
2019-10-18,BBRI.JK,0.0,1.0,0.0,-0.08054874260769465,0.0714285714285715,0.0,0
2019-10-21,BBRI.JK,0.0,1.0,0.0,-0.06041155695577099,0.0714285714285715,0.0,0
2019-10-22,BBRI.JK,0.0,1.0,0.0,-0.04530866771682824,0.14285714285714293,0.0,0
2019-10-23,BBRI.JK,0.0,1.0,0.0,-0.03398150078762118,0.14285714285714293,0.0,0
2019-10-24,BBRI.JK,0.0,1.0,0.0,-0.025486125590715884,0.14285714285714293,0.0,0
2019-10-25,BBRI.JK,0.0,0.0,0.0,-0.01911459419303691,0.0,0.0,0
2019-10-28,BBRI.JK,0.0,2.0,0.0,-0.014335945644777684,0.0,0.0,0
2019-10-29,BBRI.JK,0.0,3.0,0.0,-0.010751959233583262,0.0,0.0,0
2019-10-30,BBRI.JK,0.0,3.0,0.0,-0.008063969425187447,0.0,0.0,0
2019-10-31,BBRI.JK,0.0,1.0,0.0,-0.0060479770688905855,0.0,0.0,0
2019-11-01,BBRI.JK,0.0,0.0,0.0,-0.0045359828016679395,0.0,0.0,0
2019-11-04,BBRI.JK,0.0,0.0,0.0,-0.0034019871012509546,0.0,0.0,0
2019-11-05,BBRI.JK,0.0,0.0,0.0,-0.002551490325938216,0.0,0.0,0
2019-11-06,BBRI.JK,0.0,0.0,0.0,-0.0019136177444536622,0.0,0.0,0
2019-11-07,BBRI.JK,0.0,1.0,0.0,-0.0014352133083402466,0.0,0.0,0
2019-11-08,BBRI.JK,0.0,1.0,0.0,-0.001076409981255185,0.0,0.0,0
2019-11-11,BBRI.JK,0.0,1.0,0.0,-0.0008073074859413886,0.0,0.0,0
2019-11-12,BBRI.JK,0.0,0.0,0.0,-0.0006054806144560414,0.0,0.0,0
2019-11-13,BBRI.JK,-1.0,1.0,-0.3333333333333335,-0.25045411046084204,-1.0,-1.0,-1
2019-11-14,BBRI.JK,0.0,1.0,-0.3333333333333335,-0.18784058284563154,0.14285714285714293,1.0,0
2019-11-15,BBRI.JK,0.0,1.0,-0.3333333333333335,-0.14088043713422366,0.14285714285714293,0.0,0
2019-11-18,BBRI.JK,0.0,2.0,0.0,-0.10566032785066774,0.14285714285714293,0.0,0
2019-11-19,BBRI.JK,0.0,2.0,0.0,-0.0792452458880008,0.14285714285714293,0.0,0
2019-11-20,BBRI.JK,0.0,2.0,0.0,-0.0594339344160006,0.14285714285714293,0.0,0
2019-11-21,BBRI.JK,0.0,0.0,0.0,-0.044575450812000456,0.14285714285714293,0.0,0
2019-11-22,BBRI.JK,0.0,0.0,0.0,-0.03343158810900034,0.14285714285714293,0.0,0
2019-11-25,BBRI.JK,0.0,1.0,0.0,-0.025073691081750255,0.0,0.0,0
2019-11-26,BBRI.JK,-1.0,2.0,-0.3333333333333335,-0.2688052683113127,-1.0,-1.0,-1
2019-11-27,BBRI.JK,-0.3333333333333333,5.0,-0.4444444444444446,-0.28493728456681783,-0.19047619047619038,0.6666666666666667,-1
2019-11-28,BBRI.JK,0.0,4.0,-0.4444444444444446,-0.21370296342511336,0.19047619047619052,0.3333333333333333,0
2019-11-29,BBRI.JK,0.0,3.0,-0.11111111111111126,-0.16027722256883503,0.19047619047619052,0.0,0
2019-12-02,BBRI.JK,0.0,2.0,0.0,-0.12020791692662627,0.19047619047619052,0.0,0
2019-12-03,BBRI.JK,0.0,3.0,0.0,-0.09015593769496971,0.19047619047619052,0.0,0
2019-12-04,BBRI.JK,-1.0,4.0,-0.3333333333333335,-0.3176169532712273,-0.8095238095238095,-1.0,-1
2019-12-05,BBRI.JK,0.0,2.0,-0.3333333333333335,-0.23821271495342047,0.3333333333333334,1.0,0
2019-12-06,BBRI.JK,1.0,2.0,-1.4802973661668753e-16,0.07134046378493464,1.1904761904761905,1.0,1
2019-12-09,BBRI.JK,0.0,1.0,0.3333333333333332,0.05350534783870098,6.344131569286608e-17,-1.0,0
2019-12-10,BBRI.JK,0.0,2.0,0.3333333333333332,0.040129010879025734,5.551115123125783e-17,0.0,0
2019-12-11,BBRI.JK,0.0,1.0,0.0,0.0300967581592693,5.551115123125783e-17,0.0,0
2019-12-12,BBRI.JK,0.0,1.0,0.0,0.022572568619451977,5.551115123125783e-17,0.0,0
2019-12-13,BBRI.JK,0.0,0.0,0.0,0.016929426464588983,5.551115123125783e-17,0.0,0
2019-12-16,BBRI.JK,-1.0,1.0,-0.3333333333333335,-0.23730293015155826,-1.1428571428571428,-1.0,-1
2019-12-17,BBRI.JK,-0.25,5.0,-0.4166666666666668,-0.2404771976136687,-0.24999999999999994,0.75,-1
2019-12-18,BBRI.JK,-0.5,7.0,-0.5833333333333335,-0.3053578982102515,-0.3214285714285714,-0.25,-1
2019-12-19,BBRI.JK,0.0,6.0,-0.25000000000000017,-0.22901842365768862,0.25000000000000006,0.5,0
2019-12-20,BBRI.JK,0.0,2.0,-0.16666666666666682,-0.17176381774326646,0.25000000000000006,0.0,0
2019-12-23,BBRI.JK,0.0,3.0,0.0,-0.12882286330744985,0.25000000000000006,0.0,0
2019-12-24,BBRI.JK,0.0,3.0,0.0,-0.09661714748058739,0.25000000000000006,0.0,0
2019-12-25,BBRI.JK,0.0,3.0,0.0,-0.07246286061044055,0.25000000000000006,0.0,0
2019-12-26,BBRI.JK,0.0,1.0,0.0,-0.05434714545783041,0.1071428571428572,0.0,0
2019-12-27,BBRI.JK,0.0,1.0,0.0,-0.040760359093372805,0.0714285714285715,0.0,0
2019-12-30,BBRI.JK,-0.5,3.0,-0.16666666666666682,-0.1555702693200296,-0.5,-0.5,-1
2019-12-31,BBRI.JK,0.0,2.0,-0.16666666666666682,-0.1166777019900222,0.0714285714285715,0.5,0
2020-01-01,BBRI.JK,0.0,2.0,-0.16666666666666682,-0.08750827649251665,0.0714285714285715,0.0,0
2020-01-02,BBRI.JK,0.0,1.0,0.0,-0.06563120736938749,0.0714285714285715,0.0,0
2020-01-03,BBRI.JK,-0.6666666666666666,4.0,-0.22222222222222235,-0.21589007219370726,-0.5952380952380951,-0.6666666666666666,-1
2020-01-06,BBRI.JK,0.0,5.0,-0.22222222222222235,-0.16191755414528045,0.1666666666666667,0.6666666666666666,0
2020-01-07,BBRI.JK,0.0,4.0,-0.22222222222222235,-0.12143816560896034,0.1666666666666667,0.0,0
2020-01-08,BBRI.JK,0.0,1.0,0.0,-0.09107862420672025,0.1666666666666667,0.0,0
2020-01-09,BBRI.JK,-1.0,1.0,-0.3333333333333335,-0.3183089681550402,-0.9047619047619047,-1.0,-1
2020-01-10,BBRI.JK,0.0,1.0,-0.3333333333333335,-0.23873172611628013,0.23809523809523814,1.0,0
2020-01-13,BBRI.JK,0.0,2.0,-0.3333333333333335,-0.1790487945872101,0.23809523809523814,0.0,0
2020-01-14,BBRI.JK,1.0,3.0,0.3333333333333332,0.11571340405959243,1.2380952380952381,1.0,1
2020-01-15,BBRI.JK,1.0,5.0,0.6666666666666665,0.3367850530446943,1.0,0.0,1
2020-01-16,BBRI.JK,0.0,5.0,0.6666666666666665,0.25258878978352073,-0.1428571428571428,-1.0,0
2020-01-17,BBRI.JK,0.0,3.0,0.3333333333333332,0.18944159233764055,-0.1428571428571428,0.0,0
2020-01-20,BBRI.JK,0.5,3.0,0.16666666666666652,0.2670811942532304,0.3571428571428572,0.5,1
2020-01-21,BBRI.JK,-1.0,4.0,-0.16666666666666682,-0.0496891043100772,-1.3571428571428572,-1.5,-1
2020-01-22,BBRI.JK,0.25,8.0,-0.08333333333333348,0.0252331717674421,0.03571428571428578,1.25,1
2020-01-23,BBRI.JK,-0.5,8.0,-0.4166666666666668,-0.10607512117441842,-0.75,-0.75,-1
2020-01-24,BBRI.JK,0.0,6.0,-0.08333333333333348,-0.07955634088081381,-0.03571428571428565,0.5,0
2020-01-27,BBRI.JK,0.0,2.0,-0.16666666666666682,-0.05966725566061036,0.1071428571428572,0.0,0
2020-01-28,BBRI.JK,0.0,0.0,0.0,-0.04475044174545777,0.1071428571428572,0.0,0
2020-01-29,BBRI.JK,0.0,0.0,0.0,-0.03356283130909332,0.1071428571428572,0.0,0
2020-01-30,BBRI.JK,0.0,0.0,0.0,-0.02517212348181999,0.17857142857142863,0.0,0
2020-01-31,BBRI.JK,-1.0,1.0,-0.3333333333333335,-0.268879092611365,-0.9642857142857142,-1.0,-1
2020-02-03,BBRI.JK,0.0,2.0,-0.3333333333333335,-0.20165931945852375,0.21428571428571436,1.0,0
2020-02-04,BBRI.JK,0.0,2.0,-0.3333333333333335,-0.1512444895938928,0.14285714285714293,0.0,0
2020-02-05,BBRI.JK,0.0,1.0,0.0,-0.1134333671954196,0.14285714285714293,0.0,0
2020-02-06,BBRI.JK,0.0,0.0,0.0,-0.0850750253965647,0.14285714285714293,0.0,0
2020-02-07,BBRI.JK,0.0,0.0,0.0,-0.06380626904742352,0.14285714285714293,0.0,0
2020-02-10,BBRI.JK,1.0,1.0,0.3333333333333332,0.20214529821443236,1.142857142857143,1.0,1
2020-02-11,BBRI.JK,0.0,1.0,0.3333333333333332,0.15160897366082426,6.344131569286608e-17,-1.0,0
2020-02-12,BBRI.JK,-1.0,2.0,-1.4802973661668753e-16,-0.1362932697543818,-1.1428571428571428,-1.0,-1
2020-02-13,BBRI.JK,-1.0,2.0,-0.6666666666666669,-0.35221995231578634,-0.9999999999999999,0.0,-1
2020-02-14,BBRI.JK,0.0,2.0,-0.6666666666666669,-0.26416496423683977,0.14285714285714293,1.0,0
2020-02-17,BBRI.JK,-1.0,2.0,-0.6666666666666669,-0.44812372317762983,-0.8571428571428571,-1.0,-1
2020-02-18,BBRI.JK,-0.23076923076923078,14.0,-0.4102564102564104,-0.3937851000755301,0.05494505494505497,0.7692307692307692,-1
2020-02-19,BBRI.JK,-0.2,19.0,-0.47692307692307706,-0.34533882505664754,0.11868131868131876,0.03076923076923077,-1
2020-02-20,BBRI.JK,-0.6666666666666666,21.0,-0.365811965811966,-0.42567078545915227,-0.17655677655677648,-0.4666666666666666,-1
2020-02-21,BBRI.JK,-0.3333333333333333,11.0,-0.40000000000000013,-0.40258642242769754,0.25201465201465206,0.3333333333333333,-1
2020-02-24,BBRI.JK,-1.0,7.0,-0.6666666666666669,-0.5519398168207732,-0.5098901098901099,-0.6666666666666667,-1
2020-02-25,BBRI.JK,0.0,4.0,-0.44444444444444464,-0.4139548626155799,0.49010989010989015,1.0,0
2020-02-26,BBRI.JK,0.0,1.0,-0.3333333333333335,-0.31046614696168495,0.49010989010989015,0.0,0
2020-02-27,BBRI.JK,0.0,0.0,0.0,-0.23284961022126371,0.3472527472527473,0.0,0
2020-02-28,BBRI.JK,1.0,1.0,0.3333333333333332,0.07536279233405221,1.3142857142857143,1.0,1
2020-03-02,BBRI.JK,0.0,3.0,0.3333333333333332,0.05652209425053916,0.14285714285714288,-1.0,0
2020-03-03,BBRI.JK,0.0,3.0,0.3333333333333332,0.04239157068790437,0.047619047619047686,0.0,0
2020-03-04,BBRI.JK,-1.0,4.0,-0.3333333333333335,-0.21820632198407172,-0.9999999999999999,-1.0,-1
2020-03-05,BBRI.JK,0.0,2.0,-0.3333333333333335,-0.16365474148805378,6.344131569286608e-17,1.0,0
2020-03-06,BBRI.JK,0.0,2.0,-0.3333333333333335,-0.12274105611604033,6.344131569286608e-17,0.0,0
2020-03-09,BBRI.JK,0.0,0.0,0.0,-0.09205579208703024,6.344131569286608e-17,0.0,0
2020-03-10,BBRI.JK,1.0,1.0,0.3333333333333332,0.1809581559347273,1.0,1.0,1
2020-03-11,BBRI.JK,0.0,1.0,0.3333333333333332,0.13571861695104548,6.344131569286608e-17,-1.0,0
2020-03-12,BBRI.JK,0.0,1.0,0.3333333333333332,0.10178896271328411,6.344131569286608e-17,0.0,0
2020-03-13,BBRI.JK,0.0,0.0,0.0,0.07634172203496309,6.344131569286608e-17,0.0,0
2020-03-16,BBRI.JK,0.0,0.0,0.0,0.05725629152622232,-0.1428571428571428,0.0,0
2020-03-17,BBRI.JK,-1.0,1.0,-0.3333333333333335,-0.20705778135533326,-1.1428571428571428,-1.0,-1
2020-03-18,BBRI.JK,-1.0,3.0,-0.6666666666666669,-0.40529333601649997,-0.9999999999999999,0.0,-1
2020-03-19,BBRI.JK,-1.0,4.0,-1.0,-0.553970002012375,-0.8571428571428571,0.0,-1
2020-03-20,BBRI.JK,0.0,3.0,-0.6666666666666669,-0.41547750150928126,0.42857142857142866,1.0,0
2020-03-23,BBRI.JK,0.3333333333333333,4.0,-0.2222222222222224,-0.2282747927986276,0.761904761904762,0.3333333333333333,1
2020-03-24,BBRI.JK,0.0,3.0,0.11111111111111095,-0.1712060945989707,0.380952380952381,-0.3333333333333333,0
2020-03-25,BBRI.JK,0.0,3.0,0.11111111111111095,-0.12840457094922803,0.380952380952381,0.0,0
2020-03-26,BBRI.JK,-1.0,1.0,-0.3333333333333335,-0.346303428211921,-0.6190476190476191,-1.0,-1
2020-03-27,BBRI.JK,0.0,1.0,-0.3333333333333335,-0.25972757115894074,0.380952380952381,1.0,0
2020-03-30,BBRI.JK,0.0,1.0,-0.3333333333333335,-0.19479567836920555,0.23809523809523817,0.0,0
2020-03-31,BBRI.JK,0.0,0.0,0.0,-0.14609675877690417,0.09523809523809532,0.0,0
2020-04-01,BBRI.JK,-1.0,1.0,-0.3333333333333335,-0.3595725690826781,-0.9047619047619047,-1.0,-1
2020-04-02,BBRI.JK,0.0,2.0,-0.3333333333333335,-0.26967942681200857,0.28571428571428575,1.0,0
2020-04-03,BBRI.JK,0.0,3.0,-0.3333333333333335,-0.20225957010900641,0.28571428571428575,0.0,0
2020-04-06,BBRI.JK,-1.0,3.0,-0.3333333333333335,-0.4016946775817548,-0.7142857142857142,-1.0,-1
2020-04-07,BBRI.JK,0.0,2.0,-0.3333333333333335,-0.30127100818631614,0.28571428571428575,1.0,0
2020-04-08,BBRI.JK,-1.0,2.0,-0.6666666666666669,-0.4759532561397371,-0.7142857142857142,-1.0,-1
2020-04-09,BBRI.JK,1.0,2.0,-1.4802973661668753e-16,-0.10696494210480284,1.4285714285714286,2.0,1
2020-04-10,BBRI.JK,0.0,2.0,-1.4802973661668753e-16,-0.08022370657860213,0.28571428571428575,-1.0,0
2020-04-13,BBRI.JK,0.0,1.0,0.3333333333333332,-0.0601677799339516,0.14285714285714293,0.0,0
2020-04-14,BBRI.JK,0.0,0.0,0.0,-0.0451258349504637,0.14285714285714293,0.0,0
2020-04-15,BBRI.JK,0.0,0.0,0.0,-0.033844376212847777,0.14285714285714293,0.0,0
2020-04-16,BBRI.JK,0.0,1.0,0.0,-0.025383282159635832,6.344131569286608e-17,0.0,0
2020-04-17,BBRI.JK,0.0,1.0,0.0,-0.019037461619726873,6.344131569286608e-17,0.0,0
2020-04-20,BBRI.JK,0.0,2.0,0.0,-0.014278096214795154,-0.1428571428571428,0.0,0
2020-04-21,BBRI.JK,0.0,1.0,0.0,-0.010708572161096365,0.0,0.0,0
2020-04-22,BBRI.JK,0.0,1.0,0.0,-0.008031429120822274,0.0,0.0,0
2020-04-23,BBRI.JK,0.0,0.0,0.0,-0.006023571840616705,0.0,0.0,0
2020-04-24,BBRI.JK,0.0,0.0,0.0,-0.004517678880462528,0.0,0.0,0
2020-04-27,BBRI.JK,-1.0,2.0,-0.3333333333333335,-0.2533882591603469,-1.0,-1.0,-1
2020-04-28,BBRI.JK,0.0,2.0,-0.3333333333333335,-0.19004119437026018,0.14285714285714293,1.0,0
2020-04-29,BBRI.JK,0.0,2.0,-0.3333333333333335,-0.14253089577769512,0.14285714285714293,0.0,0
2020-04-30,BBRI.JK,0.0,1.0,0.0,-0.10689817183327134,0.14285714285714293,0.0,0
2020-05-01,BBRI.JK,0.0,2.0,0.0,-0.08017362887495351,0.14285714285714293,0.0,0
2020-05-04,BBRI.JK,0.0,3.0,0.0,-0.060130221656215135,0.14285714285714293,0.0,0
2020-05-05,BBRI.JK,-1.0,3.0,-0.3333333333333335,-0.2950976662421614,-0.8571428571428571,-1.0,-1
2020-05-06,BBRI.JK,0.0,2.0,-0.3333333333333335,-0.22132324968162104,0.28571428571428575,1.0,0
2020-05-07,BBRI.JK,0.0,1.0,-0.3333333333333335,-0.16599243726121576,0.14285714285714293,0.0,0
2020-05-08,BBRI.JK,-1.0,1.0,-0.3333333333333335,-0.3744943279459118,-0.8571428571428571,-1.0,-1
2020-05-11,BBRI.JK,0.0,1.0,-0.3333333333333335,-0.28087074595943384,0.28571428571428575,1.0,0
2020-05-12,BBRI.JK,-1.0,2.0,-0.6666666666666669,-0.46065305946957535,-0.7142857142857142,-1.0,-1
2020-05-13,BBRI.JK,-0.6,6.0,-0.5333333333333335,-0.49548979460218157,-0.17142857142857132,0.4,-1
2020-05-14,BBRI.JK,-1.0,8.0,-0.8666666666666668,-0.6216173459516362,-0.48571428571428565,-0.4,-1
2020-05-15,BBRI.JK,-1.0,8.0,-0.8666666666666668,-0.7162130094637271,-0.48571428571428565,0.0,-1
2020-05-18,BBRI.JK,1.0,6.0,-0.3333333333333335,-0.2871597570977953,1.6571428571428573,2.0,1
2020-05-19,BBRI.JK,0.0,4.0,-1.8503717077085943e-16,-0.21536981782334647,0.5142857142857143,-1.0,0
2020-05-20,BBRI.JK,1.0,4.0,0.6666666666666665,0.08847263663249016,1.3714285714285714,1.0,1
2020-05-21,BBRI.JK,0.0,1.0,0.3333333333333332,0.06635447747436762,0.22857142857142865,-1.0,0
2020-05-22,BBRI.JK,0.0,1.0,0.3333333333333332,0.04976585810577572,0.08571428571428578,0.0,0
2020-05-25,BBRI.JK,0.0,0.0,0.0,0.03732439357933179,7.930164461608261e-17,0.0,0
2020-05-26,BBRI.JK,1.0,2.0,0.3333333333333332,0.27799329518449883,0.8571428571428572,1.0,1
2020-05-27,BBRI.JK,1.0,3.0,0.6666666666666665,0.45849497138837414,0.5714285714285715,0.0,1
2020-05-28,BBRI.JK,1.0,6.0,1.0,0.5938712285412806,0.5714285714285715,0.0,1
2020-05-29,BBRI.JK,1.0,5.0,1.0,0.6954034214059605,0.4285714285714286,0.0,1
2020-06-01,BBRI.JK,-1.0,5.0,0.3333333333333332,0.2715525660544703,-1.5714285714285714,-2.0,-1
2020-06-02,BBRI.JK,0.0,2.0,-1.4802973661668753e-16,0.20366442454085273,-0.4285714285714285,1.0,0
2020-06-03,BBRI.JK,0.3333333333333333,4.0,-0.2222222222222224,0.2360816517389729,-0.09523809523809518,0.3333333333333333,1
2020-06-04,BBRI.JK,0.0,4.0,0.11111111111111095,0.17706123880422966,-0.47619047619047616,-0.3333333333333333,0
2020-06-05,BBRI.JK,-0.5,6.0,-0.05555555555555571,0.0077959291031722555,-0.8333333333333333,-0.5,-1
2020-06-08,BBRI.JK,0.0,3.0,-0.16666666666666682,0.005846946827379192,-0.11904761904761897,0.5,0
2020-06-09,BBRI.JK,0.0,2.0,-0.16666666666666682,0.004385210120534394,0.023809523809523885,0.0,0
2020-06-10,BBRI.JK,0.0,1.0,0.0,0.0032889075904007953,0.16666666666666674,0.0,0
2020-06-11,BBRI.JK,0.0,1.0,0.0,0.0024666806928005966,0.023809523809523885,0.0,0
2020-06-12,BBRI.JK,0.0,1.0,0.0,0.0018500105196004473,0.023809523809523885,0.0,0
2020-06-15,BBRI.JK,-1.0,1.0,-0.3333333333333335,-0.24861249211029968,-0.9285714285714285,-1.0,-1
2020-06-16,BBRI.JK,-0.5,3.0,-0.5000000000000001,-0.31145936908272476,-0.28571428571428564,0.5,-1
2020-06-17,BBRI.JK,-1.0,4.0,-0.8333333333333335,-0.48359452681204357,-0.7857142857142856,-0.5,-1
2020-06-18,BBRI.JK,0.0,3.0,-0.5000000000000001,-0.36269589510903266,0.3571428571428572,1.0,0
2020-06-19,BBRI.JK,0.0,1.0,-0.3333333333333335,-0.2720219213317745,0.3571428571428572,0.0,0
2020-06-22,BBRI.JK,0.0,1.0,0.0,-0.20401644099883087,0.3571428571428572,0.0,0
2020-06-23,BBRI.JK,0.0,1.0,0.0,-0.15301233074912315,0.3571428571428572,0.0,0
2020-06-24,BBRI.JK,0.0,3.0,0.0,-0.11475924806184237,0.3571428571428572,0.0,0
2020-06-25,BBRI.JK,0.0,2.0,0.0,-0.08606943604638179,0.21428571428571436,0.0,0
2020-06-26,BBRI.JK,1.0,3.0,0.3333333333333332,0.18544792296521367,1.142857142857143,1.0,1
2020-06-29,BBRI.JK,1.0,2.0,0.6666666666666665,0.38908594222391024,0.8571428571428572,0.0,1
2020-06-30,BBRI.JK,-1.0,4.0,0.3333333333333332,0.04181445666793271,-1.2857142857142856,-2.0,-1
2020-07-01,BBRI.JK,0.0,3.0,-1.4802973661668753e-16,0.03136084250094953,-0.1428571428571428,1.0,0
2020-07-02,BBRI.JK,-1.0,3.0,-0.6666666666666669,-0.22647936812428784,-1.1428571428571428,-1.0,-1
2020-07-03,BBRI.JK,0.0,2.0,-0.3333333333333335,-0.1698595260932159,6.344131569286608e-17,1.0,0
2020-07-06,BBRI.JK,-1.0,3.0,-0.6666666666666669,-0.3773946445699119,-0.9999999999999999,-1.0,-1
2020-07-07,BBRI.JK,0.0,4.0,-0.3333333333333335,-0.2830459834274339,0.14285714285714293,1.0,0
2020-07-08,BBRI.JK,0.0,4.0,-0.3333333333333335,-0.21228448757057544,0.28571428571428575,0.0,0
2020-07-09,BBRI.JK,0.0,3.0,0.0,-0.1592133656779316,0.42857142857142866,0.0,0
2020-07-10,BBRI.JK,-1.0,3.0,-0.3333333333333335,-0.3694100242584487,-0.7142857142857142,-1.0,-1
2020-07-13,BBRI.JK,0.0,2.0,-0.3333333333333335,-0.2770575181938365,0.42857142857142866,1.0,0
2020-07-14,BBRI.JK,0.0,2.0,-0.3333333333333335,-0.20779313864537738,0.28571428571428575,0.0,0
2020-07-15,BBRI.JK,0.0,1.0,0.0,-0.15584485398403303,0.28571428571428575,0.0,0
2020-07-16,BBRI.JK,0.0,1.0,0.0,-0.11688364048802477,0.14285714285714293,0.0,0
2020-07-17,BBRI.JK,0.0,2.0,0.0,-0.08766273036601857,0.14285714285714293,0.0,0
2020-07-20,BBRI.JK,-1.0,2.0,-0.3333333333333335,-0.3157470477745139,-0.8571428571428571,-1.0,-1
2020-07-21,BBRI.JK,0.0,3.0,-0.3333333333333335,-0.23681028583088543,0.28571428571428575,1.0,0
2020-07-22,BBRI.JK,0.0,2.0,-0.3333333333333335,-0.17760771437316408,0.14285714285714293,0.0,0
2020-07-23,BBRI.JK,0.0,3.0,0.0,-0.13320578577987308,0.14285714285714293,0.0,0
2020-07-24,BBRI.JK,0.0,2.0,0.0,-0.09990433933490481,0.14285714285714293,0.0,0
2020-07-27,BBRI.JK,0.0,2.0,0.0,-0.0749282545011786,0.14285714285714293,0.0,0
2020-07-28,BBRI.JK,0.0,0.0,0.0,-0.05619619087588395,0.14285714285714293,0.0,0
2020-07-29,BBRI.JK,0.0,0.0,0.0,-0.04214714315691296,0.14285714285714293,0.0,0
2020-07-30,BBRI.JK,1.0,1.0,0.3333333333333332,0.21838964263231528,1.0,1.0,1
2020-07-31,BBRI.JK,0.0,1.0,0.3333333333333332,0.16379223197423645,-0.1428571428571428,-1.0,0
2020-08-03,BBRI.JK,0.0,1.0,0.3333333333333332,0.12284417398067735,-0.1428571428571428,0.0,0
2020-08-04,BBRI.JK,0.0,0.0,0.0,0.092133130485508,-0.1428571428571428,0.0,0
2020-08-05,BBRI.JK,0.0,0.0,0.0,0.06909984786413101,-0.1428571428571428,0.0,0
2020-08-06,BBRI.JK,0.0,0.0,0.0,0.05182488589809826,-0.1428571428571428,0.0,0
2020-08-07,BBRI.JK,1.0,1.0,0.3333333333333332,0.2888686644235737,0.8571428571428572,1.0,1
2020-08-10,BBRI.JK,0.0,2.0,0.3333333333333332,0.21665149831768027,-0.28571428571428564,-1.0,0
2020-08-11,BBRI.JK,0.0,2.0,0.3333333333333332,0.1624886237382602,-0.1428571428571428,0.0,0
2020-08-12,BBRI.JK,0.0,1.0,0.0,0.12186646780369514,-0.1428571428571428,0.0,0
2020-08-13,BBRI.JK,0.0,0.0,0.0,0.09139985085277136,-0.1428571428571428,0.0,0
2020-08-14,BBRI.JK,1.0,1.0,0.3333333333333332,0.3185498881395785,0.8571428571428572,1.0,1
2020-08-17,BBRI.JK,0.0,2.0,0.3333333333333332,0.2389124161046839,-0.28571428571428564,-1.0,0
2020-08-18,BBRI.JK,1.0,5.0,0.6666666666666665,0.42918431207851293,0.7142857142857144,1.0,1
2020-08-19,BBRI.JK,1.0,6.0,0.6666666666666665,0.5718882340588847,0.7142857142857144,0.0,1
2020-08-20,BBRI.JK,0.0,5.0,0.6666666666666665,0.4289161755441635,-0.4285714285714285,-1.0,0
2020-08-21,BBRI.JK,0.0,3.0,0.3333333333333332,0.3216871316581226,-0.4285714285714285,0.0,0
2020-08-24,BBRI.JK,0.0,2.0,0.0,0.24126534874359196,-0.4285714285714285,0.0,0
2020-08-25,BBRI.JK,1.0,3.0,0.3333333333333332,0.43094901155769394,0.5714285714285715,1.0,1
2020-08-26,BBRI.JK,-1.0,3.0,-1.4802973661668753e-16,0.07321175866827045,-1.4285714285714284,-2.0,-1
2020-08-27,BBRI.JK,0.0,2.0,-1.4802973661668753e-16,0.05490881900120284,-0.28571428571428564,1.0,0
2020-08-28,BBRI.JK,0.0,1.0,-0.3333333333333335,0.04118161425090213,-0.1428571428571428,0.0,0
2020-08-31,BBRI.JK,0.0,0.0,0.0,0.030886210688176596,6.344131569286608e-17,0.0,0
2020-09-01,BBRI.JK,-0.5,2.0,-0.16666666666666682,-0.10183534198386755,-0.49999999999999994,-0.5,-1
2020-09-02,BBRI.JK,0.0,2.0,-0.16666666666666682,-0.07637650648790066,0.0714285714285715,0.5,0
2020-09-03,BBRI.JK,0.5,4.0,-1.4802973661668753e-16,0.06771762013407451,0.5714285714285715,0.5,1
2020-09-04,BBRI.JK,0.0,2.0,0.16666666666666652,0.05078821510055588,0.14285714285714293,-0.5,0
2020-09-07,BBRI.JK,-1.0,3.0,-0.16666666666666682,-0.2119088386745831,-0.9999999999999999,-1.0,-1
2020-09-08,BBRI.JK,0.0,1.0,-0.3333333333333335,-0.15893162900593732,0.14285714285714293,1.0,0
2020-09-09,BBRI.JK,0.0,1.0,-0.3333333333333335,-0.119198721754453,0.14285714285714293,0.0,0
2020-09-10,BBRI.JK,0.0,0.0,0.0,-0.08939904131583974,0.14285714285714293,0.0,0
2020-09-11,BBRI.JK,0.0,1.0,0.0,-0.0670492809868798,0.0714285714285715,0.0,0
2020-09-14,BBRI.JK,-1.0,2.0,-0.3333333333333335,-0.30028696074015987,-0.9285714285714285,-1.0,-1
2020-09-15,BBRI.JK,-1.0,3.0,-0.6666666666666669,-0.4752152205551199,-0.7142857142857142,0.0,-1
2020-09-16,BBRI.JK,0.0,2.0,-0.6666666666666669,-0.3564114154163399,0.42857142857142866,1.0,0
2020-09-17,BBRI.JK,0.0,1.0,-0.3333333333333335,-0.2673085615622549,0.28571428571428575,0.0,0
2020-09-18,BBRI.JK,0.0,2.0,0.0,-0.20048142117169118,0.28571428571428575,0.0,0
2020-09-21,BBRI.JK,0.0,2.0,0.0,-0.15036106587876838,0.28571428571428575,0.0,0
2020-09-22,BBRI.JK,-1.0,3.0,-0.3333333333333335,-0.3627707994090763,-0.7142857142857142,-1.0,-1
2020-09-23,BBRI.JK,0.0,4.0,-0.3333333333333335,-0.27207809955680723,0.42857142857142866,1.0,0
2020-09-24,BBRI.JK,-0.5,6.0,-0.5000000000000001,-0.3290585746676054,-0.21428571428571425,-0.5,-1
2020-09-25,BBRI.JK,1.0,7.0,0.16666666666666652,0.00320606899929593,1.2142857142857144,1.5,1
2020-09-28,BBRI.JK,1.0,5.0,0.49999999999999983,0.25240455174947196,1.0714285714285714,0.0,1
2020-09-29,BBRI.JK,-1.0,5.0,0.3333333333333332,-0.06069658618789603,-1.0714285714285714,-2.0,-1
2020-09-30,BBRI.JK,0.0,3.0,-1.4802973661668753e-16,-0.04552243964092202,0.0714285714285715,1.0,0
2020-10-01,BBRI.JK,-1.0,3.0,-0.6666666666666669,-0.2841418297306915,-0.9285714285714285,-1.0,-1
2020-10-02,BBRI.JK,0.0,1.0,-0.3333333333333335,-0.21310637229801865,0.0714285714285715,1.0,0
2020-10-05,BBRI.JK,-1.0,3.0,-0.6666666666666669,-0.409829779223514,-0.9285714285714285,-1.0,-1
2020-10-06,BBRI.JK,0.0,2.0,-0.3333333333333335,-0.3073723344176355,0.14285714285714293,1.0,0
2020-10-07,BBRI.JK,-1.0,3.0,-0.6666666666666669,-0.4805292508132266,-0.7142857142857142,-1.0,-1
2020-10-08,BBRI.JK,0.0,1.0,-0.3333333333333335,-0.36039693810991996,0.5714285714285714,1.0,0
2020-10-09,BBRI.JK,1.0,2.0,-1.4802973661668753e-16,-0.020297703582439985,1.4285714285714286,1.0,1
2020-10-12,BBRI.JK,-1.0,3.0,-1.4802973661668753e-16,-0.26522327768682996,-0.7142857142857142,-2.0,-1
2020-10-13,BBRI.JK,0.0,10.0,-1.4802973661668753e-16,-0.19891745826512247,0.28571428571428575,1.0,0
2020-10-14,BBRI.JK,0.0,11.0,-0.3333333333333335,-0.14918809369884184,0.28571428571428575,0.0,0
2020-10-15,BBRI.JK,0.0,9.0,0.0,-0.11189107027413138,0.14285714285714293,0.0,0
2020-10-16,BBRI.JK,-1.0,3.0,-0.3333333333333335,-0.3339183027055985,-0.8571428571428571,-1.0,-1
2020-10-19,BBRI.JK,-0.5,3.0,-0.5000000000000001,-0.3754387270291989,-0.3571428571428571,0.5,-1
2020-10-20,BBRI.JK,0.0,3.0,-0.5000000000000001,-0.28157904527189914,0.21428571428571436,0.5,0
2020-10-21,BBRI.JK,-0.5,8.0,-0.3333333333333335,-0.33618428395392436,-0.1428571428571428,-0.5,-1
2020-10-22,BBRI.JK,-0.5,8.0,-0.3333333333333335,-0.37713821296544325,-0.21428571428571425,0.0,-1
2020-10-23,BBRI.JK,0.0,9.0,-0.3333333333333335,-0.28285365972408244,0.3571428571428572,0.5,0
2020-10-26,BBRI.JK,-1.0,5.0,-0.5000000000000001,-0.4621402447930618,-0.6428571428571428,-1.0,-1
2020-10-27,BBRI.JK,0.0,4.0,-0.3333333333333335,-0.34660518359479636,0.5000000000000001,1.0,0
2020-10-28,BBRI.JK,0.0,3.0,-0.3333333333333335,-0.2599538876960973,0.3571428571428572,0.0,0
2020-10-29,BBRI.JK,-1.0,2.0,-0.3333333333333335,-0.44496541577207294,-0.7142857142857142,-1.0,-1
2020-10-30,BBRI.JK,0.0,1.0,-0.3333333333333335,-0.3337240618290547,0.42857142857142866,1.0,0
2020-11-02,BBRI.JK,-0.5,3.0,-0.5000000000000001,-0.375293046371791,-0.1428571428571428,-0.5,-1
2020-11-03,BBRI.JK,0.0,2.0,-0.16666666666666682,-0.28146978477884327,0.3571428571428572,0.5,0
2020-11-04,BBRI.JK,0.0,2.0,-0.16666666666666682,-0.21110233858413247,0.3571428571428572,0.0,0
2020-11-05,BBRI.JK,-1.0,1.0,-0.3333333333333335,-0.40832675393809936,-0.7857142857142856,-1.0,-1
2020-11-06,BBRI.JK,0.0,3.0,-0.3333333333333335,-0.30624506545357455,0.3571428571428572,1.0,0
2020-11-09,BBRI.JK,-1.0,4.0,-0.6666666666666669,-0.4796837990901809,-0.6428571428571428,-1.0,-1
2020-11-10,BBRI.JK,0.0,3.0,-0.3333333333333335,-0.3597628493176357,0.3571428571428572,1.0,0
2020-11-11,BBRI.JK,-0.3333333333333333,4.0,-0.4444444444444446,-0.3531554703215601,0.02380952380952389,-0.3333333333333333,-1
2020-11-12,BBRI.JK,-0.5,5.0,-0.2777777777777779,-0.3898666027411701,-0.16666666666666657,-0.16666666666666669,-1
2020-11-13,BBRI.JK,0.0,7.0,-0.2777777777777779,-0.29239995205587754,0.4047619047619048,0.5,0
2020-11-16,BBRI.JK,-0.6666666666666666,7.0,-0.388888888888889,-0.38596663070857484,-0.2619047619047618,-0.6666666666666666,-1
2020-11-17,BBRI.JK,0.0,8.0,-0.22222222222222235,-0.2894749730314311,0.3571428571428572,0.6666666666666666,0
2020-11-18,BBRI.JK,0.5,8.0,-0.05555555555555569,-0.09210622977357333,0.8571428571428572,0.5,1
2020-11-19,BBRI.JK,0.0,5.0,0.16666666666666652,-0.06907967233018,0.14285714285714293,-0.5,0
2020-11-20,BBRI.JK,1.0,3.0,0.49999999999999983,0.198190245752365,1.142857142857143,1.0,1
2020-11-23,BBRI.JK,-0.75,5.0,0.08333333333333319,-0.03885731568572626,-0.7976190476190476,-1.75,-1
2020-11-24,BBRI.JK,1.0,6.0,0.4166666666666665,0.2208570132357053,0.9880952380952381,1.75,1
2020-11-25,BBRI.JK,-0.6666666666666666,8.0,-0.13888888888888903,-0.00102390673988767,-0.8214285714285713,-1.6666666666666665,-1
2020-11-26,BBRI.JK,0.0,4.0,0.11111111111111098,-0.0007679300549157525,-0.1547619047619047,0.6666666666666666,0
2020-11-27,BBRI.JK,0.0,3.0,-0.22222222222222235,-0.0005759475411868144,-0.1547619047619047,0.0,0
2020-11-30,BBRI.JK,-1.0,2.0,-0.3333333333333335,-0.25043196065589013,-1.0833333333333333,-1.0,-1
2020-12-01,BBRI.JK,0.0,3.0,-0.3333333333333335,-0.1878239704919176,0.0595238095238096,1.0,0
2020-12-02,BBRI.JK,0.0,3.0,-0.3333333333333335,-0.1408679778689382,0.20238095238095247,0.0,0
2020-12-03,BBRI.JK,0.0,1.0,0.0,-0.10565098340170365,0.09523809523809532,0.0,0
2020-12-04,BBRI.JK,0.0,0.0,0.0,-0.07923823755127773,0.23809523809523817,0.0,0
2020-12-07,BBRI.JK,0.0,2.0,0.0,-0.0594286781634583,0.14285714285714293,0.0,0
2020-12-08,BBRI.JK,0.0,2.0,0.0,-0.04457150862259372,0.14285714285714293,0.0,0
2020-12-09,BBRI.JK,-1.0,3.0,-0.3333333333333335,-0.2834286314669453,-0.8571428571428571,-1.0,-1
2020-12-10,BBRI.JK,0.0,1.0,-0.3333333333333335,-0.21257147360020898,0.14285714285714293,1.0,0
2020-12-11,BBRI.JK,-1.0,4.0,-0.6666666666666669,-0.4094286052001567,-0.8571428571428571,-1.0,-1
2020-12-14,BBRI.JK,-1.0,4.0,-0.6666666666666669,-0.5570714539001176,-0.7142857142857142,0.0,-1
2020-12-15,BBRI.JK,0.0,5.0,-0.6666666666666669,-0.4178035904250882,0.42857142857142866,1.0,0
2020-12-16,BBRI.JK,-0.25,6.0,-0.4166666666666668,-0.37585269281881617,0.17857142857142866,-0.25,-1
2020-12-17,BBRI.JK,0.0,5.0,-0.08333333333333348,-0.2818895196141121,0.46428571428571436,0.25,0
2020-12-18,BBRI.JK,0.0,4.0,-0.08333333333333348,-0.2114171397105841,0.46428571428571436,0.0,0
2020-12-21,BBRI.JK,0.3333333333333333,3.0,0.11111111111111095,-0.07522952144960475,0.6547619047619049,0.3333333333333333,1
2020-12-22,BBRI.JK,0.0,3.0,0.11111111111111095,-0.05642214108720356,0.2738095238095239,-0.3333333333333333,0
2020-12-23,BBRI.JK,-1.0,4.0,-0.2222222222222224,-0.29231660581540264,-0.869047619047619,-1.0,-1
2020-12-24,BBRI.JK,0.0,1.0,-0.3333333333333335,-0.21923745436155198,0.13095238095238101,1.0,0
2020-12-25,BBRI.JK,0.0,1.0,-0.3333333333333335,-0.164428090771164,0.13095238095238101,0.0,0
2020-12-28,BBRI.JK,0.0,0.0,0.0,-0.123321068078373,0.09523809523809532,0.0,0
2020-12-29,BBRI.JK,0.0,0.0,0.0,-0.09249080105877974,0.09523809523809532,0.0,0
2020-12-30,BBRI.JK,0.0,0.0,0.0,-0.06936810079408481,0.09523809523809532,0.0,0
2020-12-31,BBRI.JK,0.0,0.0,0.0,-0.05202607559556361,0.14285714285714293,0.0,0
2021-01-01,BBRI.JK,0.0,0.0,0.0,-0.03901955669667271,0.14285714285714293,0.0,0
2021-01-04,BBRI.JK,0.0,0.0,0.0,-0.029264667522504534,0.0,0.0,0
2021-01-05,BBRI.JK,0.0,0.0,0.0,-0.0219485006418784,0.0,0.0,0
2021-01-06,BBRI.JK,0.0,0.0,0.0,-0.016461375481408802,0.0,0.0,0
2021-01-07,BBRI.JK,0.0,0.0,0.0,-0.012346031611056602,0.0,0.0,0
2021-01-08,BBRI.JK,0.0,0.0,0.0,-0.009259523708292451,0.0,0.0,0
2021-01-11,BBRI.JK,0.0,0.0,0.0,-0.006944642781219338,0.0,0.0,0
2021-01-12,BBRI.JK,0.0,0.0,0.0,-0.005208482085914503,0.0,0.0,0
2021-01-13,BBRI.JK,1.0,4.0,0.3333333333333332,0.24609363843556412,1.0,1.0,1
2021-01-14,BBRI.JK,0.0,5.0,0.3333333333333332,0.1845702288266731,-0.1428571428571428,-1.0,0
2021-01-15,BBRI.JK,0.0,5.0,0.3333333333333332,0.13842767162000483,-0.1428571428571428,0.0,0
2021-01-18,BBRI.JK,-1.0,2.0,-0.3333333333333335,-0.14617924628499637,-1.1428571428571428,-1.0,-1
2021-01-19,BBRI.JK,-1.0,2.0,-0.6666666666666669,-0.3596344347137473,-0.9999999999999999,0.0,-1
2021-01-20,BBRI.JK,-0.5,4.0,-0.8333333333333335,-0.3947258260353105,-0.3571428571428571,0.5,-1
2021-01-21,BBRI.JK,-0.4444444444444444,12.0,-0.6481481481481483,-0.40715548063759394,-0.23015873015873006,0.05555555555555558,-1
2021-01-22,BBRI.JK,0.2857142857142857,18.0,-0.21957671957671973,-0.23393803904962404,0.5634920634920635,0.7301587301587301,1
2021-01-25,BBRI.JK,-1.0,17.0,-0.38624338624338633,-0.425453529287218,-0.6201814058956916,-1.2857142857142856,-1
2021-01-26,BBRI.JK,-1.0,10.0,-0.5714285714285715,-0.5690901469654135,-0.4773242630385487,0.0,-1
2021-01-27,BBRI.JK,0.3333333333333333,6.0,-0.5555555555555557,-0.3434842768907268,0.9988662131519275,1.3333333333333333,1
2021-01-28,BBRI.JK,0.0,6.0,-0.2222222222222224,-0.2576132076680451,0.47505668934240364,-0.3333333333333333,0
2021-01-29,BBRI.JK,0.3333333333333333,7.0,0.22222222222222207,-0.10987657241770048,0.6655328798185942,0.3333333333333333,1
2021-02-01,BBRI.JK,0.0,6.0,0.11111111111111095,-0.08240742931327535,0.2131519274376418,-0.3333333333333333,0
2021-02-02,BBRI.JK,-0.4,10.0,-0.022222222222222383,-0.16180557198495651,-0.25034013605442174,-0.4,-1
2021-02-03,BBRI.JK,0.0,8.0,-0.1333333333333335,-0.12135417898871739,0.24761904761904768,0.4,0
2021-02-04,BBRI.JK,0.0,6.0,-0.1333333333333335,-0.09101563424153805,0.10476190476190485,0.0,0
2021-02-05,BBRI.JK,1.0,3.0,0.3333333333333332,0.18173827431884645,0.961904761904762,1.0,1
2021-02-08,BBRI.JK,0.3333333333333333,5.0,0.44444444444444425,0.21963703907246818,0.20000000000000007,-0.6666666666666667,1
2021-02-09,BBRI.JK,-1.0,8.0,0.11111111111111094,-0.08527222069564888,-1.1809523809523808,-1.3333333333333333,-1
2021-02-10,BBRI.JK,0.0,6.0,-0.2222222222222224,-0.06395416552173666,0.009523809523809617,1.0,0
2021-02-11,BBRI.JK,0.0,4.0,-0.3333333333333335,-0.047965624141302496,0.009523809523809625,0.0,0
2021-02-12,BBRI.JK,0.0,1.0,0.0,-0.03597421810597687,-0.04761904761904752,0.0,0
2021-02-15,BBRI.JK,0.0,2.0,0.0,-0.02698066357948265,-0.04761904761904752,0.0,0
2021-02-16,BBRI.JK,0.0,1.0,0.0,-0.02023549768461199,-0.04761904761904752,0.0,0
2021-02-17,BBRI.JK,1.0,2.0,0.3333333333333332,0.234823376736541,1.0952380952380953,1.0,1
2021-02-18,BBRI.JK,0.0,2.0,0.3333333333333332,0.17611753255240575,9.516197353929913e-17,-1.0,0
2021-02-19,BBRI.JK,0.0,2.0,0.3333333333333332,0.1320881494143043,-0.14285714285714277,0.0,0
2021-02-22,BBRI.JK,0.0,1.0,0.0,0.09906611206072823,-0.14285714285714277,0.0,0
2021-02-23,BBRI.JK,0.0,0.0,0.0,0.07429958404554617,-0.14285714285714277,0.0,0
2021-02-24,BBRI.JK,0.0,1.0,0.0,0.05572468803415963,-0.14285714285714277,0.0,0
2021-02-25,BBRI.JK,0.0,4.0,0.0,0.04179351602561972,-0.14285714285714277,0.0,0
2021-02-26,BBRI.JK,0.0,5.0,0.0,0.03134513701921479,-0.14285714285714277,0.0,0
2021-03-01,BBRI.JK,0.0,6.0,0.0,0.023508852764411094,0.0,0.0,0
2021-03-02,BBRI.JK,0.0,3.0,0.0,0.017631639573308322,0.0,0.0,0
2021-03-03,BBRI.JK,0.3333333333333333,5.0,0.11111111111111095,0.09655706301331457,0.3333333333333333,0.3333333333333333,1
2021-03-04,BBRI.JK,-1.0,4.0,-0.2222222222222224,-0.17758220274001407,-1.0476190476190474,-1.3333333333333333,-1
2021-03-05,BBRI.JK,0.0,4.0,-0.2222222222222224,-0.13318665205501057,0.09523809523809534,1.0,0
2021-03-08,BBRI.JK,-1.0,2.0,-0.6666666666666669,-0.3498899890412579,-0.9047619047619047,-1.0,-1
2021-03-09,BBRI.JK,0.0,1.0,-0.3333333333333335,-0.2624174917809434,0.2380952380952382,1.0,0
2021-03-10,BBRI.JK,-1.0,2.0,-0.6666666666666669,-0.44681311883570757,-0.7619047619047619,-1.0,-1
2021-03-11,BBRI.JK,0.0,1.0,-0.3333333333333335,-0.33510983912678066,0.38095238095238104,1.0,0
2021-03-12,BBRI.JK,0.0,1.0,-0.3333333333333335,-0.2513323793450855,0.38095238095238104,0.0,0
2021-03-15,BBRI.JK,0.0,0.0,0.0,-0.18849928450881415,0.4285714285714287,0.0,0
2021-03-16,BBRI.JK,-1.0,1.0,-0.3333333333333335,-0.39137446338161064,-0.7142857142857142,-1.0,-1
2021-03-17,BBRI.JK,0.0,3.0,-0.3333333333333335,-0.29353084753620795,0.4285714285714287,1.0,0
2021-03-18,BBRI.JK,-0.3333333333333333,6.0,-0.4444444444444446,-0.3034814689854893,-0.04761904761904745,-0.3333333333333333,-1
2021-03-19,BBRI.JK,0.0,5.0,-0.11111111111111126,-0.22761110173911697,0.3333333333333335,0.3333333333333333,0
2021-03-22,BBRI.JK,0.0,5.0,-0.11111111111111126,-0.17070832630433774,0.19047619047619055,0.0,0
2021-03-23,BBRI.JK,0.0,2.0,0.0,-0.1280312447282533,0.19047619047619055,0.0,0
2021-03-24,BBRI.JK,-0.3333333333333333,5.0,-0.11111111111111126,-0.1793567668795233,-0.14285714285714277,-0.3333333333333333,-1
2021-03-25,BBRI.JK,0.6666666666666666,9.0,0.11111111111111095,0.03214909150702419,0.9047619047619049,1.0,1
2021-03-26,BBRI.JK,0.0,9.0,0.11111111111111095,0.024111818630268143,9.516197353929913e-17,-0.6666666666666666,0
2021-03-29,BBRI.JK,0.0,6.0,0.22222222222222207,0.018083863972701106,9.516197353929913e-17,0.0,0
2021-03-30,BBRI.JK,0.0,0.0,0.0,0.01356289797952583,-0.04761904761904752,0.0,0
2021-03-31,BBRI.JK,-1.0,1.0,-0.3333333333333335,-0.2398278265153556,-1.0476190476190474,-1.0,-1
2021-04-01,BBRI.JK,0.0,2.0,-0.3333333333333335,-0.1798708698865167,0.09523809523809534,1.0,0
2021-04-02,BBRI.JK,0.0,2.0,-0.3333333333333335,-0.13490315241488754,0.09523809523809534,0.0,0
2021-04-05,BBRI.JK,0.0,1.0,0.0,-0.10117736431116565,0.04761904761904773,0.0,0
2021-04-06,BBRI.JK,0.0,2.0,0.0,-0.07588302323337424,0.14285714285714296,0.0,0
2021-04-07,BBRI.JK,0.0,2.0,0.0,-0.05691226742503068,0.142857142857143,0.0,0
2021-04-08,BBRI.JK,0.0,2.0,0.0,-0.042684200568773006,0.142857142857143,0.0,0
2021-04-09,BBRI.JK,-0.2,5.0,-0.06666666666666682,-0.08201315042657975,-0.05714285714285702,-0.2,-1
2021-04-12,BBRI.JK,0.0,9.0,-0.06666666666666682,-0.06150986281993481,0.0285714285714287,0.2,0
2021-04-13,BBRI.JK,0.0,11.0,-0.06666666666666682,-0.04613239711495111,0.0285714285714287,0.0,0
2021-04-14,BBRI.JK,-0.6666666666666666,9.0,-0.22222222222222235,-0.20126596450287998,-0.6380952380952379,-0.6666666666666666,-1
2021-04-15,BBRI.JK,-0.5,7.0,-0.388888888888889,-0.27594947337715997,-0.3761904761904761,0.16666666666666663,-1
2021-04-16,BBRI.JK,0.0,6.0,-0.388888888888889,-0.20696210503287,0.19523809523809538,0.5,0
2021-04-19,BBRI.JK,-1.0,7.0,-0.5000000000000001,-0.4052215787746525,-0.8047619047619046,-1.0,-1
2021-04-20,BBRI.JK,1.0,6.0,-1.4802973661668753e-16,-0.05391618408098936,1.3380952380952382,2.0,1
2021-04-21,BBRI.JK,-0.5,9.0,-0.16666666666666682,-0.165437138060742,-0.33333333333333326,-1.5,-1
2021-04-22,BBRI.JK,0.0,5.0,0.16666666666666652,-0.1240778535455565,0.23809523809523822,0.5,0
2021-04-23,BBRI.JK,0.0,4.0,-0.16666666666666682,-0.09305839015916738,0.23809523809523822,0.0,0
2021-04-26,BBRI.JK,0.0,3.0,0.0,-0.06979379261937553,0.142857142857143,0.0,0
2021-04-27,BBRI.JK,0.0,3.0,0.0,-0.05234534446453165,0.07142857142857155,0.0,0
2021-04-28,BBRI.JK,-1.0,6.0,-0.3333333333333335,-0.28925900834839874,-0.9285714285714285,-1.0,-1
2021-04-29,BBRI.JK,0.0,5.0,-0.3333333333333335,-0.21694425626129904,0.07142857142857155,1.0,0
2021-04-30,BBRI.JK,0.0,6.0,-0.3333333333333335,-0.16270819219597427,0.2142857142857144,0.0,0
2021-05-03,BBRI.JK,-0.5,7.0,-0.16666666666666682,-0.24703114414698069,-0.357142857142857,-0.5,-1
2021-05-04,BBRI.JK,0.0,6.0,-0.16666666666666682,-0.18527335811023551,0.2142857142857144,0.5,0
2021-05-05,BBRI.JK,0.0,5.0,-0.16666666666666682,-0.13895501858267664,0.2142857142857144,0.0,0
2021-05-06,BBRI.JK,-1.0,2.0,-0.3333333333333335,-0.35421626393700745,-0.7857142857142856,-1.0,-1
2021-05-07,BBRI.JK,0.0,2.0,-0.3333333333333335,-0.2656621979527556,0.35714285714285726,1.0,0
2021-05-10,BBRI.JK,0.0,3.0,-0.3333333333333335,-0.1992466484645667,0.2142857142857144,0.0,0
2021-05-11,BBRI.JK,0.0,2.0,0.0,-0.149434986348425,0.2142857142857144,0.0,0
2021-05-12,BBRI.JK,0.0,2.0,0.0,-0.11207623976131875,0.2142857142857144,0.0,0
2021-05-13,BBRI.JK,0.0,2.0,0.0,-0.08405717982098906,0.142857142857143,0.0,0
2021-05-14,BBRI.JK,0.0,2.0,0.0,-0.0630428848657418,0.142857142857143,0.0,0
2021-05-17,BBRI.JK,0.0,2.0,0.0,-0.047282163649306354,0.142857142857143,0.0,0
2021-05-18,BBRI.JK,0.0,1.0,0.0,-0.03546162273697977,0.0,0.0,0
2021-05-19,BBRI.JK,0.0,1.0,0.0,-0.026596217052734825,0.0,0.0,0
2021-05-20,BBRI.JK,1.0,2.0,0.3333333333333332,0.2300528372104489,1.0,1.0,1
2021-05-21,BBRI.JK,-1.0,3.0,-1.4802973661668753e-16,-0.07746037209216333,-1.1428571428571428,-2.0,-1
2021-05-24,BBRI.JK,0.0,8.0,-1.4802973661668753e-16,-0.0580952790691225,1.2688263138573217e-16,1.0,0
2021-05-25,BBRI.JK,-1.0,7.0,-0.6666666666666669,-0.29357145930184186,-0.9999999999999999,-1.0,-1
2021-05-26,BBRI.JK,0.0,6.0,-0.3333333333333335,-0.22017859447638138,0.142857142857143,1.0,0
2021-05-27,BBRI.JK,0.0,1.0,-0.3333333333333335,-0.16513394585728602,0.142857142857143,0.0,0
2021-05-28,BBRI.JK,-1.0,1.0,-0.3333333333333335,-0.3738504593929645,-0.857142857142857,-1.0,-1
2021-05-31,BBRI.JK,0.3333333333333333,4.0,-0.2222222222222224,-0.19705451121139006,0.6190476190476192,1.3333333333333333,1
2021-06-01,BBRI.JK,-1.0,5.0,-0.5555555555555557,-0.3977908834085425,-0.619047619047619,-1.3333333333333333,-1
2021-06-02,BBRI.JK,-0.8,9.0,-0.4888888888888891,-0.4983431625564069,-0.41904761904761895,0.19999999999999996,-1
2021-06-03,BBRI.JK,0.0,7.0,-0.6000000000000002,-0.3737573719173052,0.49523809523809537,0.8,0
2021-06-04,BBRI.JK,0.0,6.0,-0.26666666666666683,-0.28031802893797886,0.3523809523809525,0.0,0
2021-06-07,BBRI.JK,0.0,1.0,0.0,-0.21023852170348414,0.3523809523809525,0.0,0
2021-06-08,BBRI.JK,0.0,0.0,0.0,-0.15767889127761311,0.3523809523809525,0.0,0
2021-06-09,BBRI.JK,0.0,0.0,0.0,-0.11825916845820983,0.20952380952380967,0.0,0
2021-06-10,BBRI.JK,-1.0,1.0,-0.3333333333333335,-0.3386943763436574,-0.7428571428571427,-1.0,-1
2021-06-11,BBRI.JK,1.0,2.0,-1.4802973661668753e-16,-0.00402078225774305,1.2571428571428573,2.0,1
2021-06-14,BBRI.JK,0.0,2.0,-1.4802973661668753e-16,-0.0030155866933072872,1.2688263138573217e-16,-1.0,0
2021-06-15,BBRI.JK,-1.0,3.0,-1.4802973661668753e-16,-0.25226169001998044,-0.9999999999999999,-1.0,-1
2021-06-16,BBRI.JK,0.0,2.0,-0.3333333333333335,-0.18919626751498533,0.142857142857143,1.0,0
2021-06-17,BBRI.JK,-0.3333333333333333,5.0,-0.4444444444444446,-0.22523053396957232,-0.19047619047619033,-0.3333333333333333,-1
2021-06-18,BBRI.JK,-0.5,5.0,-0.2777777777777779,-0.2939229004771792,-0.3095238095238094,-0.16666666666666669,-1
2021-06-21,BBRI.JK,0.0,5.0,-0.2777777777777779,-0.2204421753578844,0.26190476190476203,0.5,0
2021-06-22,BBRI.JK,0.0,3.0,-0.16666666666666682,-0.1653316315184133,0.11904761904761917,0.0,0
2021-06-23,BBRI.JK,-1.0,2.0,-0.3333333333333335,-0.37399872363881,-0.7380952380952379,-1.0,-1
2021-06-24,BBRI.JK,0.0,3.0,-0.3333333333333335,-0.2804990427291075,0.4047619047619048,1.0,0
2021-06-25,BBRI.JK,0.0,3.0,-0.3333333333333335,-0.21037428204683062,0.26190476190476203,0.0,0
2021-06-28,BBRI.JK,0.0,2.0,0.0,-0.15778071153512296,0.26190476190476203,0.0,0
2021-06-29,BBRI.JK,-0.5,3.0,-0.16666666666666682,-0.24333553365134222,-0.2857142857142856,-0.5,-1
2021-06-30,BBRI.JK,0.0,4.0,-0.16666666666666682,-0.18250165023850667,0.2142857142857144,0.5,0
2021-07-01,BBRI.JK,-1.0,5.0,-0.5000000000000001,-0.38687623767888,-0.7857142857142856,-1.0,-1
2021-07-02,BBRI.JK,0.0,4.0,-0.3333333333333335,-0.29015717825916,0.35714285714285726,1.0,0
2021-07-05,BBRI.JK,0.0,2.0,-0.3333333333333335,-0.21761788369437,0.2142857142857144,0.0,0
2021-07-06,BBRI.JK,-1.0,2.0,-0.3333333333333335,-0.4132134127707775,-0.7857142857142856,-1.0,-1
2021-07-07,BBRI.JK,-1.0,2.0,-0.6666666666666669,-0.5599100595780832,-0.6428571428571428,0.0,-1
2021-07-08,BBRI.JK,0.0,3.0,-0.6666666666666669,-0.41993254468356234,0.5000000000000001,1.0,0
2021-07-09,BBRI.JK,0.0,3.0,-0.3333333333333335,-0.3149494085126717,0.4285714285714287,0.0,0
2021-07-12,BBRI.JK,0.0,2.0,0.0,-0.2362120563845038,0.4285714285714287,0.0,0
2021-07-13,BBRI.JK,0.0,1.0,0.0,-0.17715904228837784,0.28571428571428586,0.0,0
2021-07-14,BBRI.JK,0.0,2.0,0.0,-0.13286928171628337,0.28571428571428586,0.0,0
2021-07-15,BBRI.JK,1.0,3.0,0.3333333333333332,0.15034803871278746,1.2857142857142858,1.0,1
2021-07-16,BBRI.JK,-1.0,4.0,-1.4802973661668753e-16,-0.1372389709654094,-0.9999999999999999,-2.0,-1
2021-07-19,BBRI.JK,0.0,2.0,-1.4802973661668753e-16,-0.10292922822405706,1.2688263138573217e-16,1.0,0
2021-07-20,BBRI.JK,0.0,1.0,-0.3333333333333335,-0.0771969211680428,1.2688263138573217e-16,0.0,0
2021-07-21,BBRI.JK,0.0,2.0,0.0,-0.0578976908760321,1.2688263138573217e-16,0.0,0
2021-07-22,BBRI.JK,0.3333333333333333,5.0,0.11111111111111095,0.03991006517630925,0.3333333333333334,0.3333333333333333,1
2021-07-23,BBRI.JK,-1.0,7.0,-0.2222222222222224,-0.22006745111776807,-1.0476190476190474,-1.3333333333333333,-1
2021-07-26,BBRI.JK,0.0,8.0,-0.2222222222222224,-0.16505058833832606,0.09523809523809537,1.0,0
2021-07-27,BBRI.JK,-1.0,8.0,-0.6666666666666669,-0.37378794125374454,-0.7619047619047618,-1.0,-1
2021-07-28,BBRI.JK,-0.6666666666666666,9.0,-0.5555555555555557,-0.447007622606975,-0.4285714285714284,0.33333333333333337,-1
2021-07-29,BBRI.JK,0.0,6.0,-0.5555555555555557,-0.33525571695523126,0.3333333333333335,0.6666666666666666,0
2021-07-30,BBRI.JK,0.3333333333333333,6.0,-0.11111111111111126,-0.16810845438309013,0.6666666666666667,0.3333333333333333,1
2021-08-02,BBRI.JK,1.0,4.0,0.44444444444444425,0.12391865921268241,1.2857142857142858,0.6666666666666667,1
2021-08-03,BBRI.JK,0.0,4.0,0.44444444444444425,0.09293899440951181,0.19047619047619063,-1.0,0
2021-08-04,BBRI.JK,-1.0,2.0,-1.4802973661668753e-16,-0.18029575419286614,-0.9523809523809522,-1.0,-1
2021-08-05,BBRI.JK,1.0,2.0,-1.4802973661668753e-16,0.1147781843553504,1.1904761904761907,2.0,1
2021-08-06,BBRI.JK,-1.0,4.0,-0.3333333333333335,-0.1639163617334872,-1.0952380952380951,-2.0,-1
2021-08-09,BBRI.JK,-0.5,5.0,-0.16666666666666682,-0.2479372713001154,-0.5476190476190476,0.5,-1
2021-08-10,BBRI.JK,0.0,4.0,-0.5000000000000001,-0.18595295347508656,0.02380952380952393,0.5,0
2021-08-11,BBRI.JK,0.0,3.0,-0.16666666666666682,-0.13946471510631492,0.07142857142857155,0.0,0
2021-08-12,BBRI.JK,0.0,1.0,0.0,-0.10459853632973619,0.2142857142857144,0.0,0
2021-08-13,BBRI.JK,0.0,2.0,0.0,-0.07844890224730214,0.2142857142857144,0.0,0
2021-08-16,BBRI.JK,0.0,1.0,0.0,-0.058836676685476604,0.07142857142857155,0.0,0
2021-08-17,BBRI.JK,-1.0,2.0,-0.3333333333333335,-0.29412750751410743,-0.7857142857142856,-1.0,-1
2021-08-18,BBRI.JK,0.0,1.0,-0.3333333333333335,-0.22059563063558058,0.2142857142857144,1.0,0
2021-08-19,BBRI.JK,0.0,1.0,-0.3333333333333335,-0.16544672297668545,0.142857142857143,0.0,0
2021-08-20,BBRI.JK,-0.3333333333333333,3.0,-0.11111111111111126,-0.2074183755658474,-0.19047619047619033,-0.3333333333333333,-1
2021-08-23,BBRI.JK,-0.5,7.0,-0.2777777777777779,-0.28056378167438556,-0.3095238095238094,-0.16666666666666669,-1
2021-08-24,BBRI.JK,0.3333333333333333,10.0,-0.16666666666666682,-0.12708950292245585,0.5952380952380953,0.8333333333333333,1
2021-08-25,BBRI.JK,0.0,7.0,-0.05555555555555571,-0.09531712719184189,0.2142857142857144,-0.3333333333333333,0
2021-08-26,BBRI.JK,0.0,3.0,0.11111111111111095,-0.07148784539388142,0.2142857142857144,0.0,0
2021-08-27,BBRI.JK,-1.0,1.0,-0.3333333333333335,-0.30361588404541107,-0.9285714285714285,-1.0,-1
2021-08-30,BBRI.JK,-0.5,3.0,-0.5000000000000001,-0.3527119130340583,-0.2857142857142856,0.5,-1
2021-08-31,BBRI.JK,-0.14285714285714285,10.0,-0.5476190476190478,-0.3002482204898294,0.14285714285714302,0.35714285714285715,-1
2021-09-01,BBRI.JK,-1.0,11.0,-0.5476190476190478,-0.47518616536737207,-0.7414965986394557,-0.8571428571428572,-1
2021-09-02,BBRI.JK,0.0,10.0,-0.3809523809523811,-0.35638962402552904,0.32993197278911574,1.0,0
2021-09-03,BBRI.JK,1.0,4.0,-1.4802973661668753e-16,-0.017292218019146766,1.3775510204081636,1.0,1
2021-09-06,BBRI.JK,0.0,2.0,0.3333333333333332,-0.012969163514360074,0.23469387755102056,-1.0,0
2021-09-07,BBRI.JK,0.0,3.0,0.3333333333333332,-0.009726872635770056,0.23469387755102053,0.0,0
2021-09-08,BBRI.JK,0.0,5.0,0.0,-0.007295154476827542,0.09183673469387767,0.0,0
2021-09-09,BBRI.JK,0.0,5.0,0.0,-0.0054713658576206565,0.02040816326530624,0.0,0
2021-09-10,BBRI.JK,0.0,3.0,0.0,-0.004103524393215492,1.189524669241239e-16,0.0,0
2021-09-13,BBRI.JK,-0.4,5.0,-0.1333333333333335,-0.10307764329491162,-0.5428571428571427,-0.4,-1
2021-09-14,BBRI.JK,0.0,10.0,-0.1333333333333335,-0.07730823247118371,-0.08571428571428559,0.4,0
2021-09-15,BBRI.JK,-1.0,11.0,-0.4666666666666668,-0.3079811743533878,-0.9428571428571427,-1.0,-1
2021-09-16,BBRI.JK,0.0,6.0,-0.3333333333333335,-0.23098588076504084,0.20000000000000012,1.0,0
2021-09-17,BBRI.JK,0.0,2.0,-0.3333333333333335,-0.17323941057378062,0.20000000000000012,0.0,0
2021-09-20,BBRI.JK,1.0,2.0,0.33333333333333315,0.12007044206966455,1.2000000000000002,1.0,1
2021-09-21,BBRI.JK,0.0,2.0,0.33333333333333315,0.09005283155224841,0.05714285714285727,-1.0,0
2021-09-22,BBRI.JK,1.0,3.0,0.6666666666666665,0.3175396236641863,1.0571428571428574,1.0,1
2021-09-23,BBRI.JK,-1.0,3.0,-1.4802973661668753e-16,-0.011845282251860267,-1.1428571428571428,-2.0,-1
2021-09-24,BBRI.JK,0.0,3.0,-1.4802973661668753e-16,-0.0088839616888952,1.2688263138573217e-16,1.0,0
2021-09-27,BBRI.JK,-0.3333333333333333,7.0,-0.4444444444444446,-0.08999630460000473,-0.47619047619047605,-0.3333333333333333,-1
2021-09-28,BBRI.JK,0.3333333333333333,9.0,-1.4802973661668753e-16,0.015836104883329788,0.2380952380952382,0.6666666666666666,1
2021-09-29,BBRI.JK,0.0,9.0,-1.4802973661668753e-16,0.011877078662497341,-0.14285714285714274,-0.3333333333333333,0
2021-09-30,BBRI.JK,-1.0,4.0,-0.2222222222222224,-0.24109219100312698,-0.9999999999999999,-1.0,-1
2021-10-01,BBRI.JK,0.0,2.0,-0.3333333333333335,-0.18081914325234524,0.142857142857143,1.0,0
2021-10-04,BBRI.JK,-0.25,6.0,-0.4166666666666668,-0.19811435743925893,0.035714285714285865,-0.25,-1
2021-10-05,BBRI.JK,0.0,5.0,-0.08333333333333348,-0.14858576807944418,0.1785714285714287,0.25,0
2021-10-06,BBRI.JK,-0.5,6.0,-0.25000000000000017,-0.23643932605958312,-0.3214285714285713,-0.5,-1
2021-10-07,BBRI.JK,0.375,10.0,-0.04166666666666682,-0.08357949454468733,0.5773809523809526,0.875,1
2021-10-08,BBRI.JK,0.0,10.0,-0.04166666666666682,-0.0626846209085155,0.19642857142857156,-0.375,0
2021-10-11,BBRI.JK,1.0,9.0,0.4583333333333332,0.20298653431861338,1.1964285714285716,1.0,1
2021-10-12,BBRI.JK,0.3333333333333333,4.0,0.44444444444444425,0.23557323407229336,0.24404761904761915,-0.6666666666666667,1
2021-10-13,BBRI.JK,0.6666666666666666,7.0,0.6666666666666665,0.3433465922208867,0.5297619047619049,0.3333333333333333,1
2021-10-14,BBRI.JK,0.0,6.0,0.3333333333333332,0.25750994416566503,-0.26785714285714274,-0.6666666666666666,0
2021-10-15,BBRI.JK,0.0,3.0,0.2222222222222221,0.19313245812424878,-0.26785714285714274,0.0,0
2021-10-18,BBRI.JK,-1.0,2.0,-0.3333333333333335,-0.10515065640681343,-1.3392857142857142,-1.0,-1
2021-10-19,BBRI.JK,0.0,3.0,-0.3333333333333335,-0.07886299230511007,-0.14285714285714274,1.0,0
2021-10-20,BBRI.JK,0.0,3.0,-0.3333333333333335,-0.05914724422883255,-0.14285714285714274,0.0,0
2021-10-21,BBRI.JK,-1.0,2.0,-0.3333333333333335,-0.2943604331716244,-0.9999999999999999,-1.0,-1
2021-10-22,BBRI.JK,0.0,1.0,-0.3333333333333335,-0.2207703248787183,0.1904761904761906,1.0,0
2021-10-25,BBRI.JK,0.0,2.0,-0.3333333333333335,-0.16557774365903874,0.28571428571428586,0.0,0
2021-10-26,BBRI.JK,1.0,2.0,0.3333333333333332,0.12581669225572095,1.2857142857142858,1.0,1
2021-10-27,BBRI.JK,0.0,2.0,0.3333333333333332,0.09436251919179071,0.142857142857143,-1.0,0
2021-10-28,BBRI.JK,1.0,2.0,0.6666666666666665,0.32077188939384305,1.0000000000000002,1.0,1
2021-10-29,BBRI.JK,-1.0,2.0,-1.4802973661668753e-16,-0.009421082954617715,-1.1428571428571428,-2.0,-1
2021-11-01,BBRI.JK,-0.6666666666666666,5.0,-0.22222222222222235,-0.17373247888262994,-0.6666666666666665,0.33333333333333337,-1
2021-11-02,BBRI.JK,0.0,4.0,-0.5555555555555557,-0.13029935916197244,-0.0476190476190475,0.6666666666666666,0
2021-11-03,BBRI.JK,-0.3333333333333333,6.0,-0.3333333333333335,-0.18105785270481267,-0.3809523809523808,-0.3333333333333333,-1
2021-11-04,BBRI.JK,0.3333333333333333,6.0,-1.4802973661668753e-16,-0.052460056195276175,0.3333333333333334,0.6666666666666666,1
2021-11-05,BBRI.JK,0.0,7.0,-1.4802973661668753e-16,-0.039345042146457135,0.09523809523809537,-0.3333333333333333,0
2021-11-08,BBRI.JK,0.0,4.0,0.11111111111111095,-0.02950878160984285,0.09523809523809537,0.0,0
2021-11-09,BBRI.JK,0.0,2.0,0.0,-0.022131586207382137,0.23809523809523822,0.0,0
2021-11-10,BBRI.JK,0.0,1.0,0.0,-0.016598689655536604,0.09523809523809537,0.0,0
2021-11-11,BBRI.JK,-1.0,2.0,-0.3333333333333335,-0.2624490172416524,-0.9999999999999999,-1.0,-1
2021-11-12,BBRI.JK,0.0,1.0,-0.3333333333333335,-0.1968367629312393,0.142857142857143,1.0,0
2021-11-15,BBRI.JK,0.0,1.0,-0.3333333333333335,-0.14762757219842948,0.09523809523809537,0.0,0
2021-11-16,BBRI.JK,0.0,0.0,0.0,-0.11072067914882211,0.142857142857143,0.0,0
2021-11-17,BBRI.JK,0.0,1.0,0.0,-0.08304050936161658,0.142857142857143,0.0,0
2021-11-18,BBRI.JK,0.0,2.0,0.0,-0.06228038202121244,0.142857142857143,0.0,0
2021-11-19,BBRI.JK,1.0,4.0,0.3333333333333332,0.20328971348409067,1.142857142857143,1.0,1
2021-11-22,BBRI.JK,0.0,3.0,0.3333333333333332,0.152467285113068,1.2688263138573217e-16,-1.0,0
2021-11-23,BBRI.JK,-1.0,3.0,-1.4802973661668753e-16,-0.13564953616519898,-1.1428571428571428,-1.0,-1
2021-11-24,BBRI.JK,0.0,1.0,-0.3333333333333335,-0.10173715212389924,1.2688263138573217e-16,1.0,0
2021-11-25,BBRI.JK,0.0,1.0,-0.3333333333333335,-0.07630286409292443,1.2688263138573217e-16,0.0,0
2021-11-26,BBRI.JK,0.0,3.0,0.0,-0.057227148069693326,1.2688263138573217e-16,0.0,0
2021-11-29,BBRI.JK,0.0,4.0,0.0,-0.04292036105227,1.2688263138573217e-16,0.0,0
2021-11-30,BBRI.JK,0.0,4.0,0.0,-0.0321902707892025,1.2688263138573217e-16,0.0,0
2021-12-01,BBRI.JK,-0.5,5.0,-0.16666666666666682,-0.14914270309190186,-0.357142857142857,-0.5,-1
2021-12-02,BBRI.JK,0.0,6.0,-0.16666666666666682,-0.1118570273189264,0.2142857142857144,0.5,0
2021-12-03,BBRI.JK,1.0,7.0,0.16666666666666652,0.1661072295108052,1.0714285714285716,1.0,1
2021-12-06,BBRI.JK,-0.3333333333333333,6.0,0.2222222222222221,0.04124708879977057,-0.4047619047619046,-1.3333333333333333,-1
2021-12-07,BBRI.JK,0.0,5.0,0.2222222222222221,0.030935316599827928,-0.023809523809523687,0.3333333333333333,0
2021-12-08,BBRI.JK,0.0,5.0,-0.11111111111111126,0.023201487449870946,-0.023809523809523687,0.0,0
2021-12-09,BBRI.JK,0.0,2.0,0.0,0.01740111558740321,-0.023809523809523687,0.0,0
2021-12-10,BBRI.JK,0.0,1.0,0.0,0.013050836690552408,-0.023809523809523687,0.0,0
2021-12-13,BBRI.JK,1.0,1.0,0.3333333333333332,0.2597881275179143,0.9047619047619049,1.0,1
2021-12-14,BBRI.JK,1.0,3.0,0.6666666666666665,0.4448410956384357,0.7619047619047621,0.0,1
2021-12-15,BBRI.JK,0.5,5.0,0.8333333333333331,0.4586308217288268,0.26190476190476203,-0.5,1
2021-12-16,BBRI.JK,0.0,5.0,0.49999999999999983,0.3439731162966201,-0.35714285714285704,-0.5,0
2021-12-17,BBRI.JK,0.0,5.0,0.16666666666666652,0.2579798372224651,-0.35714285714285704,0.0,0
2021-12-20,BBRI.JK,-0.3333333333333333,6.0,-0.11111111111111126,0.11015154458351549,-0.6904761904761904,-0.3333333333333333,-1
2021-12-21,BBRI.JK,0.0,6.0,-0.11111111111111126,0.08261365843763661,-0.30952380952380937,0.3333333333333333,0
2021-12-22,BBRI.JK,0.0,4.0,-0.11111111111111126,0.06196024382822746,-0.30952380952380937,0.0,0
2021-12-23,BBRI.JK,0.0,1.0,0.0,0.04647018287117059,-0.16666666666666655,0.0,0
2021-12-24,BBRI.JK,0.0,0.0,0.0,0.03485263715337794,-0.023809523809523687,0.0,0
2021-12-27,BBRI.JK,-0.6666666666666666,3.0,-0.22222222222222235,-0.1405271888016332,-0.6190476190476188,-0.6666666666666666,-1
2021-12-28,BBRI.JK,0.0,5.0,-0.22222222222222235,-0.10539539160122491,0.142857142857143,0.6666666666666666,0
2021-12-29,BBRI.JK,0.0,5.0,-0.22222222222222235,-0.07904654370091868,0.142857142857143,0.0,0
2021-12-30,BBRI.JK,0.0,2.0,0.0,-0.05928490777568901,0.09523809523809536,0.0,0
2021-12-31,BBRI.JK,0.0,0.0,0.0,-0.04446368083176676,0.09523809523809534,0.0,0
2022-01-03,BBRI.JK,0.0,2.0,0.0,-0.033347760623825065,0.09523809523809534,0.0,0
2022-01-04,BBRI.JK,0.0,2.0,0.0,-0.0250108204678688,0.09523809523809534,0.0,0
2022-01-05,BBRI.JK,0.0,2.0,0.0,-0.018758115350901598,0.09523809523809534,0.0,0
2022-01-06,BBRI.JK,-0.5,2.0,-0.16666666666666682,-0.1390685865131762,-0.5,-0.5,-1
2022-01-07,BBRI.JK,0.5,4.0,-1.4802973661668753e-16,0.020698560115117864,0.5714285714285715,1.0,1
2022-01-10,BBRI.JK,0.5,6.0,0.16666666666666652,0.1405239200863384,0.5000000000000001,0.0,1
2022-01-11,BBRI.JK,0.0,5.0,0.3333333333333332,0.1053929400647538,-0.0714285714285713,-0.5,0
2022-01-12,BBRI.JK,0.0,3.0,0.16666666666666652,0.07904470504856535,-0.0714285714285713,0.0,0
2022-01-13,BBRI.JK,0.0,3.0,0.0,0.05928352878642401,-0.0714285714285713,0.0,0
2022-01-14,BBRI.JK,0.0,3.0,0.0,0.04446264658981801,-0.0714285714285713,0.0,0
2022-01-17,BBRI.JK,0.0,4.0,0.0,0.0333469849423635,-0.0714285714285713,0.0,0
2022-01-18,BBRI.JK,-1.0,3.0,-0.3333333333333335,-0.22498976129322737,-1.1428571428571428,-1.0,-1
2022-01-19,BBRI.JK,0.5,4.0,-0.16666666666666682,-0.043742320969920534,0.5714285714285715,1.5,1
2022-01-20,BBRI.JK,0.0,3.0,-0.16666666666666682,-0.0328067407274404,0.07142857142857155,-0.5,0
2022-01-21,BBRI.JK,0.0,2.0,0.16666666666666652,-0.0246050555455803,0.07142857142857155,0.0,0
2022-01-24,BBRI.JK,0.3333333333333333,3.0,0.11111111111111095,0.06487954167414811,0.4047619047619049,0.3333333333333333,1
2022-01-25,BBRI.JK,0.0,5.0,0.11111111111111095,0.04865965625561108,0.02380952380952394,-0.3333333333333333,0
2022-01-26,BBRI.JK,0.0,5.0,0.11111111111111095,0.03649474219170831,0.02380952380952394,0.0,0
2022-01-27,BBRI.JK,-0.5,4.0,-0.16666666666666682,-0.09762894335621877,-0.47619047619047605,-0.5,-1
2022-01-28,BBRI.JK,1.0,3.0,0.16666666666666652,0.1767782924828359,0.9523809523809526,1.5,1
2022-01-31,BBRI.JK,0.3333333333333333,6.0,0.2777777777777776,0.21591705269546024,0.2142857142857144,-0.6666666666666667,1
2022-02-01,BBRI.JK,0.0,4.0,0.44444444444444425,0.16193778952159518,-0.16666666666666652,-0.3333333333333333,0
2022-02-02,BBRI.JK,1.0,4.0,0.44444444444444425,0.3714533421411964,0.8333333333333335,1.0,1
2022-02-03,BBRI.JK,0.0,3.0,0.3333333333333332,0.2785900066058973,-0.26190476190476175,-1.0,0
2022-02-04,BBRI.JK,1.0,5.0,0.6666666666666665,0.45894250495442296,0.7380952380952382,1.0,1
2022-02-07,BBRI.JK,0.0,5.0,0.3333333333333332,0.34420687871581723,-0.4047619047619046,-1.0,0
2022-02-08,BBRI.JK,-0.5,5.0,0.16666666666666652,0.13315515903686292,-0.976190476190476,-0.5,-1
2022-02-09,BBRI.JK,0.0,5.0,-0.16666666666666682,0.0998663692776472,-0.26190476190476175,0.5,0
2022-02-10,BBRI.JK,0.0,5.0,-0.16666666666666682,0.0748997769582354,-0.21428571428571416,0.0,0
2022-02-11,BBRI.JK,-0.5,5.0,-0.16666666666666682,-0.06882516728132346,-0.7142857142857142,-0.5,-1
2022-02-14,BBRI.JK,-0.5,5.0,-0.3333333333333335,-0.17661887546099259,-0.4999999999999999,0.0,-1
2022-02-15,BBRI.JK,0.6666666666666666,7.0,-0.11111111111111127,0.034202510070922204,0.7380952380952381,1.1666666666666665,1
2022-02-16,BBRI.JK,0.0,5.0,0.05555555555555539,0.025651882553191653,0.11904761904761918,-0.6666666666666666,0
2022-02-17,BBRI.JK,-1.0,5.0,-0.11111111111111127,-0.23076108808510626,-0.8809523809523808,-1.0,-1
2022-02-18,BBRI.JK,0.0,4.0,-0.3333333333333335,-0.17307081606382968,0.19047619047619063,1.0,0
2022-02-21,BBRI.JK,0.0,10.0,-0.3333333333333335,-0.12980311204787226,0.19047619047619063,0.0,0
2022-02-22,BBRI.JK,1.0,9.0,0.3333333333333332,0.1526476659640958,1.1904761904761907,1.0,1
2022-02-23,BBRI.JK,1.0,8.0,0.6666666666666665,0.36448574947307183,0.9761904761904764,0.0,1
2022-02-24,BBRI.JK,1.0,3.0,1.0,0.5233643121048039,0.7619047619047621,0.0,1
2022-02-25,BBRI.JK,1.0,3.0,1.0,0.6425232340786029,0.7142857142857144,0.0,1
2022-02-28,BBRI.JK,0.0,2.0,0.6666666666666665,0.4818924255589522,-0.42857142857142844,-1.0,0
2022-03-01,BBRI.JK,-1.0,6.0,-1.4802973661668753e-16,0.1114193191692141,-1.5714285714285712,-1.0,-1
2022-03-02,BBRI.JK,-0.14285714285714285,12.0,-0.3809523809523811,0.047850203662624866,-0.5714285714285713,0.8571428571428572,-1
2022-03-03,BBRI.JK,1.0,13.0,-0.04761904761904775,0.28588765274696865,0.5918367346938777,1.1428571428571428,1
2022-03-04,BBRI.JK,0.0,8.0,0.2857142857142856,0.21441573956022647,-0.40816326530612235,-1.0,0
2022-03-07,BBRI.JK,0.0,6.0,0.3333333333333332,0.16081180467016987,-0.2653061224489795,0.0,0
2022-03-08,BBRI.JK,0.0,6.0,0.0,0.1206088535026274,-0.12244897959183662,0.0,0
2022-03-09,BBRI.JK,-1.0,7.0,-0.3333333333333335,-0.15954335987302945,-0.9795918367346937,-1.0,-1
2022-03-10,BBRI.JK,0.0,2.0,-0.3333333333333335,-0.11965751990477208,0.1632653061224491,1.0,0
2022-03-11,BBRI.JK,1.0,4.0,-1.4802973661668753e-16,0.16025686007142093,1.0204081632653061,1.0,1
2022-03-14,BBRI.JK,0.0,5.0,0.3333333333333332,0.1201926450535657,-0.14285714285714274,-1.0,0
2022-03-15,BBRI.JK,0.0,7.0,0.3333333333333332,0.09014448379017427,1.2688263138573217e-16,0.0,0
2022-03-16,BBRI.JK,0.0,4.0,0.0,0.0676083628426307,1.2688263138573217e-16,0.0,0
2022-03-17,BBRI.JK,0.0,3.0,0.0,0.050706272131973026,1.2688263138573217e-16,0.0,0
2022-03-18,BBRI.JK,-0.16666666666666666,7.0,-0.0555555555555557,-0.003636962567686898,-0.16666666666666652,-0.16666666666666666,-1
2022-03-21,BBRI.JK,-0.6666666666666666,10.0,-0.2777777777777779,-0.16939438859243183,-0.7857142857142856,-0.5,-1
2022-03-22,BBRI.JK,0.0,10.0,-0.2777777777777779,-0.12704579144432387,-0.023809523809523694,0.6666666666666666,0
2022-03-23,BBRI.JK,0.0,5.0,-0.22222222222222235,-0.0952843435832429,0.11904761904761917,0.0,0
2022-03-24,BBRI.JK,0.0,2.0,0.0,-0.07146325768743218,0.11904761904761917,0.0,0
2022-03-25,BBRI.JK,1.0,2.0,0.3333333333333332,0.19640255673442586,1.119047619047619,1.0,1
2022-03-28,BBRI.JK,-1.0,2.0,-1.4802973661668753e-16,-0.1026980824491806,-1.0238095238095237,-2.0,-1
2022-03-29,BBRI.JK,0.0,3.0,-1.4802973661668753e-16,-0.07702356183688545,0.11904761904761917,1.0,0
2022-03-30,BBRI.JK,0.0,2.0,-0.3333333333333335,-0.05776767137766409,0.09523809523809536,0.0,0
2022-03-31,BBRI.JK,0.0,2.0,0.0,-0.043325753533248065,1.2688263138573217e-16,0.0,0
2022-04-01,BBRI.JK,0.0,1.0,0.0,-0.032494315149936046,1.2688263138573217e-16,0.0,0
2022-04-04,BBRI.JK,-1.0,3.0,-0.3333333333333335,-0.274370736362452,-0.9999999999999999,-1.0,-1
2022-04-05,BBRI.JK,0.0,2.0,-0.3333333333333335,-0.205778052271839,0.142857142857143,1.0,0
2022-04-06,BBRI.JK,0.0,2.0,-0.3333333333333335,-0.15433353920387927,0.28571428571428586,0.0,0
2022-04-07,BBRI.JK,0.0,0.0,0.0,-0.11575015440290945,0.142857142857143,0.0,0
2022-04-08,BBRI.JK,0.0,0.0,0.0,-0.08681261580218208,0.142857142857143,0.0,0
2022-04-11,BBRI.JK,0.0,1.0,0.0,-0.06510946185163656,0.142857142857143,0.0,0
2022-04-12,BBRI.JK,0.0,1.0,0.0,-0.04883209638872742,0.142857142857143,0.0,0
2022-04-13,BBRI.JK,0.0,1.0,0.0,-0.03662407229154556,0.142857142857143,0.0,0
2022-04-14,BBRI.JK,1.0,1.0,0.3333333333333332,0.22253194578134083,1.0,1.0,1
2022-04-15,BBRI.JK,0.0,1.0,0.3333333333333332,0.16689895933600563,-0.14285714285714274,-1.0,0
2022-04-18,BBRI.JK,-1.0,2.0,-1.4802973661668753e-16,-0.12482578049799578,-1.1428571428571428,-1.0,-1
2022-04-19,BBRI.JK,0.0,3.0,-0.3333333333333335,-0.09361933537349684,1.2688263138573217e-16,1.0,0
2022-04-20,BBRI.JK,0.0,3.0,-0.3333333333333335,-0.07021450153012262,1.2688263138573217e-16,0.0,0
2022-04-21,BBRI.JK,0.0,7.0,0.0,-0.05266087614759197,1.2688263138573217e-16,0.0,0
2022-04-22,BBRI.JK,0.0,8.0,0.0,-0.03949565711069398,1.2688263138573217e-16,0.0,0
2022-04-25,BBRI.JK,-0.6,13.0,-0.20000000000000015,-0.1796217428330205,-0.5999999999999999,-0.6,-1
2022-04-26,BBRI.JK,0.3333333333333333,11.0,-0.08888888888888903,-0.05138297379143204,0.561904761904762,0.9333333333333333,1
2022-04-27,BBRI.JK,-0.5,10.0,-0.2555555555555557,-0.16353723034357404,-0.3190476190476189,-0.8333333333333333,-1
2022-04-28,BBRI.JK,0.0,7.0,-0.05555555555555571,-0.12265292275768053,0.10952380952380965,0.5,0
2022-04-29,BBRI.JK,0.0,4.0,-0.16666666666666682,-0.0919896920682604,0.10952380952380965,0.0,0
2022-05-02,BBRI.JK,0.0,3.0,0.0,-0.06899226905119529,0.10952380952380965,0.0,0
2022-05-03,BBRI.JK,0.0,1.0,0.0,-0.05174420178839647,0.10952380952380965,0.0,0
2022-05-04,BBRI.JK,0.0,1.0,0.0,-0.03880815134129735,0.10952380952380965,0.0,0
2022-05-05,BBRI.JK,0.0,1.0,0.0,-0.029106113505973013,0.02380952380952393,0.0,0
2022-05-06,BBRI.JK,0.0,1.0,0.0,-0.02182958512947976,0.07142857142857155,0.0,0
2022-05-09,BBRI.JK,0.0,1.0,0.0,-0.01637218884710982,0.0,0.0,0
2022-05-10,BBRI.JK,-1.0,3.0,-0.3333333333333335,-0.2622791416353324,-1.0,-1.0,-1
2022-05-11,BBRI.JK,-1.0,4.0,-0.6666666666666669,-0.4467093562264993,-0.857142857142857,0.0,-1
2022-05-12,BBRI.JK,-0.5,6.0,-0.8333333333333335,-0.4600320171698745,-0.21428571428571414,0.5,-1
2022-05-13,BBRI.JK,0.3333333333333333,6.0,-0.38888888888888906,-0.2616906795440726,0.6904761904761906,0.8333333333333333,1
2022-05-16,BBRI.JK,0.0,7.0,-0.05555555555555571,-0.19626800965805447,0.30952380952380965,-0.3333333333333333,0
2022-05-17,BBRI.JK,1.0,7.0,0.44444444444444425,0.10279899275645915,1.3095238095238098,1.0,1
2022-05-18,BBRI.JK,-1.0,5.0,-1.4802973661668753e-16,-0.17290075543265565,-0.8333333333333333,-2.0,-1
2022-05-19,BBRI.JK,-0.5,5.0,-0.16666666666666682,-0.25467556657449175,-0.1904761904761903,0.5,-1
2022-05-20,BBRI.JK,0.5,5.0,-0.3333333333333335,-0.06600667493086881,0.7380952380952382,1.0,1
2022-05-23,BBRI.JK,-0.3333333333333333,7.0,-0.11111111111111127,-0.13283833953148494,-0.30952380952380937,-0.8333333333333333,-1
2022-05-24,BBRI.JK,0.3333333333333333,8.0,0.1666666666666665,-0.016295421315280376,0.3333333333333334,0.6666666666666666,1
2022-05-25,BBRI.JK,0.0,6.0,-1.6653345369377348e-16,-0.012221565986460282,1.3481279584734043e-16,-0.3333333333333333,0
2022-05-26,BBRI.JK,0.0,3.0,0.11111111111111094,-0.009166174489845212,1.3481279584734043e-16,0.0,0
2022-05-27,BBRI.JK,0.0,0.0,0.0,-0.006874630867383909,0.142857142857143,0.0,0
2022-05-30,BBRI.JK,-0.3333333333333333,3.0,-0.11111111111111127,-0.08848930648387127,-0.3333333333333332,-0.3333333333333333,-1
2022-05-31,BBRI.JK,0.0,5.0,-0.11111111111111127,-0.06636697986290345,-0.023809523809523687,0.3333333333333333,0
2022-06-01,BBRI.JK,0.0,5.0,-0.11111111111111127,-0.049775234897177584,0.04761904761904774,0.0,0
2022-06-02,BBRI.JK,0.0,2.0,0.0,-0.03733142617288319,1.2688263138573217e-16,0.0,0
2022-06-03,BBRI.JK,0.0,1.0,0.0,-0.027998569629662393,0.04761904761904774,0.0,0
2022-06-06,BBRI.JK,0.0,4.0,0.0,-0.020998927222246794,0.04761904761904774,0.0,0
2022-06-07,BBRI.JK,0.0,4.0,0.0,-0.015749195416685097,0.04761904761904774,0.0,0
2022-06-08,BBRI.JK,0.0,3.0,0.0,-0.011811896562513823,0.04761904761904774,0.0,0
2022-06-09,BBRI.JK,-1.0,1.0,-0.3333333333333335,-0.25885892242188535,-1.0,-1.0,-1
2022-06-10,BBRI.JK,0.0,2.0,-0.3333333333333335,-0.194144191816414,0.142857142857143,1.0,0
2022-06-13,BBRI.JK,0.0,2.0,-0.3333333333333335,-0.14560814386231052,0.142857142857143,0.0,0
2022-06-14,BBRI.JK,0.0,1.0,0.0,-0.10920610789673289,0.142857142857143,0.0,0
2022-06-15,BBRI.JK,-1.0,1.0,-0.3333333333333335,-0.33190458092254965,-0.857142857142857,-1.0,-1
2022-06-16,BBRI.JK,-0.5,3.0,-0.5000000000000001,-0.37392843569191225,-0.21428571428571414,0.5,-1
2022-06-17,BBRI.JK,0.0,3.0,-0.5000000000000001,-0.2804463267689342,0.35714285714285726,0.5,0
2022-06-20,BBRI.JK,0.0,2.0,-0.16666666666666682,-0.21033474507670066,0.35714285714285726,0.0,0
2022-06-21,BBRI.JK,0.0,1.0,0.0,-0.1577510588075255,0.2142857142857144,0.0,0
2022-06-22,BBRI.JK,0.0,1.0,0.0,-0.11831329410564412,0.2142857142857144,0.0,0
2022-06-23,BBRI.JK,0.0,1.0,0.0,-0.08873497057923309,0.2142857142857144,0.0,0
2022-06-24,BBRI.JK,0.0,1.0,0.0,-0.06655122793442482,0.2142857142857144,0.0,0
2022-06-27,BBRI.JK,0.0,3.0,0.0,-0.04991342095081862,0.07142857142857155,0.0,0
2022-06-28,BBRI.JK,0.0,3.0,0.0,-0.03743506571311396,0.0,0.0,0
2022-06-29,BBRI.JK,1.0,3.0,0.3333333333333332,0.22192370071516454,1.0,1.0,1
2022-06-30,BBRI.JK,0.0,1.0,0.3333333333333332,0.1664427755363734,-0.14285714285714274,-1.0,0
2022-07-01,BBRI.JK,0.0,2.0,0.3333333333333332,0.12483208165228005,-0.14285714285714274,0.0,0
2022-07-04,BBRI.JK,0.0,2.0,0.0,0.09362406123921004,-0.14285714285714274,0.0,0
2022-07-05,BBRI.JK,1.0,3.0,0.3333333333333332,0.3202180459294075,0.8571428571428572,1.0,1
2022-07-06,BBRI.JK,0.5,4.0,0.49999999999999983,0.3651635344470556,0.2142857142857144,-0.5,1
2022-07-07,BBRI.JK,1.0,5.0,0.8333333333333331,0.5238726508352918,0.642857142857143,0.5,1
2022-07-08,BBRI.JK,0.0,4.0,0.49999999999999983,0.39290448812646883,-0.4999999999999999,-1.0,0
2022-07-11,BBRI.JK,0.0,5.0,0.3333333333333332,0.29467836609485165,-0.35714285714285704,0.0,0
2022-07-12,BBRI.JK,0.0,4.0,0.0,0.22100877457113874,-0.35714285714285704,0.0,0
2022-07-13,BBRI.JK,-1.0,5.0,-0.3333333333333335,-0.08424341907164595,-1.357142857142857,-1.0,-1
2022-07-14,BBRI.JK,0.0,3.0,-0.3333333333333335,-0.06318256430373446,-0.21428571428571416,1.0,0
2022-07-15,BBRI.JK,1.0,3.0,-1.4802973661668753e-16,0.20261307677219914,0.9285714285714287,1.0,1
2022-07-18,BBRI.JK,0.5,4.0,0.49999999999999983,0.27695980757914934,0.35714285714285726,-0.5,1
2022-07-19,BBRI.JK,0.0,3.0,0.49999999999999983,0.20771985568436202,-0.0714285714285713,-0.5,0
2022-07-20,BBRI.JK,0.0,2.0,0.16666666666666652,0.15578989176327152,-0.0714285714285713,0.0,0
2022-07-21,BBRI.JK,0.0,2.0,0.0,0.11684241882245364,-0.0714285714285713,0.0,0
2022-07-22,BBRI.JK,0.0,2.0,0.0,0.08763181411684023,-0.0714285714285713,0.0,0
2022-07-25,BBRI.JK,0.0,2.0,0.0,0.06572386058763018,-0.21428571428571416,0.0,0
2022-07-26,BBRI.JK,0.0,3.0,0.0,0.04929289544072263,-0.21428571428571416,0.0,0
2022-07-27,BBRI.JK,0.5,5.0,0.16666666666666652,0.16196967158054199,0.4285714285714287,0.5,1
2022-07-28,BBRI.JK,-1.0,6.0,-0.16666666666666682,-0.1285227463145935,-1.0714285714285714,-1.5,-1
2022-07-29,BBRI.JK,0.0,3.0,-0.16666666666666682,-0.09639205973594514,0.07142857142857155,1.0,0
2022-08-01,BBRI.JK,-1.0,4.0,-0.6666666666666669,-0.3222940448019589,-0.9285714285714285,-1.0,-1
2022-08-02,BBRI.JK,0.0,3.0,-0.3333333333333335,-0.24172053360146917,0.2142857142857144,1.0,0
2022-08-03,BBRI.JK,0.0,3.0,-0.3333333333333335,-0.18129040020110188,0.2142857142857144,0.0,0
2022-08-04,BBRI.JK,-0.5,2.0,-0.16666666666666682,-0.26096780015082643,-0.2857142857142856,-0.5,-1
2022-08-05,BBRI.JK,0.0,2.0,-0.16666666666666682,-0.19572585011311983,0.28571428571428586,0.5,0
2022-08-08,BBRI.JK,0.25,6.0,-0.08333333333333348,-0.08429438758483987,0.6071428571428572,0.25,1
2022-08-09,BBRI.JK,0.0,6.0,0.08333333333333319,-0.0632207906886299,0.1785714285714287,-0.25,0
2022-08-10,BBRI.JK,0.0,8.0,0.08333333333333319,-0.047415593016472427,0.1785714285714287,0.0,0
2022-08-11,BBRI.JK,1.0,5.0,0.3333333333333332,0.21443830523764568,1.0357142857142858,1.0,1
2022-08-12,BBRI.JK,0.0,3.0,0.3333333333333332,0.16082872892823424,-0.10714285714285701,-1.0,0
2022-08-15,BBRI.JK,-1.0,2.0,-1.4802973661668753e-16,-0.1293784533038243,-1.107142857142857,-1.0,-1
2022-08-16,BBRI.JK,0.0,4.0,-0.3333333333333335,-0.09703383997786823,-0.03571428571428559,1.0,0
2022-08-17,BBRI.JK,0.0,7.0,-0.3333333333333335,-0.07277537998340117,-0.03571428571428559,0.0,0
2022-08-18,BBRI.JK,0.0,7.0,0.0,-0.054581534987550875,1.2688263138573217e-16,0.0,0
2022-08-19,BBRI.JK,0.0,5.0,0.0,-0.04093615124066316,1.2688263138573217e-16,0.0,0
2022-08-22,BBRI.JK,0.0,4.0,0.0,-0.03070211343049737,1.2688263138573217e-16,0.0,0
2022-08-23,BBRI.JK,0.0,3.0,0.0,-0.02302658507287303,0.142857142857143,0.0,0
2022-08-24,BBRI.JK,0.0,3.0,0.0,-0.017269938804654772,0.142857142857143,0.0,0
2022-08-25,BBRI.JK,0.0,2.0,0.0,-0.012952454103491079,0.0,0.0,0
2022-08-26,BBRI.JK,0.0,2.0,0.0,-0.00971434057761831,0.0,0.0,0
2022-08-29,BBRI.JK,-0.25,5.0,-0.08333333333333348,-0.06978575543321373,-0.25,-0.25,-1
2022-08-30,BBRI.JK,0.0,4.0,-0.08333333333333348,-0.0523393165749103,0.035714285714285844,0.25,0
2022-08-31,BBRI.JK,0.0,4.0,-0.08333333333333348,-0.03925448743118272,0.035714285714285844,0.0,0
2022-09-01,BBRI.JK,0.0,0.0,0.0,-0.02944086557338704,0.035714285714285844,0.0,0
2022-09-02,BBRI.JK,0.0,0.0,0.0,-0.02208064918004028,0.035714285714285844,0.0,0
2022-09-05,BBRI.JK,1.0,1.0,0.3333333333333332,0.2334395131149698,1.0357142857142858,1.0,1
2022-09-06,BBRI.JK,0.0,1.0,0.3333333333333332,0.17507963483622735,-0.10714285714285701,-1.0,0
2022-09-07,BBRI.JK,0.0,3.0,0.3333333333333332,0.1313097261271705,-0.10714285714285701,0.0,0
2022-09-08,BBRI.JK,0.0,2.0,0.0,0.09848229459537788,-0.14285714285714274,0.0,0
2022-09-09,BBRI.JK,-1.0,3.0,-0.3333333333333335,-0.17613827905346657,-1.1428571428571428,-1.0,-1
2022-09-12,BBRI.JK,-0.5,3.0,-0.5000000000000001,-0.25710370929009996,-0.4999999999999999,0.5,-1
2022-09-13,BBRI.JK,0.0,4.0,-0.5000000000000001,-0.19282778196757497,0.07142857142857155,0.5,0
2022-09-14,BBRI.JK,0.4,8.0,-0.03333333333333347,-0.044620836475681214,0.4714285714285716,0.4,1
2022-09-15,BBRI.JK,0.6666666666666666,9.0,0.3555555555555554,0.13320103930990573,0.8238095238095239,0.2666666666666666,1
2022-09-16,BBRI.JK,0.0,11.0,0.3555555555555554,0.0999007794824293,0.06190476190476203,-0.6666666666666666,0
2022-09-19,BBRI.JK,0.0,10.0,0.22222222222222207,0.07492558461182197,0.06190476190476203,0.0,0
2022-09-20,BBRI.JK,0.0,10.0,0.0,0.05619418845886648,0.06190476190476203,0.0,0
2022-09-21,BBRI.JK,0.0,7.0,0.0,0.04214564134414986,-0.08095238095238082,0.0,0
2022-09-22,BBRI.JK,0.0,5.0,0.0,0.031609231008112394,-0.15238095238095226,0.0,0
2022-09-23,BBRI.JK,0.0,3.0,0.0,0.023706923256084297,-0.15238095238095226,0.0,0
2022-09-26,BBRI.JK,1.0,4.0,0.3333333333333332,0.26778019244206325,0.9047619047619049,1.0,1
2022-09-27,BBRI.JK,-1.0,3.0,-1.4802973661668753e-16,-0.04916485566845258,-1.1428571428571428,-2.0,-1
2022-09-28,BBRI.JK,-1.0,3.0,-0.3333333333333335,-0.28687364175133945,-0.9999999999999999,0.0,-1
2022-09-29,BBRI.JK,0.0,2.0,-0.6666666666666669,-0.21515523131350459,0.142857142857143,1.0,0
2022-09-30,BBRI.JK,-0.5,3.0,-0.5000000000000001,-0.2863664234851284,-0.357142857142857,-0.5,-1
2022-10-03,BBRI.JK,0.0,3.0,-0.16666666666666682,-0.2147748176138463,0.2142857142857144,0.5,0
2022-10-04,BBRI.JK,0.0,3.0,-0.16666666666666682,-0.16108111321038474,0.2142857142857144,0.0,0
2022-10-05,BBRI.JK,1.0,2.0,0.3333333333333332,0.12918916509221146,1.2142857142857144,1.0,1
2022-10-06,BBRI.JK,0.0,1.0,0.3333333333333332,0.09689187381915859,0.2142857142857144,-1.0,0
2022-10-07,BBRI.JK,0.0,2.0,0.3333333333333332,0.07266890536436894,0.07142857142857155,0.0,0
2022-10-10,BBRI.JK,0.0,2.0,0.0,0.05450167902327671,-0.0714285714285713,0.0,0
2022-10-11,BBRI.JK,0.0,2.0,0.0,0.04087625926745753,-0.0714285714285713,0.0,0
2022-10-12,BBRI.JK,0.0,1.0,0.0,0.030657194450593152,-0.14285714285714274,0.0,0
2022-10-13,BBRI.JK,-1.0,2.0,-0.3333333333333335,-0.22700710416205513,-1.1428571428571428,-1.0,-1
2022-10-14,BBRI.JK,0.0,3.0,-0.3333333333333335,-0.17025532812154134,1.2688263138573217e-16,1.0,0
2022-10-17,BBRI.JK,1.0,4.0,-1.4802973661668753e-16,0.12230850390884399,1.142857142857143,1.0,1
2022-10-18,BBRI.JK,0.0,4.0,0.3333333333333332,0.091731377931633,1.2688263138573217e-16,-1.0,0
2022-10-19,BBRI.JK,0.0,3.0,0.3333333333333332,0.06879853344872475,1.2688263138573217e-16,0.0,0
2022-10-20,BBRI.JK,0.0,3.0,0.0,0.05159890008654356,1.2688263138573217e-16,0.0,0
2022-10-21,BBRI.JK,0.0,1.0,0.0,0.03869917506490767,1.2688263138573217e-16,0.0,0
2022-10-24,BBRI.JK,0.0,2.0,0.0,0.029024381298680756,1.2688263138573217e-16,0.0,0
2022-10-25,BBRI.JK,0.0,1.0,0.0,0.021768285974010565,-0.14285714285714274,0.0,0
2022-10-26,BBRI.JK,0.0,2.0,0.0,0.016326214480507924,-0.14285714285714274,0.0,0
2022-10-27,BBRI.JK,1.0,2.0,0.3333333333333332,0.26224466086038095,1.0,1.0,1
2022-10-28,BBRI.JK,-0.5,4.0,0.16666666666666652,0.0716834956452857,-0.6428571428571428,-1.5,-1
2022-10-31,BBRI.JK,1.0,5.0,0.49999999999999983,0.3037626217339643,0.9285714285714287,1.5,1
2022-11-01,BBRI.JK,0.0,4.0,0.16666666666666652,0.22782196630047322,-0.21428571428571416,-1.0,0
2022-11-02,BBRI.JK,0.0,2.0,0.3333333333333332,0.1708664747253549,-0.21428571428571416,0.0,0
2022-11-03,BBRI.JK,0.0,0.0,0.0,0.12814985604401619,-0.21428571428571416,0.0,0
2022-11-04,BBRI.JK,0.0,1.0,0.0,0.09611239203301214,-0.21428571428571416,0.0,0
2022-11-07,BBRI.JK,0.0,4.0,0.0,0.0720842940247591,-0.21428571428571416,0.0,0
2022-11-08,BBRI.JK,0.0,4.0,0.0,0.05406322051856933,-0.0714285714285713,0.0,0
2022-11-09,BBRI.JK,0.0,3.0,0.0,0.040547415388927,-0.14285714285714274,0.0,0
2022-11-10,BBRI.JK,0.0,0.0,0.0,0.030410561541695247,0.0,0.0,0
2022-11-11,BBRI.JK,0.0,0.0,0.0,0.022807921156271435,0.0,0.0,0
2022-11-14,BBRI.JK,1.0,3.0,0.3333333333333332,0.2671059408672036,1.0,1.0,1
2022-11-15,BBRI.JK,0.0,3.0,0.3333333333333332,0.20032945565040267,-0.14285714285714274,-1.0,0
2022-11-16,BBRI.JK,0.0,3.0,0.3333333333333332,0.15024709173780199,-0.14285714285714274,0.0,0
2022-11-17,BBRI.JK,0.0,1.0,0.0,0.11268531880335149,-0.14285714285714274,0.0,0
2022-11-18,BBRI.JK,0.0,1.0,0.0,0.08451398910251362,-0.14285714285714274,0.0,0
2022-11-21,BBRI.JK,1.0,3.0,0.3333333333333332,0.31338549182688524,0.8571428571428572,1.0,1
2022-11-22,BBRI.JK,-0.3333333333333333,5.0,0.2222222222222221,0.15170578553683062,-0.6190476190476188,-1.3333333333333333,-1
2022-11-23,BBRI.JK,1.0,6.0,0.5555555555555555,0.36377933915262295,0.7619047619047621,1.3333333333333333,1
2022-11-24,BBRI.JK,1.0,5.0,0.5555555555555555,0.5228345043644672,0.7619047619047621,0.0,1
2022-11-25,BBRI.JK,1.0,3.0,1.0,0.6421258782733504,0.6190476190476191,0.0,1
2022-11-28,BBRI.JK,-0.3333333333333333,5.0,0.5555555555555555,0.3982610753716795,-0.857142857142857,-1.3333333333333333,-1
2022-11-29,BBRI.JK,0.0,4.0,0.2222222222222221,0.2986958065287596,-0.4761904761904761,0.3333333333333333,0
2022-11-30,BBRI.JK,0.0,3.0,-0.11111111111111126,0.2240218548965697,-0.4761904761904761,0.0,0
2022-12-01,BBRI.JK,0.0,0.0,0.0,0.16801639117242728,-0.3333333333333332,0.0,0
2022-12-02,BBRI.JK,-0.5,2.0,-0.16666666666666682,0.0010122933793204614,-0.8809523809523809,-0.5,-1
2022-12-05,BBRI.JK,-0.3333333333333333,5.0,-0.2777777777777779,-0.08257411329884298,-0.4999999999999999,0.16666666666666669,-1
2022-12-06,BBRI.JK,0.0,5.0,-0.2777777777777779,-0.06193058497413224,0.023809523809523923,0.3333333333333333,0
2022-12-07,BBRI.JK,1.0,4.0,0.2222222222222221,0.2035520612694008,1.1666666666666667,1.0,1
2022-12-08,BBRI.JK,0.0,1.0,0.3333333333333332,0.1526640459520506,-0.023809523809523694,-1.0,0
2022-12-09,BBRI.JK,0.0,3.0,0.3333333333333332,0.11449803446403795,-0.0238095238095237,0.0,0
2022-12-12,BBRI.JK,0.0,3.0,0.0,0.08587352584802846,-0.0238095238095237,0.0,0
2022-12-13,BBRI.JK,1.0,4.0,0.3333333333333332,0.31440514438602135,0.9761904761904763,1.0,1
2022-12-14,BBRI.JK,1.0,3.0,0.6666666666666665,0.485803858289516,0.7619047619047621,0.0,1
2022-12-15,BBRI.JK,0.0,2.0,0.6666666666666665,0.36435289371713697,-0.42857142857142844,-1.0,0
2022-12-16,BBRI.JK,0.0,2.0,0.3333333333333332,0.27326467028785273,-0.42857142857142844,0.0,0
2022-12-19,BBRI.JK,0.0,6.0,0.0,0.20494850271588955,-0.2857142857142856,0.0,0
2022-12-20,BBRI.JK,-1.0,7.0,-0.3333333333333335,-0.09628862296308283,-1.2857142857142856,-1.0,-1
2022-12-21,BBRI.JK,0.0,6.0,-0.3333333333333335,-0.07221646722231212,-0.14285714285714274,1.0,0
2022-12-22,BBRI.JK,0.0,2.0,-0.3333333333333335,-0.05416235041673409,-0.14285714285714274,0.0,0
2022-12-23,BBRI.JK,0.0,1.0,0.0,-0.04062176281255057,1.1102230246251565e-16,0.0,0
2022-12-26,BBRI.JK,-0.5,3.0,-0.16666666666666682,-0.1554663221094129,-0.357142857142857,-0.5,-1
2022-12-27,BBRI.JK,0.0,2.0,-0.16666666666666682,-0.11659974158205968,0.2142857142857144,0.5,0
2022-12-28,BBRI.JK,0.0,3.0,-0.16666666666666682,-0.08744980618654477,0.2142857142857144,0.0,0
2022-12-29,BBRI.JK,-1.0,2.0,-0.3333333333333335,-0.3155873546399086,-0.7857142857142856,-1.0,-1
2022-12-30,BBRI.JK,-1.0,4.0,-0.6666666666666669,-0.48669051597993146,-0.7857142857142856,0.0,-1
2023-01-02,BBRI.JK,0.0,8.0,-0.6666666666666669,-0.3650178869849486,0.35714285714285726,1.0,0
2023-01-03,BBRI.JK,0.0,7.0,-0.3333333333333335,-0.27376341523871145,0.35714285714285726,0.0,0
2023-01-04,BBRI.JK,0.3333333333333333,8.0,0.11111111111111095,-0.12198922809570027,0.6904761904761906,0.3333333333333333,1
2023-01-05,BBRI.JK,-1.0,4.0,-0.2222222222222224,-0.3414919210717752,-0.7619047619047618,-1.3333333333333333,-1
2023-01-06,BBRI.JK,0.0,4.0,-0.2222222222222224,-0.25611894080383135,0.3809523809523811,1.0,0
2023-01-09,BBRI.JK,-0.2,6.0,-0.40000000000000013,-0.2420892056028735,0.1809523809523811,-0.2,-1
2023-01-10,BBRI.JK,0.0,6.0,-0.06666666666666682,-0.18156690420215513,0.2666666666666668,0.2,0
2023-01-11,BBRI.JK,0.0,6.0,-0.06666666666666682,-0.13617517815161634,0.12380952380952394,0.0,0
2023-01-12,BBRI.JK,0.0,4.0,0.0,-0.10213138361371225,0.12380952380952394,0.0,0
2023-01-13,BBRI.JK,0.0,6.0,0.0,-0.07659853771028419,0.12380952380952394,0.0,0
2023-01-16,BBRI.JK,0.2,11.0,0.06666666666666653,-0.007448903282713137,0.37142857142857155,0.2,1
2023-01-17,BBRI.JK,0.0,10.0,0.06666666666666653,-0.005586677462034853,1.2688263138573217e-16,-0.2,0
2023-01-18,BBRI.JK,0.0,9.0,0.06666666666666653,-0.00419000809652614,1.2688263138573217e-16,0.0,0
2023-01-19,BBRI.JK,0.0,6.0,0.0,-0.003142506072394605,-0.028571428571428446,0.0,0
2023-01-20,BBRI.JK,-1.0,5.0,-0.3333333333333335,-0.252356879554296,-1.0285714285714285,-1.0,-1
2023-01-23,BBRI.JK,-0.25,7.0,-0.4166666666666668,-0.251767659665722,-0.13571428571428557,0.75,-1
2023-01-24,BBRI.JK,-0.3333333333333333,8.0,-0.5277777777777779,-0.27215907808262485,-0.18333333333333318,-0.08333333333333331,-1
2023-01-25,BBRI.JK,0.0,8.0,-0.19444444444444456,-0.20411930856196864,0.19761904761904775,0.3333333333333333,0
2023-01-26,BBRI.JK,0.0,5.0,-0.11111111111111126,-0.1530894814214765,0.2261904761904763,0.0,0
2023-01-27,BBRI.JK,0.0,2.0,0.0,-0.11481711106610737,0.2261904761904763,0.0,0
2023-01-30,BBRI.JK,0.0,2.0,0.0,-0.08611283329958053,0.2261904761904763,0.0,0
2023-01-31,BBRI.JK,1.0,2.0,0.3333333333333332,0.1854153750253146,1.2261904761904763,1.0,1
2023-02-01,BBRI.JK,0.0,2.0,0.3333333333333332,0.13906153126898596,-0.05952380952380941,-1.0,0
2023-02-02,BBRI.JK,0.0,3.0,0.3333333333333332,0.10429614845173947,-0.09523809523809512,0.0,0
2023-02-03,BBRI.JK,0.0,2.0,0.0,0.0782221113388046,-0.14285714285714274,0.0,0
2023-02-06,BBRI.JK,-0.6666666666666666,5.0,-0.22222222222222235,-0.10800008316256321,-0.8095238095238093,-0.6666666666666666,-1
2023-02-07,BBRI.JK,-0.5,5.0,-0.388888888888889,-0.20600006237192242,-0.5476190476190474,0.16666666666666663,-1
2023-02-08,BBRI.JK,0.5,9.0,-0.22222222222222235,-0.029500046778941802,0.523809523809524,1.0,1
2023-02-09,BBRI.JK,0.0,6.0,-1.4802973661668753e-16,-0.02212503508420635,-0.047619047619047505,-0.5,0
2023-02-10,BBRI.JK,0.0,4.0,0.16666666666666652,-0.016593776313154764,0.09523809523809534,0.0,0
2023-02-13,BBRI.JK,0.0,1.0,0.0,-0.012445332234866073,0.09523809523809534,0.0,0
2023-02-14,BBRI.JK,0.0,1.0,0.0,-0.009333999176149554,0.09523809523809534,0.0,0
2023-02-15,BBRI.JK,-0.8,6.0,-0.26666666666666683,-0.20700049938211218,-0.7047619047619047,-0.8,-1
2023-02-16,BBRI.JK,0.0,5.0,-0.26666666666666683,-0.15525037453658413,0.11428571428571441,0.8,0
2023-02-17,BBRI.JK,0.5,7.0,-0.10000000000000016,0.008562219097561899,0.5428571428571429,0.5,1
2023-02-20,BBRI.JK,0.25,6.0,0.24999999999999986,0.06892166432317143,0.292857142857143,-0.25,1
2023-02-21,BBRI.JK,1.0,7.0,0.5833333333333331,0.3016912482423786,1.0071428571428573,0.75,1
2023-02-22,BBRI.JK,1.0,6.0,0.7499999999999999,0.47626843618178394,0.8642857142857144,0.0,1
2023-02-23,BBRI.JK,0.0,4.0,0.6666666666666665,0.35720132713633795,-0.27857142857142847,-1.0,0
2023-02-24,BBRI.JK,0.0,3.0,0.3333333333333332,0.2679009953522535,-0.27857142857142847,0.0,0
2023-02-27,BBRI.JK,-0.3333333333333333,5.0,-0.11111111111111126,0.11759241318085677,-0.726190476190476,-0.3333333333333333,-1
2023-02-28,BBRI.JK,0.0,3.0,-0.11111111111111126,0.08819430988564257,-0.34523809523809507,0.3333333333333333,0
2023-03-01,BBRI.JK,1.0,4.0,0.2222222222222221,0.31614573241423194,0.7261904761904763,1.0,1
2023-03-02,BBRI.JK,-1.0,2.0,-1.4802973661668753e-16,-0.012890700689326046,-1.380952380952381,-2.0,-1
2023-03-03,BBRI.JK,0.0,2.0,-1.295260195396016e-16,-0.009668025516994534,-0.09523809523809515,1.0,0
2023-03-06,BBRI.JK,0.0,1.0,-0.3333333333333335,-0.007251019137745901,0.04761904761904771,0.0,0
2023-03-07,BBRI.JK,0.0,0.0,0.0,-0.005438264353309425,0.04761904761904771,0.0,0
2023-03-08,BBRI.JK,0.0,2.0,0.0,-0.004078698264982069,0.04761904761904771,0.0,0
2023-03-09,BBRI.JK,0.0,2.0,0.0,-0.0030590236987365514,8.723180907769087e-17,0.0,0
2023-03-10,BBRI.JK,0.0,4.0,0.0,-0.0022942677740524133,8.723180907769087e-17,0.0,0
2023-03-13,BBRI.JK,-0.07142857142857142,16.0,-0.023809523809523957,-0.019577843687682166,0.07142857142857154,-0.07142857142857142,-1
2023-03-14,BBRI.JK,0.5,18.0,0.1428571428571427,0.11031661723423837,0.5102040816326532,0.5714285714285714,1
2023-03-15,BBRI.JK,0.0,16.0,0.1428571428571427,0.08273746292567878,-0.061224489795918276,-0.5,0
2023-03-16,BBRI.JK,-0.6666666666666666,5.0,-0.05555555555555569,-0.10461356947240757,-0.727891156462585,-0.6666666666666666,-1
2023-03-17,BBRI.JK,-1.0,5.0,-0.5555555555555557,-0.3284601771043057,-0.9659863945578231,-0.33333333333333337,-1
2023-03-20,BBRI.JK,-1.0,7.0,-0.888888888888889,-0.4963451328282293,-0.8231292517006802,0.0,-1
2023-03-21,BBRI.JK,0.0,5.0,-0.6666666666666669,-0.37225884962117195,0.31972789115646266,1.0,0
2023-03-22,BBRI.JK,0.0,3.0,-0.3333333333333335,-0.27919413721587893,0.31972789115646266,0.0,0
2023-03-23,BBRI.JK,0.0,2.0,0.0,-0.2093956029119092,0.3095238095238096,0.0,0
2023-03-24,BBRI.JK,0.0,2.0,0.0,-0.1570467021839319,0.380952380952381,0.0,0
2023-03-27,BBRI.JK,0.0,3.0,0.0,-0.11778502663794893,0.380952380952381,0.0,0
2023-03-28,BBRI.JK,0.0,2.0,0.0,-0.0883387699784617,0.28571428571428575,0.0,0
2023-03-29,BBRI.JK,0.0,1.0,0.0,-0.06625407748384628,0.14285714285714293,0.0,0
2023-03-30,BBRI.JK,0.0,1.0,0.0,-0.04969055811288471,0.0,0.0,0
2023-03-31,BBRI.JK,0.5,3.0,0.16666666666666652,0.08773208141533646,0.5,0.5,1
2023-04-03,BBRI.JK,-0.5,5.0,-1.4802973661668753e-16,-0.05920093893849765,-0.5714285714285714,-1.0,-1
2023-04-04,BBRI.JK,0.0,5.0,-1.4802973661668753e-16,-0.04440070420387324,7.930164461608261e-17,0.5,0
2023-04-05,BBRI.JK,0.0,3.0,-0.16666666666666682,-0.03330052815290493,7.930164461608261e-17,0.0,0
2023-04-06,BBRI.JK,0.0,1.0,0.0,-0.024975396114678694,7.930164461608261e-17,0.0,0
2023-04-07,BBRI.JK,0.0,1.0,0.0,-0.01873154708600902,7.930164461608261e-17,0.0,0
2023-04-10,BBRI.JK,-1.0,4.0,-0.3333333333333335,-0.26404866031450674,-0.9999999999999999,-1.0,-1
2023-04-11,BBRI.JK,0.0,8.0,-0.3333333333333335,-0.19803649523588007,0.14285714285714293,1.0,0
2023-04-12,BBRI.JK,0.0,9.0,-0.3333333333333335,-0.14852737142691005,0.21428571428571436,0.0,0
2023-04-13,BBRI.JK,0.0,8.0,0.0,-0.11139552857018253,0.14285714285714293,0.0,0
2023-04-14,BBRI.JK,0.0,6.0,0.0,-0.0835466464276369,0.14285714285714293,0.0,0
2023-04-17,BBRI.JK,0.42857142857142855,11.0,0.1428571428571427,0.044482872322129455,0.5714285714285715,0.42857142857142855,1
2023-04-18,BBRI.JK,0.0,10.0,0.1428571428571427,0.033362154241597095,0.08163265306122458,-0.42857142857142855,0
2023-04-19,BBRI.JK,0.0,9.0,0.1428571428571427,0.02502161568119782,0.08163265306122458,0.0,0
2023-04-20,BBRI.JK,0.0,2.0,0.0,0.018766211760898367,-0.06122448979591828,0.0,0
2023-04-21,BBRI.JK,0.0,1.0,0.0,0.014074658820673776,-0.06122448979591828,0.0,0
2023-04-24,BBRI.JK,0.0,0.0,0.0,0.010555994115505332,-0.06122448979591828,0.0,0
2023-04-25,BBRI.JK,0.0,1.0,0.0,0.007916995586628998,-0.06122448979591828,0.0,0
2023-04-26,BBRI.JK,0.0,1.0,0.0,0.005937746689971749,-0.06122448979591828,0.0,0
2023-04-27,BBRI.JK,0.25,5.0,0.08333333333333319,0.06695331001747881,0.25,0.25,1
2023-04-28,BBRI.JK,-0.5,6.0,-0.08333333333333348,-0.0747850174868909,-0.5357142857142856,-0.75,-1
2023-05-01,BBRI.JK,0.0,9.0,-0.08333333333333348,-0.05608876311516817,0.035714285714285796,0.5,0
2023-05-02,BBRI.JK,0.0,5.0,-0.16666666666666682,-0.04206657233637613,0.035714285714285796,0.0,0
2023-05-03,BBRI.JK,0.0,3.0,0.0,-0.0315499292522821,0.035714285714285796,0.0,0
2023-05-04,BBRI.JK,0.0,0.0,0.0,-0.023662446939211577,0.035714285714285796,0.0,0
2023-05-05,BBRI.JK,-1.0,2.0,-0.3333333333333335,-0.2677468352044087,-0.9642857142857142,-1.0,-1
2023-05-08,BBRI.JK,0.0,3.0,-0.3333333333333335,-0.2008101264033065,0.17857142857142863,1.0,0
2023-05-09,BBRI.JK,0.0,3.0,-0.3333333333333335,-0.15060759480247987,0.21428571428571436,0.0,0
2023-05-10,BBRI.JK,0.0,1.0,0.0,-0.1129556961018599,0.14285714285714293,0.0,0
2023-05-11,BBRI.JK,0.0,0.0,0.0,-0.08471677207639493,0.14285714285714293,0.0,0
2023-05-12,BBRI.JK,0.0,0.0,0.0,-0.06353757905729619,0.14285714285714293,0.0,0
2023-05-15,BBRI.JK,1.0,1.0,0.3333333333333332,0.20234681570702784,1.142857142857143,1.0,1
2023-05-16,BBRI.JK,-0.5,3.0,0.16666666666666652,0.02676011178027088,-0.49999999999999994,-1.5,-1
2023-05-17,BBRI.JK,0.0,3.0,0.16666666666666652,0.02007008383520316,-0.07142857142857136,0.5,0
2023-05-18,BBRI.JK,0.0,2.0,-0.16666666666666682,0.01505256287640237,-0.07142857142857136,0.0,0
2023-05-19,BBRI.JK,1.0,1.0,0.3333333333333332,0.2612894221573018,0.9285714285714286,1.0,1
2023-05-22,BBRI.JK,1.0,2.0,0.6666666666666665,0.44596706661797636,0.7857142857142858,0.0,1
2023-05-23,BBRI.JK,0.25,6.0,0.7499999999999999,0.39697529996348224,-0.1071428571428571,-0.75,1
2023-05-24,BBRI.JK,-1.0,6.0,0.08333333333333319,0.047731474972611654,-1.3928571428571428,-1.25,-1
2023-05-25,BBRI.JK,0.0,7.0,-0.25000000000000017,0.03579860622945874,-0.10714285714285708,1.0,0
2023-05-26,BBRI.JK,0.0,3.0,-0.3333333333333335,0.026848954672094055,-0.17857142857142852,0.0,0
2023-05-29,BBRI.JK,0.5,4.0,0.16666666666666652,0.14513671600407055,0.3214285714285715,0.5,1
2023-05-30,BBRI.JK,0.0,3.0,0.16666666666666652,0.10885253700305292,-0.24999999999999994,-0.5,0
2023-05-31,BBRI.JK,-1.0,6.0,-0.16666666666666682,-0.1683605972477103,-1.107142857142857,-1.0,-1
2023-06-01,BBRI.JK,0.0,6.0,-0.3333333333333335,-0.12627044793578274,0.17857142857142863,1.0,0
2023-06-02,BBRI.JK,0.0,6.0,-0.3333333333333335,-0.09470283595183705,0.21428571428571436,0.0,0
2023-06-05,BBRI.JK,-1.0,4.0,-0.3333333333333335,-0.3210271269638778,-0.9285714285714285,-1.0,-1
2023-06-06,BBRI.JK,0.0,2.0,-0.3333333333333335,-0.24077034522290836,0.21428571428571436,1.0,0
2023-06-07,BBRI.JK,-1.0,2.0,-0.6666666666666669,-0.43057775891718125,-0.7857142857142856,-1.0,-1
2023-06-08,BBRI.JK,-1.0,2.0,-0.6666666666666669,-0.5729333191878859,-0.5714285714285714,0.0,-1
2023-06-09,BBRI.JK,0.0,2.0,-0.6666666666666669,-0.42969998939091447,0.5714285714285714,1.0,0
2023-06-12,BBRI.JK,0.5,3.0,-0.16666666666666682,-0.19727499204318588,0.9285714285714286,0.5,1
2023-06-13,BBRI.JK,0.0,2.0,0.16666666666666652,-0.1479562440323894,0.3571428571428572,-0.5,0
2023-06-14,BBRI.JK,-0.5,4.0,-1.4802973661668753e-16,-0.23596718302429207,-0.1428571428571428,-0.5,-1
2023-06-15,BBRI.JK,0.0,3.0,-0.16666666666666682,-0.17697538726821904,0.28571428571428575,0.5,0
2023-06-16,BBRI.JK,0.0,3.0,-0.16666666666666682,-0.13273154045116428,0.28571428571428575,0.0,0
2023-06-19,BBRI.JK,0.0,4.0,0.0,-0.0995486553383732,0.14285714285714293,0.0,0
2023-06-20,BBRI.JK,0.0,3.0,0.0,-0.0746614915037799,6.344131569286608e-17,0.0,0
2023-06-21,BBRI.JK,-1.0,4.0,-0.3333333333333335,-0.30599611862783493,-0.9999999999999999,-1.0,-1
2023-06-22,BBRI.JK,0.0,6.0,-0.3333333333333335,-0.2294970889708762,0.21428571428571436,1.0,0
2023-06-23,BBRI.JK,0.0,8.0,-0.3333333333333335,-0.17212281672815716,0.21428571428571436,0.0,0
2023-06-26,BBRI.JK,0.0,8.0,0.0,-0.12909211254611785,0.14285714285714293,0.0,0
2023-06-27,BBRI.JK,0.0,4.0,0.0,-0.09681908440958839,0.14285714285714293,0.0,0
2023-06-28,BBRI.JK,0.0,2.0,0.0,-0.07261431330719129,0.14285714285714293,0.0,0
2023-06-29,BBRI.JK,0.0,1.0,0.0,-0.054460734980393465,0.14285714285714293,0.0,0
2023-06-30,BBRI.JK,-1.0,1.0,-0.3333333333333335,-0.2908455512352951,-0.8571428571428571,-1.0,-1
2023-07-03,BBRI.JK,-0.6,6.0,-0.5333333333333335,-0.3681341634264713,-0.4571428571428571,0.4,-1
2023-07-04,BBRI.JK,0.0,6.0,-0.5333333333333335,-0.27610062256985346,0.22857142857142865,0.6,0
2023-07-05,BBRI.JK,0.0,6.0,-0.20000000000000015,-0.2070754669273901,0.22857142857142865,0.0,0
2023-07-06,BBRI.JK,0.0,3.0,0.0,-0.15530660019554257,0.22857142857142865,0.0,0
2023-07-07,BBRI.JK,-0.5,5.0,-0.16666666666666682,-0.24147995014665694,-0.27142857142857135,-0.5,-1
2023-07-10,BBRI.JK,0.0,7.0,-0.16666666666666682,-0.1811099626099927,0.3000000000000001,0.5,0
2023-07-11,BBRI.JK,0.0,6.0,-0.16666666666666682,-0.13583247195749454,0.3000000000000001,0.0,0
2023-07-12,BBRI.JK,0.0,4.0,0.0,-0.1018743539681209,0.15714285714285722,0.0,0
2023-07-13,BBRI.JK,-1.0,2.0,-0.3333333333333335,-0.3264057654760907,-0.9285714285714285,-1.0,-1
2023-07-14,BBRI.JK,-1.0,3.0,-0.6666666666666669,-0.494804324107068,-0.7857142857142856,0.0,-1
2023-07-17,BBRI.JK,-0.6666666666666666,6.0,-0.888888888888889,-0.5377699097469676,-0.3095238095238094,0.33333333333333337,-1
2023-07-18,BBRI.JK,0.0,5.0,-0.5555555555555557,-0.4033274323102257,0.45238095238095244,0.6666666666666666,0
2023-07-19,BBRI.JK,0.0,3.0,-0.22222222222222235,-0.30249557423266926,0.380952380952381,0.0,0
2023-07-20,BBRI.JK,0.0,2.0,0.0,-0.22687168067450195,0.380952380952381,0.0,0
2023-07-21,BBRI.JK,0.0,3.0,0.0,-0.17015376050587647,0.380952380952381,0.0,0
2023-07-24,BBRI.JK,-0.3333333333333333,6.0,-0.11111111111111126,-0.21094865371274069,0.04761904761904767,-0.3333333333333333,-1
2023-07-25,BBRI.JK,0.0,4.0,-0.11111111111111126,-0.1582114902845555,0.28571428571428575,0.3333333333333333,0
2023-07-26,BBRI.JK,0.0,3.0,-0.11111111111111126,-0.11865861771341663,0.14285714285714293,0.0,0
2023-07-27,BBRI.JK,0.0,0.0,0.0,-0.08899396328506247,0.04761904761904768,0.0,0
2023-07-28,BBRI.JK,0.0,0.0,0.0,-0.06674547246379685,0.04761904761904768,0.0,0
2023-07-31,BBRI.JK,0.0,1.0,0.0,-0.05005910434784763,0.04761904761904768,0.0,0
2023-08-01,BBRI.JK,0.0,3.0,0.0,-0.037544328260885725,0.04761904761904768,0.0,0
2023-08-02,BBRI.JK,0.0,4.0,0.0,-0.028158246195664295,0.04761904761904768,0.0,0
2023-08-03,BBRI.JK,0.0,4.0,0.0,-0.021118684646748223,0.0,0.0,0
2023-08-04,BBRI.JK,0.0,2.0,0.0,-0.015839013485061167,0.0,0.0,0
2023-08-07,BBRI.JK,0.0,1.0,0.0,-0.011879260113795875,0.0,0.0,0
2023-08-08,BBRI.JK,-1.0,1.0,-0.3333333333333335,-0.2589094450853469,-1.0,-1.0,-1
2023-08-09,BBRI.JK,0.0,1.0,-0.3333333333333335,-0.1941820838140102,0.14285714285714293,1.0,0
2023-08-10,BBRI.JK,0.0,3.0,-0.3333333333333335,-0.14563656286050763,0.14285714285714293,0.0,0
2023-08-11,BBRI.JK,-1.0,3.0,-0.3333333333333335,-0.3592274221453807,-0.8571428571428571,-1.0,-1
2023-08-14,BBRI.JK,0.0,8.0,-0.3333333333333335,-0.26942056660903557,0.28571428571428575,1.0,0
2023-08-15,BBRI.JK,0.0,8.0,-0.3333333333333335,-0.20206542495677668,0.28571428571428575,0.0,0
2023-08-16,BBRI.JK,0.0,7.0,0.0,-0.1515490687175825,0.28571428571428575,0.0,0
2023-08-17,BBRI.JK,0.0,2.0,0.0,-0.11366180153818688,0.28571428571428575,0.0,0
2023-08-18,BBRI.JK,-1.0,1.0,-0.3333333333333335,-0.33524635115364015,-0.8571428571428571,-1.0,-1
2023-08-21,BBRI.JK,-1.0,2.0,-0.6666666666666669,-0.5014347633652301,-0.7142857142857142,0.0,-1
2023-08-22,BBRI.JK,0.0,3.0,-0.6666666666666669,-0.37607607252392256,0.42857142857142866,1.0,0
2023-08-23,BBRI.JK,0.0,2.0,-0.3333333333333335,-0.28205705439294193,0.28571428571428575,0.0,0
2023-08-24,BBRI.JK,1.0,2.0,0.3333333333333332,0.03845720920529355,1.2857142857142858,1.0,1
2023-08-25,BBRI.JK,0.0,1.0,0.3333333333333332,0.028842906903970164,0.14285714285714293,-1.0,0
2023-08-28,BBRI.JK,-1.0,3.0,-1.4802973661668753e-16,-0.22836781982202237,-0.8571428571428571,-1.0,-1
2023-08-29,BBRI.JK,1.0,3.0,-1.4802973661668753e-16,0.07872413513348323,1.2857142857142858,2.0,1
2023-08-30,BBRI.JK,0.5,5.0,0.16666666666666652,0.18404310135011243,0.5000000000000001,-0.5,1
2023-08-31,BBRI.JK,1.0,4.0,0.8333333333333331,0.3880323260125843,0.7857142857142858,0.5,1
2023-09-01,BBRI.JK,-0.5,5.0,0.3333333333333332,0.1660242445094382,-0.8571428571428571,-1.5,-1
2023-09-04,BBRI.JK,-1.0,4.0,-0.16666666666666682,-0.12548181661792135,-1.2857142857142856,-0.5,-1
2023-09-05,BBRI.JK,0.0,5.0,-0.5000000000000001,-0.09411136246344101,6.344131569286608e-17,1.0,0
2023-09-06,BBRI.JK,-0.5,5.0,-0.5000000000000001,-0.19558352184758077,-0.49999999999999994,-0.5,-1
2023-09-07,BBRI.JK,-0.25,8.0,-0.25000000000000017,-0.20918764138568557,-0.3214285714285714,0.25,-1
2023-09-08,BBRI.JK,0.0,6.0,-0.25000000000000017,-0.15689073103926418,0.1071428571428572,0.25,0
2023-09-11,BBRI.JK,0.3333333333333333,7.0,0.027777777777777624,-0.0343347149461148,0.511904761904762,0.3333333333333333,1
2023-09-12,BBRI.JK,0.0,5.0,0.11111111111111095,-0.0257510362095861,0.2738095238095239,-0.3333333333333333,0
2023-09-13,BBRI.JK,0.0,5.0,0.11111111111111095,-0.019313277157189574,0.20238095238095247,0.0,0
2023-09-14,BBRI.JK,0.0,2.0,0.0,-0.014484957867892181,0.05952380952380959,0.0,0
2023-09-15,BBRI.JK,0.0,0.0,0.0,-0.010863718400919136,0.05952380952380959,0.0,0
2023-09-18,BBRI.JK,0.0,0.0,0.0,-0.008147788800689351,-0.011904761904761838,0.0,0
2023-09-19,BBRI.JK,0.0,1.0,0.0,-0.006110841600517013,-0.047619047619047554,0.0,0
2023-09-20,BBRI.JK,0.5,3.0,0.16666666666666652,0.12041686879961223,0.45238095238095244,0.5,1
2023-09-21,BBRI.JK,-0.5,5.0,-1.4802973661668753e-16,-0.03468734840029082,-0.5714285714285714,-1.0,-1
2023-09-22,BBRI.JK,0.0,5.0,-1.4802973661668753e-16,-0.026015511300218116,6.344131569286608e-17,0.5,0
2023-09-25,BBRI.JK,-0.5,5.0,-0.3333333333333335,-0.14451163347516358,-0.49999999999999994,-0.5,-1
2023-09-26,BBRI.JK,0.0,5.0,-0.16666666666666682,-0.10838372510637267,0.0714285714285715,0.5,0
2023-09-27,BBRI.JK,0.0,5.0,-0.16666666666666682,-0.0812877938297795,0.0714285714285715,0.0,0
2023-09-28,BBRI.JK,0.0,4.0,0.0,-0.060965845372334626,0.0714285714285715,0.0,0
2023-09-29,BBRI.JK,0.0,3.0,0.0,-0.04572438402925097,0.0714285714285715,0.0,0
2023-10-02,BBRI.JK,0.0,4.0,0.0,-0.03429328802193823,0.14285714285714293,0.0,0
2023-10-03,BBRI.JK,0.0,3.0,0.0,-0.02571996601645367,0.0714285714285715,0.0,0
2023-10-04,BBRI.JK,-1.0,3.0,-0.3333333333333335,-0.26928997451234027,-0.9285714285714285,-1.0,-1
2023-10-05,BBRI.JK,0.0,1.0,-0.3333333333333335,-0.2019674808842552,0.14285714285714293,1.0,0
2023-10-06,BBRI.JK,-0.5,3.0,-0.5000000000000001,-0.2764756106631914,-0.3571428571428571,-0.5,-1
2023-10-09,BBRI.JK,0.0,2.0,-0.16666666666666682,-0.20735670799739353,0.21428571428571436,0.5,0
2023-10-10,BBRI.JK,0.3333333333333333,5.0,-0.05555555555555571,-0.07218419766471183,0.5476190476190477,0.3333333333333333,1
2023-10-11,BBRI.JK,0.5,5.0,0.2777777777777776,0.07086185175146613,0.6666666666666667,0.16666666666666669,1
2023-10-12,BBRI.JK,0.0,6.0,0.2777777777777776,0.05314638881359959,0.09523809523809532,-0.5,0
2023-10-13,BBRI.JK,0.0,3.0,0.16666666666666652,0.039859791610199695,0.09523809523809532,0.0,0
2023-10-16,BBRI.JK,-1.0,2.0,-0.3333333333333335,-0.22010515629235022,-1.0476190476190474,-1.0,-1
2023-10-17,BBRI.JK,-1.0,3.0,-0.6666666666666669,-0.4150788672192627,-0.9047619047619047,0.0,-1
2023-10-18,BBRI.JK,1.0,4.0,-0.3333333333333335,-0.06130915041444701,1.1666666666666667,2.0,1
2023-10-19,BBRI.JK,-1.0,4.0,-0.3333333333333335,-0.2959818628108353,-0.9761904761904762,-2.0,-1
2023-10-20,BBRI.JK,0.0,2.0,-1.4802973661668753e-16,-0.22198639710812645,0.21428571428571436,1.0,0
2023-10-23,BBRI.JK,0.3333333333333333,4.0,-0.2222222222222224,-0.08315646449776153,0.6190476190476191,0.3333333333333333,1
2023-10-24,BBRI.JK,-0.5,5.0,-0.05555555555555571,-0.18736734837332114,-0.26190476190476186,-0.8333333333333333,-1
2023-10-25,BBRI.JK,0.0,8.0,-0.05555555555555571,-0.14052551127999086,0.3095238095238096,0.5,0
2023-10-26,BBRI.JK,-0.3333333333333333,8.0,-0.2777777777777779,-0.18872746679332647,-0.16666666666666657,-0.3333333333333333,-1
2023-10-27,BBRI.JK,0.0,6.0,-0.11111111111111126,-0.14154560009499484,0.0714285714285715,0.3333333333333333,0
2023-10-30,BBRI.JK,-0.5,7.0,-0.2777777777777779,-0.23115920007124613,-0.28571428571428564,-0.5,-1
2023-10-31,BBRI.JK,0.0,4.0,-0.16666666666666682,-0.1733694000534346,0.14285714285714293,0.5,0
2023-11-01,BBRI.JK,0.0,4.0,-0.16666666666666682,-0.13002705004007595,0.14285714285714293,0.0,0
2023-11-02,BBRI.JK,0.0,0.0,0.0,-0.09752028753005695,0.19047619047619052,0.0,0
2023-11-03,BBRI.JK,0.0,0.0,0.0,-0.07314021564754272,0.1190476190476191,0.0,0
2023-11-06,BBRI.JK,0.0,1.0,0.0,-0.05485516173565704,0.1190476190476191,0.0,0
2023-11-07,BBRI.JK,-0.5,3.0,-0.16666666666666682,-0.16614137130174278,-0.4285714285714285,-0.5,-1
2023-11-08,BBRI.JK,-1.0,5.0,-0.5000000000000001,-0.3746060284763071,-0.8571428571428571,-0.5,-1
2023-11-09,BBRI.JK,0.0,5.0,-0.5000000000000001,-0.2809545213572303,0.21428571428571436,1.0,0
2023-11-10,BBRI.JK,0.0,6.0,-0.3333333333333335,-0.21071589101792274,0.21428571428571436,0.0,0
2023-11-13,BBRI.JK,0.0,5.0,0.0,-0.15803691826344204,0.21428571428571436,0.0,0
2023-11-14,BBRI.JK,1.0,5.0,0.3333333333333332,0.13147231130241846,1.2142857142857144,1.0,1
2023-11-15,BBRI.JK,1.0,3.0,0.6666666666666665,0.34860423347681385,1.0714285714285714,0.0,1
2023-11-16,BBRI.JK,-0.6666666666666666,5.0,0.44444444444444436,0.09478650844094375,-0.738095238095238,-1.6666666666666665,-1
2023-11-17,BBRI.JK,0.5,6.0,0.2777777777777776,0.19608988133070782,0.45238095238095244,1.1666666666666665,1
2023-11-20,BBRI.JK,0.0,6.0,-0.05555555555555569,0.14706741099803086,-0.26190476190476186,-0.5,0
2023-11-21,BBRI.JK,0.3333333333333333,6.0,0.2777777777777776,0.19363389158185645,0.07142857142857145,0.3333333333333333,1
2023-11-22,BBRI.JK,0.0,4.0,0.11111111111111095,0.14522541868639233,-0.3095238095238095,-0.3333333333333333,0
2023-11-23,BBRI.JK,0.0,5.0,0.11111111111111095,0.10891906401479425,-0.3095238095238095,0.0,0
2023-11-24,BBRI.JK,0.0,3.0,0.0,0.08168929801109569,-0.1666666666666666,0.0,0
2023-11-27,BBRI.JK,0.0,5.0,0.0,0.06126697350832176,-0.023809523809523763,0.0,0
2023-11-28,BBRI.JK,0.0,3.0,0.0,0.04595023013124132,-0.119047619047619,0.0,0
2023-11-29,BBRI.JK,0.0,2.0,0.0,0.034462672598430985,-0.04761904761904756,0.0,0
2023-11-30,BBRI.JK,0.4,5.0,0.1333333333333332,0.12584700444882324,0.35238095238095246,0.4,1
2023-12-01,BBRI.JK,1.0,6.0,0.4666666666666665,0.3443852533366174,0.942857142857143,0.6,1
2023-12-04,BBRI.JK,0.5,10.0,0.6333333333333332,0.38328894000246305,0.30000000000000004,-0.5,1
2023-12-05,BBRI.JK,0.3333333333333333,8.0,0.611111111111111,0.3708000383351806,0.06190476190476191,-0.16666666666666669,1
2023-12-06,BBRI.JK,0.0,7.0,0.2777777777777777,0.27810002875138545,-0.31904761904761897,-0.3333333333333333,0
2023-12-07,BBRI.JK,0.0,5.0,0.111111111111111,0.20857502156353908,-0.31904761904761897,0.0,0
2023-12-08,BBRI.JK,0.0,2.0,0.0,0.1564312661726543,-0.31904761904761897,0.0,0
2023-12-11,BBRI.JK,0.4,7.0,0.13333333333333322,0.21732344962949074,0.08095238095238105,0.4,1
2023-12-12,BBRI.JK,0.0,5.0,0.13333333333333322,0.16299258722211807,-0.31904761904761897,-0.4,0
2023-12-13,BBRI.JK,0.0,5.0,0.13333333333333322,0.12224444041658855,-0.17619047619047618,0.0,0
2023-12-14,BBRI.JK,1.0,1.0,0.3333333333333332,0.3416833303124414,0.8952380952380953,1.0,1
2023-12-15,BBRI.JK,0.5,3.0,0.49999999999999983,0.3812624977343311,0.30000000000000004,-0.5,1
2023-12-18,BBRI.JK,0.0,6.0,0.49999999999999983,0.2859468733007483,-0.2714285714285714,-0.5,0
2023-12-19,BBRI.JK,-0.25,9.0,0.08333333333333322,0.15196015497556123,-0.5214285714285714,-0.25,-1
2023-12-20,BBRI.JK,0.0,8.0,-0.08333333333333344,0.11397011623167091,-0.2357142857142857,0.25,0
2023-12-21,BBRI.JK,0.0,5.0,-0.08333333333333344,0.08547758717375319,-0.17857142857142858,0.0,0
2023-12-22,BBRI.JK,0.0,2.0,0.0,0.06410819038031489,-0.17857142857142858,0.0,0
2023-12-25,BBRI.JK,1.0,2.0,0.3333333333333332,0.2980811427852362,0.8214285714285714,1.0,1
2023-12-26,BBRI.JK,1.0,3.0,0.6666666666666665,0.47356085708892715,0.8214285714285714,0.0,1
2023-12-27,BBRI.JK,0.0,4.0,0.6666666666666665,0.35517064281669536,-0.25,-1.0,0
2023-12-28,BBRI.JK,0.0,7.0,0.3333333333333332,0.2663779821125215,-0.25,0.0,0
2023-12-29,BBRI.JK,0.0,8.0,0.0,0.19978348658439113,-0.2857142857142857,0.0,0
2024-01-01,BBRI.JK,0.0,7.0,0.0,0.14983761493829334,-0.2857142857142857,0.0,0
2024-01-02,BBRI.JK,-1.0,4.0,-0.3333333333333335,-0.13762178879628,-1.2857142857142856,-1.0,-1
2024-01-03,BBRI.JK,0.0,2.0,-0.3333333333333335,-0.10321634159721,-0.14285714285714285,1.0,0
2024-01-04,BBRI.JK,0.0,3.0,-0.3333333333333335,-0.07741225619790751,0.0,0.0,0
2024-01-05,BBRI.JK,0.0,4.0,0.0,-0.05805919214843063,0.14285714285714285,0.0,0
2024-01-08,BBRI.JK,-0.25,8.0,-0.08333333333333348,-0.10604439411132296,-0.10714285714285715,-0.25,-1
2024-01-09,BBRI.JK,0.3333333333333333,9.0,0.027777777777777624,0.003800037749841098,0.5119047619047619,0.5833333333333333,1
2024-01-10,BBRI.JK,0.0,7.0,0.027777777777777624,0.0028500283123808236,0.13095238095238096,-0.3333333333333333,0
2024-01-11,BBRI.JK,0.25,7.0,0.19444444444444428,0.06463752123428562,0.38095238095238093,0.25,1
2024-01-12,BBRI.JK,1.0,6.0,0.4166666666666665,0.29847814092571423,0.9523809523809523,0.75,1
2024-01-15,BBRI.JK,0.16666666666666666,12.0,0.4722222222222221,0.26552527236095236,-0.023809523809523808,-0.8333333333333334,1
2024-01-16,BBRI.JK,-0.5,10.0,0.22222222222222207,0.07414395427071427,-0.7142857142857143,-0.6666666666666666,-1
2024-01-17,BBRI.JK,0.0,10.0,-0.11111111111111127,0.0556079657030357,-0.14285714285714285,0.5,0
2024-01-18,BBRI.JK,0.0,4.0,-0.16666666666666682,0.04170597427727678,-0.17857142857142858,0.0,0
2024-01-19,BBRI.JK,-0.3333333333333333,5.0,-0.11111111111111126,-0.05205385262537575,-0.46428571428571425,-0.3333333333333333,-1
2024-01-22,BBRI.JK,-0.2,8.0,-0.17777777777777792,-0.08904038946903181,-0.2833333333333333,0.1333333333333333,-1
2024-01-23,BBRI.JK,-1.0,15.0,-0.5111111111111112,-0.31678029210177383,-1.019047619047619,-0.8,-1
2024-01-24,BBRI.JK,0.0,12.0,-0.4000000000000002,-0.23758521907633037,0.26666666666666666,1.0,0
2024-01-25,BBRI.JK,0.0,8.0,-0.3333333333333335,-0.1781889143072478,0.29047619047619044,0.0,0
2024-01-26,BBRI.JK,1.0,2.0,0.33333333333333315,0.11635831426956417,1.219047619047619,1.0,1
2024-01-29,BBRI.JK,0.0,5.0,0.33333333333333315,0.08726873570217313,0.07619047619047617,-1.0,0
2024-01-30,BBRI.JK,0.0,6.0,0.33333333333333315,0.06545155177662984,0.07619047619047618,0.0,0
2024-01-31,BBRI.JK,0.5,9.0,0.1666666666666665,0.17408866383247237,0.5285714285714286,0.5,1
2024-02-01,BBRI.JK,1.0,7.0,0.49999999999999983,0.38056649787435426,0.9285714285714286,0.5,1
2024-02-02,BBRI.JK,0.0,9.0,0.49999999999999983,0.2854248734057657,-0.35714285714285715,-1.0,0
2024-02-05,BBRI.JK,0.0,8.0,0.3333333333333332,0.2140686550543243,-0.35714285714285715,0.0,0
2024-02-06,BBRI.JK,0.0,7.0,0.0,0.16055149129074323,-0.35714285714285715,0.0,0
2024-02-07,BBRI.JK,1.0,4.0,0.3333333333333332,0.3704136184680574,0.7857142857142857,1.0,1
2024-02-08,BBRI.JK,0.0,3.0,0.3333333333333332,0.2778102138510431,-0.35714285714285715,-1.0,0
2024-02-09,BBRI.JK,0.5,7.0,0.49999999999999983,0.3333576603882823,0.14285714285714285,0.5,1
2024-02-12,BBRI.JK,0.8,11.0,0.4333333333333332,0.45001824529121176,0.4428571428571429,0.30000000000000004,1
2024-02-13,BBRI.JK,0.6,14.0,0.6333333333333332,0.4875136839684088,0.2714285714285714,-0.20000000000000007,1
2024-02-14,BBRI.JK,0.0,11.0,0.4666666666666665,0.36563526297630655,-0.41428571428571426,-0.6,0
2024-02-15,BBRI.JK,-0.3333333333333333,9.0,0.08888888888888874,0.19089311389889657,-0.7476190476190476,-0.3333333333333333,-1
2024-02-16,BBRI.JK,0.0,4.0,-0.11111111111111126,0.14316983542417244,-0.3666666666666667,0.3333333333333333,0
2024-02-19,BBRI.JK,0.25,7.0,-0.02777777777777792,0.16987737656812935,0.02619047619047618,0.25,1
2024-02-20,BBRI.JK,0.4,9.0,0.21666666666666654,0.227408032426097,0.14047619047619048,0.15000000000000002,1
2024-02-21,BBRI.JK,1.0,10.0,0.5499999999999998,0.42055602431957273,0.7547619047619047,0.6,1
2024-02-22,BBRI.JK,1.0,7.0,0.7999999999999998,0.5654170182396796,0.7261904761904762,0.0,1
2024-02-23,BBRI.JK,-0.5,4.0,0.49999999999999983,0.2990627636797597,-0.830952380952381,-1.5,-1
2024-02-26,BBRI.JK,0.3333333333333333,6.0,0.2777777777777776,0.3076304060931531,0.07380952380952377,0.8333333333333333,1
2024-02-27,BBRI.JK,0.0,6.0,-0.05555555555555571,0.23072280456986483,-0.3547619047619048,-0.3333333333333333,0
2024-02-28,BBRI.JK,-0.5,8.0,-0.05555555555555571,0.04804210342739862,-0.8547619047619048,-0.5,-1
2024-02-29,BBRI.JK,0.0,5.0,-0.16666666666666682,0.036031577570548964,-0.2476190476190476,0.5,0
2024-03-01,BBRI.JK,0.0,10.0,-0.16666666666666682,0.027023683177911723,-0.19047619047619047,0.0,0
2024-03-04,BBRI.JK,1.0,11.0,0.3333333333333332,0.2702677623834338,0.9523809523809524,1.0,1
2024-03-05,BBRI.JK,1.0,13.0,0.6666666666666665,0.45270082178757537,0.9523809523809524,0.0,1
2024-03-06,BBRI.JK,0.0,7.0,0.6666666666666665,0.3395256163406815,-0.2619047619047619,-1.0,0
2024-03-07,BBRI.JK,0.0,2.0,0.3333333333333332,0.25464421225551115,-0.21428571428571427,0.0,0
2024-03-08,BBRI.JK,0.0,2.0,0.0,0.19098315919163336,-0.21428571428571427,0.0,0
2024-03-11,BBRI.JK,0.0,2.0,0.0,0.14323736939372503,-0.2857142857142857,0.0,0
2024-03-12,BBRI.JK,0.0,3.0,0.0,0.10742802704529378,-0.2857142857142857,0.0,0
2024-03-13,BBRI.JK,-1.0,5.0,-0.3333333333333335,-0.16942897971602966,-1.2857142857142856,-1.0,-1
2024-03-14,BBRI.JK,-1.0,6.0,-0.6666666666666669,-0.3770717347870223,-1.0,0.0,-1
2024-03-15,BBRI.JK,0.0,7.0,-0.6666666666666669,-0.2828038010902667,0.2857142857142857,1.0,0
2024-03-18,BBRI.JK,0.16666666666666666,9.0,-0.27777777777777796,-0.17043618415103337,0.45238095238095233,0.16666666666666666,1
2024-03-19,BBRI.JK,-1.0,9.0,-0.27777777777777796,-0.37782713811327506,-0.7380952380952381,-1.1666666666666667,-1
2024-03-20,BBRI.JK,-0.3333333333333333,10.0,-0.38888888888888906,-0.36670368691828964,0.0714285714285714,0.6666666666666667,-1
2024-03-21,BBRI.JK,1.0,7.0,-0.11111111111111131,-0.025027765188717244,1.4523809523809523,1.3333333333333333,1
2024-03-22,BBRI.JK,0.0,6.0,0.22222222222222202,-0.018770823891537933,0.3095238095238095,-1.0,0
2024-03-25,BBRI.JK,0.0,5.0,0.3333333333333331,-0.01407811791865345,0.16666666666666666,0.0,0
2024-03-26,BBRI.JK,-0.3333333333333333,5.0,-0.11111111111111133,-0.09389192177232342,-0.30952380952380953,-0.3333333333333333,-1
2024-03-27,BBRI.JK,-1.0,6.0,-0.44444444444444464,-0.32041894132924253,-0.9285714285714286,-0.6666666666666667,-1
2024-03-28,BBRI.JK,-1.0,6.0,-0.777777777777778,-0.4903142059969319,-0.7619047619047619,0.0,-1
2024-03-29,BBRI.JK,1.0,5.0,-0.3333333333333335,-0.1177356544976989,1.2380952380952381,2.0,1
2024-04-01,BBRI.JK,-1.0,9.0,-0.33333333333333354,-0.3383017408732742,-0.9523809523809524,-2.0,-1
2024-04-02,BBRI.JK,0.0,8.0,-2.220446049250313e-16,-0.25372630565495563,0.3333333333333333,1.0,0
2024-04-03,BBRI.JK,-0.4,11.0,-0.46666666666666695,-0.2902947292412167,-0.06666666666666671,-0.4,-1
2024-04-04,BBRI.JK,-0.3333333333333333,9.0,-0.2444444444444447,-0.30105438026424586,0.05714285714285716,0.06666666666666671,-1
2024-04-05,BBRI.JK,1.0,10.0,0.08888888888888864,0.024209214801815593,1.3904761904761904,1.3333333333333333,1
2024-04-08,BBRI.JK,0.0,8.0,0.222222222222222,0.018156911101361695,0.10476190476190476,-1.0,0
2024-04-09,BBRI.JK,0.0,7.0,0.3333333333333331,0.013617683326021271,-0.038095238095238085,0.0,0
2024-04-10,BBRI.JK,0.0,5.0,0.0,0.010213262494515953,0.10476190476190476,0.0,0
2024-04-11,BBRI.JK,0.0,2.0,0.0,0.007659946870886965,-0.038095238095238085,0.0,0
2024-04-12,BBRI.JK,0.0,0.0,0.0,0.005744960153165224,-0.038095238095238085,0.0,0
2024-04-15,BBRI.JK,0.0,1.0,0.0,0.004308720114873918,-0.09523809523809523,0.0,0
2024-04-16,BBRI.JK,0.0,5.0,0.0,0.0032315400861554384,-0.14285714285714285,0.0,0
2024-04-17,BBRI.JK,0.0,6.0,0.0,0.002423655064616579,0.0,0.0,0
2024-04-18,BBRI.JK,-0.2,10.0,-0.06666666666666689,-0.04818225870153757,-0.2,-0.2,-1
2024-04-19,BBRI.JK,0.0,7.0,-0.06666666666666689,-0.036136694026153174,0.028571428571428574,0.2,0
2024-04-22,BBRI.JK,0.0,10.0,-0.06666666666666689,-0.02710252051961488,0.028571428571428574,0.0,0
2024-04-23,BBRI.JK,-1.0,7.0,-0.33333333333333354,-0.27032689038971114,-0.9714285714285714,-1.0,-1
2024-04-24,BBRI.JK,-1.0,7.0,-0.666666666666667,-0.45274516779228335,-0.8285714285714285,0.0,-1
2024-04-25,BBRI.JK,-0.25,11.0,-0.7500000000000003,-0.4020588758442125,0.06428571428571433,0.75,-1
2024-04-26,BBRI.JK,0.0,11.0,-0.4166666666666669,-0.3015441568831594,0.35000000000000003,0.25,0
2024-04-29,BBRI.JK,0.0,12.0,-0.08333333333333355,-0.22615811766236954,0.35000000000000003,0.0,0
2024-04-30,BBRI.JK,0.0,8.0,0.0,-0.16961858824677717,0.32142857142857145,0.0,0
2024-05-01,BBRI.JK,0.0,8.0,0.0,-0.1272139411850829,0.32142857142857145,0.0,0
2024-05-02,BBRI.JK,1.0,7.0,0.3333333333333331,0.15458954411118783,1.3214285714285714,1.0,1
2024-05-03,BBRI.JK,0.0,6.0,0.3333333333333331,0.11594215808339087,0.03571428571428571,-1.0,0
2024-05-06,BBRI.JK,0.0,13.0,0.3333333333333331,0.08695661856254315,-0.10714285714285714,0.0,0
2024-05-07,BBRI.JK,1.0,16.0,0.3333333333333331,0.31521746392190736,0.8571428571428572,1.0,1
2024-05-08,BBRI.JK,0.5,17.0,0.4999999999999998,0.3614130979414305,0.2142857142857143,-0.5,1
2024-05-09,BBRI.JK,-0.5,10.0,0.3333333333333331,0.14605982345607288,-0.8571428571428572,-1.0,-1
2024-05-10,BBRI.JK,0.0,7.0,-2.220446049250313e-16,0.10954486759205466,-0.2857142857142857,0.5,0
2024-05-13,BBRI.JK,0.5,7.0,-2.220446049250313e-16,0.207158650694041,0.2142857142857143,0.5,1
2024-05-14,BBRI.JK,0.0,7.0,0.16666666666666644,0.15536898802053073,-0.21428571428571427,-0.5,0
2024-05-15,BBRI.JK,0.0,6.0,0.16666666666666644,0.11652674101539805,-0.21428571428571427,0.0,0
2024-05-16,BBRI.JK,0.0,2.0,0.0,0.08739505576154853,-0.21428571428571427,0.0,0
2024-05-17,BBRI.JK,0.0,1.0,0.0,0.0655462918211614,-0.07142857142857142,0.0,0
2024-05-20,BBRI.JK,0.0,7.0,0.0,0.04915971886587105,0.0,0.0,0
2024-05-21,BBRI.JK,0.0,8.0,0.0,0.03686978914940328,-0.07142857142857142,0.0,0
2024-05-22,BBRI.JK,1.0,8.0,0.3333333333333331,0.27765234186205245,0.9285714285714286,1.0,1
2024-05-23,BBRI.JK,0.0,3.0,0.3333333333333331,0.20823925639653934,-0.14285714285714285,-1.0,0
2024-05-24,BBRI.JK,0.0,3.0,0.3333333333333331,0.1561794422974045,-0.14285714285714285,0.0,0
2024-05-27,BBRI.JK,-0.5,4.0,-0.16666666666666688,-0.007865418276946631,-0.6428571428571428,-0.5,-1
2024-05-28,BBRI.JK,0.3333333333333333,6.0,-0.05555555555555578,0.07743426962562336,0.26190476190476186,0.8333333333333333,1
2024-05-29,BBRI.JK,0.0,7.0,-0.05555555555555578,0.05807570221921752,-0.11904761904761904,-0.3333333333333333,0
2024-05-30,BBRI.JK,-1.0,8.0,-0.22222222222222246,-0.20644322333558685,-1.119047619047619,-1.0,-1
2024-05-31,BBRI.JK,-1.0,7.0,-0.666666666666667,-0.40483241750169013,-0.9761904761904762,0.0,-1
2024-06-03,BBRI.JK,-0.3333333333333333,8.0,-0.777777777777778,-0.3869576464596009,-0.023809523809523725,0.6666666666666667,-1
2024-06-04,BBRI.JK,0.0,5.0,-0.44444444444444464,-0.29021823484470066,0.35714285714285715,0.3333333333333333,0
2024-06-05,BBRI.JK,-0.3333333333333333,6.0,-0.22222222222222243,-0.3009970094668588,0.023809523809523836,-0.3333333333333333,-1
2024-06-06,BBRI.JK,0.0,3.0,-0.11111111111111133,-0.2257477571001441,0.33333333333333337,0.3333333333333333,0
2024-06-07,BBRI.JK,1.0,4.0,0.22222222222222202,0.0806891821748919,1.380952380952381,1.0,1
2024-06-10,BBRI.JK,-0.5,5.0,0.16666666666666644,-0.06448311336883107,-0.26190476190476186,-1.5,-1
2024-06-11,BBRI.JK,0.0,5.0,0.16666666666666646,-0.04836233502662331,0.16666666666666669,0.5,0
2024-06-12,BBRI.JK,1.0,6.0,0.16666666666666644,0.21372824873003252,1.0238095238095237,1.0,1
2024-06-13,BBRI.JK,0.5,6.0,0.4999999999999998,0.2852961865475244,0.33333333333333337,-0.5,1
2024-06-14,BBRI.JK,-1.0,8.0,0.16666666666666644,-0.036027860089356684,-1.2380952380952381,-1.5,-1
2024-06-17,BBRI.JK,0.0,8.0,-0.16666666666666688,-0.027020895067017513,-0.14285714285714282,1.0,0
2024-06-18,BBRI.JK,-1.0,5.0,-0.666666666666667,-0.27026567130026313,-1.1428571428571428,-1.0,-1
2024-06-19,BBRI.JK,1.0,4.0,-2.220446049250313e-16,0.04730074652480265,1.1428571428571428,2.0,1
2024-06-20,BBRI.JK,0.0,2.0,-2.220446049250313e-16,0.03547555989360199,-0.0714285714285714,-1.0,0
2024-06-21,BBRI.JK,0.0,3.0,0.3333333333333331,0.02660666992020149,-0.0714285714285714,0.0,0
2024-06-24,BBRI.JK,-0.5,6.0,-0.16666666666666688,-0.10504499755984889,-0.42857142857142855,-0.5,-1
2024-06-25,BBRI.JK,-1.0,7.0,-0.5000000000000002,-0.32878374816988665,-0.7857142857142857,-0.5,-1
2024-06-26,BBRI.JK,0.0,6.0,-0.5000000000000002,-0.24658781112741499,0.21428571428571433,1.0,0
2024-06-27,BBRI.JK,-1.0,4.0,-0.666666666666667,-0.43494085834556123,-0.7857142857142857,-1.0,-1
2024-06-28,BBRI.JK,-0.5,5.0,-0.5000000000000002,-0.45120564375917094,-0.2857142857142857,0.5,-1
2024-07-01,BBRI.JK,0.0,6.0,-0.5000000000000002,-0.3384042328193782,0.42857142857142855,0.5,0
2024-07-02,BBRI.JK,0.0,6.0,-0.16666666666666688,-0.25380317461453367,0.42857142857142855,0.0,0
2024-07-03,BBRI.JK,0.0,5.0,0.0,-0.19035238096090024,0.42857142857142855,0.0,0
2024-07-04,BBRI.JK,0.5,7.0,0.16666666666666644,-0.017764285720675177,0.8571428571428572,0.5,1
2024-07-05,BBRI.JK,0.0,5.0,0.16666666666666644,-0.013323214290506383,0.14285714285714288,-0.5,0
2024-07-08,BBRI.JK,-0.5,6.0,-2.220446049250313e-16,-0.1349924107178798,-0.3571428571428571,-0.5,-1
2024-07-09,BBRI.JK,-0.5,4.0,-0.33333333333333354,-0.22624430803840984,-0.42857142857142855,0.0,-1
2024-07-10,BBRI.JK,0.0,4.0,-0.33333333333333354,-0.1696832310288074,0.07142857142857147,0.5,0
2024-07-11,BBRI.JK,0.0,2.0,-0.16666666666666688,-0.12726242327160553,0.07142857142857147,0.0,0
2024-07-12,BBRI.JK,0.0,0.0,0.0,-0.09544681745370415,0.07142857142857147,0.0,0
2024-07-15,BBRI.JK,-0.5,2.0,-0.16666666666666688,-0.1965851130902781,-0.42857142857142855,-0.5,-1
2024-07-16,BBRI.JK,0.0,2.0,-0.16666666666666688,-0.1474388348177086,0.21428571428571433,0.5,0
2024-07-17,BBRI.JK,1.0,4.0,0.16666666666666644,0.13942087388671856,1.2142857142857144,1.0,1
2024-07-18,BBRI.JK,-1.0,3.0,-2.220446049250313e-16,-0.14543434458496107,-1.0,-2.0,-1
2024-07-19,BBRI.JK,0.0,6.0,-2.220446049250313e-16,-0.1090757584387208,0.07142857142857147,1.0,0
2024-07-22,BBRI.JK,-1.0,5.0,-0.666666666666667,-0.3318068188290406,-0.9285714285714285,-1.0,-1
2024-07-23,BBRI.JK,0.0,5.0,-0.33333333333333354,-0.24885511412178046,0.21428571428571433,1.0,0
2024-07-24,BBRI.JK,-1.0,3.0,-0.666666666666667,-0.43664133559133533,-0.7857142857142857,-1.0,-1
2024-07-25,BBRI.JK,-0.25,6.0,-0.4166666666666669,-0.3899810016935015,0.0357142857142857,0.75,-1
2024-07-26,BBRI.JK,0.0,7.0,-0.4166666666666669,-0.2924857512701261,0.32142857142857145,0.25,0
2024-07-29,BBRI.JK,0.5,8.0,0.0833333333333331,-0.09436431345259458,0.9642857142857143,0.5,1
2024-07-30,BBRI.JK,0.0,6.0,0.16666666666666644,-0.07077323508944594,0.25000000000000006,-0.5,0
2024-07-31,BBRI.JK,0.0,4.0,0.16666666666666644,-0.053079926317084455,0.25000000000000006,0.0,0
2024-08-01,BBRI.JK,-1.0,3.0,-0.33333333333333354,-0.28980994473781335,-0.8928571428571428,-1.0,-1
2024-08-02,BBRI.JK,0.0,1.0,-0.33333333333333354,-0.21735745855336003,0.25000000000000006,1.0,0
2024-08-05,BBRI.JK,-0.16666666666666666,13.0,-0.3888888888888891,-0.2046847605816867,-0.05952380952380948,-0.16666666666666666,-1
2024-08-06,BBRI.JK,1.0,13.0,0.2777777777777775,0.09648642956373499,1.0952380952380953,1.1666666666666667,1
2024-08-07,BBRI.JK,0.3333333333333333,16.0,0.3888888888888886,0.15569815550613458,0.2857142857142857,-0.6666666666666667,1
2024-08-08,BBRI.JK,0.0,4.0,0.4444444444444442,0.11677361662960094,-0.02380952380952378,-0.3333333333333333,0
2024-08-09,BBRI.JK,0.0,3.0,0.11111111111111088,0.0875802124722007,-0.02380952380952378,0.0,0
2024-08-12,BBRI.JK,0.0,0.0,0.0,0.06568515935415052,-0.02380952380952378,0.0,0
2024-08-13,BBRI.JK,0.0,1.0,0.0,0.04926386951561289,-0.16666666666666666,0.0,0
2024-08-14,BBRI.JK,0.0,1.0,0.0,0.03694790213670966,-0.16666666666666666,0.0,0
2024-08-15,BBRI.JK,-1.0,2.0,-0.33333333333333354,-0.22228907339746776,-1.1904761904761905,-1.0,-1
2024-08-16,BBRI.JK,0.0,1.0,-0.33333333333333354,-0.16671680504810082,0.09523809523809525,1.0,0
2024-08-19,BBRI.JK,1.0,3.0,-2.220446049250313e-16,0.12496239621392438,1.1428571428571428,1.0,1
2024-08-20,BBRI.JK,0.0,2.0,0.3333333333333331,0.0937217971604433,0.0,-1.0,0
2024-08-21,BBRI.JK,1.0,4.0,0.6666666666666664,0.3202913478703325,1.0,1.0,1
2024-08-22,BBRI.JK,-0.5,4.0,0.16666666666666644,0.11521851090274937,-0.6428571428571428,-1.5,-1
2024-08-23,BBRI.JK,0.0,4.0,0.16666666666666644,0.08641388317706203,-0.07142857142857142,0.5,0
2024-08-26,BBRI.JK,0.3333333333333333,5.0,-0.05555555555555578,0.14814374571612987,0.26190476190476186,0.3333333333333333,1
2024-08-27,BBRI.JK,0.0,4.0,0.11111111111111088,0.1111078092870974,-0.2619047619047619,-0.3333333333333333,0
2024-08-28,BBRI.JK,0.0,5.0,0.11111111111111088,0.08333085696532305,-0.2619047619047619,0.0,0
2024-08-29,BBRI.JK,0.0,3.0,0.0,0.06249814272399229,-0.11904761904761904,0.0,0
2024-08-30,BBRI.JK,-0.5,4.0,-0.16666666666666688,-0.07812639295700578,-0.6190476190476191,-0.5,-1
2024-09-02,BBRI.JK,0.0,7.0,-0.16666666666666688,-0.058594794717754334,0.09523809523809525,0.5,0
2024-09-03,BBRI.JK,-0.5,8.0,-0.33333333333333354,-0.16894609603831576,-0.47619047619047616,-0.5,-1
2024-09-04,BBRI.JK,0.0,6.0,-0.16666666666666688,-0.1267095720287368,0.09523809523809525,0.5,0
2024-09-05,BBRI.JK,0.0,2.0,-0.16666666666666688,-0.09503217902155262,0.14285714285714285,0.0,0
2024-09-06,BBRI.JK,0.0,3.0,0.0,-0.07127413426616447,0.14285714285714285,0.0,0
2024-09-09,BBRI.JK,0.3333333333333333,6.0,0.11111111111111088,0.029877732633709977,0.47619047619047616,0.3333333333333333,1
2024-09-10,BBRI.JK,0.0,9.0,0.11111111111111088,0.022408299475282483,0.09523809523809525,-0.3333333333333333,0
2024-09-11,BBRI.JK,0.5,8.0,0.2777777777777775,0.14180622460646186,0.5238095238095238,0.5,1
2024-09-12,BBRI.JK,-0.5,7.0,-2.220446049250313e-16,-0.018645331545153604,-0.5476190476190476,-1.0,-1
2024-09-13,BBRI.JK,0.5,6.0,0.16666666666666644,0.11101600134113479,0.4523809523809524,1.0,1
2024-09-16,BBRI.JK,-0.5,8.0,-0.16666666666666688,-0.0417379989941489,-0.6190476190476191,-1.0,-1
2024-09-17,BBRI.JK,0.0,6.0,-2.220446049250313e-16,-0.031303499245611675,-0.04761904761904761,0.5,0
2024-09-18,BBRI.JK,0.0,4.0,-0.16666666666666688,-0.023477624434208755,-0.04761904761904761,0.0,0
2024-09-19,BBRI.JK,0.0,2.0,0.0,-0.017608218325656566,7.93016446160826e-18,0.0,0
2024-09-20,BBRI.JK,0.0,2.0,0.0,-0.013206163744242425,7.93016446160826e-18,0.0,0
2024-09-23,BBRI.JK,-1.0,4.0,-0.33333333333333354,-0.25990462280818183,-0.9285714285714286,-1.0,-1
2024-09-24,BBRI.JK,-1.0,4.0,-0.666666666666667,-0.44492846710613637,-0.8571428571428572,0.0,-1
2024-09-25,BBRI.JK,-1.0,6.0,-1.0,-0.5836963503296022,-0.6428571428571428,0.0,-1
2024-09-26,BBRI.JK,0.14285714285714285,11.0,-0.6190476190476193,-0.40205797703291596,0.5714285714285714,1.1428571428571428,1
2024-09-27,BBRI.JK,0.0,11.0,-0.285714285714286,-0.30154348277468696,0.40816326530612246,-0.14285714285714285,0
2024-09-30,BBRI.JK,-0.75,13.0,-0.20238095238095263,-0.4136576120810152,-0.34183673469387754,-0.75,-1
2024-10-01,BBRI.JK,0.0,7.0,-0.2500000000000002,-0.3102432090607614,0.5153061224489796,0.75,0
2024-10-02,BBRI.JK,0.0,6.0,-0.2500000000000002,-0.23268240679557106,0.5153061224489796,0.0,0
2024-10-03,BBRI.JK,0.0,5.0,0.0,-0.1745118050966783,0.37244897959183676,0.0,0
2024-10-04,BBRI.JK,0.0,5.0,0.0,-0.13088385382250872,0.22959183673469388,0.0,0
2024-10-07,BBRI.JK,-0.3333333333333333,7.0,-0.11111111111111133,-0.18149622370021487,-0.24659863945578228,-0.3333333333333333,-1
2024-10-08,BBRI.JK,0.5,6.0,0.05555555555555534,-0.011122167775161146,0.6547619047619048,0.8333333333333333,1
2024-10-09,BBRI.JK,0.0,5.0,0.05555555555555534,-0.00834162583137086,0.08333333333333333,-0.5,0
2024-10-10,BBRI.JK,-0.6666666666666666,5.0,-0.05555555555555577,-0.1729228860401948,-0.6904761904761905,-0.6666666666666666,-1
2024-10-11,BBRI.JK,0.0,4.0,-0.22222222222222243,-0.1296921645301461,0.07142857142857142,0.6666666666666666,0
2024-10-14,BBRI.JK,-0.16666666666666666,10.0,-0.27777777777777796,-0.13893579006427623,-0.09523809523809523,-0.16666666666666666,-1
2024-10-15,BBRI.JK,0.0,9.0,-0.055555555555555775,-0.10420184254820716,0.09523809523809523,0.16666666666666666,0
2024-10-16,BBRI.JK,1.0,9.0,0.27777777777777757,0.17184861808884463,1.0952380952380953,1.0,1
2024-10-17,BBRI.JK,0.0,3.0,0.3333333333333331,0.12888646356663347,-0.09523809523809525,-1.0,0
2024-10-18,BBRI.JK,-1.0,2.0,-2.220446049250313e-16,-0.1533351523250249,-1.0238095238095237,-1.0,-1
2024-10-21,BBRI.JK,-0.3333333333333333,4.0,-0.44444444444444464,-0.19833469757710198,-0.21428571428571427,0.6666666666666667,-1
2024-10-22,BBRI.JK,1.0,5.0,-0.11111111111111131,0.10124897681717351,1.0714285714285714,1.3333333333333333,1
2024-10-23,BBRI.JK,1.0,5.0,0.5555555555555554,0.32593673261288014,0.9285714285714286,0.0,1
2024-10-24,BBRI.JK,-1.0,4.0,0.3333333333333331,-0.005547450540339893,-1.2380952380952381,-2.0,-1
2024-10-25,BBRI.JK,0.0,5.0,-2.220446049250313e-16,-0.00416058790525492,-0.09523809523809523,1.0,0
2024-10-28,BBRI.JK,1.0,7.0,-2.220446049250313e-16,0.2468795590710588,1.0476190476190477,1.0,1
2024-10-29,BBRI.JK,-0.5,7.0,0.16666666666666644,0.06015966930329408,-0.5952380952380952,-1.5,-1
2024-10-30,BBRI.JK,0.0,5.0,0.16666666666666644,0.04511975197747056,-0.16666666666666666,0.5,0
2024-10-31,BBRI.JK,-0.6666666666666666,8.0,-0.3888888888888891,-0.13282685268356373,-0.8809523809523809,-0.6666666666666666,-1
2024-11-01,BBRI.JK,1.0,9.0,0.11111111111111087,0.1503798604873272,1.0238095238095237,1.6666666666666665,1
2024-11-04,BBRI.JK,0.0,14.0,0.11111111111111087,0.11278489536549541,0.023809523809523787,-1.0,0
2024-11-05,BBRI.JK,0.0,8.0,0.3333333333333331,0.08458867152412156,-0.11904761904761905,0.0,0
2024-11-06,BBRI.JK,0.3333333333333333,8.0,0.11111111111111084,0.14677483697642452,0.21428571428571425,0.3333333333333333,1
2024-11-07,BBRI.JK,-0.5,5.0,-0.05555555555555582,-0.014918872267681613,-0.5238095238095238,-0.8333333333333333,-1
2024-11-08,BBRI.JK,-1.0,6.0,-0.3888888888888891,-0.2611891542007612,-1.0238095238095237,-0.5,-1
2024-11-11,BBRI.JK,0.6666666666666666,6.0,-0.277777777777778,-0.02922519898390427,0.7857142857142857,1.6666666666666665,1
2024-11-12,BBRI.JK,0.0,5.0,-0.11111111111111137,-0.021918899237928204,-0.07142857142857142,-0.6666666666666666,0
2024-11-13,BBRI.JK,-1.0,6.0,-0.11111111111111138,-0.26643917442844617,-0.9285714285714286,-1.0,-1
2024-11-14,BBRI.JK,-1.0,4.0,-0.666666666666667,-0.4498293808213346,-0.7857142857142857,0.0,-1
2024-11-15,BBRI.JK,-1.0,5.0,-1.0,-0.5873720356160009,-0.6428571428571428,0.0,-1
2024-11-18,BBRI.JK,-1.0,5.0,-1.0,-0.6905290267120007,-0.45238095238095233,0.0,-1
2024-11-19,BBRI.JK,-0.5,6.0,-0.8333333333333336,-0.6428967700340005,0.11904761904761896,0.5,-1
2024-11-20,BBRI.JK,1.0,6.0,-0.16666666666666696,-0.23217257752550036,1.5476190476190474,1.5,1
2024-11-21,BBRI.JK,-1.0,5.0,-0.16666666666666696,-0.42412943314412527,-0.5,-2.0,-1
2024-11-22,BBRI.JK,1.0,4.0,0.33333333333333304,-0.06809707485809396,1.6428571428571428,2.0,1
2024-11-25,BBRI.JK,-1.0,3.0,-0.33333333333333365,-0.30107280614357046,-0.6428571428571428,-2.0,-1
2024-11-26,BBRI.JK,0.3333333333333333,5.0,0.11111111111111081,-0.1424712712743445,0.6904761904761905,1.3333333333333333,1
2024-11-27,BBRI.JK,0.0,5.0,-0.22222222222222254,-0.10685345345575838,0.16666666666666669,-0.3333333333333333,0
2024-11-28,BBRI.JK,0.0,4.0,0.11111111111111079,-0.08014009009181879,0.02380952380952381,0.0,0
2024-11-29,BBRI.JK,0.0,1.0,0.0,-0.06010506756886409,-0.047619047619047616,0.0,0
2024-12-02,BBRI.JK,0.0,1.0,0.0,-0.04507880067664807,0.09523809523809525,0.0,0
2024-12-03,BBRI.JK,0.0,3.0,0.0,-0.033809100507486055,-0.04761904761904761,0.0,0
2024-12-04,BBRI.JK,1.0,4.0,0.33333333333333304,0.22464317461938546,1.0952380952380953,1.0,1
2024-12-05,BBRI.JK,0.0,5.0,0.33333333333333304,0.1684823809645391,-0.19047619047619047,-1.0,0
2024-12-06,BBRI.JK,0.0,4.0,0.33333333333333304,0.12636178572340434,-0.14285714285714285,0.0,0
2024-12-09,BBRI.JK,0.0,5.0,0.0,0.09477133929255326,-0.14285714285714285,0.0,0
2024-12-10,BBRI.JK,-0.25,7.0,-0.08333333333333363,0.008578504469414938,-0.39285714285714285,-0.25,-1
2024-12-11,BBRI.JK,-0.5,8.0,-0.2500000000000003,-0.1185661216479388,-0.6071428571428571,-0.25,-1
2024-12-12,BBRI.JK,-0.6666666666666666,9.0,-0.4722222222222225,-0.25559125790262077,-0.7023809523809523,-0.16666666666666663,-1
2024-12-13,BBRI.JK,0.6666666666666666,8.0,-0.16666666666666696,-0.025026776760298935,0.7261904761904762,1.3333333333333333,1
2024-12-16,BBRI.JK,0.2857142857142857,20.0,0.09523809523809494,0.05265848885834722,0.39285714285714285,-0.38095238095238093,1
2024-12-17,BBRI.JK,-1.0,18.0,-0.015873015873016188,-0.21050613335623958,-0.9336734693877551,-1.2857142857142856,-1
2024-12-18,BBRI.JK,0.0,16.0,-0.2380952380952384,-0.15787960001717968,0.20918367346938777,1.0,0
2024-12-19,BBRI.JK,0.0,3.0,-0.33333333333333365,-0.11840970001288476,0.20918367346938777,0.0,0
2024-12-20,BBRI.JK,0.0,2.0,0.0,-0.08880727500966357,0.17346938775510207,0.0,0
2024-12-23,BBRI.JK,0.5,3.0,0.16666666666666638,0.058394543742752325,0.6020408163265306,0.5,1
2024-12-24,BBRI.JK,-0.3333333333333333,5.0,0.05555555555555527,-0.039537425526269085,-0.39795918367346933,-0.8333333333333333,-1
2024-12-25,BBRI.JK,0.0,6.0,0.05555555555555527,-0.029653069144701814,0.0782312925170068,0.3333333333333333,0
2024-12-26,BBRI.JK,0.3333333333333333,7.0,-2.9605947323337506e-16,0.061093531474806964,0.4523809523809524,0.3333333333333333,1
2024-12-27,BBRI.JK,-1.0,5.0,-0.22222222222222254,-0.20417985139389477,-1.0714285714285714,-1.3333333333333333,-1
2024-12-30,BBRI.JK,-0.5,6.0,-0.38888888888888923,-0.27813488854542107,-0.42857142857142855,0.5,-1
2024-12-31,BBRI.JK,0.25,7.0,-0.41666666666666696,-0.14610116640906579,0.39285714285714285,0.75,1
2025-01-01,BBRI.JK,0.0,8.0,-0.08333333333333363,-0.10957587480679934,0.10714285714285716,-0.25,0
2025-01-02,BBRI.JK,0.0,7.0,0.08333333333333304,-0.08218190610509951,0.17857142857142858,0.0,0
2025-01-03,BBRI.JK,0.0,4.0,0.0,-0.061636429578824634,0.13095238095238096,0.0,0
2025-01-06,BBRI.JK,-0.5,4.0,-0.16666666666666696,-0.17122732218411846,-0.36904761904761907,-0.5,-1
2025-01-07,BBRI.JK,0.0,3.0,-0.16666666666666696,-0.12842049163808883,0.25,0.5,0
2025-01-08,BBRI.JK,-1.0,4.0,-0.5000000000000003,-0.3463153687285666,-0.8928571428571428,-1.0,-1
2025-01-09,BBRI.JK,0.0,3.0,-0.33333333333333365,-0.259736526546425,0.17857142857142858,1.0,0
2025-01-10,BBRI.JK,1.0,4.0,-2.9605947323337506e-16,0.05519760509018126,1.2142857142857142,1.0,1
2025-01-13,BBRI.JK,0.16666666666666666,8.0,0.3888888888888886,0.08306487048430261,0.23809523809523808,-0.8333333333333334,1
2025-01-14,BBRI.JK,0.0,9.0,0.3888888888888886,0.06229865286322696,0.04761904761904764,-0.16666666666666666,0
2025-01-15,BBRI.JK,0.3333333333333333,14.0,0.16666666666666638,0.13005732298075356,0.38095238095238093,0.3333333333333333,1
2025-01-16,BBRI.JK,0.0,10.0,0.11111111111111083,0.09754299223556517,-0.07142857142857141,-0.3333333333333333,0
2025-01-17,BBRI.JK,0.0,8.0,0.11111111111111083,0.07315724417667388,-0.07142857142857141,0.0,0
2025-01-20,BBRI.JK,-0.25,6.0,-0.08333333333333363,-0.00763206686749459,-0.4642857142857143,-0.25,-1
2025-01-21,BBRI.JK,0.5,6.0,0.08333333333333304,0.11927594984937906,0.3214285714285714,0.75,1
2025-01-22,BBRI.JK,0.25,10.0,0.16666666666666638,0.1519569623870343,0.14285714285714285,-0.25,1
2025-01-23,BBRI.JK,0.0,6.0,0.2499999999999997,0.11396772179027573,-0.11904761904761905,-0.25,0
2025-01-24,BBRI.JK,0.0,4.0,0.08333333333333304,0.0854757913427068,-0.11904761904761905,0.0,0
2025-01-27,BBRI.JK,0.0,3.0,0.0,0.06410684350703011,-0.07142857142857142,0.0,0
2025-01-28,BBRI.JK,0.0,4.0,0.0,0.04808013263027258,-0.07142857142857142,0.0,0
2025-01-29,BBRI.JK,0.0,4.0,0.0,0.036060099472704436,-0.07142857142857142,0.0,0
2025-01-30,BBRI.JK,0.3333333333333333,4.0,0.11111111111111081,0.11037840793786166,0.22619047619047616,0.3333333333333333,1
2025-01-31,BBRI.JK,-1.0,4.0,-0.22222222222222254,-0.16721619404660376,-1.0833333333333333,-1.3333333333333333,-1
2025-02-03,BBRI.JK,0.0,9.0,-0.22222222222222254,-0.12541214553495283,0.09523809523809525,1.0,0
2025-02-04,BBRI.JK,0.0,6.0,-0.33333333333333365,-0.09405910915121463,0.09523809523809525,0.0,0
2025-02-05,BBRI.JK,0.0,6.0,0.0,-0.07054433186341097,0.09523809523809525,0.0,0
2025-02-06,BBRI.JK,0.0,3.0,0.0,-0.05290824889755823,0.09523809523809525,0.0,0
2025-02-07,BBRI.JK,0.0,3.0,0.0,-0.03968118667316867,0.09523809523809525,0.0,0
2025-02-10,BBRI.JK,-0.5,4.0,-0.16666666666666696,-0.1547608900048765,-0.40476190476190477,-0.5,-1
2025-02-11,BBRI.JK,-1.0,4.0,-0.5000000000000003,-0.36607066750365735,-0.7857142857142857,-0.5,-1
2025-02-12,BBRI.JK,0.2,9.0,-0.4333333333333336,-0.22455300062774303,0.41428571428571426,1.2,1
2025-02-13,BBRI.JK,-0.3333333333333333,10.0,-0.37777777777777805,-0.2517480838041406,-0.1476190476190476,-0.5333333333333333,-1
2025-02-14,BBRI.JK,1.0,9.0,0.2888888888888886,0.06118893714689455,1.2333333333333334,1.3333333333333333,1
2025-02-17,BBRI.JK,-0.5,8.0,0.05555555555555528,-0.07910829713982909,-0.4095238095238095,-1.5,-1
2025-02-18,BBRI.JK,-1.0,9.0,-0.16666666666666696,-0.3093312228548718,-0.8380952380952381,-0.5,-1
2025-02-19,BBRI.JK,0.0,8.0,-0.5000000000000003,-0.23199841714115385,0.30476190476190473,1.0,0
2025-02-20,BBRI.JK,-0.3333333333333333,7.0,-0.4444444444444447,-0.2573321461891987,-0.09999999999999998,-0.3333333333333333,-1
2025-02-21,BBRI.JK,-0.6666666666666666,6.0,-0.33333333333333365,-0.35966577630856567,-0.5285714285714286,-0.3333333333333333,-1
2025-02-24,BBRI.JK,0.0,7.0,-0.33333333333333365,-0.2697493322314243,0.2619047619047619,0.6666666666666666,0
2025-02-25,BBRI.JK,0.0,4.0,-0.22222222222222254,-0.2023119991735682,0.21428571428571427,0.0,0
2025-02-26,BBRI.JK,-1.0,2.0,-0.33333333333333365,-0.4017339993801762,-0.6428571428571428,-1.0,-1
2025-02-27,BBRI.JK,-1.0,3.0,-0.666666666666667,-0.5513004995351322,-0.5714285714285714,0.0,-1
2025-02-28,BBRI.JK,-0.5,15.0,-0.8333333333333336,-0.5384753746513491,-0.07142857142857145,0.5,-1
2025-03-03,BBRI.JK,0.8461538461538461,27.0,-0.21794871794871826,-0.19231806945005028,1.3461538461538463,1.3461538461538463,1
2025-03-04,BBRI.JK,0.0,27.0,0.11538461538461509,-0.14423855208753772,0.3315018315018315,-0.8461538461538461,0
2025-03-05,BBRI.JK,-1.0,16.0,-0.05128205128205158,-0.3581789140656533,-0.7637362637362637,-1.0,-1
2025-03-06,BBRI.JK,0.0,6.0,-0.33333333333333365,-0.26863418554923996,0.3791208791208791,1.0,0
2025-03-07,BBRI.JK,-0.5,8.0,-0.5000000000000003,-0.32647563916192995,-0.1208791208791209,-0.5,-1
2025-03-10,BBRI.JK,0.0,11.0,-0.16666666666666696,-0.24485672937144748,0.30769230769230765,0.5,0
2025-03-11,BBRI.JK,0.0,12.0,-0.16666666666666696,-0.18364254702858562,0.16483516483516483,0.0,0
2025-03-12,BBRI.JK,0.0,8.0,0.0,-0.13773191027143922,0.0934065934065934,0.0,0
2025-03-13,BBRI.JK,-0.6666666666666666,7.0,-0.22222222222222252,-0.26996559937024606,-0.45238095238095233,-0.6666666666666666,-1
2025-03-14,BBRI.JK,-1.0,4.0,-0.5555555555555558,-0.45247419952768453,-0.6904761904761905,-0.33333333333333337,-1
2025-03-17,BBRI.JK,-1.0,7.0,-0.8888888888888892,-0.5893556496457634,-0.6904761904761905,0.0,-1
2025-03-18,BBRI.JK,1.0,5.0,-0.33333333333333365,-0.19201673723432255,1.4523809523809523,2.0,1
2025-03-19,BBRI.JK,0.0,5.0,-2.9605947323337506e-16,-0.14401255292574192,0.23809523809523808,-1.0,0
2025-03-20,BBRI.JK,-1.0,3.0,-2.9605947323337506e-16,-0.35800941469430647,-0.7619047619047619,-1.0,-1
2025-03-21,BBRI.JK,0.0,3.0,-0.33333333333333365,-0.26850706102072985,0.38095238095238093,1.0,0
2025-03-24,BBRI.JK,0.35714285714285715,30.0,-0.21428571428571455,-0.1120945814798331,0.7380952380952381,0.35714285714285715,1
2025-03-25,BBRI.JK,0.16666666666666666,41.0,0.17460317460317432,-0.042404269443208166,0.4013605442176871,-0.1904761904761905,1
2025-03-26,BBRI.JK,-1.0,48.0,-0.15873015873015903,-0.2818032020824061,-0.9319727891156463,-1.1666666666666667,-1
2025-03-27,BBRI.JK,0.0,24.0,-0.27777777777777807,-0.21135240156180457,0.06802721088435373,1.0,0
2025-03-28,BBRI.JK,0.0,12.0,-0.33333333333333365,-0.15851430117135343,0.2108843537414966,0.0,0
2025-03-31,BBRI.JK,-0.4,9.0,-0.13333333333333364,-0.21888572587851507,-0.1891156462585034,-0.4,-1
2025-04-01,BBRI.JK,0.0,7.0,-0.13333333333333364,-0.1641642944088863,0.1251700680272109,0.4,0
2025-04-02,BBRI.JK,-0.4,12.0,-0.266666666666667,-0.22312322080666475,-0.27482993197278915,-0.4,-1
2025-04-03,BBRI.JK,0.0,9.0,-0.13333333333333364,-0.16734241560499857,0.23333333333333334,0.4,0
2025-04-04,BBRI.JK,0.0,7.0,-0.13333333333333364,-0.12550681170374894,0.2571428571428572,0.0,0
2025-04-07,BBRI.JK,-0.25,6.0,-0.08333333333333363,-0.1566301087778117,-0.13571428571428568,-0.25,-1
2025-04-08,BBRI.JK,-1.0,9.0,-0.41666666666666696,-0.36747258158335877,-0.85,-0.75,-1
2025-04-09,BBRI.JK,0.0,16.0,-0.41666666666666696,-0.27560443618751906,0.29285714285714287,1.0,0
2025-04-10,BBRI.JK,-1.0,19.0,-0.666666666666667,-0.4567033271406393,-0.7642857142857142,-1.0,-1
2025-04-11,BBRI.JK,-0.6666666666666666,20.0,-0.5555555555555558,-0.5091941620221462,-0.288095238095238,0.33333333333333337,-1
2025-04-14,BBRI.JK,0.875,21.0,-0.2638888888888892,-0.1631456215166096,1.2916666666666665,1.5416666666666665,1
2025-04-15,BBRI.JK,0.0,15.0,0.06944444444444416,-0.1223592161374572,0.2916666666666667,-0.875,0
2025-04-16,BBRI.JK,0.0,10.0,0.29166666666666635,-0.0917694121030929,0.2916666666666667,0.0,0
2025-04-17,BBRI.JK,0.0,3.0,0.0,-0.06882705907731967,0.255952380952381,0.0,0
2025-04-18,BBRI.JK,0.0,2.0,0.0,-0.051620294307989756,0.11309523809523811,0.0,0
2025-04-21,BBRI.JK,-0.7142857142857143,8.0,-0.2380952380952384,-0.2172866493024209,-0.6011904761904762,-0.7142857142857143,-1
2025-04-22,BBRI.JK,1.0,9.0,0.09523809523809494,0.08703501302318434,1.0722789115646258,1.7142857142857144,1
2025-04-23,BBRI.JK,0.6666666666666666,18.0,0.31746031746031717,0.2319429264340549,0.5008503401360545,-0.33333333333333337,1
2025-04-24,BBRI.JK,0.0,13.0,0.5555555555555552,0.17395719482554117,-0.13605442176870747,-0.6666666666666666,0
2025-04-25,BBRI.JK,1.0,12.0,0.5555555555555552,0.3804678961191559,0.8639455782312926,1.0,1
2025-04-28,BBRI.JK,0.0,10.0,0.33333333333333304,0.2853509220893669,-0.2789115646258503,-1.0,0
2025-04-29,BBRI.JK,0.5,10.0,0.4999999999999997,0.3390131915670252,0.22108843537414968,0.5,1
2025-04-30,BBRI.JK,0.3333333333333333,12.0,0.27777777777777746,0.3375932270086022,-0.0170068027210884,-0.16666666666666669,1
2025-05-01,BBRI.JK,0.0,6.0,0.27777777777777746,0.2531949202564517,-0.5,-0.3333333333333333,0
2025-05-02,BBRI.JK,0.0,8.0,0.11111111111111081,0.18989619019233878,-0.35714285714285715,0.0,0
2025-05-05,BBRI.JK,-0.4,10.0,-0.13333333333333364,0.04242214264425406,-0.661904761904762,-0.4,-1
2025-05-06,BBRI.JK,-1.0,10.0,-0.46666666666666695,-0.21818339301680945,-1.2047619047619047,-0.6,-1
2025-05-07,BBRI.JK,1.0,8.0,-0.13333333333333364,0.08636245523739292,1.0809523809523809,2.0,1
2025-05-08,BBRI.JK,1.0,5.0,0.33333333333333304,0.3147718414280447,0.9380952380952381,0.0,1
2025-05-09,BBRI.JK,0.0,4.0,0.6666666666666664,0.23607888107103353,-0.13333333333333333,-1.0,0
2025-05-12,BBRI.JK,-0.3333333333333333,5.0,0.22222222222222196,0.09372582746994183,-0.41904761904761906,-0.3333333333333333,-1
2025-05-13,BBRI.JK,-0.5,5.0,-0.27777777777777807,-0.05470562939754363,-0.5380952380952381,-0.16666666666666669,-1
2025-05-14,BBRI.JK,0.0,7.0,-0.27777777777777807,-0.04102922204815772,0.033333333333333326,0.5,0
2025-05-15,BBRI.JK,-0.3333333333333333,7.0,-0.27777777777777807,-0.11410524986945161,-0.35714285714285715,-0.3333333333333333,-1
2025-05-16,BBRI.JK,0.5,7.0,0.05555555555555527,0.03942106259791128,0.38095238095238093,0.8333333333333333,1
2025-05-19,BBRI.JK,0.5555555555555556,14.0,0.24074074074074048,0.16845468583732237,0.5079365079365079,0.05555555555555558,1
2025-05-20,BBRI.JK,0.0,11.0,0.3518518518518516,0.12634101437799178,0.015873015873015848,-0.5555555555555556,0
2025-05-21,BBRI.JK,-1.0,11.0,-0.14814814814814845,-0.15524423921650615,-0.9841269841269842,-1.0,-1
2025-05-22,BBRI.JK,0.0,4.0,-0.33333333333333365,-0.11643317941237961,0.11111111111111109,1.0,0
2025-05-23,BBRI.JK,1.0,5.0,-2.9605947323337506e-16,0.16267511544071528,1.0396825396825398,1.0,1
2025-05-26,BBRI.JK,0.4,8.0,0.46666666666666634,0.22200633658053648,0.2968253968253968,-0.6,1
2025-05-27,BBRI.JK,0.5,8.0,0.633333333333333,0.29150475243540236,0.292063492063492,0.09999999999999998,1
2025-05-28,BBRI.JK,-1.0,8.0,-0.033333333333333624,-0.031371435673448245,-1.2079365079365079,-1.5,-1
2025-05-29,BBRI.JK,-0.5,5.0,-0.33333333333333365,-0.14852857675508618,-0.4857142857142857,0.5,-1
2025-05-30,BBRI.JK,1.0,4.0,-0.16666666666666696,0.13860356743368535,1.0857142857142856,1.5,1
2025-06-02,BBRI.JK,-0.3333333333333333,9.0,0.05555555555555527,0.020619342241930683,-0.5333333333333333,-1.3333333333333333,-1
2025-06-03,BBRI.JK,-1.0,11.0,-0.11111111111111138,-0.234535493318552,-1.1523809523809525,-0.6666666666666667,-1
2025-06-04,BBRI.JK,0.0,11.0,-0.4444444444444447,-0.17590161998891402,0.1333333333333333,1.0,0
2025-06-05,BBRI.JK,-1.0,6.0,-0.666666666666667,-0.3819262149916855,-0.8095238095238095,-1.0,-1
2025-06-06,BBRI.JK,0.0,4.0,-0.33333333333333365,-0.2864446612437641,0.4047619047619047,1.0,0
2025-06-09,BBRI.JK,0.0,4.0,-0.33333333333333365,-0.21483349593282308,0.26190476190476186,0.0,0
2025-06-10,BBRI.JK,0.0,3.0,0.0,-0.1611251219496173,0.19047619047619044,0.0,0
2025-06-11,BBRI.JK,0.0,1.0,0.0,-0.12084384146221298,0.3333333333333333,0.0,0
2025-06-12,BBRI.JK,1.0,1.0,0.33333333333333304,0.15936711890334027,1.2857142857142856,1.0,1
2025-06-13,BBRI.JK,-1.0,2.0,-2.9605947323337506e-16,-0.13047466082249481,-1.0,-2.0,-1
2025-06-16,BBRI.JK,0.5,4.0,0.16666666666666638,0.02714400438312889,0.6428571428571428,1.5,1
2025-06-17,BBRI.JK,-0.5,5.0,-0.33333333333333365,-0.10464199671265334,-0.5714285714285715,-1.0,-1
2025-06-18,BBRI.JK,0.25,8.0,0.08333333333333304,-0.015981497534490005,0.24999999999999997,0.75,1
2025-06-19,BBRI.JK,0.0,9.0,-0.08333333333333363,-0.011986123150867504,-0.03571428571428575,-0.25,0
2025-06-20,BBRI.JK,-0.6666666666666666,10.0,-0.13888888888888917,-0.1756562590298173,-0.7023809523809523,-0.6666666666666666,-1
2025-06-23,BBRI.JK,-0.16666666666666666,12.0,-0.27777777777777807,-0.17340886093902963,-0.10714285714285718,0.5,-1
2025-06-24,BBRI.JK,-0.5,11.0,-0.4444444444444447,-0.2550566457042722,-0.27380952380952384,-0.33333333333333337,-1
2025-06-25,BBRI.JK,-1.0,9.0,-0.5555555555555558,-0.44129248427820417,-0.8452380952380953,-0.5,-1
2025-06-26,BBRI.JK,-1.0,6.0,-0.8333333333333336,-0.5809693632086531,-0.6309523809523809,0.0,-1
2025-06-27,BBRI.JK,-1.0,5.0,-1.0,-0.6857270224064899,-0.5595238095238095,0.0,-1
2025-06-30,BBRI.JK,-0.18181818181818182,15.0,-0.7272727272727275,-0.5597498122594128,0.43722943722943713,0.8181818181818181,-1
2025-07-01,BBRI.JK,0.0,12.0,-0.3939393939393942,-0.4198123591945596,0.6450216450216449,0.18181818181818182,0
2025-07-02,BBRI.JK,-0.8333333333333334,17.0,-0.3383838383838387,-0.523192602729253,-0.28354978354978366,-0.8333333333333334,-1
2025-07-03,BBRI.JK,0.5,10.0,-0.11111111111111134,-0.2673944520469398,1.1450216450216448,1.3333333333333335,1
2025-07-04,BBRI.JK,1.0,12.0,0.22222222222222196,0.04945416096479516,1.502164502164502,0.5,1
2025-07-07,BBRI.JK,0.3333333333333333,15.0,0.6111111111111108,0.1204239540569297,0.5497835497835497,-0.6666666666666667,1
2025-07-08,BBRI.JK,0.6,16.0,0.6444444444444443,0.24031796554269727,0.625974025974026,0.26666666666666666,1
2025-07-09,BBRI.JK,-0.5,16.0,0.14444444444444424,0.05523847415702296,-0.7025974025974027,-1.1,-1
2025-07-10,BBRI.JK,0.375,15.0,0.15833333333333313,0.1351788556177672,0.21785714285714283,0.875,1
2025-07-11,BBRI.JK,0.0,12.0,-0.04166666666666687,0.10138414171332541,-0.21071428571428572,-0.375,0
2025-07-14,BBRI.JK,-0.2222222222222222,19.0,0.05092592592592573,0.020482550729438498,-0.551984126984127,-0.2222222222222222,-1
2025-07-15,BBRI.JK,0.6666666666666666,14.0,0.14814814814814795,0.18202857971374553,0.440079365079365,0.8888888888888888,1
2025-07-16,BBRI.JK,-0.3333333333333333,15.0,0.037037037037036834,0.05318810145197582,-0.5123015873015873,-1.0,-1
2025-07-17,BBRI.JK,0.0,10.0,0.1111111111111109,0.03989107608898186,-0.08373015873015875,0.3333333333333333,0
2025-07-18,BBRI.JK,0.0,9.0,-0.11111111111111131,0.029918307066736396,0.0019841269841269693,0.0,0
2025-07-21,BBRI.JK,0.125,14.0,0.04166666666666646,0.05368873030005229,0.05555555555555554,0.125,1
2025-07-22,BBRI.JK,0.0,12.0,0.04166666666666646,0.04026654772503922,-0.03373015873015874,-0.125,0
2025-07-23,BBRI.JK,0.0,16.0,0.04166666666666646,0.030199910793779417,-0.03373015873015874,0.0,0
2025-07-24,BBRI.JK,-0.5,10.0,-0.16666666666666688,-0.10235006690466544,-0.5654761904761905,-0.5,-1
2025-07-25,BBRI.JK,-0.6,13.0,-0.36666666666666686,-0.22676255017849908,-0.4988095238095238,-0.09999999999999998,-1
2025-07-28,BBRI.JK,0.0,11.0,-0.36666666666666686,-0.1700719126338743,0.13928571428571426,0.6,0
2025-07-29,BBRI.JK,-1.0,10.0,-0.5333333333333335,-0.37755393447540575,-0.8607142857142858,-1.0,-1
2025-07-30,BBRI.JK,0.0,8.0,-0.3333333333333335,-0.2831654508565543,0.28214285714285714,1.0,0
2025-07-31,BBRI.JK,-0.2,9.0,-0.40000000000000013,-0.26237408814241575,0.09999999999999998,-0.2,-1
2025-08-01,BBRI.JK,0.0,10.0,-0.06666666666666686,-0.19678056610681183,0.3285714285714286,0.2,0
2025-08-04,BBRI.JK,-0.5,11.0,-0.23333333333333353,-0.27258542458010887,-0.17142857142857137,-0.5,-1
2025-08-05,BBRI.JK,-1.0,10.0,-0.5000000000000002,-0.45443906843508164,-0.6714285714285714,-0.5,-1
2025-08-06,BBRI.JK,0.0,8.0,-0.5000000000000002,-0.34082930132631123,0.38571428571428573,1.0,0
2025-08-07,BBRI.JK,1.0,5.0,-2.220446049250313e-16,-0.005621975994733408,1.3857142857142857,1.0,1
2025-08-08,BBRI.JK,1.0,2.0,0.6666666666666664,0.24578351800394993,1.1,0.0,1
2025-08-11,BBRI.JK,0.4,7.0,0.7999999999999998,0.28433763850296245,0.35714285714285715,-0.6,1
2025-08-12,BBRI.JK,-0.25,10.0,0.38333333333333314,0.15075322887722184,-0.37857142857142856,-0.65,-1
2025-08-13,BBRI.JK,0.0,13.0,0.04999999999999979,0.11306492165791637,-0.09285714285714285,0.25,0
2025-08-14,BBRI.JK,-1.0,10.0,-0.4166666666666669,-0.16520130875656272,-1.1642857142857144,-1.0,-1
2025-08-15,BBRI.JK,-0.3333333333333333,9.0,-0.44444444444444464,-0.2072343149007554,-0.4976190476190476,0.6666666666666667,-1
2025-08-18,BBRI.JK,1.0,8.0,-0.11111111111111131,0.09457426382443346,0.8833333333333333,1.3333333333333333,1
2025-08-19,BBRI.JK,-0.3333333333333333,9.0,0.11111111111111092,-0.012402635465008235,-0.44999999999999996,-1.3333333333333333,-1
2025-08-20,BBRI.JK,0.3333333333333333,9.0,0.3333333333333331,0.07403135673457716,0.40714285714285714,0.6666666666666666,1
2025-08-21,BBRI.JK,-0.3333333333333333,9.0,-0.11111111111111131,-0.027809815782400465,-0.24999999999999997,-0.6666666666666666,-1
2025-08-22,BBRI.JK,0.0,6.0,-2.0354088784794536e-16,-0.02085736183680035,0.09523809523809525,0.3333333333333333,0
2025-08-25,BBRI.JK,0.5333333333333333,18.0,0.06666666666666647,0.11769031195573307,0.6285714285714286,0.5333333333333333,1
2025-08-26,BBRI.JK,1.0,17.0,0.511111111111111,0.33826773396679977,0.8761904761904762,0.4666666666666667,1
2025-08-27,BBRI.JK,-0.3333333333333333,20.0,0.39999999999999986,0.17036746714176648,-0.6476190476190476,-1.3333333333333333,-1
2025-08-28,BBRI.JK,0.0,10.0,0.22222222222222202,0.12777560035632485,-0.12380952380952381,0.3333333333333333,0
2025-08-29,BBRI.JK,-0.5,12.0,-0.27777777777777796,-0.029168299732756364,-0.6714285714285715,-0.5,-1
2025-09-01,BBRI.JK,0.0,13.0,-0.16666666666666688,-0.021876224799567273,-0.05238095238095238,0.5,0
2025-09-02,BBRI.JK,-0.6666666666666666,11.0,-0.3888888888888891,-0.1830738352663421,-0.7666666666666666,-0.6666666666666666,-1
2025-09-03,BBRI.JK,-1.0,9.0,-0.5555555555555558,-0.3873053764497566,-1.0047619047619047,-0.33333333333333337,-1
2025-09-04,BBRI.JK,-1.0,7.0,-0.8888888888888892,-0.5404790323373174,-0.7857142857142857,0.0,-1
2025-09-05,BBRI.JK,0.0,4.0,-0.666666666666667,-0.40535927425298807,0.5,1.0,0
2025-09-08,BBRI.JK,0.3333333333333333,5.0,-0.22222222222222246,-0.22068612235640772,0.7857142857142857,0.3333333333333333,1
2025-09-09,BBRI.JK,0.0,3.0,0.11111111111111084,-0.1655145917673058,0.4047619047619047,-0.3333333333333333,0
2025-09-10,BBRI.JK,1.0,4.0,0.4444444444444442,0.12586405617452065,1.3333333333333333,1.0,1
2025-09-11,BBRI.JK,0.25,5.0,0.41666666666666646,0.15689804213089048,0.44047619047619047,-0.75,1
2025-09-12,BBRI.JK,0.0,9.0,0.41666666666666646,0.11767353159816786,0.059523809523809534,-0.25,0
2025-09-15,BBRI.JK,-0.14285714285714285,15.0,0.0357142857142855,0.052540862984340186,-0.22619047619047616,-0.14285714285714285,-1
2025-09-16,BBRI.JK,0.0,13.0,-0.04761904761904784,0.03940564723825514,-0.20578231292517007,0.14285714285714285,0
2025-09-17,BBRI.JK,1.0,11.0,0.28571428571428553,0.27955423542869134,0.7942176870748299,1.0,1
2025-09-18,BBRI.JK,-0.1111111111111111,13.0,0.29629629629629606,0.18188789879374073,-0.4121315192743764,-1.1111111111111112,-1
2025-09-19,BBRI.JK,0.3333333333333333,14.0,0.40740740740740716,0.21974925742863888,0.04818594104308388,0.4444444444444444,1
2025-09-22,BBRI.JK,0.25,20.0,0.1574074074074072,0.22731194307147917,0.06009070294784577,-0.08333333333333331,1
2025-09-23,BBRI.JK,0.0,12.0,0.1944444444444442,0.17048395730360938,-0.18990929705215423,-0.25,0
2025-09-24,BBRI.JK,1.0,10.0,0.41666666666666646,0.377862967977707,0.8100907029478458,1.0,1
2025-09-25,BBRI.JK,-1.0,3.0,-2.220446049250313e-16,0.033397225983280265,-1.3531746031746033,-2.0,-1
2025-09-26,BBRI.JK,-1.0,7.0,-0.33333333333333354,-0.2249520805125398,-1.2103174603174602,0.0,-1
2025-09-29,BBRI.JK,0.0,8.0,-0.666666666666667,-0.16871406038440484,0.07539682539682538,1.0,0
2025-09-30,BBRI.JK,-1.0,12.0,-0.666666666666667,-0.37653554528830363,-0.9404761904761905,-1.0,-1
2025-10-01,BBRI.JK,0.3333333333333333,10.0,-0.22222222222222246,-0.1990683256328944,0.5833333333333333,1.3333333333333333,1
2025-10-02,BBRI.JK,-0.2,13.0,-0.28888888888888914,-0.19930124422467077,0.0380952380952381,-0.5333333333333333,-1
2025-10-03,BBRI.JK,-1.0,10.0,-0.28888888888888914,-0.39947593316850305,-0.7333333333333334,-0.8,-1
2025-10-06,BBRI.JK,0.3333333333333333,13.0,-0.28888888888888914,-0.21627361654304395,0.8857142857142857,1.3333333333333333,1
2025-10-07,BBRI.JK,1.0,9.0,0.11111111111111087,0.08779478759271703,1.361904761904762,0.6666666666666667,1
2025-10-08,BBRI.JK,-1.0,8.0,0.11111111111111087,-0.18415390930546222,-0.9238095238095237,-2.0,-1
2025-10-09,BBRI.JK,0.0,6.0,-2.4054832200211723e-16,-0.13811543197909665,0.21904761904761907,1.0,0
2025-10-10,BBRI.JK,-1.0,9.0,-0.666666666666667,-0.35358657398432247,-0.9238095238095237,-1.0,-1
2025-10-13,BBRI.JK,-0.6,13.0,-0.5333333333333335,-0.4151899304882418,-0.3333333333333333,0.4,-1
2025-10-14,BBRI.JK,0.0,9.0,-0.5333333333333335,-0.31139244786618137,0.3238095238095238,0.6,0
2025-10-15,BBRI.JK,-0.3333333333333333,14.0,-0.31111111111111134,-0.31687766923296934,-0.15238095238095237,-0.3333333333333333,-1
2025-10-16,BBRI.JK,-1.0,11.0,-0.44444444444444464,-0.487658251924727,-0.7238095238095238,-0.6666666666666667,-1
2025-10-17,BBRI.JK,-1.0,13.0,-0.777777777777778,-0.6157436889435453,-0.4380952380952381,0.0,-1
2025-10-20,BBRI.JK,-1.0,11.0,-1.0,-0.711807766707659,-0.4380952380952381,0.0,-1
2025-10-21,BBRI.JK,0.2,14.0,-0.6000000000000003,-0.48385582503074426,0.9047619047619049,1.2,1
2025-10-22,BBRI.JK,-0.3333333333333333,15.0,-0.377777777777778,-0.4462252021063915,0.2,-0.5333333333333333,-1
2025-10-23,BBRI.JK,0.0,10.0,-0.044444444444444654,-0.3346689015797936,0.49523809523809526,0.3333333333333333,0
2025-10-24,BBRI.JK,0.0,8.0,-0.11111111111111133,-0.2510016761848452,0.49523809523809526,0.0,0
2025-10-27,BBRI.JK,-0.4,10.0,-0.13333333333333355,-0.28825125713863387,0.047619047619047616,-0.4,-1
2025-10-28,BBRI.JK,1.0,9.0,0.19999999999999976,0.0338115571460246,1.361904761904762,1.4,1
2025-10-29,BBRI.JK,0.3333333333333333,9.0,0.3111111111111109,0.10869200119285177,0.4095238095238095,-0.6666666666666667,1
2025-10-30,BBRI.JK,0.25,16.0,0.5277777777777776,0.14401900089463882,0.1357142857142857,-0.08333333333333331,1
2025-10-31,BBRI.JK,0.3333333333333333,21.0,0.3055555555555553,0.19134758400431245,0.21190476190476187,0.08333333333333331,1
2025-11-03,BBRI.JK,0.5,30.0,0.3611111111111109,0.26851068800323435,0.2833333333333333,0.16666666666666669,1
2025-11-04,BBRI.JK,0.0,22.0,0.2777777777777775,0.20138301600242575,-0.28809523809523807,-0.5,0
2025-11-05,BBRI.JK,1.0,17.0,0.4999999999999998,0.40103726200181933,0.7119047619047619,1.0,1
2025-11-06,BBRI.JK,1.0,6.0,0.6666666666666664,0.5507779465013645,0.5119047619047619,0.0,1
2025-11-07,BBRI.JK,-1.0,4.0,0.3333333333333331,0.16308345987602335,-1.4880952380952381,-2.0,-1
2025-11-10,BBRI.JK,-0.3333333333333333,6.0,-0.11111111111111133,0.038979261573684185,-0.6309523809523809,0.6666666666666667,-1
2025-11-11,BBRI.JK,0.2,10.0,-0.377777777777778,0.07923444618026314,-0.014285714285714263,0.5333333333333333,1
2025-11-12,BBRI.JK,-0.16666666666666666,14.0,-0.1000000000000002,0.017759167968530686,-0.3619047619047619,-0.3666666666666667,-1
2025-11-13,BBRI.JK,0.0,14.0,0.011111111111110914,0.013319375976398014,-0.1,0.16666666666666666,0
2025-11-14,BBRI.JK,0.0,9.0,-0.055555555555555754,0.009989531982298511,-0.1,0.0,0
2025-11-17,BBRI.JK,0.0,4.0,0.0,0.007492148986723884,0.04285714285714285,0.0,0
2025-11-18,BBRI.JK,-1.0,3.0,-0.33333333333333354,-0.24438088825995707,-0.8142857142857143,-1.0,-1
2025-11-19,BBRI.JK,0.0,7.0,-0.33333333333333354,-0.1832856661949678,0.1857142857142857,1.0,0
2025-11-20,BBRI.JK,-0.3333333333333333,9.0,-0.44444444444444464,-0.2207975829795592,-0.1952380952380952,-0.3333333333333333,-1
2025-11-21,BBRI.JK,-1.0,11.0,-0.44444444444444464,-0.4155981872346694,-0.7857142857142858,-0.6666666666666667,-1
2025-11-24,BBRI.JK,-0.6,12.0,-0.6444444444444447,-0.46169864042600206,-0.26666666666666666,0.4,-1
2025-11-25,BBRI.JK,-0.8333333333333334,15.0,-0.8111111111111113,-0.5546073136528349,-0.41428571428571437,-0.2333333333333334,-1
2025-11-26,BBRI.JK,-0.5,21.0,-0.6444444444444447,-0.5409554852396261,0.03809523809523807,0.33333333333333337,-1
2025-11-27,BBRI.JK,-0.25,20.0,-0.527777777777778,-0.4682166139297196,0.35952380952380947,0.25,-1
2025-11-28,BBRI.JK,-0.625,22.0,-0.45833333333333354,-0.5074124604472897,-0.12261904761904763,-0.375,-1
2025-12-01,BBRI.JK,-0.5,24.0,-0.45833333333333354,-0.5055593453354673,0.09166666666666667,0.125,-1
2025-12-02,BBRI.JK,0.3333333333333333,26.0,-0.2638888888888891,-0.2958361756682672,0.9488095238095238,0.8333333333333333,1
2025-12-03,BBRI.JK,-0.4,23.0,-0.1888888888888891,-0.32187713175120036,0.02499999999999991,-0.7333333333333334,-1
2025-12-04,BBRI.JK,0.5,15.0,0.1444444444444442,-0.11640784881340027,0.8964285714285715,0.9,1
2025-12-05,BBRI.JK,-0.6666666666666666,12.0,-0.1888888888888891,-0.25397255327671686,-0.4607142857142857,-1.1666666666666665,-1
2025-12-08,BBRI.JK,-0.5,13.0,-0.22222222222222243,-0.3154794149575376,-0.2702380952380952,0.16666666666666663,-1
2025-12-09,BBRI.JK,0.0,9.0,-0.3888888888888891,-0.2366095612181532,0.2654761904761905,0.5,0
2025-12-10,BBRI.JK,1.0,7.0,0.16666666666666644,0.0725428290863851,1.1761904761904762,1.0,1
2025-12-11,BBRI.JK,-0.6666666666666666,4.0,0.1111111111111109,-0.11225954485187783,-0.7047619047619047,-1.6666666666666665,-1
2025-12-12,BBRI.JK,-0.5,6.0,-0.05555555555555577,-0.20919465863890838,-0.3952380952380952,0.16666666666666663,-1
2025-12-15,BBRI.JK,0.16666666666666666,11.0,-0.33333333333333354,-0.11522932731251462,0.2857142857142857,0.6666666666666666,1
2025-12-16,BBRI.JK,0.3333333333333333,14.0,-2.590520390792032e-16,-0.0030886621510526346,0.5,0.16666666666666666,1
2025-12-17,BBRI.JK,0.23529411764705882,29.0,0.245098039215686,0.05650703279847523,0.2591036414565826,-0.0980392156862745,1
2025-12-18,BBRI.JK,0.1111111111111111,32.0,0.2265795206971675,0.0701580523766342,0.029878618113912223,-0.12418300653594772,1
2025-12-19,BBRI.JK,-1.0,27.0,-0.21786492374727695,-0.19738146071752435,-1.0971055088702149,-1.1111111111111112,-1
2025-12-22,BBRI.JK,-0.25,14.0,-0.3796296296296299,-0.21053609553814326,-0.06139122315592904,0.75,-1
2025-12-23,BBRI.JK,-1.0,6.0,-0.7500000000000003,-0.4079020716536075,-0.8709150326797386,-0.75,-1
2025-12-24,BBRI.JK,-1.0,10.0,-0.7500000000000003,-0.5559265537402056,-0.7994864612511672,0.0,-1
2025-12-25,BBRI.JK,0.0,8.0,-0.666666666666667,-0.4169449153051542,0.3671802054154995,1.0,0
2025-12-26,BBRI.JK,-0.5,11.0,-0.5000000000000003,-0.4377086864788656,-0.08520074696545293,-0.5,-1
2025-12-29,BBRI.JK,-0.42857142857142855,13.0,-0.3095238095238098,-0.4354243720020064,0.09126984126984122,0.07142857142857145,-1
2025-12-30,BBRI.JK,-0.25,15.0,-0.3928571428571432,-0.3890682790015048,0.346938775510204,0.17857142857142855,-1
2025-12-31,BBRI.JK,0.0,12.0,-0.2261904761904765,-0.2918012092511286,0.4897959183673469,0.25,0
2026-01-01,BBRI.JK,0.3333333333333333,11.0,0.027777777777777474,-0.13551757360501315,0.7874149659863945,0.3333333333333333,1
2026-01-02,BBRI.JK,-0.6,12.0,-0.08888888888888918,-0.25163818020375983,-0.33639455782312927,-0.9333333333333333,-1
2026-01-05,BBRI.JK,-0.42857142857142855,18.0,-0.23174603174603203,-0.295871492295677,-0.22210884353741497,0.17142857142857143,-1
2026-01-06,BBRI.JK,0.4,17.0,-0.20952380952380978,-0.12190361922175774,0.667687074829932,0.8285714285714285,1
2026-01-07,BBRI.JK,-0.4444444444444444,21.0,-0.15767195767195796,-0.2025388255274294,-0.30532879818594105,-0.8444444444444444,-1
2026-01-08,BBRI.JK,-0.2857142857142857,21.0,-0.11005291005291035,-0.22333269057414348,-0.1443310657596372,0.15873015873015872,-1
2026-01-09,BBRI.JK,0.0,19.0,-0.2433862433862437,-0.1674995179306076,0.146485260770975,0.2857142857142857,0
2026-01-12,BBRI.JK,-0.09090909090909091,21.0,-0.12554112554112584,-0.14835191117522845,0.0555761698618841,-0.09090909090909091,-1
2026-01-13,BBRI.JK,0.0,18.0,-0.03030303030303062,-0.11126393338142133,0.20709132137703562,0.09090909090909091,0
2026-01-14,BBRI.JK,-0.16666666666666666,21.0,-0.08585858585858618,-0.12511461670273266,-0.04528963100391674,-0.16666666666666666,-1
2017-01-04,BMRI.JK,-1.0,1.0,-1.0,-1.0,0.0,0.0,-1
2017-01-05,BMRI.JK,0.0,1.0,-0.5,-0.75,1.0,1.0,0
2017-01-06,BMRI.JK,0.0,1.0,-0.3333333333333333,-0.5625,0.5,0.0,0
2017-01-09,BMRI.JK,0.0,0.0,0.0,-0.421875,0.3333333333333333,0.0,0
2017-01-10,BMRI.JK,0.0,0.0,0.0,-0.31640625,0.25,0.0,0
2017-01-11,BMRI.JK,0.0,0.0,0.0,-0.2373046875,0.2,0.0,0
2017-01-12,BMRI.JK,0.0,0.0,0.0,-0.177978515625,0.16666666666666666,0.0,0
2017-01-13,BMRI.JK,0.0,0.0,0.0,-0.13348388671875,0.14285714285714285,0.0,0
2017-01-16,BMRI.JK,0.0,0.0,0.0,-0.1001129150390625,0.0,0.0,0
2017-01-17,BMRI.JK,0.0,0.0,0.0,-0.07508468627929688,0.0,0.0,0
2017-01-18,BMRI.JK,0.0,0.0,0.0,-0.056313514709472656,0.0,0.0,0
2017-01-19,BMRI.JK,0.0,0.0,0.0,-0.04223513603210449,0.0,0.0,0
2017-01-20,BMRI.JK,0.0,0.0,0.0,-0.03167635202407837,0.0,0.0,0
2017-01-23,BMRI.JK,0.0,0.0,0.0,-0.023757264018058777,0.0,0.0,0
2017-01-24,BMRI.JK,0.0,1.0,0.0,-0.017817948013544083,0.0,0.0,0
2017-01-25,BMRI.JK,0.0,1.0,0.0,-0.013363461010158062,0.0,0.0,0
2017-01-26,BMRI.JK,0.0,1.0,0.0,-0.010022595757618546,0.0,0.0,0
2017-01-27,BMRI.JK,0.0,0.0,0.0,-0.00751694681821391,0.0,0.0,0
2017-01-30,BMRI.JK,0.0,0.0,0.0,-0.005637710113660432,0.0,0.0,0
2017-01-31,BMRI.JK,0.0,0.0,0.0,-0.004228282585245324,0.0,0.0,0
2017-02-01,BMRI.JK,0.0,0.0,0.0,-0.0031712119389339932,0.0,0.0,0
2017-02-02,BMRI.JK,0.0,0.0,0.0,-0.002378408954200495,0.0,0.0,0
2017-02-03,BMRI.JK,0.0,0.0,0.0,-0.0017838067156503712,0.0,0.0,0
2017-02-06,BMRI.JK,0.0,0.0,0.0,-0.0013378550367377784,0.0,0.0,0
2017-02-07,BMRI.JK,0.0,0.0,0.0,-0.0010033912775533338,0.0,0.0,0
2017-02-08,BMRI.JK,0.0,0.0,0.0,-0.0007525434581650003,0.0,0.0,0
2017-02-09,BMRI.JK,0.0,0.0,0.0,-0.0005644075936237503,0.0,0.0,0
2017-02-10,BMRI.JK,0.0,1.0,0.0,-0.0004233056952178127,0.0,0.0,0
2017-02-13,BMRI.JK,0.0,1.0,0.0,-0.0003174792714133595,0.0,0.0,0
2017-02-14,BMRI.JK,-1.0,2.0,-0.3333333333333333,-0.25023810945356,-1.0,-1.0,-1
2017-02-15,BMRI.JK,0.0,1.0,-0.3333333333333333,-0.18767858209017002,0.14285714285714285,1.0,0
2017-02-16,BMRI.JK,0.0,1.0,-0.3333333333333333,-0.1407589365676275,0.14285714285714285,0.0,0
2017-02-17,BMRI.JK,0.0,0.0,0.0,-0.10556920242572063,0.14285714285714285,0.0,0
2017-02-20,BMRI.JK,0.0,1.0,0.0,-0.07917690181929046,0.14285714285714285,0.0,0
2017-02-21,BMRI.JK,0.0,1.0,0.0,-0.05938267636446785,0.14285714285714285,0.0,0
2017-02-22,BMRI.JK,0.0,1.0,0.0,-0.04453700727335089,0.14285714285714285,0.0,0
2017-02-23,BMRI.JK,0.0,0.0,0.0,-0.033402755455013165,0.14285714285714285,0.0,0
2017-02-24,BMRI.JK,-1.0,1.0,-0.3333333333333333,-0.27505206659125986,-1.0,-1.0,-1
2017-02-27,BMRI.JK,0.0,1.0,-0.3333333333333333,-0.20628904994344488,0.14285714285714285,1.0,0
2017-02-28,BMRI.JK,0.0,1.0,-0.3333333333333333,-0.15471678745758366,0.14285714285714285,0.0,0
2017-03-01,BMRI.JK,0.0,0.0,0.0,-0.11603759059318774,0.14285714285714285,0.0,0
2017-03-02,BMRI.JK,0.0,0.0,0.0,-0.08702819294489081,0.14285714285714285,0.0,0
2017-03-03,BMRI.JK,0.0,0.0,0.0,-0.0652711447086681,0.14285714285714285,0.0,0
2017-03-06,BMRI.JK,-1.0,1.0,-0.3333333333333333,-0.29895335853150107,-0.8571428571428572,-1.0,-1
2017-03-07,BMRI.JK,0.0,2.0,-0.3333333333333333,-0.2242150188986258,0.2857142857142857,1.0,0
2017-03-08,BMRI.JK,-1.0,3.0,-0.6666666666666666,-0.41816126417396937,-0.8571428571428572,-1.0,-1
2017-03-09,BMRI.JK,1.0,3.0,0.0,-0.06362094813047703,1.2857142857142856,2.0,1
2017-03-10,BMRI.JK,0.0,2.0,0.0,-0.04771571109785777,0.14285714285714285,-1.0,0
2017-03-13,BMRI.JK,-1.0,2.0,0.0,-0.28578678332339336,-0.8571428571428572,-1.0,-1
2017-03-14,BMRI.JK,-0.5,5.0,-0.5,-0.339340087492545,-0.2142857142857143,0.5,-1
2017-03-15,BMRI.JK,0.0,8.0,-0.5,-0.2545050656194088,0.35714285714285715,0.5,0
2017-03-16,BMRI.JK,0.0,7.0,-0.16666666666666666,-0.19087879921455658,0.21428571428571427,0.0,0
2017-03-17,BMRI.JK,0.0,3.0,0.0,-0.14315909941091742,0.21428571428571427,0.0,0
2017-03-20,BMRI.JK,0.0,0.0,0.0,-0.10736932455818807,0.07142857142857142,0.0,0
2017-03-21,BMRI.JK,-1.0,1.0,-0.3333333333333333,-0.33052699341864106,-0.7857142857142857,-1.0,-1
2017-03-22,BMRI.JK,0.0,1.0,-0.3333333333333333,-0.2478952450639808,0.35714285714285715,1.0,0
2017-03-23,BMRI.JK,0.0,1.0,-0.3333333333333333,-0.1859214337979856,0.21428571428571427,0.0,0
2017-03-24,BMRI.JK,-1.0,1.0,-0.3333333333333333,-0.3894410753484892,-0.8571428571428572,-1.0,-1
2017-03-27,BMRI.JK,0.0,1.0,-0.3333333333333333,-0.2920808065113669,0.2857142857142857,1.0,0
2017-03-28,BMRI.JK,0.0,1.0,-0.3333333333333333,-0.2190606048835252,0.2857142857142857,0.0,0
2017-03-29,BMRI.JK,-1.0,1.0,-0.3333333333333333,-0.41429545366264386,-0.7142857142857143,-1.0,-1
2017-03-30,BMRI.JK,-1.0,3.0,-0.6666666666666666,-0.5607215902469829,-0.5714285714285714,0.0,-1
2017-03-31,BMRI.JK,0.0,3.0,-0.6666666666666666,-0.42054119268523715,0.42857142857142855,1.0,0
2017-04-03,BMRI.JK,-1.0,3.0,-0.6666666666666666,-0.5654058945139279,-0.5714285714285714,-1.0,-1
2017-04-04,BMRI.JK,0.0,1.0,-0.3333333333333333,-0.42405442088544587,0.5714285714285714,1.0,0
2017-04-05,BMRI.JK,-1.0,2.0,-0.6666666666666666,-0.5680408156640844,-0.5714285714285714,-1.0,-1
2017-04-06,BMRI.JK,-1.0,2.0,-0.6666666666666666,-0.6760306117480632,-0.4285714285714286,0.0,-1
2017-04-07,BMRI.JK,0.0,2.0,-0.6666666666666666,-0.5070229588110474,0.7142857142857143,1.0,0
2017-04-10,BMRI.JK,0.0,1.0,-0.3333333333333333,-0.38026721910828554,0.5714285714285714,0.0,0
2017-04-11,BMRI.JK,0.0,2.0,0.0,-0.2852004143312141,0.42857142857142855,0.0,0
2017-04-12,BMRI.JK,-1.0,3.0,-0.3333333333333333,-0.4639003107484106,-0.5714285714285714,-1.0,-1
2017-04-13,BMRI.JK,0.0,3.0,-0.3333333333333333,-0.34792523306130796,0.42857142857142855,1.0,0
2017-04-14,BMRI.JK,0.0,1.0,-0.3333333333333333,-0.26094392479598094,0.42857142857142855,0.0,0
2017-04-17,BMRI.JK,0.0,0.0,0.0,-0.1957079435969857,0.2857142857142857,0.0,0
2017-04-18,BMRI.JK,0.0,0.0,0.0,-0.14678095769773927,0.14285714285714285,0.0,0
2017-04-19,BMRI.JK,0.0,0.0,0.0,-0.11008571827330446,0.14285714285714285,0.0,0
2017-04-20,BMRI.JK,0.0,0.0,0.0,-0.08256428870497834,0.14285714285714285,0.0,0
2017-04-21,BMRI.JK,0.0,0.0,0.0,-0.061923216528733754,0.14285714285714285,0.0,0
2017-04-24,BMRI.JK,0.0,0.0,0.0,-0.046442412396550316,0.0,0.0,0
2017-04-25,BMRI.JK,0.0,0.0,0.0,-0.03483180929741274,0.0,0.0,0
2017-04-26,BMRI.JK,0.0,0.0,0.0,-0.026123856973059554,0.0,0.0,0
2017-04-27,BMRI.JK,0.0,1.0,0.0,-0.019592892729794666,0.0,0.0,0
2017-04-28,BMRI.JK,0.0,1.0,0.0,-0.014694669547345999,0.0,0.0,0
2017-05-01,BMRI.JK,0.0,1.0,0.0,-0.0110210021605095,0.0,0.0,0
2017-05-02,BMRI.JK,0.0,0.0,0.0,-0.008265751620382126,0.0,0.0,0
2017-05-03,BMRI.JK,0.0,0.0,0.0,-0.006199313715286594,0.0,0.0,0
2017-05-04,BMRI.JK,0.0,0.0,0.0,-0.004649485286464946,0.0,0.0,0
2017-05-05,BMRI.JK,0.0,0.0,0.0,-0.003487113964848709,0.0,0.0,0
2017-05-08,BMRI.JK,0.0,2.0,0.0,-0.002615335473636532,0.0,0.0,0
2017-05-09,BMRI.JK,0.0,2.0,0.0,-0.0019615016052273986,0.0,0.0,0
2017-05-10,BMRI.JK,-1.0,3.0,-0.3333333333333333,-0.25147112620392054,-1.0,-1.0,-1
2017-05-11,BMRI.JK,0.0,1.0,-0.3333333333333333,-0.1886033446529404,0.14285714285714285,1.0,0
2017-05-12,BMRI.JK,0.0,1.0,-0.3333333333333333,-0.1414525084897053,0.14285714285714285,0.0,0
2017-05-15,BMRI.JK,0.0,1.0,0.0,-0.10608938136727898,0.14285714285714285,0.0,0
2017-05-16,BMRI.JK,0.0,1.0,0.0,-0.07956703602545924,0.14285714285714285,0.0,0
2017-05-17,BMRI.JK,0.0,1.0,0.0,-0.05967527701909443,0.14285714285714285,0.0,0
2017-05-18,BMRI.JK,0.0,0.0,0.0,-0.04475645776432083,0.14285714285714285,0.0,0
2017-05-19,BMRI.JK,0.0,0.0,0.0,-0.03356734332324062,0.14285714285714285,0.0,0
2017-05-22,BMRI.JK,0.0,0.0,0.0,-0.025175507492430464,0.0,0.0,0
2017-05-23,BMRI.JK,0.0,0.0,0.0,-0.018881630619322846,0.0,0.0,0
2017-05-24,BMRI.JK,0.0,0.0,0.0,-0.014161222964492135,0.0,0.0,0
2017-05-25,BMRI.JK,0.0,0.0,0.0,-0.010620917223369102,0.0,0.0,0
2017-05-26,BMRI.JK,1.0,1.0,0.3333333333333333,0.24203431208247317,1.0,1.0,1
2017-05-29,BMRI.JK,0.0,2.0,0.3333333333333333,0.18152573406185488,-0.14285714285714285,-1.0,0
2017-05-30,BMRI.JK,0.5,4.0,0.5,0.26114430054639115,0.35714285714285715,0.5,1
2017-05-31,BMRI.JK,0.0,3.0,0.16666666666666666,0.19585822540979336,-0.21428571428571427,-0.5,0
2017-06-01,BMRI.JK,0.0,2.0,0.16666666666666666,0.14689366905734502,-0.21428571428571427,0.0,0
2017-06-02,BMRI.JK,0.0,0.0,0.0,0.11017025179300877,-0.21428571428571427,0.0,0
2017-06-05,BMRI.JK,0.0,0.0,0.0,0.08262768884475657,-0.21428571428571427,0.0,0
2017-06-06,BMRI.JK,0.0,0.0,0.0,0.06197076663356743,-0.21428571428571427,0.0,0
2017-06-07,BMRI.JK,0.0,0.0,0.0,0.04647807497517557,-0.07142857142857142,0.0,0
2017-06-08,BMRI.JK,0.0,1.0,0.0,0.03485855623138168,-0.07142857142857142,0.0,0
2017-06-09,BMRI.JK,0.0,2.0,0.0,0.026143917173536257,0.0,0.0,0
2017-06-12,BMRI.JK,0.0,3.0,0.0,0.019607937880152193,0.0,0.0,0
2017-06-13,BMRI.JK,0.0,2.0,0.0,0.014705953410114145,0.0,0.0,0
2017-06-14,BMRI.JK,0.0,1.0,0.0,0.011029465057585609,0.0,0.0,0
2017-06-15,BMRI.JK,0.0,0.0,0.0,0.008272098793189207,0.0,0.0,0
2017-06-16,BMRI.JK,0.0,0.0,0.0,0.0062040740948919055,0.0,0.0,0
2017-06-19,BMRI.JK,0.0,0.0,0.0,0.0046530555711689296,0.0,0.0,0
2017-06-20,BMRI.JK,0.0,0.0,0.0,0.003489791678376697,0.0,0.0,0
2017-06-21,BMRI.JK,0.0,0.0,0.0,0.0026173437587825228,0.0,0.0,0
2017-06-22,BMRI.JK,0.0,0.0,0.0,0.001963007819086892,0.0,0.0,0
2017-06-23,BMRI.JK,0.0,0.0,0.0,0.0014722558643151691,0.0,0.0,0
2017-06-26,BMRI.JK,-1.0,1.0,-0.3333333333333333,-0.24889580810176362,-1.0,-1.0,-1
2017-06-27,BMRI.JK,0.0,1.0,-0.3333333333333333,-0.18667185607632272,0.14285714285714285,1.0,0
2017-06-28,BMRI.JK,0.0,1.0,-0.3333333333333333,-0.14000389205724204,0.14285714285714285,0.0,0
2017-06-29,BMRI.JK,0.0,0.0,0.0,-0.10500291904293152,0.14285714285714285,0.0,0
2017-06-30,BMRI.JK,0.0,0.0,0.0,-0.07875218928219864,0.14285714285714285,0.0,0
2017-07-03,BMRI.JK,0.0,0.0,0.0,-0.05906414196164898,0.14285714285714285,0.0,0
2017-07-04,BMRI.JK,0.0,0.0,0.0,-0.044298106471236734,0.14285714285714285,0.0,0
2017-07-05,BMRI.JK,0.0,0.0,0.0,-0.033223579853427554,0.14285714285714285,0.0,0
2017-07-06,BMRI.JK,-0.5,2.0,-0.16666666666666666,-0.14991768489007068,-0.5,-0.5,-1
2017-07-07,BMRI.JK,0.0,3.0,-0.16666666666666666,-0.11243826366755301,0.07142857142857142,0.5,0
2017-07-10,BMRI.JK,0.0,3.0,-0.16666666666666666,-0.08432869775066476,0.07142857142857142,0.0,0
2017-07-11,BMRI.JK,0.0,1.0,0.0,-0.06324652331299857,0.07142857142857142,0.0,0
2017-07-12,BMRI.JK,0.0,0.0,0.0,-0.04743489248474893,0.07142857142857142,0.0,0
2017-07-13,BMRI.JK,0.0,0.0,0.0,-0.0355761693635617,0.07142857142857142,0.0,0
2017-07-14,BMRI.JK,0.0,0.0,0.0,-0.026682127022671275,0.07142857142857142,0.0,0
2017-07-17,BMRI.JK,0.0,0.0,0.0,-0.020011595267003454,0.07142857142857142,0.0,0
2017-07-18,BMRI.JK,0.0,0.0,0.0,-0.01500869645025259,0.0,0.0,0
2017-07-19,BMRI.JK,-1.0,1.0,-0.3333333333333333,-0.2612565223376894,-1.0,-1.0,-1
2017-07-20,BMRI.JK,0.0,1.0,-0.3333333333333333,-0.19594239175326705,0.14285714285714285,1.0,0
2017-07-21,BMRI.JK,0.0,1.0,-0.3333333333333333,-0.1469567938149503,0.14285714285714285,0.0,0
2017-07-24,BMRI.JK,0.0,0.0,0.0,-0.11021759536121273,0.14285714285714285,0.0,0
2017-07-25,BMRI.JK,0.0,0.0,0.0,-0.08266319652090955,0.14285714285714285,0.0,0
2017-07-26,BMRI.JK,0.0,0.0,0.0,-0.06199739739068216,0.14285714285714285,0.0,0
2017-07-27,BMRI.JK,0.0,0.0,0.0,-0.04649804804301162,0.14285714285714285,0.0,0
2017-07-28,BMRI.JK,0.0,0.0,0.0,-0.03487353603225872,0.14285714285714285,0.0,0
2017-07-31,BMRI.JK,-1.0,1.0,-0.3333333333333333,-0.27615515202419405,-1.0,-1.0,-1
2017-08-01,BMRI.JK,0.0,1.0,-0.3333333333333333,-0.20711636401814554,0.14285714285714285,1.0,0
2017-08-02,BMRI.JK,0.0,1.0,-0.3333333333333333,-0.15533727301360917,0.14285714285714285,0.0,0
2017-08-03,BMRI.JK,0.0,0.0,0.0,-0.11650295476020688,0.14285714285714285,0.0,0
2017-08-04,BMRI.JK,0.0,0.0,0.0,-0.08737721607015515,0.14285714285714285,0.0,0
2017-08-07,BMRI.JK,0.0,0.0,0.0,-0.06553291205261637,0.14285714285714285,0.0,0
2017-08-08,BMRI.JK,1.0,1.0,0.3333333333333333,0.2008503159605377,1.1428571428571428,1.0,1
2017-08-09,BMRI.JK,0.0,2.0,0.3333333333333333,0.15063773697040328,0.0,-1.0,0
2017-08-10,BMRI.JK,-1.0,3.0,0.0,-0.13702169727219754,-1.1428571428571428,-1.0,-1
2017-08-11,BMRI.JK,0.0,2.0,-0.3333333333333333,-0.10276627295414816,0.0,1.0,0
2017-08-14,BMRI.JK,0.0,1.0,-0.3333333333333333,-0.07707470471561112,0.0,0.0,0
2017-08-15,BMRI.JK,0.0,0.0,0.0,-0.05780602853670834,0.0,0.0,0
2017-08-16,BMRI.JK,0.0,0.0,0.0,-0.04335452140253125,0.0,0.0,0
2017-08-17,BMRI.JK,-0.5,2.0,-0.16666666666666666,-0.15751589105189845,-0.5,-0.5,-1
2017-08-18,BMRI.JK,0.0,5.0,-0.16666666666666666,-0.11813691828892384,0.21428571428571427,0.5,0
2017-08-21,BMRI.JK,-0.4,10.0,-0.3,-0.1886026887166929,-0.18571428571428575,-0.4,-1
2017-08-22,BMRI.JK,-0.5,10.0,-0.3,-0.26645201653751965,-0.37142857142857144,-0.09999999999999998,-1
2017-08-23,BMRI.JK,0.0,7.0,-0.3,-0.19983901240313973,0.19999999999999998,0.5,0
2017-08-24,BMRI.JK,0.0,2.0,-0.16666666666666666,-0.1498792593023548,0.19999999999999998,0.0,0
2017-08-25,BMRI.JK,0.0,0.0,0.0,-0.1124094444767661,0.19999999999999998,0.0,0
2017-08-28,BMRI.JK,0.0,0.0,0.0,-0.08430708335757457,0.19999999999999998,0.0,0
2017-08-29,BMRI.JK,0.0,0.0,0.0,-0.06323031251818093,0.1285714285714286,0.0,0
2017-08-30,BMRI.JK,0.0,1.0,0.0,-0.047422734388635694,0.1285714285714286,0.0,0
2017-08-31,BMRI.JK,0.0,1.0,0.0,-0.03556705079147677,0.07142857142857142,0.0,0
2017-09-01,BMRI.JK,0.0,1.0,0.0,-0.02667528809360758,0.0,0.0,0
2017-09-04,BMRI.JK,0.0,0.0,0.0,-0.020006466070205682,0.0,0.0,0
2017-09-05,BMRI.JK,0.0,1.0,0.0,-0.015004849552654262,0.0,0.0,0
2017-09-06,BMRI.JK,0.0,1.0,0.0,-0.011253637164490696,0.0,0.0,0
2017-09-07,BMRI.JK,0.0,1.0,0.0,-0.008440227873368022,0.0,0.0,0
2017-09-08,BMRI.JK,0.0,0.0,0.0,-0.006330170905026016,0.0,0.0,0
2017-09-11,BMRI.JK,0.0,2.0,0.0,-0.0047476281787695125,0.0,0.0,0
2017-09-12,BMRI.JK,0.0,2.0,0.0,-0.003560721134077134,0.0,0.0,0
2017-09-13,BMRI.JK,0.0,3.0,0.0,-0.0026705408505578506,0.0,0.0,0
2017-09-14,BMRI.JK,0.0,1.0,0.0,-0.002002905637918388,0.0,0.0,0
2017-09-15,BMRI.JK,0.0,1.0,0.0,-0.001502179228438791,0.0,0.0,0
2017-09-18,BMRI.JK,0.0,0.0,0.0,-0.0011266344213290932,0.0,0.0,0
2017-09-19,BMRI.JK,0.0,2.0,0.0,-0.0008449758159968199,0.0,0.0,0
2017-09-20,BMRI.JK,0.0,2.0,0.0,-0.0006337318619976149,0.0,0.0,0
2017-09-21,BMRI.JK,0.0,2.0,0.0,-0.00047529889649821115,0.0,0.0,0
2017-09-22,BMRI.JK,-1.0,1.0,-0.3333333333333333,-0.25035647417237367,-1.0,-1.0,-1
2017-09-25,BMRI.JK,0.0,1.0,-0.3333333333333333,-0.18776735562928026,0.14285714285714285,1.0,0
2017-09-26,BMRI.JK,0.0,3.0,-0.3333333333333333,-0.1408255167219602,0.14285714285714285,0.0,0
2017-09-27,BMRI.JK,0.0,2.0,0.0,-0.10561913754147015,0.14285714285714285,0.0,0
2017-09-28,BMRI.JK,0.0,2.0,0.0,-0.07921435315610262,0.14285714285714285,0.0,0
2017-09-29,BMRI.JK,0.0,0.0,0.0,-0.059410764867076964,0.14285714285714285,0.0,0
2017-10-02,BMRI.JK,0.0,0.0,0.0,-0.04455807365030772,0.14285714285714285,0.0,0
2017-10-03,BMRI.JK,0.0,0.0,0.0,-0.03341855523773079,0.14285714285714285,0.0,0
2017-10-04,BMRI.JK,0.0,0.0,0.0,-0.02506391642829809,0.0,0.0,0
2017-10-05,BMRI.JK,0.0,0.0,0.0,-0.01879793732122357,0.0,0.0,0
2017-10-06,BMRI.JK,0.0,0.0,0.0,-0.014098452990917677,0.0,0.0,0
2017-10-09,BMRI.JK,1.0,1.0,0.3333333333333333,0.23942616025681174,1.0,1.0,1
2017-10-10,BMRI.JK,-1.0,2.0,0.0,-0.0704303798073912,-1.1428571428571428,-2.0,-1
2017-10-11,BMRI.JK,0.0,2.0,0.0,-0.0528227848555434,0.0,1.0,0
2017-10-12,BMRI.JK,0.0,1.0,-0.3333333333333333,-0.03961708864165755,0.0,0.0,0
2017-10-13,BMRI.JK,0.0,0.0,0.0,-0.02971281648124316,0.0,0.0,0
2017-10-16,BMRI.JK,0.0,0.0,0.0,-0.02228461236093237,0.0,0.0,0
2017-10-17,BMRI.JK,0.0,0.0,0.0,-0.016713459270699275,0.0,0.0,0
2017-10-18,BMRI.JK,0.0,0.0,0.0,-0.012535094453024457,0.0,0.0,0
2017-10-19,BMRI.JK,0.0,0.0,0.0,-0.009401320839768343,0.14285714285714285,0.0,0
2017-10-20,BMRI.JK,0.0,0.0,0.0,-0.007050990629826257,0.0,0.0,0
2017-10-23,BMRI.JK,0.0,0.0,0.0,-0.005288242972369693,0.0,0.0,0
2017-10-24,BMRI.JK,0.0,0.0,0.0,-0.003966182229277269,0.0,0.0,0
2017-10-25,BMRI.JK,-1.0,2.0,-0.3333333333333333,-0.25297463667195796,-1.0,-1.0,-1
2017-10-26,BMRI.JK,0.0,2.0,-0.3333333333333333,-0.18973097750396847,0.14285714285714285,1.0,0
2017-10-27,BMRI.JK,0.0,2.0,-0.3333333333333333,-0.14229823312797635,0.14285714285714285,0.0,0
2017-10-30,BMRI.JK,0.0,0.0,0.0,-0.10672367484598226,0.14285714285714285,0.0,0
2017-10-31,BMRI.JK,0.0,0.0,0.0,-0.08004275613448669,0.14285714285714285,0.0,0
2017-11-01,BMRI.JK,0.0,0.0,0.0,-0.06003206710086502,0.14285714285714285,0.0,0
2017-11-02,BMRI.JK,-1.0,1.0,-0.3333333333333333,-0.29502405032564877,-0.8571428571428572,-1.0,-1
2017-11-03,BMRI.JK,0.0,1.0,-0.3333333333333333,-0.2212680377442366,0.2857142857142857,1.0,0
2017-11-06,BMRI.JK,-1.0,2.0,-0.6666666666666666,-0.41595102830817743,-0.8571428571428572,-1.0,-1
2017-11-07,BMRI.JK,0.0,1.0,-0.3333333333333333,-0.3119632712311331,0.2857142857142857,1.0,0
2017-11-08,BMRI.JK,0.0,1.0,-0.3333333333333333,-0.23397245342334982,0.2857142857142857,0.0,0
2017-11-09,BMRI.JK,0.0,0.0,0.0,-0.17547934006751237,0.2857142857142857,0.0,0
2017-11-10,BMRI.JK,0.0,0.0,0.0,-0.1316095050506343,0.2857142857142857,0.0,0
2017-11-13,BMRI.JK,0.0,1.0,0.0,-0.09870712878797572,0.2857142857142857,0.0,0
2017-11-14,BMRI.JK,0.0,1.0,0.0,-0.07403034659098179,0.14285714285714285,0.0,0
2017-11-15,BMRI.JK,0.0,1.0,0.0,-0.05552275994323634,0.14285714285714285,0.0,0
2017-11-16,BMRI.JK,0.0,0.0,0.0,-0.04164206995742725,0.0,0.0,0
2017-11-17,BMRI.JK,0.0,0.0,0.0,-0.03123155246807044,0.0,0.0,0
2017-11-20,BMRI.JK,0.0,1.0,0.0,-0.02342366435105283,0.0,0.0,0
2017-11-21,BMRI.JK,0.0,1.0,0.0,-0.01756774826328962,0.0,0.0,0
2017-11-22,BMRI.JK,0.0,1.0,0.0,-0.013175811197467215,0.0,0.0,0
2017-11-23,BMRI.JK,0.0,0.0,0.0,-0.00988185839810041,0.0,0.0,0
2017-11-24,BMRI.JK,0.0,0.0,0.0,-0.007411393798575308,0.0,0.0,0
2017-11-27,BMRI.JK,0.0,0.0,0.0,-0.005558545348931481,0.0,0.0,0
2017-11-28,BMRI.JK,0.0,0.0,0.0,-0.004168909011698611,0.0,0.0,0
2017-11-29,BMRI.JK,0.0,0.0,0.0,-0.0031266817587739582,0.0,0.0,0
2017-11-30,BMRI.JK,0.0,0.0,0.0,-0.002345011319080469,0.0,0.0,0
2017-12-01,BMRI.JK,0.0,0.0,0.0,-0.0017587584893103516,0.0,0.0,0
2017-12-04,BMRI.JK,0.0,0.0,0.0,-0.0013190688669827636,0.0,0.0,0
2017-12-05,BMRI.JK,0.0,0.0,0.0,-0.0009893016502370727,0.0,0.0,0
2017-12-06,BMRI.JK,0.0,0.0,0.0,-0.0007419762376778045,0.0,0.0,0
2017-12-07,BMRI.JK,0.0,0.0,0.0,-0.0005564821782583534,0.0,0.0,0
2017-12-08,BMRI.JK,0.0,0.0,0.0,-0.000417361633693765,0.0,0.0,0
2017-12-11,BMRI.JK,0.0,0.0,0.0,-0.00031302122527032374,0.0,0.0,0
2017-12-12,BMRI.JK,0.0,1.0,0.0,-0.0002347659189527428,0.0,0.0,0
2017-12-13,BMRI.JK,0.0,4.0,0.0,-0.0001760744392145571,0.0,0.0,0
2017-12-14,BMRI.JK,0.0,4.0,0.0,-0.00013205582941091783,0.0,0.0,0
2017-12-15,BMRI.JK,0.0,3.0,0.0,-9.904187205818837e-05,0.0,0.0,0
2017-12-18,BMRI.JK,0.0,0.0,0.0,-7.428140404364128e-05,0.0,0.0,0
2017-12-19,BMRI.JK,0.0,0.0,0.0,-5.571105303273096e-05,0.0,0.0,0
2017-12-20,BMRI.JK,0.0,0.0,0.0,-4.178328977454822e-05,0.0,0.0,0
2017-12-21,BMRI.JK,0.0,0.0,0.0,-3.133746733091117e-05,0.0,0.0,0
2017-12-22,BMRI.JK,0.0,0.0,0.0,-2.3503100498183375e-05,0.0,0.0,0
2017-12-25,BMRI.JK,0.0,0.0,0.0,-1.762732537363753e-05,0.0,0.0,0
2017-12-26,BMRI.JK,0.0,0.0,0.0,-1.3220494030228148e-05,0.0,0.0,0
2017-12-27,BMRI.JK,0.0,0.0,0.0,-9.91537052267111e-06,0.0,0.0,0
2017-12-28,BMRI.JK,0.0,0.0,0.0,-7.436527892003333e-06,0.0,0.0,0
2017-12-29,BMRI.JK,0.0,0.0,0.0,-5.5773959190025e-06,0.0,0.0,0
2018-01-01,BMRI.JK,0.0,0.0,0.0,-4.183046939251875e-06,0.0,0.0,0
2018-01-02,BMRI.JK,0.0,1.0,0.0,-3.1372852044389063e-06,0.0,0.0,0
2018-01-03,BMRI.JK,0.0,1.0,0.0,-2.3529639033291797e-06,0.0,0.0,0
2018-01-04,BMRI.JK,0.0,2.0,0.0,-1.7647229274968848e-06,0.0,0.0,0
2018-01-05,BMRI.JK,0.0,1.0,0.0,-1.3235421956226636e-06,0.0,0.0,0
2018-01-08,BMRI.JK,0.0,1.0,0.0,-9.926566467169976e-07,0.0,0.0,0
2018-01-09,BMRI.JK,0.0,0.0,0.0,-7.444924850377482e-07,0.0,0.0,0
2018-01-10,BMRI.JK,0.0,0.0,0.0,-5.583693637783112e-07,0.0,0.0,0
2018-01-11,BMRI.JK,0.0,0.0,0.0,-4.187770228337334e-07,0.0,0.0,0
2018-01-12,BMRI.JK,0.0,0.0,0.0,-3.1408276712530004e-07,0.0,0.0,0
2018-01-15,BMRI.JK,0.0,1.0,0.0,-2.3556207534397503e-07,0.0,0.0,0
2018-01-16,BMRI.JK,-1.0,2.0,-0.3333333333333333,-0.2500001766715565,-1.0,-1.0,-1
2018-01-17,BMRI.JK,0.0,2.0,-0.3333333333333333,-0.18750013250366737,0.14285714285714285,1.0,0
2018-01-18,BMRI.JK,0.0,1.0,-0.3333333333333333,-0.14062509937775053,0.14285714285714285,0.0,0
2018-01-19,BMRI.JK,0.0,1.0,0.0,-0.1054688245333129,0.14285714285714285,0.0,0
2018-01-22,BMRI.JK,0.0,1.0,0.0,-0.07910161839998467,0.14285714285714285,0.0,0
2018-01-23,BMRI.JK,-1.0,2.0,-0.3333333333333333,-0.3093262137999885,-0.8571428571428572,-1.0,-1
2018-01-24,BMRI.JK,0.0,2.0,-0.3333333333333333,-0.23199466034999136,0.2857142857142857,1.0,0
2018-01-25,BMRI.JK,0.0,2.0,-0.3333333333333333,-0.1739959952624935,0.2857142857142857,0.0,0
2018-01-26,BMRI.JK,0.0,1.0,0.0,-0.13049699644687013,0.14285714285714285,0.0,0
2018-01-29,BMRI.JK,-1.0,1.0,-0.3333333333333333,-0.3478727473351526,-0.8571428571428572,-1.0,-1
2018-01-30,BMRI.JK,0.0,1.0,-0.3333333333333333,-0.26090456050136446,0.2857142857142857,1.0,0
2018-01-31,BMRI.JK,0.0,1.0,-0.3333333333333333,-0.19567842037602334,0.2857142857142857,0.0,0
2018-02-01,BMRI.JK,0.0,0.0,0.0,-0.1467588152820175,0.2857142857142857,0.0,0
2018-02-02,BMRI.JK,0.0,0.0,0.0,-0.11006911146151313,0.14285714285714285,0.0,0
2018-02-05,BMRI.JK,0.0,0.0,0.0,-0.08255183359613485,0.14285714285714285,0.0,0
2018-02-06,BMRI.JK,0.0,0.0,0.0,-0.06191387519710114,0.14285714285714285,0.0,0
2018-02-07,BMRI.JK,0.0,2.0,0.0,-0.046435406397825854,0.14285714285714285,0.0,0
2018-02-08,BMRI.JK,0.0,2.0,0.0,-0.034826554798369394,0.0,0.0,0
2018-02-09,BMRI.JK,0.0,2.0,0.0,-0.026119916098777046,0.0,0.0,0
2018-02-12,BMRI.JK,0.0,0.0,0.0,-0.019589937074082783,0.0,0.0,0
2018-02-13,BMRI.JK,-1.0,1.0,-0.3333333333333333,-0.2646924528055621,-1.0,-1.0,-1
2018-02-14,BMRI.JK,0.0,1.0,-0.3333333333333333,-0.19851933960417156,0.14285714285714285,1.0,0
2018-02-15,BMRI.JK,0.0,1.0,-0.3333333333333333,-0.14888950470312867,0.14285714285714285,0.0,0
2018-02-16,BMRI.JK,0.0,0.0,0.0,-0.1116671285273465,0.14285714285714285,0.0,0
2018-02-19,BMRI.JK,0.0,0.0,0.0,-0.08375034639550988,0.14285714285714285,0.0,0
2018-02-20,BMRI.JK,0.0,0.0,0.0,-0.06281275979663241,0.14285714285714285,0.0,0
2018-02-21,BMRI.JK,0.0,0.0,0.0,-0.0471095698474743,0.14285714285714285,0.0,0
2018-02-22,BMRI.JK,-1.0,2.0,-0.3333333333333333,-0.28533217738560573,-0.8571428571428572,-1.0,-1
2018-02-23,BMRI.JK,0.0,2.0,-0.3333333333333333,-0.21399913303920431,0.14285714285714285,1.0,0
2018-02-26,BMRI.JK,0.0,2.0,-0.3333333333333333,-0.16049934977940322,0.14285714285714285,0.0,0
2018-02-27,BMRI.JK,0.0,0.0,0.0,-0.12037451233455242,0.14285714285714285,0.0,0
2018-02-28,BMRI.JK,1.0,1.0,0.3333333333333333,0.1597191157490857,1.1428571428571428,1.0,1
2018-03-01,BMRI.JK,0.0,1.0,0.3333333333333333,0.11978933681181428,0.0,-1.0,0
2018-03-02,BMRI.JK,0.0,1.0,0.3333333333333333,0.08984200260886072,0.0,0.0,0
2018-03-05,BMRI.JK,0.0,0.0,0.0,0.06738150195664554,0.0,0.0,0
2018-03-06,BMRI.JK,0.0,0.0,0.0,0.05053612646748415,-0.14285714285714285,0.0,0
2018-03-07,BMRI.JK,0.0,0.0,0.0,0.03790209485061311,-0.14285714285714285,0.0,0
2018-03-08,BMRI.JK,0.0,0.0,0.0,0.028426571137959836,-0.14285714285714285,0.0,0
2018-03-09,BMRI.JK,0.0,0.0,0.0,0.021319928353469877,-0.14285714285714285,0.0,0
2018-03-12,BMRI.JK,-1.0,1.0,-0.3333333333333333,-0.23401005373489758,-1.0,-1.0,-1
2018-03-13,BMRI.JK,0.0,1.0,-0.3333333333333333,-0.1755075403011732,0.14285714285714285,1.0,0
2018-03-14,BMRI.JK,0.0,1.0,-0.3333333333333333,-0.13163065522587988,0.14285714285714285,0.0,0
2018-03-15,BMRI.JK,0.0,0.0,0.0,-0.0987229914194099,0.14285714285714285,0.0,0
2018-03-16,BMRI.JK,0.0,0.0,0.0,-0.07404224356455744,0.14285714285714285,0.0,0
2018-03-19,BMRI.JK,-0.3333333333333333,6.0,-0.1111111111111111,-0.1388650160067514,-0.19047619047619047,-0.3333333333333333,-1
2018-03-20,BMRI.JK,-0.3333333333333333,9.0,-0.2222222222222222,-0.18748209533839688,-0.14285714285714285,0.0,-1
2018-03-21,BMRI.JK,-0.5833333333333334,21.0,-0.4166666666666667,-0.28644490483713103,-0.3452380952380953,-0.25000000000000006,-1
2018-03-22,BMRI.JK,0.0,15.0,-0.3055555555555556,-0.21483367862784827,0.17857142857142858,0.5833333333333334,0
2018-03-23,BMRI.JK,0.0,12.0,-0.19444444444444445,-0.1611252589708862,0.17857142857142858,0.0,0
2018-03-26,BMRI.JK,0.0,0.0,0.0,-0.12084394422816465,0.17857142857142858,0.0,0
2018-03-27,BMRI.JK,0.0,0.0,0.0,-0.09063295817112349,0.17857142857142858,0.0,0
2018-03-28,BMRI.JK,0.0,0.0,0.0,-0.06797471862834262,0.17857142857142858,0.0,0
2018-03-29,BMRI.JK,0.0,0.0,0.0,-0.05098103897125696,0.13095238095238096,0.0,0
2018-03-30,BMRI.JK,0.0,0.0,0.0,-0.03823577922844272,0.08333333333333334,0.0,0
2018-04-02,BMRI.JK,0.0,0.0,0.0,-0.02867683442133204,0.0,0.0,0
2018-04-03,BMRI.JK,0.0,1.0,0.0,-0.02150762581599903,0.0,0.0,0
2018-04-04,BMRI.JK,0.0,1.0,0.0,-0.016130719361999273,0.0,0.0,0
2018-04-05,BMRI.JK,0.0,3.0,0.0,-0.012098039521499454,0.0,0.0,0
2018-04-06,BMRI.JK,0.0,2.0,0.0,-0.009073529641124591,0.0,0.0,0
2018-04-09,BMRI.JK,1.0,5.0,0.3333333333333333,0.24319485276915656,1.0,1.0,1
2018-04-10,BMRI.JK,0.0,3.0,0.3333333333333333,0.18239613957686743,-0.14285714285714285,-1.0,0
2018-04-11,BMRI.JK,-1.0,4.0,0.0,-0.11320289531734942,-1.1428571428571428,-1.0,-1
2018-04-12,BMRI.JK,-1.0,2.0,-0.6666666666666666,-0.33490217148801205,-1.0,0.0,-1
2018-04-13,BMRI.JK,-1.0,3.0,-1.0,-0.5011766286160091,-0.8571428571428572,0.0,-1
2018-04-16,BMRI.JK,0.3333333333333333,5.0,-0.5555555555555556,-0.2925491381286735,0.6190476190476191,1.3333333333333333,1
2018-04-17,BMRI.JK,0.0,4.0,-0.22222222222222224,-0.2194118535965051,0.2380952380952381,-0.3333333333333333,0
2018-04-18,BMRI.JK,0.0,3.0,0.1111111111111111,-0.16455889019737885,0.2380952380952381,0.0,0
2018-04-19,BMRI.JK,0.0,1.0,0.0,-0.12341916764803414,0.380952380952381,0.0,0
2018-04-20,BMRI.JK,0.0,1.0,0.0,-0.0925643757360256,0.380952380952381,0.0,0
2018-04-23,BMRI.JK,-1.0,3.0,-0.3333333333333333,-0.3194232818020192,-0.7619047619047619,-1.0,-1
2018-04-24,BMRI.JK,0.0,2.0,-0.3333333333333333,-0.23956746135151438,0.2380952380952381,1.0,0
2018-04-25,BMRI.JK,0.0,2.0,-0.3333333333333333,-0.17967559601363578,0.09523809523809525,0.0,0
2018-04-26,BMRI.JK,0.0,0.0,0.0,-0.13475669701022683,0.14285714285714285,0.0,0
2018-04-27,BMRI.JK,0.0,1.0,0.0,-0.10106752275767011,0.14285714285714285,0.0,0
2018-04-30,BMRI.JK,0.0,1.0,0.0,-0.07580064206825259,0.14285714285714285,0.0,0
2018-05-01,BMRI.JK,0.0,1.0,0.0,-0.056850481551189436,0.14285714285714285,0.0,0
2018-05-02,BMRI.JK,0.0,0.0,0.0,-0.04263786116339208,0.14285714285714285,0.0,0
2018-05-03,BMRI.JK,0.0,0.0,0.0,-0.03197839587254406,0.0,0.0,0
2018-05-04,BMRI.JK,0.0,0.0,0.0,-0.023983796904408043,0.0,0.0,0
2018-05-07,BMRI.JK,0.0,0.0,0.0,-0.01798784767830603,0.0,0.0,0
2018-05-08,BMRI.JK,0.0,0.0,0.0,-0.013490885758729523,0.0,0.0,0
2018-05-09,BMRI.JK,0.0,0.0,0.0,-0.010118164319047142,0.0,0.0,0
2018-05-10,BMRI.JK,0.0,0.0,0.0,-0.007588623239285356,0.0,0.0,0
2018-05-11,BMRI.JK,0.0,0.0,0.0,-0.005691467429464017,0.0,0.0,0
2018-05-14,BMRI.JK,0.0,0.0,0.0,-0.004268600572098012,0.0,0.0,0
2018-05-15,BMRI.JK,0.0,0.0,0.0,-0.003201450429073509,0.0,0.0,0
2018-05-16,BMRI.JK,0.0,0.0,0.0,-0.002401087821805132,0.0,0.0,0
2018-05-17,BMRI.JK,0.0,0.0,0.0,-0.0018008158663538488,0.0,0.0,0
2018-05-18,BMRI.JK,0.0,0.0,0.0,-0.0013506118997653866,0.0,0.0,0
2018-05-21,BMRI.JK,-1.0,2.0,-0.3333333333333333,-0.25101295892482406,-1.0,-1.0,-1
2018-05-22,BMRI.JK,0.0,3.0,-0.3333333333333333,-0.18825971919361806,0.14285714285714285,1.0,0
2018-05-23,BMRI.JK,0.0,3.0,-0.3333333333333333,-0.14119478939521354,0.14285714285714285,0.0,0
2018-05-24,BMRI.JK,1.0,2.0,0.3333333333333333,0.14410390795358985,1.1428571428571428,1.0,1
2018-05-25,BMRI.JK,0.0,1.0,0.3333333333333333,0.10807793096519239,0.0,-1.0,0
2018-05-28,BMRI.JK,0.0,1.0,0.3333333333333333,0.0810584482238943,0.0,0.0,0
2018-05-29,BMRI.JK,0.0,0.0,0.0,0.06079383616792072,0.0,0.0,0
2018-05-30,BMRI.JK,0.0,0.0,0.0,0.04559537712594054,0.0,0.0,0
2018-05-31,BMRI.JK,0.0,0.0,0.0,0.03419653284445541,-0.14285714285714285,0.0,0
2018-06-01,BMRI.JK,1.0,1.0,0.3333333333333333,0.27564739963334156,0.8571428571428572,1.0,1
2018-06-04,BMRI.JK,0.0,1.0,0.3333333333333333,0.20673554972500618,-0.2857142857142857,-1.0,0
2018-06-05,BMRI.JK,0.0,1.0,0.3333333333333333,0.15505166229375464,-0.14285714285714285,0.0,0
2018-06-06,BMRI.JK,0.0,0.0,0.0,0.11628874672031597,-0.14285714285714285,0.0,0
2018-06-07,BMRI.JK,0.0,0.0,0.0,0.08721656004023698,-0.14285714285714285,0.0,0
2018-06-08,BMRI.JK,0.0,0.0,0.0,0.06541242003017773,-0.14285714285714285,0.0,0
2018-06-11,BMRI.JK,0.0,0.0,0.0,0.049059315022633304,-0.14285714285714285,0.0,0
2018-06-12,BMRI.JK,0.0,1.0,0.0,0.03679448626697498,-0.14285714285714285,0.0,0
2018-06-13,BMRI.JK,0.0,1.0,0.0,0.027595864700231232,0.0,0.0,0
2018-06-14,BMRI.JK,0.0,1.0,0.0,0.020696898525173424,0.0,0.0,0
2018-06-15,BMRI.JK,0.0,0.0,0.0,0.015522673893880068,0.0,0.0,0
2018-06-18,BMRI.JK,0.0,0.0,0.0,0.011642005420410051,0.0,0.0,0
2018-06-19,BMRI.JK,0.0,0.0,0.0,0.008731504065307538,0.0,0.0,0
2018-06-20,BMRI.JK,0.0,0.0,0.0,0.006548628048980654,0.0,0.0,0
2018-06-21,BMRI.JK,0.0,0.0,0.0,0.00491147103673549,0.0,0.0,0
2018-06-22,BMRI.JK,0.0,0.0,0.0,0.0036836032775516177,0.0,0.0,0
2018-06-25,BMRI.JK,0.0,0.0,0.0,0.0027627024581637133,0.0,0.0,0
2018-06-26,BMRI.JK,0.0,0.0,0.0,0.0020720268436227847,0.0,0.0,0
2018-06-27,BMRI.JK,0.0,0.0,0.0,0.0015540201327170885,0.0,0.0,0
2018-06-28,BMRI.JK,0.0,0.0,0.0,0.0011655150995378164,0.0,0.0,0
2018-06-29,BMRI.JK,0.0,0.0,0.0,0.0008741363246533623,0.0,0.0,0
2018-07-02,BMRI.JK,0.0,0.0,0.0,0.0006556022434900217,0.0,0.0,0
2018-07-03,BMRI.JK,0.0,0.0,0.0,0.0004917016826175163,0.0,0.0,0
2018-07-04,BMRI.JK,0.0,0.0,0.0,0.00036877626196313724,0.0,0.0,0
2018-07-05,BMRI.JK,0.0,0.0,0.0,0.0002765821964723529,0.0,0.0,0
2018-07-06,BMRI.JK,0.0,0.0,0.0,0.00020743664735426467,0.0,0.0,0
2018-07-09,BMRI.JK,0.0,0.0,0.0,0.0001555774855156985,0.0,0.0,0
2018-07-10,BMRI.JK,0.0,0.0,0.0,0.00011668311413677388,0.0,0.0,0
2018-07-11,BMRI.JK,0.0,0.0,0.0,8.75123356025804e-05,0.0,0.0,0
2018-07-12,BMRI.JK,0.0,0.0,0.0,6.56342517019353e-05,0.0,0.0,0
2018-07-13,BMRI.JK,0.0,1.0,0.0,4.922568877645147e-05,0.0,0.0,0
2018-07-16,BMRI.JK,0.0,1.0,0.0,3.6919266582338605e-05,0.0,0.0,0
2018-07-17,BMRI.JK,-1.0,2.0,-0.3333333333333333,-0.24997231055006325,-1.0,-1.0,-1
2018-07-18,BMRI.JK,-1.0,2.0,-0.6666666666666666,-0.4374792329125474,-0.8571428571428572,0.0,-1
2018-07-19,BMRI.JK,0.0,2.0,-0.6666666666666666,-0.32810942468441057,0.2857142857142857,1.0,0
2018-07-20,BMRI.JK,-1.0,2.0,-0.6666666666666666,-0.49608206851330794,-0.7142857142857143,-1.0,-1
2018-07-23,BMRI.JK,-1.0,2.0,-0.6666666666666666,-0.622061551384981,-0.5714285714285714,0.0,-1
2018-07-24,BMRI.JK,0.0,2.0,-0.6666666666666666,-0.46654616353873574,0.5714285714285714,1.0,0
2018-07-25,BMRI.JK,0.0,1.0,-0.3333333333333333,-0.3499096226540518,0.5714285714285714,0.0,0
2018-07-26,BMRI.JK,0.0,0.0,0.0,-0.26243221699053887,0.5714285714285714,0.0,0
2018-07-27,BMRI.JK,1.0,1.0,0.3333333333333333,0.05317583725709585,1.4285714285714286,1.0,1
2018-07-30,BMRI.JK,0.0,1.0,0.3333333333333333,0.039881877942821886,0.14285714285714285,-1.0,0
2018-07-31,BMRI.JK,0.0,1.0,0.3333333333333333,0.029911408457116415,0.14285714285714285,0.0,0
2018-08-01,BMRI.JK,0.0,0.0,0.0,0.02243355634283731,0.0,0.0,0
2018-08-02,BMRI.JK,0.0,0.0,0.0,0.016825167257127984,-0.14285714285714285,0.0,0
2018-08-03,BMRI.JK,0.0,0.0,0.0,0.012618875442845987,-0.14285714285714285,0.0,0
2018-08-06,BMRI.JK,0.0,0.0,0.0,0.009464156582134491,-0.14285714285714285,0.0,0
2018-08-07,BMRI.JK,-1.0,1.0,-0.3333333333333333,-0.24290188256339912,-1.1428571428571428,-1.0,-1
2018-08-08,BMRI.JK,1.0,2.0,0.0,0.06782358807745065,1.1428571428571428,2.0,1
2018-08-09,BMRI.JK,0.0,2.0,0.0,0.050867691058087985,0.0,-1.0,0
2018-08-10,BMRI.JK,0.0,1.0,0.3333333333333333,0.03815076829356599,0.0,0.0,0
2018-08-13,BMRI.JK,0.0,0.0,0.0,0.028613076220174494,0.0,0.0,0
2018-08-14,BMRI.JK,0.0,0.0,0.0,0.02145980716513087,0.0,0.0,0
2018-08-15,BMRI.JK,0.0,0.0,0.0,0.016094855373848152,0.0,0.0,0
2018-08-16,BMRI.JK,-1.0,1.0,-0.3333333333333333,-0.2379288584696139,-1.0,-1.0,-1
2018-08-17,BMRI.JK,0.0,1.0,-0.3333333333333333,-0.17844664385221043,0.0,1.0,0
2018-08-20,BMRI.JK,0.0,1.0,-0.3333333333333333,-0.13383498288915782,0.14285714285714285,0.0,0
2018-08-21,BMRI.JK,0.0,0.0,0.0,-0.10037623716686836,0.14285714285714285,0.0,0
2018-08-22,BMRI.JK,0.0,0.0,0.0,-0.07528217787515126,0.14285714285714285,0.0,0
2018-08-23,BMRI.JK,0.0,0.0,0.0,-0.05646163340636345,0.14285714285714285,0.0,0
2018-08-24,BMRI.JK,0.0,0.0,0.0,-0.042346225054772584,0.14285714285714285,0.0,0
2018-08-27,BMRI.JK,0.0,0.0,0.0,-0.031759668791079436,0.14285714285714285,0.0,0
2018-08-28,BMRI.JK,0.0,0.0,0.0,-0.023819751593309575,0.0,0.0,0
2018-08-29,BMRI.JK,0.0,0.0,0.0,-0.017864813694982183,0.0,0.0,0
2018-08-30,BMRI.JK,0.0,0.0,0.0,-0.013398610271236637,0.0,0.0,0
2018-08-31,BMRI.JK,0.0,1.0,0.0,-0.010048957703427478,0.0,0.0,0
2018-09-03,BMRI.JK,0.0,1.0,0.0,-0.007536718277570608,0.0,0.0,0
2018-09-04,BMRI.JK,0.0,1.0,0.0,-0.005652538708177956,0.0,0.0,0
2018-09-05,BMRI.JK,0.0,0.0,0.0,-0.004239404031133467,0.0,0.0,0
2018-09-06,BMRI.JK,0.0,0.0,0.0,-0.0031795530233501004,0.0,0.0,0
2018-09-07,BMRI.JK,0.0,0.0,0.0,-0.002384664767512575,0.0,0.0,0
2018-09-10,BMRI.JK,0.0,1.0,0.0,-0.0017884985756344313,0.0,0.0,0
2018-09-11,BMRI.JK,0.0,1.0,0.0,-0.0013413739317258235,0.0,0.0,0
2018-09-12,BMRI.JK,0.0,1.0,0.0,-0.0010060304487943678,0.0,0.0,0
2018-09-13,BMRI.JK,-1.0,1.0,-0.3333333333333333,-0.2507545228365958,-1.0,-1.0,-1
2018-09-14,BMRI.JK,0.0,1.0,-0.3333333333333333,-0.18806589212744684,0.14285714285714285,1.0,0
2018-09-17,BMRI.JK,0.0,1.0,-0.3333333333333333,-0.14104941909558513,0.14285714285714285,0.0,0
2018-09-18,BMRI.JK,0.0,0.0,0.0,-0.10578706432168886,0.14285714285714285,0.0,0
2018-09-19,BMRI.JK,0.0,0.0,0.0,-0.07934029824126665,0.14285714285714285,0.0,0
2018-09-20,BMRI.JK,0.0,0.0,0.0,-0.05950522368094999,0.14285714285714285,0.0,0
2018-09-21,BMRI.JK,0.0,0.0,0.0,-0.04462891776071249,0.14285714285714285,0.0,0
2018-09-24,BMRI.JK,0.0,0.0,0.0,-0.03347168832053437,0.14285714285714285,0.0,0
2018-09-25,BMRI.JK,0.0,0.0,0.0,-0.025103766240400775,0.0,0.0,0
2018-09-26,BMRI.JK,0.0,0.0,0.0,-0.01882782468030058,0.0,0.0,0
2018-09-27,BMRI.JK,-1.0,1.0,-0.3333333333333333,-0.2641208685102254,-1.0,-1.0,-1
2018-09-28,BMRI.JK,0.0,1.0,-0.3333333333333333,-0.19809065138266907,0.14285714285714285,1.0,0
2018-10-01,BMRI.JK,0.0,1.0,-0.3333333333333333,-0.14856798853700182,0.14285714285714285,0.0,0
2018-10-02,BMRI.JK,0.0,0.0,0.0,-0.11142599140275136,0.14285714285714285,0.0,0
2018-10-03,BMRI.JK,0.0,0.0,0.0,-0.08356949355206353,0.14285714285714285,0.0,0
2018-10-04,BMRI.JK,0.0,0.0,0.0,-0.06267712016404764,0.14285714285714285,0.0,0
2018-10-05,BMRI.JK,0.0,0.0,0.0,-0.04700784012303573,0.14285714285714285,0.0,0
2018-10-08,BMRI.JK,0.0,0.0,0.0,-0.0352558800922768,0.14285714285714285,0.0,0
2018-10-09,BMRI.JK,0.0,0.0,0.0,-0.0264419100692076,0.0,0.0,0
2018-10-10,BMRI.JK,0.0,0.0,0.0,-0.0198314325519057,0.0,0.0,0
2018-10-11,BMRI.JK,0.0,0.0,0.0,-0.014873574413929277,0.0,0.0,0
2018-10-12,BMRI.JK,0.0,0.0,0.0,-0.011155180810446957,0.0,0.0,0
2018-10-15,BMRI.JK,-1.0,1.0,-0.3333333333333333,-0.2583663856078352,-1.0,-1.0,-1
2018-10-16,BMRI.JK,0.0,1.0,-0.3333333333333333,-0.1937747892058764,0.14285714285714285,1.0,0
2018-10-17,BMRI.JK,-0.5,3.0,-0.5,-0.2703310919044073,-0.35714285714285715,-0.5,-1
2018-10-18,BMRI.JK,0.0,2.0,-0.16666666666666666,-0.20274831892830547,0.21428571428571427,0.5,0
2018-10-19,BMRI.JK,0.0,2.0,-0.16666666666666666,-0.1520612391962291,0.21428571428571427,0.0,0
2018-10-22,BMRI.JK,1.0,1.0,0.3333333333333333,0.13595407060282816,1.2142857142857142,1.0,1
2018-10-23,BMRI.JK,0.0,1.0,0.3333333333333333,0.10196555295212112,0.07142857142857142,-1.0,0
2018-10-24,BMRI.JK,0.0,1.0,0.3333333333333333,0.07647416471409084,0.07142857142857142,0.0,0
2018-10-25,BMRI.JK,0.0,0.0,0.0,0.057355623535568126,-0.07142857142857142,0.0,0
2018-10-26,BMRI.JK,-1.0,1.0,-0.3333333333333333,-0.20698328234832392,-1.0714285714285714,-1.0,-1
2018-10-29,BMRI.JK,1.0,2.0,0.0,0.09476253823875708,1.0,2.0,1
2018-10-30,BMRI.JK,0.0,2.0,0.0,0.07107190367906781,-0.14285714285714285,-1.0,0
2018-10-31,BMRI.JK,0.0,1.0,0.3333333333333333,0.05330392775930086,-0.14285714285714285,0.0,0
2018-11-01,BMRI.JK,0.0,0.0,0.0,0.03997794581947564,0.0,0.0,0
2018-11-02,BMRI.JK,1.0,1.0,0.3333333333333333,0.2799834593646067,1.0,1.0,1
2018-11-05,BMRI.JK,1.0,3.0,0.6666666666666666,0.45998759452345506,0.8571428571428572,0.0,1
2018-11-06,BMRI.JK,-1.0,4.0,0.3333333333333333,0.09499069589259129,-1.2857142857142856,-2.0,-1
2018-11-07,BMRI.JK,0.0,3.0,0.0,0.07124302191944347,-0.2857142857142857,1.0,0
2018-11-08,BMRI.JK,0.0,1.0,-0.3333333333333333,0.0534322664395826,-0.14285714285714285,0.0,0
2018-11-09,BMRI.JK,0.0,0.0,0.0,0.04007419982968695,-0.14285714285714285,0.0,0
2018-11-12,BMRI.JK,0.0,0.0,0.0,0.03005564987226521,-0.14285714285714285,0.0,0
2018-11-13,BMRI.JK,0.0,0.0,0.0,0.02254173740419891,-0.14285714285714285,0.0,0
2018-11-14,BMRI.JK,0.0,0.0,0.0,0.016906303053149184,0.0,0.0,0
2018-11-15,BMRI.JK,0.0,0.0,0.0,0.012679727289861888,0.14285714285714285,0.0,0
2018-11-16,BMRI.JK,0.0,0.0,0.0,0.009509795467396416,0.0,0.0,0
2018-11-19,BMRI.JK,0.0,0.0,0.0,0.007132346600547313,0.0,0.0,0
2018-11-20,BMRI.JK,0.0,0.0,0.0,0.005349259950410485,0.0,0.0,0
2018-11-21,BMRI.JK,0.0,0.0,0.0,0.004011944962807864,0.0,0.0,0
2018-11-22,BMRI.JK,0.0,1.0,0.0,0.0030089587221058976,0.0,0.0,0
2018-11-23,BMRI.JK,0.0,3.0,0.0,0.002256719041579423,0.0,0.0,0
2018-11-26,BMRI.JK,0.0,3.0,0.0,0.0016925392811845672,0.0,0.0,0
2018-11-27,BMRI.JK,0.0,2.0,0.0,0.0012694044608884255,0.0,0.0,0
2018-11-28,BMRI.JK,0.0,0.0,0.0,0.0009520533456663191,0.0,0.0,0
2018-11-29,BMRI.JK,0.0,1.0,0.0,0.0007140400092497394,0.0,0.0,0
2018-11-30,BMRI.JK,0.0,2.0,0.0,0.0005355300069373046,0.0,0.0,0
2018-12-03,BMRI.JK,0.0,3.0,0.0,0.0004016475052029784,0.0,0.0,0
2018-12-04,BMRI.JK,0.0,2.0,0.0,0.0003012356289022338,0.0,0.0,0
2018-12-05,BMRI.JK,0.0,1.0,0.0,0.00022592672167667533,0.0,0.0,0
2018-12-06,BMRI.JK,0.0,0.0,0.0,0.0001694450412575065,0.0,0.0,0
2018-12-07,BMRI.JK,0.0,0.0,0.0,0.00012708378094312988,0.0,0.0,0
2018-12-10,BMRI.JK,0.0,0.0,0.0,9.531283570734741e-05,0.0,0.0,0
2018-12-11,BMRI.JK,1.0,1.0,0.3333333333333333,0.2500714846267805,1.0,1.0,1
2018-12-12,BMRI.JK,0.0,1.0,0.3333333333333333,0.1875536134700854,-0.14285714285714285,-1.0,0
2018-12-13,BMRI.JK,0.0,1.0,0.3333333333333333,0.14066521010256405,-0.14285714285714285,0.0,0
2018-12-14,BMRI.JK,0.0,0.0,0.0,0.10549890757692304,-0.14285714285714285,0.0,0
2018-12-17,BMRI.JK,0.0,1.0,0.0,0.07912418068269228,-0.14285714285714285,0.0,0
2018-12-18,BMRI.JK,-1.0,2.0,-0.3333333333333333,-0.1906568644879808,-1.1428571428571428,-1.0,-1
2018-12-19,BMRI.JK,0.0,2.0,-0.3333333333333333,-0.1429926483659856,0.0,1.0,0
2018-12-20,BMRI.JK,0.0,1.0,-0.3333333333333333,-0.10724448627448921,0.0,0.0,0
2018-12-21,BMRI.JK,0.0,0.0,0.0,-0.0804333647058669,0.14285714285714285,0.0,0
2018-12-24,BMRI.JK,0.0,0.0,0.0,-0.060325023529400175,0.14285714285714285,0.0,0
2018-12-25,BMRI.JK,0.0,0.0,0.0,-0.04524376764705013,0.14285714285714285,0.0,0
2018-12-26,BMRI.JK,0.0,0.0,0.0,-0.0339328257352876,0.14285714285714285,0.0,0
2018-12-27,BMRI.JK,0.0,0.0,0.0,-0.0254496193014657,0.14285714285714285,0.0,0
2018-12-28,BMRI.JK,0.0,0.0,0.0,-0.019087214476099276,0.0,0.0,0
2018-12-31,BMRI.JK,0.0,1.0,0.0,-0.014315410857074457,0.0,0.0,0
2019-01-01,BMRI.JK,0.0,1.0,0.0,-0.010736558142805844,0.0,0.0,0
2019-01-02,BMRI.JK,0.0,1.0,0.0,-0.008052418607104383,0.0,0.0,0
2019-01-03,BMRI.JK,0.0,0.0,0.0,-0.006039313955328287,0.0,0.0,0
2019-01-04,BMRI.JK,0.0,0.0,0.0,-0.0045294854664962155,0.0,0.0,0
2019-01-07,BMRI.JK,-0.125,8.0,-0.041666666666666664,-0.03464711409987216,-0.125,-0.125,-1
2019-01-08,BMRI.JK,0.0,8.0,-0.041666666666666664,-0.02598533557490412,0.017857142857142856,0.125,0
2019-01-09,BMRI.JK,-1.0,9.0,-0.375,-0.26948900168117806,-0.9821428571428571,-1.0,-1
2019-01-10,BMRI.JK,-0.5,3.0,-0.5,-0.3271167512608836,-0.3392857142857143,0.5,-1
2019-01-11,BMRI.JK,0.0,3.0,-0.5,-0.24533756344566268,0.23214285714285715,0.5,0
2019-01-14,BMRI.JK,0.0,2.0,-0.16666666666666666,-0.184003172584247,0.23214285714285715,0.0,0
2019-01-15,BMRI.JK,0.0,0.0,0.0,-0.13800237943818525,0.23214285714285715,0.0,0
2019-01-16,BMRI.JK,0.0,0.0,0.0,-0.10350178457863893,0.23214285714285715,0.0,0
2019-01-17,BMRI.JK,0.0,0.0,0.0,-0.0776263384339792,0.21428571428571427,0.0,0
2019-01-18,BMRI.JK,0.0,0.0,0.0,-0.0582197538254844,0.21428571428571427,0.0,0
2019-01-21,BMRI.JK,0.0,0.0,0.0,-0.043664815369113305,0.07142857142857142,0.0,0
2019-01-22,BMRI.JK,0.0,0.0,0.0,-0.032748611526834975,0.0,0.0,0
2019-01-23,BMRI.JK,0.0,0.0,0.0,-0.02456145864512623,0.0,0.0,0
2019-01-24,BMRI.JK,1.0,1.0,0.3333333333333333,0.23157890601615533,1.0,1.0,1
2019-01-25,BMRI.JK,-1.0,2.0,0.0,-0.07631582048788349,-1.1428571428571428,-2.0,-1
2019-01-28,BMRI.JK,1.0,3.0,0.3333333333333333,0.1927631346340874,1.0,2.0,1
2019-01-29,BMRI.JK,0.0,2.0,0.0,0.14457235097556553,-0.14285714285714285,-1.0,0
2019-01-30,BMRI.JK,0.0,1.0,0.3333333333333333,0.10842926323167415,-0.14285714285714285,0.0,0
2019-01-31,BMRI.JK,0.0,0.0,0.0,0.08132194742375562,-0.14285714285714285,0.0,0
2019-02-01,BMRI.JK,0.0,0.0,0.0,0.060991460567816715,-0.14285714285714285,0.0,0
2019-02-04,BMRI.JK,0.0,0.0,0.0,0.04574359542586254,-0.14285714285714285,0.0,0
2019-02-05,BMRI.JK,0.0,0.0,0.0,0.0343076965693969,0.0,0.0,0
2019-02-06,BMRI.JK,0.0,0.0,0.0,0.025730772427047677,-0.14285714285714285,0.0,0
2019-02-07,BMRI.JK,0.0,0.0,0.0,0.01929807932028576,0.0,0.0,0
2019-02-08,BMRI.JK,0.0,0.0,0.0,0.01447355949021432,0.0,0.0,0
2019-02-11,BMRI.JK,0.0,0.0,0.0,0.01085516961766074,0.0,0.0,0
2019-02-12,BMRI.JK,0.0,0.0,0.0,0.008141377213245555,0.0,0.0,0
2019-02-13,BMRI.JK,0.0,0.0,0.0,0.006106032909934166,0.0,0.0,0
2019-02-14,BMRI.JK,-1.0,1.0,-0.3333333333333333,-0.24542047531754937,-1.0,-1.0,-1
2019-02-15,BMRI.JK,0.0,1.0,-0.3333333333333333,-0.18406535648816202,0.14285714285714285,1.0,0
2019-02-18,BMRI.JK,0.0,2.0,-0.3333333333333333,-0.13804901736612152,0.14285714285714285,0.0,0
2019-02-19,BMRI.JK,0.0,1.0,0.0,-0.10353676302459114,0.14285714285714285,0.0,0
2019-02-20,BMRI.JK,0.0,1.0,0.0,-0.07765257226844335,0.14285714285714285,0.0,0
2019-02-21,BMRI.JK,0.0,0.0,0.0,-0.058239429201332515,0.14285714285714285,0.0,0
2019-02-22,BMRI.JK,0.0,0.0,0.0,-0.04367957190099939,0.14285714285714285,0.0,0
2019-02-25,BMRI.JK,0.0,0.0,0.0,-0.03275967892574954,0.14285714285714285,0.0,0
2019-02-26,BMRI.JK,0.0,0.0,0.0,-0.024569759194312153,0.0,0.0,0
2019-02-27,BMRI.JK,0.0,0.0,0.0,-0.018427319395734117,0.0,0.0,0
2019-02-28,BMRI.JK,0.0,0.0,0.0,-0.013820489546800587,0.0,0.0,0
2019-03-01,BMRI.JK,1.0,1.0,0.3333333333333333,0.23963463283989955,1.0,1.0,1
2019-03-04,BMRI.JK,-0.6666666666666666,4.0,0.11111111111111112,0.013059307963258021,-0.8095238095238095,-1.6666666666666665,-1
2019-03-05,BMRI.JK,0.0,4.0,0.11111111111111112,0.009794480972443516,-0.04761904761904762,0.6666666666666666,0
2019-03-06,BMRI.JK,0.0,3.0,-0.2222222222222222,0.007345860729332637,-0.04761904761904762,0.0,0
2019-03-07,BMRI.JK,0.0,0.0,0.0,0.005509395546999477,-0.04761904761904762,0.0,0
2019-03-08,BMRI.JK,0.0,0.0,0.0,0.004132046660249608,-0.04761904761904762,0.0,0
2019-03-11,BMRI.JK,1.0,1.0,0.3333333333333333,0.2530990349951872,0.9523809523809523,1.0,1
2019-03-12,BMRI.JK,0.0,1.0,0.3333333333333333,0.18982427624639042,-0.1904761904761905,-1.0,0
2019-03-13,BMRI.JK,0.0,1.0,0.3333333333333333,0.14236820718479282,-0.04761904761904764,0.0,0
2019-03-14,BMRI.JK,0.0,0.0,0.0,0.10677615538859461,-0.14285714285714285,0.0,0
2019-03-15,BMRI.JK,1.0,1.0,0.3333333333333333,0.3300821165414459,0.8571428571428572,1.0,1
2019-03-18,BMRI.JK,-1.0,2.0,0.0,-0.0024384125939155565,-1.2857142857142856,-2.0,-1
2019-03-19,BMRI.JK,0.5,4.0,0.16666666666666666,0.12317119055456333,0.35714285714285715,1.5,1
2019-03-20,BMRI.JK,0.0,3.0,-0.16666666666666666,0.0923783929159225,-0.21428571428571427,-0.5,0
2019-03-21,BMRI.JK,0.0,2.0,0.16666666666666666,0.06928379468694187,-0.07142857142857144,0.0,0
2019-03-22,BMRI.JK,-1.0,1.0,-0.3333333333333333,-0.1980371539847936,-1.0714285714285714,-1.0,-1
2019-03-25,BMRI.JK,0.0,2.0,-0.3333333333333333,-0.1485278654885952,0.07142857142857141,1.0,0
2019-03-26,BMRI.JK,1.0,3.0,0.0,0.1386041008835536,1.0714285714285714,1.0,1
2019-03-27,BMRI.JK,0.0,2.0,0.3333333333333333,0.1039530756626652,0.07142857142857142,-1.0,0
2019-03-28,BMRI.JK,0.0,1.0,0.3333333333333333,0.0779648067469989,-0.07142857142857142,0.0,0
2019-03-29,BMRI.JK,0.0,0.0,0.0,0.05847360506024918,0.0,0.0,0
2019-04-01,BMRI.JK,0.0,0.0,0.0,0.043855203795186884,0.0,0.0,0
2019-04-02,BMRI.JK,0.0,0.0,0.0,0.032891402846390166,0.0,0.0,0
2019-04-03,BMRI.JK,0.0,0.0,0.0,0.024668552134792625,-0.14285714285714285,0.0,0
2019-04-04,BMRI.JK,0.0,0.0,0.0,0.018501414101094467,-0.14285714285714285,0.0,0
2019-04-05,BMRI.JK,0.0,0.0,0.0,0.01387606057582085,0.0,0.0,0
2019-04-08,BMRI.JK,0.0,1.0,0.0,0.010407045431865637,0.0,0.0,0
2019-04-09,BMRI.JK,-1.0,2.0,-0.3333333333333333,-0.24219471592610078,-1.0,-1.0,-1
2019-04-10,BMRI.JK,0.0,3.0,-0.3333333333333333,-0.1816460369445756,0.14285714285714285,1.0,0
2019-04-11,BMRI.JK,0.0,2.0,-0.3333333333333333,-0.1362345277084317,0.14285714285714285,0.0,0
2019-04-12,BMRI.JK,0.0,1.0,0.0,-0.10217589578132377,0.14285714285714285,0.0,0
2019-04-15,BMRI.JK,1.0,1.0,0.3333333333333333,0.17336807816400718,1.1428571428571428,1.0,1
2019-04-16,BMRI.JK,0.0,2.0,0.3333333333333333,0.13002605862300537,0.0,-1.0,0
2019-04-17,BMRI.JK,0.0,2.0,0.3333333333333333,0.09751954396725403,0.0,0.0,0
2019-04-18,BMRI.JK,1.0,2.0,0.3333333333333333,0.32313965797544053,1.0,1.0,1
2019-04-19,BMRI.JK,0.0,2.0,0.3333333333333333,0.2423547434815804,-0.2857142857142857,-1.0,0
2019-04-22,BMRI.JK,0.0,4.0,0.3333333333333333,0.1817660576111853,-0.2857142857142857,0.0,0
2019-04-23,BMRI.JK,0.0,3.0,0.0,0.136324543208389,-0.2857142857142857,0.0,0
2019-04-24,BMRI.JK,0.0,2.0,0.0,0.10224340740629174,-0.2857142857142857,0.0,0
2019-04-25,BMRI.JK,0.0,1.0,0.0,0.07668255555471881,-0.14285714285714285,0.0,0
2019-04-26,BMRI.JK,1.0,2.0,0.3333333333333333,0.3075119166660391,0.8571428571428572,1.0,1
2019-04-29,BMRI.JK,-1.0,3.0,0.0,-0.019366062500470682,-1.2857142857142856,-2.0,-1
2019-04-30,BMRI.JK,0.0,2.0,0.0,-0.014524546875353012,0.0,1.0,0
2019-05-01,BMRI.JK,0.0,1.0,-0.3333333333333333,-0.010893410156514759,0.0,0.0,0
2019-05-02,BMRI.JK,0.0,0.0,0.0,-0.008170057617386069,0.0,0.0,0
2019-05-03,BMRI.JK,0.0,0.0,0.0,-0.006127543213039552,0.0,0.0,0
2019-05-06,BMRI.JK,0.0,0.0,0.0,-0.004595657409779665,0.0,0.0,0
2019-05-07,BMRI.JK,0.0,0.0,0.0,-0.0034467430573347484,0.0,0.0,0
2019-05-08,BMRI.JK,0.0,0.0,0.0,-0.0025850572930010613,0.14285714285714285,0.0,0
2019-05-09,BMRI.JK,0.0,0.0,0.0,-0.001938792969750796,0.0,0.0,0
2019-05-10,BMRI.JK,0.0,0.0,0.0,-0.001454094727313097,0.0,0.0,0
2019-05-13,BMRI.JK,0.0,1.0,0.0,-0.0010905710454848228,0.0,0.0,0
2019-05-14,BMRI.JK,0.0,1.0,0.0,-0.0008179282841136171,0.0,0.0,0
2019-05-15,BMRI.JK,-1.0,2.0,-0.3333333333333333,-0.25061344621308523,-1.0,-1.0,-1
2019-05-16,BMRI.JK,-0.25,5.0,-0.4166666666666667,-0.25046008465981395,-0.10714285714285715,0.75,-1
2019-05-17,BMRI.JK,0.6666666666666666,8.0,-0.19444444444444445,-0.021178396828193807,0.8452380952380952,0.9166666666666666,1
2019-05-20,BMRI.JK,0.0,8.0,0.13888888888888887,-0.015883797621145355,0.08333333333333334,-0.6666666666666666,0
2019-05-21,BMRI.JK,0.0,4.0,0.2222222222222222,-0.011912848215859017,0.08333333333333334,0.0,0
2019-05-22,BMRI.JK,0.0,2.0,0.0,-0.008934636161894263,0.08333333333333334,0.0,0
2019-05-23,BMRI.JK,0.0,1.0,0.0,-0.006700977121420697,0.08333333333333334,0.0,0
2019-05-24,BMRI.JK,0.0,1.0,0.0,-0.0050257328410655226,0.08333333333333334,0.0,0
2019-05-27,BMRI.JK,-1.0,2.0,-0.3333333333333333,-0.25376929963079914,-1.0595238095238095,-1.0,-1
2019-05-28,BMRI.JK,0.0,2.0,-0.3333333333333333,-0.19032697472309934,0.04761904761904762,1.0,0
2019-05-29,BMRI.JK,0.0,2.0,-0.3333333333333333,-0.1427452310423245,0.14285714285714285,0.0,0
2019-05-30,BMRI.JK,0.0,0.0,0.0,-0.10705892328174338,0.14285714285714285,0.0,0
2019-05-31,BMRI.JK,0.0,0.0,0.0,-0.08029419246130753,0.14285714285714285,0.0,0
2019-06-03,BMRI.JK,0.0,1.0,0.0,-0.06022064434598065,0.14285714285714285,0.0,0
2019-06-04,BMRI.JK,0.0,2.0,0.0,-0.04516548325948549,0.14285714285714285,0.0,0
2019-06-05,BMRI.JK,0.0,2.0,0.0,-0.033874112444614114,0.14285714285714285,0.0,0
2019-06-06,BMRI.JK,1.0,2.0,0.3333333333333333,0.22459441566653943,1.0,1.0,1
2019-06-07,BMRI.JK,0.0,1.0,0.3333333333333333,0.16844581174990458,-0.14285714285714285,-1.0,0
2019-06-10,BMRI.JK,0.0,1.0,0.3333333333333333,0.12633435881242844,-0.14285714285714285,0.0,0
2019-06-11,BMRI.JK,0.0,0.0,0.0,0.09475076910932133,-0.14285714285714285,0.0,0
2019-06-12,BMRI.JK,0.0,0.0,0.0,0.07106307683199099,-0.14285714285714285,0.0,0
2019-06-13,BMRI.JK,-1.0,1.0,-0.3333333333333333,-0.19670269237600674,-1.1428571428571428,-1.0,-1
2019-06-14,BMRI.JK,0.0,1.0,-0.3333333333333333,-0.14752701928200507,0.0,1.0,0
2019-06-17,BMRI.JK,0.0,1.0,-0.3333333333333333,-0.1106452644615038,0.0,0.0,0
2019-06-18,BMRI.JK,0.0,0.0,0.0,-0.08298394834612785,0.14285714285714285,0.0,0
2019-06-19,BMRI.JK,0.0,0.0,0.0,-0.06223796125959589,0.14285714285714285,0.0,0
2019-06-20,BMRI.JK,0.0,1.0,0.0,-0.04667847094469692,0.14285714285714285,0.0,0
2019-06-21,BMRI.JK,0.0,1.0,0.0,-0.03500885320852269,0.14285714285714285,0.0,0
2019-06-24,BMRI.JK,0.0,1.0,0.0,-0.02625663990639202,0.14285714285714285,0.0,0
2019-06-25,BMRI.JK,0.0,0.0,0.0,-0.019692479929794015,0.0,0.0,0
2019-06-26,BMRI.JK,0.0,0.0,0.0,-0.01476935994734551,0.0,0.0,0
2019-06-27,BMRI.JK,0.0,0.0,0.0,-0.011077019960509133,0.0,0.0,0
2019-06-28,BMRI.JK,0.0,0.0,0.0,-0.00830776497038185,0.0,0.0,0
2019-07-01,BMRI.JK,0.0,0.0,0.0,-0.0062308237277863875,0.0,0.0,0
2019-07-02,BMRI.JK,0.0,0.0,0.0,-0.004673117795839791,0.0,0.0,0
2019-07-03,BMRI.JK,0.0,0.0,0.0,-0.003504838346879843,0.0,0.0,0
2019-07-04,BMRI.JK,0.0,0.0,0.0,-0.002628628760159882,0.0,0.0,0
2019-07-05,BMRI.JK,0.0,1.0,0.0,-0.0019714715701199116,0.0,0.0,0
2019-07-08,BMRI.JK,0.0,1.0,0.0,-0.0014786036775899336,0.0,0.0,0
2019-07-09,BMRI.JK,0.0,1.0,0.0,-0.00110895275819245,0.0,0.0,0
2019-07-10,BMRI.JK,0.0,0.0,0.0,-0.0008317145686443376,0.0,0.0,0
2019-07-11,BMRI.JK,0.0,0.0,0.0,-0.0006237859264832531,0.0,0.0,0
2019-07-12,BMRI.JK,1.0,1.0,0.3333333333333333,0.24953216055513755,1.0,1.0,1
2019-07-15,BMRI.JK,0.0,1.0,0.3333333333333333,0.18714912041635318,-0.14285714285714285,-1.0,0
2019-07-16,BMRI.JK,0.0,2.0,0.3333333333333333,0.1403618403122649,-0.14285714285714285,0.0,0
2019-07-17,BMRI.JK,-1.0,2.0,-0.3333333333333333,-0.14472861976580131,-1.1428571428571428,-1.0,-1
2019-07-18,BMRI.JK,0.0,3.0,-0.3333333333333333,-0.10854646482435099,0.0,1.0,0
2019-07-19,BMRI.JK,0.0,2.0,-0.3333333333333333,-0.08140984861826324,0.0,0.0,0
2019-07-22,BMRI.JK,-0.7894736842105263,20.0,-0.2631578947368421,-0.25842580751632904,-0.7894736842105263,-0.7894736842105263,-1
2019-07-23,BMRI.JK,-1.0,20.0,-0.5964912280701754,-0.4438193556372468,-0.8872180451127819,-0.21052631578947367,-1
2019-07-24,BMRI.JK,0.0,21.0,-0.5964912280701754,-0.3328645167279351,0.3984962406015038,1.0,0
2019-07-25,BMRI.JK,0.0,2.0,-0.3333333333333333,-0.2496483875459513,0.3984962406015038,0.0,0
2019-07-26,BMRI.JK,0.0,1.0,0.0,-0.18723629065946348,0.3984962406015038,0.0,0
2019-07-29,BMRI.JK,-0.5,2.0,-0.16666666666666666,-0.2654272179945976,-0.2443609022556391,-0.5,-1
2019-07-30,BMRI.JK,-1.0,3.0,-0.5,-0.44907041349594823,-0.6729323308270676,-0.5,-1
2019-07-31,BMRI.JK,0.0,3.0,-0.5,-0.33680281012196117,0.46992481203007525,1.0,0
2019-08-01,BMRI.JK,0.0,1.0,-0.3333333333333333,-0.2526021075914709,0.35714285714285715,0.0,0
2019-08-02,BMRI.JK,0.0,0.0,0.0,-0.18945158069360318,0.21428571428571427,0.0,0
2019-08-05,BMRI.JK,-0.25,4.0,-0.08333333333333333,-0.20458868552020237,-0.035714285714285726,-0.25,-1
2019-08-06,BMRI.JK,0.0,4.0,-0.08333333333333333,-0.15344151414015178,0.25,0.25,0
2019-08-07,BMRI.JK,0.0,5.0,-0.08333333333333333,-0.11508113560511384,0.25,0.0,0
2019-08-08,BMRI.JK,0.0,1.0,0.0,-0.08631085170383537,0.17857142857142858,0.0,0
2019-08-09,BMRI.JK,0.0,1.0,0.0,-0.06473313877787654,0.03571428571428571,0.0,0
2019-08-12,BMRI.JK,-1.0,1.0,-0.3333333333333333,-0.2985498540834074,-0.9642857142857143,-1.0,-1
2019-08-13,BMRI.JK,0.0,1.0,-0.3333333333333333,-0.22391239056255555,0.17857142857142858,1.0,0
2019-08-14,BMRI.JK,-1.0,2.0,-0.6666666666666666,-0.41793429292191664,-0.8214285714285714,-1.0,-1
2019-08-15,BMRI.JK,0.0,1.0,-0.3333333333333333,-0.31345071969143745,0.2857142857142857,1.0,0
2019-08-16,BMRI.JK,0.0,1.0,-0.3333333333333333,-0.2350880397685781,0.2857142857142857,0.0,0
2019-08-19,BMRI.JK,0.0,2.0,0.0,-0.17631602982643357,0.2857142857142857,0.0,0
2019-08-20,BMRI.JK,0.0,3.0,0.0,-0.13223702236982518,0.2857142857142857,0.0,0
2019-08-21,BMRI.JK,0.0,3.0,0.0,-0.09917776677736889,0.2857142857142857,0.0,0
2019-08-22,BMRI.JK,0.0,1.0,0.0,-0.07438332508302667,0.14285714285714285,0.0,0
2019-08-23,BMRI.JK,0.0,0.0,0.0,-0.05578749381227,0.14285714285714285,0.0,0
2019-08-26,BMRI.JK,-1.0,1.0,-0.3333333333333333,-0.2918406203592025,-1.0,-1.0,-1
2019-08-27,BMRI.JK,0.0,1.0,-0.3333333333333333,-0.21888046526940186,0.14285714285714285,1.0,0
2019-08-28,BMRI.JK,-0.09090909090909091,12.0,-0.3636363636363636,-0.18688762167932413,0.05194805194805194,-0.09090909090909091,-1
2019-08-29,BMRI.JK,-1.0,12.0,-0.3636363636363636,-0.3901657162594931,-0.8441558441558441,-0.9090909090909091,-1
2019-08-30,BMRI.JK,-0.6666666666666666,18.0,-0.5858585858585857,-0.4592909538612865,-0.36796536796536794,0.33333333333333337,-1
2019-09-02,BMRI.JK,0.0,7.0,-0.5555555555555555,-0.34446821539596484,0.3939393939393939,0.6666666666666666,0
2019-09-03,BMRI.JK,0.0,7.0,-0.2222222222222222,-0.25835116154697363,0.3939393939393939,0.0,0
2019-09-04,BMRI.JK,0.0,2.0,0.0,-0.19376337116023024,0.3939393939393939,0.0,0
2019-09-05,BMRI.JK,0.0,3.0,0.0,-0.14532252837017268,0.2510822510822511,0.0,0
2019-09-06,BMRI.JK,0.0,2.0,0.0,-0.10899189627762951,0.2510822510822511,0.0,0
2019-09-09,BMRI.JK,-0.5,3.0,-0.16666666666666666,-0.20674392220822213,-0.2619047619047619,-0.5,-1
2019-09-10,BMRI.JK,-1.0,3.0,-0.5,-0.4050579416561666,-0.8333333333333334,-0.5,-1
2019-09-11,BMRI.JK,0.0,3.0,-0.5,-0.30379345624212495,0.21428571428571427,1.0,0
2019-09-12,BMRI.JK,0.0,2.0,-0.3333333333333333,-0.2278450921815937,0.21428571428571427,0.0,0
2019-09-13,BMRI.JK,0.0,2.0,0.0,-0.17088381913619527,0.21428571428571427,0.0,0
2019-09-16,BMRI.JK,-1.0,3.0,-0.3333333333333333,-0.37816286435214647,-0.7857142857142857,-1.0,-1
2019-09-17,BMRI.JK,0.0,2.0,-0.3333333333333333,-0.28362214826410986,0.35714285714285715,1.0,0
2019-09-18,BMRI.JK,0.0,1.0,-0.3333333333333333,-0.21271661119808238,0.35714285714285715,0.0,0
2019-09-19,BMRI.JK,-1.0,1.0,-0.3333333333333333,-0.4095374583985618,-0.7142857142857143,-1.0,-1
2019-09-20,BMRI.JK,0.0,1.0,-0.3333333333333333,-0.30715309379892136,0.2857142857142857,1.0,0
2019-09-23,BMRI.JK,0.0,2.0,-0.3333333333333333,-0.23036482034919104,0.2857142857142857,0.0,0
2019-09-24,BMRI.JK,0.0,1.0,0.0,-0.17277361526189328,0.2857142857142857,0.0,0
2019-09-25,BMRI.JK,0.0,1.0,0.0,-0.12958021144641996,0.2857142857142857,0.0,0
2019-09-26,BMRI.JK,0.0,0.0,0.0,-0.09718515858481497,0.14285714285714285,0.0,0
2019-09-27,BMRI.JK,0.0,0.0,0.0,-0.07288886893861123,0.14285714285714285,0.0,0
2019-09-30,BMRI.JK,-1.0,1.0,-0.3333333333333333,-0.3046666517039584,-0.8571428571428572,-1.0,-1
2019-10-01,BMRI.JK,0.0,1.0,-0.3333333333333333,-0.2284999887779688,0.14285714285714285,1.0,0
2019-10-02,BMRI.JK,-0.5,3.0,-0.5,-0.2963749915834766,-0.35714285714285715,-0.5,-1
2019-10-03,BMRI.JK,0.0,2.0,-0.16666666666666666,-0.22228124368760743,0.21428571428571427,0.5,0
2019-10-04,BMRI.JK,-1.0,3.0,-0.5,-0.4167109327657056,-0.7857142857142857,-1.0,-1
2019-10-07,BMRI.JK,-1.0,2.0,-0.6666666666666666,-0.5625331995742792,-0.6428571428571428,0.0,-1
2019-10-08,BMRI.JK,0.0,2.0,-0.6666666666666666,-0.4218998996807094,0.5,1.0,0
2019-10-09,BMRI.JK,0.0,1.0,-0.3333333333333333,-0.3164249247605321,0.5,0.0,0
2019-10-10,BMRI.JK,0.0,0.0,0.0,-0.23731869357039906,0.35714285714285715,0.0,0
2019-10-11,BMRI.JK,0.0,0.0,0.0,-0.1779890201777993,0.35714285714285715,0.0,0
2019-10-14,BMRI.JK,0.0,0.0,0.0,-0.13349176513334948,0.2857142857142857,0.0,0
2019-10-15,BMRI.JK,-0.5,2.0,-0.16666666666666666,-0.2251188238500121,-0.2142857142857143,-0.5,-1
2019-10-16,BMRI.JK,0.0,3.0,-0.16666666666666666,-0.16883911788750908,0.21428571428571427,0.5,0
2019-10-17,BMRI.JK,1.0,4.0,0.16666666666666666,0.12337066158436819,1.0714285714285714,1.0,1
2019-10-18,BMRI.JK,1.0,3.0,0.6666666666666666,0.3425279961882761,0.9285714285714286,0.0,1
2019-10-21,BMRI.JK,0.0,2.0,0.6666666666666666,0.2568959971412071,-0.21428571428571427,-1.0,0
2019-10-22,BMRI.JK,0.0,1.0,0.3333333333333333,0.19267199785590533,-0.21428571428571427,0.0,0
2019-10-23,BMRI.JK,0.0,0.0,0.0,0.144503998391929,-0.21428571428571427,0.0,0
2019-10-24,BMRI.JK,0.0,0.0,0.0,0.10837799879394676,-0.21428571428571427,0.0,0
2019-10-25,BMRI.JK,-0.625,8.0,-0.20833333333333334,-0.07496650090453993,-0.9107142857142857,-0.625,-1
2019-10-28,BMRI.JK,-0.75,12.0,-0.4583333333333333,-0.24372487567840495,-0.9464285714285714,-0.125,-1
2019-10-29,BMRI.JK,0.3333333333333333,15.0,-0.34722222222222227,-0.09946032342547038,0.38690476190476186,1.0833333333333333,1
2019-10-30,BMRI.JK,-0.3333333333333333,10.0,-0.25,-0.1579285759024361,-0.1845238095238095,-0.6666666666666666,-1
2019-10-31,BMRI.JK,0.0,7.0,0.0,-0.11844643192682708,0.19642857142857142,0.3333333333333333,0
2019-11-01,BMRI.JK,0.0,4.0,-0.1111111111111111,-0.08883482394512031,0.19642857142857142,0.0,0
2019-11-04,BMRI.JK,-1.0,3.0,-0.3333333333333333,-0.3166261179588402,-0.8035714285714286,-1.0,-1
2019-11-05,BMRI.JK,0.0,2.0,-0.3333333333333333,-0.23746958846913016,0.3392857142857143,1.0,0
2019-11-06,BMRI.JK,-1.0,3.0,-0.6666666666666666,-0.4281021913518476,-0.75,-1.0,-1
2019-11-07,BMRI.JK,0.0,1.0,-0.3333333333333333,-0.3210766435138857,0.2857142857142857,1.0,0
2019-11-08,BMRI.JK,-1.0,3.0,-0.6666666666666666,-0.4908074826354143,-0.6666666666666666,-1.0,-1
2019-11-11,BMRI.JK,0.0,4.0,-0.3333333333333333,-0.3681056119765607,0.42857142857142855,1.0,0
2019-11-12,BMRI.JK,-1.0,5.0,-0.6666666666666666,-0.5260792089824206,-0.5714285714285714,-1.0,-1
2019-11-13,BMRI.JK,0.0,3.0,-0.3333333333333333,-0.39455940673681544,0.5714285714285714,1.0,0
2019-11-14,BMRI.JK,0.0,1.0,-0.3333333333333333,-0.2959195550526116,0.42857142857142855,0.0,0
2019-11-15,BMRI.JK,0.0,1.0,0.0,-0.2219396662894587,0.42857142857142855,0.0,0
2019-11-18,BMRI.JK,0.0,2.0,0.0,-0.166454749717094,0.2857142857142857,0.0,0
2019-11-19,BMRI.JK,0.0,2.0,0.0,-0.1248410622878205,0.2857142857142857,0.0,0
2019-11-20,BMRI.JK,0.0,2.0,0.0,-0.09363079671586538,0.14285714285714285,0.0,0
2019-11-21,BMRI.JK,0.0,1.0,0.0,-0.07022309753689904,0.14285714285714285,0.0,0
2019-11-22,BMRI.JK,0.0,1.0,0.0,-0.05266732315267428,0.0,0.0,0
2019-11-25,BMRI.JK,0.0,0.0,0.0,-0.03950049236450571,0.0,0.0,0
2019-11-26,BMRI.JK,0.0,0.0,0.0,-0.029625369273379283,0.0,0.0,0
2019-11-27,BMRI.JK,0.0,0.0,0.0,-0.022219026955034464,0.0,0.0,0
2019-11-28,BMRI.JK,1.0,1.0,0.3333333333333333,0.23333572978372416,1.0,1.0,1
2019-11-29,BMRI.JK,0.0,1.0,0.3333333333333333,0.1750017973377931,-0.14285714285714285,-1.0,0
2019-12-02,BMRI.JK,0.0,1.0,0.3333333333333333,0.13125134800334484,-0.14285714285714285,0.0,0
2019-12-03,BMRI.JK,0.0,1.0,0.0,0.09843851100250864,-0.14285714285714285,0.0,0
2019-12-04,BMRI.JK,0.0,1.0,0.0,0.07382888325188147,-0.14285714285714285,0.0,0
2019-12-05,BMRI.JK,0.0,1.0,0.0,0.055371662438911104,-0.14285714285714285,0.0,0
2019-12-06,BMRI.JK,0.0,0.0,0.0,0.041528746829183324,-0.14285714285714285,0.0,0
2019-12-09,BMRI.JK,-0.22727272727272727,22.0,-0.07575757575757576,-0.025671621696294323,-0.3701298701298701,-0.22727272727272727,-1
2019-12-10,BMRI.JK,0.0,22.0,-0.07575757575757576,-0.019253716272220743,0.032467532467532464,0.22727272727272727,0
2019-12-11,BMRI.JK,0.0,24.0,-0.07575757575757576,-0.014440287204165557,0.032467532467532464,0.0,0
2019-12-12,BMRI.JK,0.0,2.0,0.0,-0.010830215403124168,0.032467532467532464,0.0,0
2019-12-13,BMRI.JK,0.0,2.0,0.0,-0.008122661552343126,0.032467532467532464,0.0,0
2019-12-16,BMRI.JK,-0.3333333333333333,3.0,-0.1111111111111111,-0.08942532949759067,-0.30086580086580084,-0.3333333333333333,-1
2019-12-17,BMRI.JK,0.0,3.0,-0.1111111111111111,-0.067068997123193,0.08008658008658008,0.3333333333333333,0
2019-12-18,BMRI.JK,0.0,8.0,-0.1111111111111111,-0.05030174784239475,0.08008658008658008,0.0,0
2019-12-19,BMRI.JK,1.0,6.0,0.3333333333333333,0.21227368911820393,1.0476190476190477,1.0,1
2019-12-20,BMRI.JK,0.0,6.0,0.3333333333333333,0.15920526683865294,-0.09523809523809523,-1.0,0
2019-12-23,BMRI.JK,-0.25,5.0,0.25,0.0569039501289897,-0.34523809523809523,-0.25,-1
2019-12-24,BMRI.JK,0.0,4.0,-0.08333333333333333,0.04267796259674228,-0.05952380952380952,0.25,0
2019-12-25,BMRI.JK,0.0,4.0,-0.08333333333333333,0.03200847194755671,-0.05952380952380952,0.0,0
2019-12-26,BMRI.JK,0.0,0.0,0.0,0.024006353960667533,-0.10714285714285714,0.0,0
2019-12-27,BMRI.JK,0.0,0.0,0.0,0.01800476547050065,-0.10714285714285714,0.0,0
2019-12-30,BMRI.JK,0.0,1.0,0.0,0.013503574102875488,-0.10714285714285714,0.0,0
2019-12-31,BMRI.JK,0.0,1.0,0.0,0.010127680577156616,0.03571428571428571,0.0,0
2020-01-01,BMRI.JK,0.0,2.0,0.0,0.007595760432867462,0.03571428571428571,0.0,0
2020-01-02,BMRI.JK,0.0,1.0,0.0,0.005696820324650596,0.0,0.0,0
2020-01-03,BMRI.JK,-1.0,2.0,-0.3333333333333333,-0.24572738475651204,-1.0,-1.0,-1
2020-01-06,BMRI.JK,0.0,1.0,-0.3333333333333333,-0.18429553856738404,0.14285714285714285,1.0,0
2020-01-07,BMRI.JK,0.0,1.0,-0.3333333333333333,-0.13822165392553803,0.14285714285714285,0.0,0
2020-01-08,BMRI.JK,0.0,1.0,0.0,-0.10366624044415353,0.14285714285714285,0.0,0
2020-01-09,BMRI.JK,-1.0,2.0,-0.3333333333333333,-0.32774968033311513,-0.8571428571428572,-1.0,-1
2020-01-10,BMRI.JK,0.0,2.0,-0.3333333333333333,-0.24581226024983635,0.2857142857142857,1.0,0
2020-01-13,BMRI.JK,0.0,1.0,-0.3333333333333333,-0.18435919518737726,0.2857142857142857,0.0,0
2020-01-14,BMRI.JK,0.0,0.0,0.0,-0.13826939639053293,0.2857142857142857,0.0,0
2020-01-15,BMRI.JK,0.0,0.0,0.0,-0.1037020472928997,0.14285714285714285,0.0,0
2020-01-16,BMRI.JK,0.0,0.0,0.0,-0.07777653546967478,0.14285714285714285,0.0,0
2020-01-17,BMRI.JK,0.0,0.0,0.0,-0.058332401602256084,0.14285714285714285,0.0,0
2020-01-20,BMRI.JK,0.0,0.0,0.0,-0.04374930120169206,0.14285714285714285,0.0,0
2020-01-21,BMRI.JK,0.0,1.0,0.0,-0.032811975901269046,0.0,0.0,0
2020-01-22,BMRI.JK,0.0,1.0,0.0,-0.024608981925951783,0.0,0.0,0
2020-01-23,BMRI.JK,0.0,1.0,0.0,-0.018456736444463835,0.0,0.0,0
2020-01-24,BMRI.JK,0.0,0.0,0.0,-0.013842552333347876,0.0,0.0,0
2020-01-27,BMRI.JK,0.0,1.0,0.0,-0.010381914250010907,0.0,0.0,0
2020-01-28,BMRI.JK,0.0,1.0,0.0,-0.00778643568750818,0.0,0.0,0
2020-01-29,BMRI.JK,0.0,1.0,0.0,-0.005839826765631135,0.0,0.0,0
2020-01-30,BMRI.JK,0.0,0.0,0.0,-0.0043798700742233515,0.0,0.0,0
2020-01-31,BMRI.JK,0.0,0.0,0.0,-0.003284902555667514,0.0,0.0,0
2020-02-03,BMRI.JK,0.0,0.0,0.0,-0.002463676916750635,0.0,0.0,0
2020-02-04,BMRI.JK,0.0,0.0,0.0,-0.0018477576875629764,0.0,0.0,0
2020-02-05,BMRI.JK,0.0,0.0,0.0,-0.0013858182656722323,0.0,0.0,0
2020-02-06,BMRI.JK,0.0,0.0,0.0,-0.0010393636992541743,0.0,0.0,0
2020-02-07,BMRI.JK,0.0,0.0,0.0,-0.0007795227744406307,0.0,0.0,0
2020-02-10,BMRI.JK,0.0,0.0,0.0,-0.000584642080830473,0.0,0.0,0
2020-02-11,BMRI.JK,0.0,0.0,0.0,-0.00043848156062285473,0.0,0.0,0
2020-02-12,BMRI.JK,0.5,2.0,0.16666666666666666,0.12467113882953286,0.5,0.5,1
2020-02-13,BMRI.JK,0.6666666666666666,5.0,0.38888888888888884,0.2601700207888163,0.5952380952380952,0.16666666666666663,1
2020-02-14,BMRI.JK,0.0,5.0,0.38888888888888884,0.19512751559161223,-0.16666666666666666,-0.6666666666666666,0
2020-02-17,BMRI.JK,0.0,4.0,0.2222222222222222,0.14634563669370917,-0.16666666666666666,0.0,0
2020-02-18,BMRI.JK,0.0,1.0,0.0,0.10975922752028189,-0.16666666666666666,0.0,0
2020-02-19,BMRI.JK,-0.3,11.0,-0.09999999999999999,0.007319420640211419,-0.4666666666666667,-0.3,-1
2020-02-20,BMRI.JK,-1.0,11.0,-0.43333333333333335,-0.24451043451984145,-1.1238095238095238,-0.7,-1
2020-02-21,BMRI.JK,0.0,12.0,-0.43333333333333335,-0.18338282588988108,0.019047619047619042,1.0,0
2020-02-24,BMRI.JK,0.0,2.0,-0.3333333333333333,-0.1375371194174108,0.09047619047619047,0.0,0
2020-02-25,BMRI.JK,0.0,1.0,0.0,-0.10315283956305811,0.1857142857142857,0.0,0
2020-02-26,BMRI.JK,0.0,0.0,0.0,-0.07736462967229359,0.1857142857142857,0.0,0
2020-02-27,BMRI.JK,0.0,0.0,0.0,-0.05802347225422019,0.1857142857142857,0.0,0
2020-02-28,BMRI.JK,0.0,0.0,0.0,-0.043517604190665145,0.1857142857142857,0.0,0
2020-03-02,BMRI.JK,0.0,0.0,0.0,-0.03263820314299886,0.14285714285714285,0.0,0
2020-03-03,BMRI.JK,0.0,1.0,0.0,-0.024478652357249144,0.0,0.0,0
2020-03-04,BMRI.JK,0.0,1.0,0.0,-0.01835898926793686,0.0,0.0,0
2020-03-05,BMRI.JK,0.0,1.0,0.0,-0.013769241950952645,0.0,0.0,0
2020-03-06,BMRI.JK,0.0,1.0,0.0,-0.010326931463214483,0.0,0.0,0
2020-03-09,BMRI.JK,0.0,1.0,0.0,-0.007745198597410862,0.0,0.0,0
2020-03-10,BMRI.JK,0.0,1.0,0.0,-0.005808898948058147,0.0,0.0,0
2020-03-11,BMRI.JK,-1.0,2.0,-0.3333333333333333,-0.25435667421104363,-1.0,-1.0,-1
2020-03-12,BMRI.JK,0.0,2.0,-0.3333333333333333,-0.1907675056582827,0.14285714285714285,1.0,0
2020-03-13,BMRI.JK,0.0,2.0,-0.3333333333333333,-0.14307562924371203,0.14285714285714285,0.0,0
2020-03-16,BMRI.JK,-1.0,1.0,-0.3333333333333333,-0.357306721932784,-0.8571428571428572,-1.0,-1
2020-03-17,BMRI.JK,0.0,1.0,-0.3333333333333333,-0.267980041449588,0.2857142857142857,1.0,0
2020-03-18,BMRI.JK,0.0,1.0,-0.3333333333333333,-0.20098503108719099,0.2857142857142857,0.0,0
2020-03-19,BMRI.JK,-1.0,1.0,-0.3333333333333333,-0.4007387733153932,-0.7142857142857143,-1.0,-1
2020-03-20,BMRI.JK,0.0,1.0,-0.3333333333333333,-0.30055407998654493,0.42857142857142855,1.0,0
2020-03-23,BMRI.JK,-1.0,2.0,-0.6666666666666666,-0.4754155599899087,-0.7142857142857143,-1.0,-1
2020-03-24,BMRI.JK,0.0,1.0,-0.3333333333333333,-0.35656166999243155,0.42857142857142855,1.0,0
2020-03-25,BMRI.JK,0.0,1.0,-0.3333333333333333,-0.2674212524943237,0.42857142857142855,0.0,0
2020-03-26,BMRI.JK,0.0,0.0,0.0,-0.20056593937074277,0.2857142857142857,0.0,0
2020-03-27,BMRI.JK,0.0,1.0,0.0,-0.15042445452805708,0.2857142857142857,0.0,0
2020-03-30,BMRI.JK,0.0,3.0,0.0,-0.11281834089604281,0.2857142857142857,0.0,0
2020-03-31,BMRI.JK,-1.0,4.0,-0.3333333333333333,-0.3346137556720321,-0.8571428571428572,-1.0,-1
2020-04-01,BMRI.JK,1.0,5.0,0.0,-0.000960316754024082,1.2857142857142856,2.0,1
2020-04-02,BMRI.JK,0.0,3.0,0.0,-0.0007202375655180615,0.0,-1.0,0
2020-04-03,BMRI.JK,-1.0,3.0,0.0,-0.25054017817413854,-1.0,-1.0,-1
2020-04-06,BMRI.JK,-1.0,2.0,-0.6666666666666666,-0.4379051336306039,-0.8571428571428572,0.0,-1
2020-04-07,BMRI.JK,-1.0,3.0,-1.0,-0.5784288502229529,-0.7142857142857143,0.0,-1
2020-04-08,BMRI.JK,-1.0,3.0,-1.0,-0.6838216376672146,-0.5714285714285714,0.0,-1
2020-04-09,BMRI.JK,-1.0,3.0,-1.0,-0.762866228250411,-0.4285714285714286,0.0,-1
2020-04-10,BMRI.JK,0.0,2.0,-0.6666666666666666,-0.5721496711878082,0.5714285714285714,1.0,0
2020-04-13,BMRI.JK,0.0,1.0,-0.3333333333333333,-0.4291122533908562,0.7142857142857143,0.0,0
2020-04-14,BMRI.JK,0.0,0.0,0.0,-0.3218341900431421,0.7142857142857143,0.0,0
2020-04-15,BMRI.JK,-1.0,1.0,-0.3333333333333333,-0.4913756425323566,-0.4285714285714286,-1.0,-1
2020-04-16,BMRI.JK,0.0,1.0,-0.3333333333333333,-0.36853173189926747,0.5714285714285714,1.0,0
2020-04-17,BMRI.JK,-1.0,2.0,-0.6666666666666666,-0.5263987989244506,-0.5714285714285714,-1.0,-1
2020-04-20,BMRI.JK,0.0,3.0,-0.3333333333333333,-0.394799099193338,0.42857142857142855,1.0,0
2020-04-21,BMRI.JK,0.0,3.0,-0.3333333333333333,-0.2960993243950035,0.2857142857142857,0.0,0
2020-04-22,BMRI.JK,-1.0,3.0,-0.3333333333333333,-0.4720744932962526,-0.7142857142857143,-1.0,-1
2020-04-23,BMRI.JK,-1.0,2.0,-0.6666666666666666,-0.6040558699721894,-0.5714285714285714,0.0,-1
2020-04-24,BMRI.JK,1.0,3.0,-0.3333333333333333,-0.20304190247914206,1.5714285714285714,2.0,1
2020-04-27,BMRI.JK,0.0,2.0,0.0,-0.15228142685935653,0.2857142857142857,-1.0,0
2020-04-28,BMRI.JK,0.0,1.0,0.3333333333333333,-0.1142110701445174,0.2857142857142857,0.0,0
2020-04-29,BMRI.JK,0.0,0.0,0.0,-0.08565830260838805,0.14285714285714285,0.0,0
2020-04-30,BMRI.JK,-1.0,1.0,-0.3333333333333333,-0.31424372695629105,-0.8571428571428572,-1.0,-1
2020-05-01,BMRI.JK,0.0,1.0,-0.3333333333333333,-0.2356827952172183,0.2857142857142857,1.0,0
2020-05-04,BMRI.JK,0.0,4.0,-0.3333333333333333,-0.17676209641291374,0.14285714285714285,0.0,0
2020-05-05,BMRI.JK,0.0,3.0,0.0,-0.1325715723096853,0.0,0.0,0
2020-05-06,BMRI.JK,0.0,3.0,0.0,-0.09942867923226398,0.14285714285714285,0.0,0
2020-05-07,BMRI.JK,0.0,1.0,0.0,-0.07457150942419799,0.14285714285714285,0.0,0
2020-05-08,BMRI.JK,0.0,1.0,0.0,-0.05592863206814849,0.14285714285714285,0.0,0
2020-05-11,BMRI.JK,-1.0,3.0,-0.3333333333333333,-0.29194647405111135,-0.8571428571428572,-1.0,-1
2020-05-12,BMRI.JK,0.0,2.0,-0.3333333333333333,-0.21895985553833353,0.14285714285714285,1.0,0
2020-05-13,BMRI.JK,0.0,2.0,-0.3333333333333333,-0.16421989165375014,0.14285714285714285,0.0,0
2020-05-14,BMRI.JK,0.0,0.0,0.0,-0.1231649187403126,0.14285714285714285,0.0,0
2020-05-15,BMRI.JK,0.0,0.0,0.0,-0.09237368905523445,0.14285714285714285,0.0,0
2020-05-18,BMRI.JK,1.0,2.0,0.3333333333333333,0.18071973320857415,1.1428571428571428,1.0,1
2020-05-19,BMRI.JK,0.0,2.0,0.3333333333333333,0.1355397999064306,0.0,-1.0,0
2020-05-20,BMRI.JK,0.0,3.0,0.3333333333333333,0.10165484992982296,0.0,0.0,0
2020-05-21,BMRI.JK,0.0,1.0,0.0,0.07624113744736721,-0.14285714285714285,0.0,0
2020-05-22,BMRI.JK,0.0,1.0,0.0,0.05718085308552541,-0.14285714285714285,0.0,0
2020-05-25,BMRI.JK,0.0,0.0,0.0,0.04288563981414406,-0.14285714285714285,0.0,0
2020-05-26,BMRI.JK,0.0,0.0,0.0,0.032164229860608046,-0.14285714285714285,0.0,0
2020-05-27,BMRI.JK,0.0,0.0,0.0,0.024123172395456034,-0.14285714285714285,0.0,0
2020-05-28,BMRI.JK,0.0,0.0,0.0,0.018092379296592027,0.0,0.0,0
2020-05-29,BMRI.JK,0.0,0.0,0.0,0.01356928447244402,0.0,0.0,0
2020-06-01,BMRI.JK,-1.0,1.0,-0.3333333333333333,-0.23982303664566698,-1.0,-1.0,-1
2020-06-02,BMRI.JK,0.0,1.0,-0.3333333333333333,-0.17986727748425024,0.14285714285714285,1.0,0
2020-06-03,BMRI.JK,0.0,1.0,-0.3333333333333333,-0.13490045811318768,0.14285714285714285,0.0,0
2020-06-04,BMRI.JK,0.0,0.0,0.0,-0.10117534358489076,0.14285714285714285,0.0,0
2020-06-05,BMRI.JK,-1.0,1.0,-0.3333333333333333,-0.3258815076886681,-0.8571428571428572,-1.0,-1
2020-06-08,BMRI.JK,-1.0,2.0,-0.6666666666666666,-0.49441113076650106,-0.7142857142857143,0.0,-1
2020-06-09,BMRI.JK,0.0,2.0,-0.6666666666666666,-0.3708083480748758,0.42857142857142855,1.0,0
2020-06-10,BMRI.JK,0.0,1.0,-0.3333333333333333,-0.2781062610561568,0.42857142857142855,0.0,0
2020-06-11,BMRI.JK,0.0,3.0,0.0,-0.2085796957921176,0.2857142857142857,0.0,0
2020-06-12,BMRI.JK,0.0,3.0,0.0,-0.15643477184408822,0.2857142857142857,0.0,0
2020-06-15,BMRI.JK,0.0,3.0,0.0,-0.11732607888306616,0.2857142857142857,0.0,0
2020-06-16,BMRI.JK,0.0,0.0,0.0,-0.08799455916229962,0.2857142857142857,0.0,0
2020-06-17,BMRI.JK,0.0,0.0,0.0,-0.06599591937172472,0.14285714285714285,0.0,0
2020-06-18,BMRI.JK,0.0,0.0,0.0,-0.04949693952879354,0.0,0.0,0
2020-06-19,BMRI.JK,1.0,1.0,0.3333333333333333,0.21287729535340483,1.0,1.0,1
2020-06-22,BMRI.JK,0.0,1.0,0.3333333333333333,0.15965797151505362,-0.14285714285714285,-1.0,0
2020-06-23,BMRI.JK,1.0,2.0,0.6666666666666666,0.3697434786362902,0.8571428571428572,1.0,1
2020-06-24,BMRI.JK,0.0,2.0,0.3333333333333333,0.2773076089772176,-0.2857142857142857,-1.0,0
2020-06-25,BMRI.JK,0.0,3.0,0.3333333333333333,0.20798070673291322,-0.2857142857142857,0.0,0
2020-06-26,BMRI.JK,0.0,2.0,0.0,0.1559855300496849,-0.2857142857142857,0.0,0
2020-06-29,BMRI.JK,0.0,3.0,0.0,0.11698914753726368,-0.2857142857142857,0.0,0
2020-06-30,BMRI.JK,0.0,2.0,0.0,0.08774186065294776,-0.2857142857142857,0.0,0
2020-07-01,BMRI.JK,-0.5,6.0,-0.16666666666666666,-0.05919360451028918,-0.6428571428571428,-0.5,-1
2020-07-02,BMRI.JK,0.0,6.0,-0.16666666666666666,-0.04439520338271689,-0.07142857142857142,0.5,0
2020-07-03,BMRI.JK,0.0,6.0,-0.16666666666666666,-0.03329640253703767,0.07142857142857142,0.0,0
2020-07-06,BMRI.JK,0.0,2.0,0.0,-0.02497230190277825,0.07142857142857142,0.0,0
2020-07-07,BMRI.JK,0.0,0.0,0.0,-0.01872922642708369,0.07142857142857142,0.0,0
2020-07-08,BMRI.JK,0.0,0.0,0.0,-0.014046919820312767,0.07142857142857142,0.0,0
2020-07-09,BMRI.JK,0.0,0.0,0.0,-0.010535189865234575,0.07142857142857142,0.0,0
2020-07-10,BMRI.JK,-1.0,1.0,-0.3333333333333333,-0.25790139239892595,-0.9285714285714286,-1.0,-1
2020-07-13,BMRI.JK,-0.5,3.0,-0.5,-0.31842604429919447,-0.35714285714285715,0.5,-1
2020-07-14,BMRI.JK,0.0,3.0,-0.5,-0.23881953322439586,0.21428571428571427,0.5,0
2020-07-15,BMRI.JK,-1.0,3.0,-0.5,-0.4291146499182969,-0.7857142857142857,-1.0,-1
2020-07-16,BMRI.JK,0.0,1.0,-0.3333333333333333,-0.32183598743872266,0.35714285714285715,1.0,0
2020-07-17,BMRI.JK,0.0,1.0,-0.3333333333333333,-0.241376990579042,0.35714285714285715,0.0,0
2020-07-20,BMRI.JK,0.0,0.0,0.0,-0.1810327429342815,0.35714285714285715,0.0,0
2020-07-21,BMRI.JK,-1.0,1.0,-0.3333333333333333,-0.38577455720071113,-0.6428571428571428,-1.0,-1
2020-07-22,BMRI.JK,0.0,1.0,-0.3333333333333333,-0.28933091790053334,0.35714285714285715,1.0,0
2020-07-23,BMRI.JK,0.0,3.0,-0.3333333333333333,-0.2169981884254,0.2857142857142857,0.0,0
2020-07-24,BMRI.JK,0.0,2.0,0.0,-0.16274864131905,0.2857142857142857,0.0,0
2020-07-27,BMRI.JK,0.0,2.0,0.0,-0.12206148098928751,0.14285714285714285,0.0,0
2020-07-28,BMRI.JK,0.0,0.0,0.0,-0.09154611074196564,0.14285714285714285,0.0,0
2020-07-29,BMRI.JK,0.0,0.0,0.0,-0.06865958305647424,0.14285714285714285,0.0,0
2020-07-30,BMRI.JK,0.0,0.0,0.0,-0.05149468729235568,0.14285714285714285,0.0,0
2020-07-31,BMRI.JK,0.0,0.0,0.0,-0.03862101546926676,0.0,0.0,0
2020-08-03,BMRI.JK,0.0,0.0,0.0,-0.02896576160195007,0.0,0.0,0
2020-08-04,BMRI.JK,0.0,0.0,0.0,-0.021724321201462553,0.0,0.0,0
2020-08-05,BMRI.JK,0.0,0.0,0.0,-0.016293240901096913,0.0,0.0,0
2020-08-06,BMRI.JK,0.0,0.0,0.0,-0.012219930675822685,0.0,0.0,0
2020-08-07,BMRI.JK,1.0,3.0,0.3333333333333333,0.240835051993133,1.0,1.0,1
2020-08-10,BMRI.JK,0.0,3.0,0.3333333333333333,0.18062628899484973,-0.14285714285714285,-1.0,0
2020-08-11,BMRI.JK,0.0,3.0,0.3333333333333333,0.13546971674613728,-0.14285714285714285,0.0,0
2020-08-12,BMRI.JK,0.0,1.0,0.0,0.10160228755960296,-0.14285714285714285,0.0,0
2020-08-13,BMRI.JK,0.0,2.0,0.0,0.07620171566970221,-0.14285714285714285,0.0,0
2020-08-14,BMRI.JK,0.0,2.0,0.0,0.05715128675227666,-0.14285714285714285,0.0,0
2020-08-17,BMRI.JK,0.0,1.0,0.0,0.0428634650642075,-0.14285714285714285,0.0,0
2020-08-18,BMRI.JK,1.0,1.0,0.3333333333333333,0.28214759879815565,0.8571428571428572,1.0,1
2020-08-19,BMRI.JK,0.0,3.0,0.3333333333333333,0.21161069909861674,-0.14285714285714285,-1.0,0
2020-08-20,BMRI.JK,0.0,3.0,0.3333333333333333,0.15870802432396255,-0.14285714285714285,0.0,0
2020-08-21,BMRI.JK,0.0,2.0,0.0,0.11903101824297191,-0.14285714285714285,0.0,0
2020-08-24,BMRI.JK,0.0,1.0,0.0,0.08927326368222893,-0.14285714285714285,0.0,0
2020-08-25,BMRI.JK,0.0,3.0,0.0,0.0669549477616717,-0.14285714285714285,0.0,0
2020-08-26,BMRI.JK,-1.0,4.0,-0.3333333333333333,-0.19978378917874623,-1.1428571428571428,-1.0,-1
2020-08-27,BMRI.JK,0.0,3.0,-0.3333333333333333,-0.14983784188405969,0.0,1.0,0
2020-08-28,BMRI.JK,0.0,1.0,-0.3333333333333333,-0.11237838141304476,0.14285714285714285,0.0,0
2020-08-31,BMRI.JK,0.0,0.0,0.0,-0.08428378605978357,0.14285714285714285,0.0,0
2020-09-01,BMRI.JK,0.0,1.0,0.0,-0.06321283954483767,0.14285714285714285,0.0,0
2020-09-02,BMRI.JK,-0.5714285714285714,8.0,-0.19047619047619047,-0.1902667725157711,-0.42857142857142855,-0.5714285714285714,-1
2020-09-03,BMRI.JK,-0.5,12.0,-0.35714285714285715,-0.2677000793868283,-0.2755102040816326,0.0714285714285714,-1
2020-09-04,BMRI.JK,0.0,11.0,-0.35714285714285715,-0.20077505954012126,0.2959183673469387,0.5,0
2020-09-07,BMRI.JK,0.0,4.0,-0.16666666666666666,-0.15058129465509096,0.15306122448979592,0.0,0
2020-09-08,BMRI.JK,0.0,0.0,0.0,-0.11293597099131822,0.15306122448979592,0.0,0
2020-09-09,BMRI.JK,0.0,0.0,0.0,-0.08470197824348866,0.15306122448979592,0.0,0
2020-09-10,BMRI.JK,0.0,2.0,0.0,-0.06352648368261649,0.15306122448979592,0.0,0
2020-09-11,BMRI.JK,0.0,2.0,0.0,-0.047644862761962364,0.15306122448979592,0.0,0
2020-09-14,BMRI.JK,0.0,4.0,0.0,-0.03573364707147177,0.07142857142857142,0.0,0
2020-09-15,BMRI.JK,0.0,2.0,0.0,-0.026800235303603828,0.0,0.0,0
2020-09-16,BMRI.JK,0.0,2.0,0.0,-0.02010017647770287,0.0,0.0,0
2020-09-17,BMRI.JK,0.0,0.0,0.0,-0.015075132358277153,0.0,0.0,0
2020-09-18,BMRI.JK,0.0,0.0,0.0,-0.011306349268707865,0.0,0.0,0
2020-09-21,BMRI.JK,0.0,0.0,0.0,-0.008479761951530898,0.0,0.0,0
2020-09-22,BMRI.JK,0.0,0.0,0.0,-0.0063598214636481736,0.0,0.0,0
2020-09-23,BMRI.JK,-1.0,1.0,-0.3333333333333333,-0.2547698660977361,-1.0,-1.0,-1
2020-09-24,BMRI.JK,0.0,2.0,-0.3333333333333333,-0.19107739957330208,0.14285714285714285,1.0,0
2020-09-25,BMRI.JK,-1.0,5.0,-0.6666666666666666,-0.39330804967997657,-0.8571428571428572,-1.0,-1
2020-09-28,BMRI.JK,0.0,4.0,-0.3333333333333333,-0.2949810372599824,0.2857142857142857,1.0,0
2020-09-29,BMRI.JK,-0.3333333333333333,6.0,-0.4444444444444444,-0.30456911127832015,-0.047619047619047616,-0.3333333333333333,-1
2020-09-30,BMRI.JK,0.0,3.0,-0.1111111111111111,-0.2284268334587401,0.33333333333333337,0.3333333333333333,0
2020-10-01,BMRI.JK,0.0,3.0,-0.1111111111111111,-0.1713201250940551,0.33333333333333337,0.0,0
2020-10-02,BMRI.JK,0.0,0.0,0.0,-0.12849009382054133,0.33333333333333337,0.0,0
2020-10-05,BMRI.JK,-1.0,2.0,-0.3333333333333333,-0.346367570365406,-0.8095238095238095,-1.0,-1
2020-10-06,BMRI.JK,0.0,2.0,-0.3333333333333333,-0.2597756777740545,0.3333333333333333,1.0,0
2020-10-07,BMRI.JK,0.0,3.0,-0.3333333333333333,-0.1948317583305409,0.19047619047619047,0.0,0
2020-10-08,BMRI.JK,0.0,1.0,0.0,-0.14612381874790567,0.19047619047619047,0.0,0
2020-10-09,BMRI.JK,-1.0,2.0,-0.3333333333333333,-0.3595928640609293,-0.8571428571428572,-1.0,-1
2020-10-12,BMRI.JK,0.0,2.0,-0.3333333333333333,-0.269694648045697,0.2857142857142857,1.0,0
2020-10-13,BMRI.JK,-1.0,4.0,-0.6666666666666666,-0.45227098603427274,-0.7142857142857143,-1.0,-1
2020-10-14,BMRI.JK,0.0,3.0,-0.3333333333333333,-0.3392032395257045,0.42857142857142855,1.0,0
2020-10-15,BMRI.JK,0.0,3.0,-0.3333333333333333,-0.2544024296442784,0.2857142857142857,0.0,0
2020-10-16,BMRI.JK,0.0,1.0,0.0,-0.1908018222332088,0.2857142857142857,0.0,0
2020-10-19,BMRI.JK,0.0,1.0,0.0,-0.14310136667490658,0.2857142857142857,0.0,0
2020-10-20,BMRI.JK,-1.0,1.0,-0.3333333333333333,-0.35732602500617994,-0.7142857142857143,-1.0,-1
2020-10-21,BMRI.JK,0.5555555555555556,19.0,-0.14814814814814814,-0.12910562986574609,0.8412698412698413,1.5555555555555556,1
2020-10-22,BMRI.JK,0.6666666666666666,25.0,0.07407407407407407,0.0698374442673571,0.873015873015873,0.11111111111111105,1
2020-10-23,BMRI.JK,0.0,24.0,0.40740740740740744,0.052378083200517817,-0.031746031746031744,-0.6666666666666666,0
2020-10-26,BMRI.JK,-1.0,7.0,-0.11111111111111109,-0.21071643759961164,-1.0317460317460316,-1.0,-1
2020-10-27,BMRI.JK,0.0,2.0,-0.3333333333333333,-0.15803732819970873,0.11111111111111112,1.0,0
2020-10-28,BMRI.JK,0.0,3.0,-0.3333333333333333,-0.11852799614978154,0.11111111111111112,0.0,0
2020-10-29,BMRI.JK,0.0,2.0,0.0,-0.08889599711233616,0.11111111111111112,0.0,0
2020-10-30,BMRI.JK,0.0,1.0,0.0,-0.06667199783425212,-0.031746031746031744,0.0,0
2020-11-02,BMRI.JK,-1.0,1.0,-0.3333333333333333,-0.3000039983756891,-0.9523809523809523,-1.0,-1
2020-11-03,BMRI.JK,-1.0,2.0,-0.6666666666666666,-0.4750029987817668,-0.7142857142857143,0.0,-1
2020-11-04,BMRI.JK,0.0,2.0,-0.6666666666666666,-0.35625224908632513,0.42857142857142855,1.0,0
2020-11-05,BMRI.JK,0.0,2.0,-0.3333333333333333,-0.26718918681474385,0.2857142857142857,0.0,0
2020-11-06,BMRI.JK,0.0,1.0,0.0,-0.2003918901110579,0.2857142857142857,0.0,0
2020-11-09,BMRI.JK,0.0,1.0,0.0,-0.1502939175832934,0.2857142857142857,0.0,0
2020-11-10,BMRI.JK,0.0,0.0,0.0,-0.11272043818747006,0.2857142857142857,0.0,0
2020-11-11,BMRI.JK,0.0,0.0,0.0,-0.08454032864060254,0.2857142857142857,0.0,0
2020-11-12,BMRI.JK,0.0,1.0,0.0,-0.0634052464804519,0.14285714285714285,0.0,0
2020-11-13,BMRI.JK,0.0,1.0,0.0,-0.047553934860338924,0.0,0.0,0
2020-11-16,BMRI.JK,0.0,1.0,0.0,-0.03566545114525419,0.0,0.0,0
2020-11-17,BMRI.JK,0.0,0.0,0.0,-0.026749088358940645,0.0,0.0,0
2020-11-18,BMRI.JK,-0.5,2.0,-0.16666666666666666,-0.14506181626920547,-0.5,-0.5,-1
2020-11-19,BMRI.JK,0.0,2.0,-0.16666666666666666,-0.10879636220190411,0.07142857142857142,0.5,0
2020-11-20,BMRI.JK,0.0,2.0,-0.16666666666666666,-0.08159727165142808,0.07142857142857142,0.0,0
2020-11-23,BMRI.JK,-1.0,1.0,-0.3333333333333333,-0.31119795373857106,-0.9285714285714286,-1.0,-1
2020-11-24,BMRI.JK,1.0,2.0,0.0,0.0166015346960717,1.2142857142857142,2.0,1
2020-11-25,BMRI.JK,0.0,6.0,0.0,0.012451151022053776,0.07142857142857142,-1.0,0
2020-11-26,BMRI.JK,0.0,5.0,0.3333333333333333,0.009338363266540332,0.07142857142857142,0.0,0
2020-11-27,BMRI.JK,0.0,4.0,0.0,0.007003772449905249,0.07142857142857142,0.0,0
2020-11-30,BMRI.JK,0.0,0.0,0.0,0.005252829337428936,0.0,0.0,0
2020-12-01,BMRI.JK,0.0,0.0,0.0,0.003939622003071702,0.0,0.0,0
2020-12-02,BMRI.JK,0.0,0.0,0.0,0.0029547165023037763,0.0,0.0,0
2020-12-03,BMRI.JK,0.0,1.0,0.0,0.0022160373767278322,-0.14285714285714285,0.0,0
2020-12-04,BMRI.JK,0.0,1.0,0.0,0.0016620280325458743,0.0,0.0,0
2020-12-07,BMRI.JK,0.0,1.0,0.0,0.0012465210244094057,0.0,0.0,0
2020-12-08,BMRI.JK,0.0,0.0,0.0,0.0009348907683070543,0.0,0.0,0
2020-12-09,BMRI.JK,0.0,0.0,0.0,0.0007011680762302908,0.0,0.0,0
2020-12-10,BMRI.JK,0.0,0.0,0.0,0.0005258760571727182,0.0,0.0,0
2020-12-11,BMRI.JK,0.0,0.0,0.0,0.0003944070428795386,0.0,0.0,0
2020-12-14,BMRI.JK,-1.0,1.0,-0.3333333333333333,-0.24970419471784033,-1.0,-1.0,-1
2020-12-15,BMRI.JK,0.0,1.0,-0.3333333333333333,-0.18727814603838025,0.14285714285714285,1.0,0
2020-12-16,BMRI.JK,-1.0,2.0,-0.6666666666666666,-0.3904586095287852,-0.8571428571428572,-1.0,-1
2020-12-17,BMRI.JK,0.0,1.0,-0.3333333333333333,-0.2928439571465889,0.2857142857142857,1.0,0
2020-12-18,BMRI.JK,0.0,1.0,-0.3333333333333333,-0.21963296785994169,0.2857142857142857,0.0,0
2020-12-21,BMRI.JK,-1.0,1.0,-0.3333333333333333,-0.41472472589495624,-0.7142857142857143,-1.0,-1
2020-12-22,BMRI.JK,0.0,2.0,-0.3333333333333333,-0.3110435444212172,0.42857142857142855,1.0,0
2020-12-23,BMRI.JK,-0.3333333333333333,5.0,-0.4444444444444444,-0.3166159916492462,0.09523809523809523,-0.3333333333333333,-1
2020-12-24,BMRI.JK,0.0,4.0,-0.1111111111111111,-0.23746199373693466,0.33333333333333337,0.3333333333333333,0
2020-12-25,BMRI.JK,0.0,3.0,-0.1111111111111111,-0.178096495302701,0.33333333333333337,0.0,0
2020-12-28,BMRI.JK,0.0,0.0,0.0,-0.13357237147702575,0.19047619047619047,0.0,0
2020-12-29,BMRI.JK,0.0,0.0,0.0,-0.10017927860776932,0.19047619047619047,0.0,0
2020-12-30,BMRI.JK,0.0,1.0,0.0,-0.07513445895582699,0.19047619047619047,0.0,0
2020-12-31,BMRI.JK,0.0,1.0,0.0,-0.05635084421687024,0.047619047619047616,0.0,0
2021-01-01,BMRI.JK,0.0,1.0,0.0,-0.04226313316265268,0.047619047619047616,0.0,0
2021-01-04,BMRI.JK,-1.0,1.0,-0.3333333333333333,-0.2816973498719895,-1.0,-1.0,-1
2021-01-05,BMRI.JK,0.0,1.0,-0.3333333333333333,-0.21127301240399216,0.14285714285714285,1.0,0
2021-01-06,BMRI.JK,0.0,2.0,-0.3333333333333333,-0.15845475930299413,0.14285714285714285,0.0,0
2021-01-07,BMRI.JK,-1.0,2.0,-0.3333333333333333,-0.3688410694772456,-0.8571428571428572,-1.0,-1
2021-01-08,BMRI.JK,0.0,2.0,-0.3333333333333333,-0.2766308021079342,0.2857142857142857,1.0,0
2021-01-11,BMRI.JK,0.0,1.0,-0.3333333333333333,-0.20747310158095067,0.2857142857142857,0.0,0
2021-01-12,BMRI.JK,-1.0,1.0,-0.3333333333333333,-0.40560482618571303,-0.7142857142857143,-1.0,-1
2021-01-13,BMRI.JK,-1.0,4.0,-0.6666666666666666,-0.5542036196392848,-0.5714285714285714,0.0,-1
2021-01-14,BMRI.JK,0.0,4.0,-0.6666666666666666,-0.4156527147294636,0.42857142857142855,1.0,0
2021-01-15,BMRI.JK,0.0,3.0,-0.3333333333333333,-0.3117395360470977,0.42857142857142855,0.0,0
2021-01-18,BMRI.JK,0.0,1.0,0.0,-0.23380465203532327,0.42857142857142855,0.0,0
2021-01-19,BMRI.JK,0.0,1.0,0.0,-0.17535348902649245,0.2857142857142857,0.0,0
2021-01-20,BMRI.JK,0.0,1.0,0.0,-0.13151511676986932,0.2857142857142857,0.0,0
2021-01-21,BMRI.JK,1.0,1.0,0.3333333333333333,0.15136366242259802,1.2857142857142856,1.0,1
2021-01-22,BMRI.JK,0.0,1.0,0.3333333333333333,0.11352274681694852,0.0,-1.0,0
2021-01-25,BMRI.JK,0.0,2.0,0.3333333333333333,0.08514206011271139,-0.14285714285714285,0.0,0
2021-01-26,BMRI.JK,-1.0,2.0,-0.3333333333333333,-0.18614345491546647,-1.1428571428571428,-1.0,-1
2021-01-27,BMRI.JK,-1.0,3.0,-0.6666666666666666,-0.3896075911865998,-1.0,0.0,-1
2021-01-28,BMRI.JK,-1.0,5.0,-1.0,-0.5422056933899498,-0.8571428571428572,0.0,-1
2021-01-29,BMRI.JK,0.0,4.0,-0.6666666666666666,-0.40665427004246235,0.2857142857142857,1.0,0
2021-02-01,BMRI.JK,-1.0,5.0,-0.6666666666666666,-0.5549907025318468,-0.7142857142857143,-1.0,-1
2021-02-02,BMRI.JK,0.0,3.0,-0.3333333333333333,-0.4162430268988851,0.5714285714285714,1.0,0
2021-02-03,BMRI.JK,0.0,4.0,-0.3333333333333333,-0.31218227017416383,0.5714285714285714,0.0,0
2021-02-04,BMRI.JK,0.0,2.0,0.0,-0.23413670263062286,0.5714285714285714,0.0,0
2021-02-05,BMRI.JK,-1.0,2.0,-0.3333333333333333,-0.42560252697296713,-0.5714285714285714,-1.0,-1
2021-02-08,BMRI.JK,-0.5,3.0,-0.5,-0.44420189522972536,-0.07142857142857145,0.5,-1
2021-02-09,BMRI.JK,0.0,3.0,-0.5,-0.33315142142229404,0.35714285714285715,0.5,0
2021-02-10,BMRI.JK,0.0,2.0,-0.16666666666666666,-0.24986356606672053,0.35714285714285715,0.0,0
2021-02-11,BMRI.JK,0.0,0.0,0.0,-0.1873976745500404,0.21428571428571427,0.0,0
2021-02-12,BMRI.JK,-1.0,1.0,-0.3333333333333333,-0.3905482559125303,-0.7857142857142857,-1.0,-1
2021-02-15,BMRI.JK,0.0,3.0,-0.3333333333333333,-0.29291119193439774,0.35714285714285715,1.0,0
2021-02-16,BMRI.JK,-0.25,7.0,-0.4166666666666667,-0.2821833939507983,0.10714285714285715,-0.25,-1
2021-02-17,BMRI.JK,0.0,7.0,-0.08333333333333333,-0.2116375454630987,0.25,0.25,0
2021-02-18,BMRI.JK,0.0,6.0,-0.08333333333333333,-0.15872815909732402,0.17857142857142858,0.0,0
2021-02-19,BMRI.JK,0.0,2.0,0.0,-0.11904611932299301,0.17857142857142858,0.0,0
2021-02-22,BMRI.JK,0.0,1.0,0.0,-0.08928458949224476,0.17857142857142858,0.0,0
2021-02-23,BMRI.JK,-1.0,1.0,-0.3333333333333333,-0.3169634421191836,-0.8214285714285714,-1.0,-1
2021-02-24,BMRI.JK,0.0,1.0,-0.3333333333333333,-0.2377225815893877,0.17857142857142858,1.0,0
2021-02-25,BMRI.JK,0.0,1.0,-0.3333333333333333,-0.17829193619204076,0.17857142857142858,0.0,0
2021-02-26,BMRI.JK,1.0,1.0,0.3333333333333333,0.11628104785596943,1.1428571428571428,1.0,1
2021-03-01,BMRI.JK,0.0,1.0,0.3333333333333333,0.08721078589197707,0.0,-1.0,0
2021-03-02,BMRI.JK,0.5,3.0,0.5,0.1904080894189828,0.5,0.5,1
2021-03-03,BMRI.JK,0.0,3.0,0.16666666666666666,0.1428060670642371,-0.07142857142857142,-0.5,0
2021-03-04,BMRI.JK,0.0,3.0,0.16666666666666666,0.10710455029817782,-0.07142857142857142,0.0,0
2021-03-05,BMRI.JK,0.0,1.0,0.0,0.08032841272363336,-0.21428571428571427,0.0,0
2021-03-08,BMRI.JK,1.0,2.0,0.3333333333333333,0.31024630954272503,0.7857142857142857,1.0,1
2021-03-09,BMRI.JK,0.0,3.0,0.3333333333333333,0.23268473215704377,-0.35714285714285715,-1.0,0
2021-03-10,BMRI.JK,0.0,3.0,0.3333333333333333,0.17451354911778283,-0.21428571428571427,0.0,0
2021-03-11,BMRI.JK,0.0,1.0,0.0,0.13088516183833712,-0.21428571428571427,0.0,0
2021-03-12,BMRI.JK,0.0,0.0,0.0,0.09816387137875285,-0.14285714285714285,0.0,0
2021-03-15,BMRI.JK,-0.08333333333333333,12.0,-0.027777777777777776,0.052789570200731314,-0.22619047619047616,-0.08333333333333333,-1
2021-03-16,BMRI.JK,0.0,13.0,-0.027777777777777776,0.03959217765054848,-0.13095238095238096,0.08333333333333333,0
2021-03-17,BMRI.JK,0.0,13.0,-0.027777777777777776,0.029694133237911362,-0.13095238095238096,0.0,0
2021-03-18,BMRI.JK,0.0,2.0,0.0,0.02227059992843352,0.011904761904761904,0.0,0
2021-03-19,BMRI.JK,0.0,1.0,0.0,0.016702949946325138,0.011904761904761904,0.0,0
2021-03-22,BMRI.JK,-1.0,4.0,-0.3333333333333333,-0.23747278754025614,-0.9880952380952381,-1.0,-1
2021-03-23,BMRI.JK,0.0,3.0,-0.3333333333333333,-0.1781045906551921,0.15476190476190474,1.0,0
2021-03-24,BMRI.JK,-1.0,4.0,-0.6666666666666666,-0.3835784429913941,-0.8452380952380952,-1.0,-1
2021-03-25,BMRI.JK,0.0,1.0,-0.3333333333333333,-0.28768383224354555,0.2857142857142857,1.0,0
2021-03-26,BMRI.JK,-1.0,3.0,-0.6666666666666666,-0.46576287418265916,-0.7142857142857143,-1.0,-1
2021-03-29,BMRI.JK,-1.0,3.0,-0.6666666666666666,-0.5993221556369943,-0.5714285714285714,0.0,-1
2021-03-30,BMRI.JK,-0.3333333333333333,6.0,-0.7777777777777778,-0.5328249500610791,0.23809523809523808,0.6666666666666667,-1
2021-03-31,BMRI.JK,0.0,6.0,-0.4444444444444444,-0.39961871254580933,0.619047619047619,0.3333333333333333,0
2021-04-01,BMRI.JK,-0.5,7.0,-0.27777777777777773,-0.424714034409357,-0.02380952380952378,-0.5,-1
2021-04-02,BMRI.JK,0.0,4.0,-0.16666666666666666,-0.31853552580701777,0.5476190476190477,0.5,0
2021-04-05,BMRI.JK,0.0,4.0,-0.16666666666666666,-0.23890164435526334,0.40476190476190477,0.0,0
2021-04-06,BMRI.JK,0.0,2.0,0.0,-0.1791762332664475,0.40476190476190477,0.0,0
2021-04-07,BMRI.JK,0.0,2.0,0.0,-0.13438217494983562,0.2619047619047619,0.0,0
2021-04-08,BMRI.JK,1.0,1.0,0.3333333333333333,0.14921336878762329,1.119047619047619,1.0,1
2021-04-09,BMRI.JK,0.0,1.0,0.3333333333333333,0.11191002659071747,-0.07142857142857142,-1.0,0
2021-04-12,BMRI.JK,0.0,1.0,0.3333333333333333,0.0839325199430381,-0.07142857142857142,0.0,0
2021-04-13,BMRI.JK,-1.0,1.0,-0.3333333333333333,-0.18705061004272142,-1.1428571428571428,-1.0,-1
2021-04-14,BMRI.JK,1.0,2.0,0.0,0.10971204246795893,1.0,2.0,1
2021-04-15,BMRI.JK,0.0,3.0,0.0,0.08228403185096919,-0.14285714285714285,-1.0,0
2021-04-16,BMRI.JK,0.0,3.0,0.3333333333333333,0.061713023888226894,-0.14285714285714285,0.0,0
2021-04-19,BMRI.JK,-0.5,4.0,-0.16666666666666666,-0.07871523208382983,-0.6428571428571428,-0.5,-1
2021-04-20,BMRI.JK,0.0,3.0,-0.16666666666666666,-0.05903642406287237,0.07142857142857142,0.5,0
2021-04-21,BMRI.JK,-1.0,3.0,-0.5,-0.2942773180471543,-0.9285714285714286,-1.0,-1
2021-04-22,BMRI.JK,0.0,1.0,-0.3333333333333333,-0.22070798853536572,0.21428571428571427,1.0,0
2021-04-23,BMRI.JK,0.0,1.0,-0.3333333333333333,-0.16553099140152427,0.07142857142857142,0.0,0
2021-04-26,BMRI.JK,-1.0,1.0,-0.3333333333333333,-0.3741482435511432,-0.7857142857142857,-1.0,-1
2021-04-27,BMRI.JK,1.0,2.0,0.0,-0.030611182663357384,1.3571428571428572,2.0,1
2021-04-28,BMRI.JK,0.0,2.0,0.0,-0.022958386997518038,0.21428571428571427,-1.0,0
2021-04-29,BMRI.JK,-1.0,2.0,0.0,-0.26721879024813855,-0.8571428571428572,-1.0,-1
2021-04-30,BMRI.JK,0.0,1.0,-0.3333333333333333,-0.2004140926861039,0.2857142857142857,1.0,0
2021-05-03,BMRI.JK,0.0,1.0,-0.3333333333333333,-0.15031056951457794,0.14285714285714285,0.0,0
2021-05-04,BMRI.JK,0.0,1.0,0.0,-0.11273292713593346,0.14285714285714285,0.0,0
2021-05-05,BMRI.JK,0.0,1.0,0.0,-0.08454969535195009,0.14285714285714285,0.0,0
2021-05-06,BMRI.JK,0.0,1.0,0.0,-0.06341227151396256,0.0,0.0,0
2021-05-07,BMRI.JK,-1.0,1.0,-0.3333333333333333,-0.29755920363547195,-0.8571428571428572,-1.0,-1
2021-05-10,BMRI.JK,0.0,1.0,-0.3333333333333333,-0.22316940272660396,0.2857142857142857,1.0,0
2021-05-11,BMRI.JK,0.0,1.0,-0.3333333333333333,-0.16737705204495296,0.14285714285714285,0.0,0
2021-05-12,BMRI.JK,0.0,0.0,0.0,-0.12553278903371473,0.14285714285714285,0.0,0
2021-05-13,BMRI.JK,0.0,0.0,0.0,-0.09414959177528605,0.14285714285714285,0.0,0
2021-05-14,BMRI.JK,0.0,0.0,0.0,-0.07061219383146454,0.14285714285714285,0.0,0
2021-05-17,BMRI.JK,0.0,0.0,0.0,-0.0529591453735984,0.14285714285714285,0.0,0
2021-05-18,BMRI.JK,0.0,0.0,0.0,-0.0397193590301988,0.14285714285714285,0.0,0
2021-05-19,BMRI.JK,0.0,1.0,0.0,-0.029789519272649098,0.0,0.0,0
2021-05-20,BMRI.JK,0.0,1.0,0.0,-0.022342139454486824,0.0,0.0,0
2021-05-21,BMRI.JK,-1.0,2.0,-0.3333333333333333,-0.26675660459086514,-1.0,-1.0,-1
2021-05-24,BMRI.JK,-0.25,5.0,-0.4166666666666667,-0.26256745344314886,-0.10714285714285715,0.75,-1
2021-05-25,BMRI.JK,-0.3333333333333333,8.0,-0.5277777777777778,-0.28025892341569497,-0.15476190476190474,-0.08333333333333331,-1
2021-05-26,BMRI.JK,0.0,7.0,-0.19444444444444442,-0.21019419256177124,0.2261904761904762,0.3333333333333333,0
2021-05-27,BMRI.JK,0.0,3.0,-0.1111111111111111,-0.15764564442132845,0.2261904761904762,0.0,0
2021-05-28,BMRI.JK,0.0,1.0,0.0,-0.11823423331599633,0.2261904761904762,0.0,0
2021-05-31,BMRI.JK,0.0,1.0,0.0,-0.08867567498699724,0.2261904761904762,0.0,0
2021-06-01,BMRI.JK,0.0,1.0,0.0,-0.06650675624024793,0.2261904761904762,0.0,0
2021-06-02,BMRI.JK,-1.0,1.0,-0.3333333333333333,-0.29988006718018595,-0.9166666666666666,-1.0,-1
2021-06-03,BMRI.JK,0.0,1.0,-0.3333333333333333,-0.22491005038513945,0.19047619047619047,1.0,0
2021-06-04,BMRI.JK,-1.0,2.0,-0.6666666666666666,-0.41868253778885456,-0.8571428571428572,-1.0,-1
2021-06-07,BMRI.JK,0.0,1.0,-0.3333333333333333,-0.3140119033416409,0.2857142857142857,1.0,0
2021-06-08,BMRI.JK,0.0,1.0,-0.3333333333333333,-0.2355089275062307,0.2857142857142857,0.0,0
2021-06-09,BMRI.JK,0.0,0.0,0.0,-0.176631695629673,0.2857142857142857,0.0,0
2021-06-10,BMRI.JK,0.0,0.0,0.0,-0.13247377172225477,0.2857142857142857,0.0,0
2021-06-11,BMRI.JK,0.0,0.0,0.0,-0.09935532879169108,0.2857142857142857,0.0,0
2021-06-14,BMRI.JK,0.75,4.0,0.25,0.11298350340623169,0.8928571428571428,0.75,1
2021-06-15,BMRI.JK,0.0,4.0,0.25,0.08473762755467376,0.03571428571428571,-0.75,0
2021-06-16,BMRI.JK,0.0,5.0,0.25,0.06355322066600533,-0.10714285714285714,0.0,0
2021-06-17,BMRI.JK,0.0,1.0,0.0,0.047664915499503996,-0.10714285714285714,0.0,0
2021-06-18,BMRI.JK,0.0,1.0,0.0,0.035748686624628,-0.10714285714285714,0.0,0
2021-06-21,BMRI.JK,0.0,0.0,0.0,0.026811514968471,-0.10714285714285714,0.0,0
2021-06-22,BMRI.JK,-1.0,1.0,-0.3333333333333333,-0.22989136377364675,-1.1071428571428572,-1.0,-1
2021-06-23,BMRI.JK,0.0,1.0,-0.3333333333333333,-0.17241852283023507,0.03571428571428571,1.0,0
2021-06-24,BMRI.JK,0.0,1.0,-0.3333333333333333,-0.1293138921226763,0.14285714285714285,0.0,0
2021-06-25,BMRI.JK,0.0,0.0,0.0,-0.09698541909200722,0.14285714285714285,0.0,0
2021-06-28,BMRI.JK,-1.0,2.0,-0.3333333333333333,-0.32273906431900545,-0.8571428571428572,-1.0,-1
2021-06-29,BMRI.JK,0.0,3.0,-0.3333333333333333,-0.2420542982392541,0.2857142857142857,1.0,0
2021-06-30,BMRI.JK,-1.0,4.0,-0.6666666666666666,-0.4315407236794406,-0.7142857142857143,-1.0,-1
2021-07-01,BMRI.JK,-1.0,3.0,-0.6666666666666666,-0.5736555427595804,-0.5714285714285714,0.0,-1
2021-07-02,BMRI.JK,0.0,2.0,-0.6666666666666666,-0.4302416570696853,0.42857142857142855,1.0,0
2021-07-05,BMRI.JK,-0.3333333333333333,4.0,-0.4444444444444444,-0.40601457613559727,0.09523809523809523,-0.3333333333333333,-1
2021-07-06,BMRI.JK,0.0,3.0,-0.1111111111111111,-0.30451093210169794,0.4761904761904762,0.3333333333333333,0
2021-07-07,BMRI.JK,-1.0,4.0,-0.4444444444444444,-0.47838319907627347,-0.5238095238095237,-1.0,-1
2021-07-08,BMRI.JK,0.0,1.0,-0.3333333333333333,-0.3587873993072051,0.47619047619047616,1.0,0
2021-07-09,BMRI.JK,0.0,1.0,-0.3333333333333333,-0.26909054948040384,0.47619047619047616,0.0,0
2021-07-12,BMRI.JK,-1.0,1.0,-0.3333333333333333,-0.45181791211030287,-0.6666666666666667,-1.0,-1
2021-07-13,BMRI.JK,-1.0,2.0,-0.6666666666666666,-0.5888634340827271,-0.6666666666666667,0.0,-1
2021-07-14,BMRI.JK,0.0,3.0,-0.6666666666666666,-0.44164757556204537,0.47619047619047616,1.0,0
2021-07-15,BMRI.JK,0.0,2.0,-0.3333333333333333,-0.33123568167153405,0.42857142857142855,0.0,0
2021-07-16,BMRI.JK,0.0,1.0,0.0,-0.24842676125365054,0.42857142857142855,0.0,0
2021-07-19,BMRI.JK,0.0,1.0,0.0,-0.1863200709402379,0.2857142857142857,0.0,0
2021-07-20,BMRI.JK,-1.0,2.0,-0.3333333333333333,-0.3897400532051784,-0.7142857142857143,-1.0,-1
2021-07-21,BMRI.JK,-1.0,4.0,-0.6666666666666666,-0.5423050399038838,-0.5714285714285714,0.0,-1
2021-07-22,BMRI.JK,0.0,4.0,-0.6666666666666666,-0.40672877992791284,0.42857142857142855,1.0,0
2021-07-23,BMRI.JK,-1.0,4.0,-0.6666666666666666,-0.5550465849459346,-0.7142857142857143,-1.0,-1
2021-07-26,BMRI.JK,0.0,3.0,-0.3333333333333333,-0.41628493870945094,0.42857142857142855,1.0,0
2021-07-27,BMRI.JK,-1.0,3.0,-0.6666666666666666,-0.5622137040320883,-0.5714285714285714,-1.0,-1
2021-07-28,BMRI.JK,-1.0,6.0,-0.6666666666666666,-0.6716602780240661,-0.4285714285714286,0.0,-1
2021-07-29,BMRI.JK,0.0,6.0,-0.6666666666666666,-0.5037452085180496,0.7142857142857143,1.0,0
2021-07-30,BMRI.JK,1.0,6.0,0.0,-0.1278089063885372,1.5714285714285714,1.0,1
2021-08-02,BMRI.JK,1.0,3.0,0.6666666666666666,0.1541433202085971,1.2857142857142856,0.0,1
2021-08-03,BMRI.JK,0.0,2.0,0.6666666666666666,0.11560749015644783,0.14285714285714285,-1.0,0
2021-08-04,BMRI.JK,0.0,1.0,0.3333333333333333,0.08670561761733588,0.0,0.0,0
2021-08-05,BMRI.JK,0.0,0.0,0.0,0.06502921321300191,0.0,0.0,0
2021-08-06,BMRI.JK,0.0,0.0,0.0,0.04877190990975143,-0.14285714285714285,0.0,0
2021-08-09,BMRI.JK,-1.0,2.0,-0.3333333333333333,-0.21342106756768642,-1.2857142857142856,-1.0,-1
2021-08-10,BMRI.JK,0.0,2.0,-0.3333333333333333,-0.1600658006757648,-0.14285714285714285,1.0,0
2021-08-11,BMRI.JK,0.0,2.0,-0.3333333333333333,-0.12004935050682361,0.0,0.0,0
2021-08-12,BMRI.JK,0.0,0.0,0.0,-0.0900370128801177,0.14285714285714285,0.0,0
2021-08-13,BMRI.JK,0.0,0.0,0.0,-0.06752775966008828,0.14285714285714285,0.0,0
2021-08-16,BMRI.JK,0.0,1.0,0.0,-0.05064581974506621,0.14285714285714285,0.0,0
2021-08-17,BMRI.JK,0.0,1.0,0.0,-0.03798436480879966,0.14285714285714285,0.0,0
2021-08-18,BMRI.JK,0.0,1.0,0.0,-0.028488273606599744,0.14285714285714285,0.0,0
2021-08-19,BMRI.JK,-1.0,1.0,-0.3333333333333333,-0.2713662052049498,-1.0,-1.0,-1
2021-08-20,BMRI.JK,0.0,2.0,-0.3333333333333333,-0.20352465390371235,0.14285714285714285,1.0,0
2021-08-23,BMRI.JK,0.0,3.0,-0.3333333333333333,-0.15264349042778427,0.14285714285714285,0.0,0
2021-08-24,BMRI.JK,0.0,4.0,0.0,-0.11448261782083821,0.14285714285714285,0.0,0
2021-08-25,BMRI.JK,0.0,3.0,0.0,-0.08586196336562865,0.14285714285714285,0.0,0
2021-08-26,BMRI.JK,-1.0,3.0,-0.3333333333333333,-0.3143964725242215,-0.8571428571428572,-1.0,-1
2021-08-27,BMRI.JK,1.0,2.0,0.0,0.014202645606833875,1.2857142857142856,2.0,1
2021-08-30,BMRI.JK,0.0,2.0,0.0,0.010651984205125406,0.14285714285714285,-1.0,0
2021-08-31,BMRI.JK,-0.5,3.0,0.16666666666666666,-0.11701101184615595,-0.5,-0.5,-1
2021-09-01,BMRI.JK,0.0,2.0,-0.16666666666666666,-0.08775825888461697,0.07142857142857142,0.5,0
2021-09-02,BMRI.JK,0.0,2.0,-0.16666666666666666,-0.06581869416346273,0.07142857142857142,0.0,0
2021-09-03,BMRI.JK,0.0,0.0,0.0,-0.049364020622597045,0.07142857142857142,0.0,0
2021-09-06,BMRI.JK,0.0,1.0,0.0,-0.037023015466947785,0.07142857142857142,0.0,0
2021-09-07,BMRI.JK,-0.2,6.0,-0.06666666666666667,-0.07776726160021084,-0.27142857142857146,-0.2,-1
2021-09-08,BMRI.JK,0.0,15.0,-0.06666666666666667,-0.05832544620015813,0.09999999999999999,0.2,0
2021-09-09,BMRI.JK,0.0,14.0,-0.06666666666666667,-0.0437440846501186,0.09999999999999999,0.0,0
2021-09-10,BMRI.JK,-1.0,10.0,-0.3333333333333333,-0.28280806348758897,-0.9714285714285714,-1.0,-1
2021-09-13,BMRI.JK,0.0,1.0,-0.3333333333333333,-0.21210604761569174,0.17142857142857143,1.0,0
2021-09-14,BMRI.JK,0.0,1.0,-0.3333333333333333,-0.1590795357117688,0.17142857142857143,0.0,0
2021-09-15,BMRI.JK,0.0,0.0,0.0,-0.1193096517838266,0.17142857142857143,0.0,0
2021-09-16,BMRI.JK,0.0,0.0,0.0,-0.08948223883786996,0.17142857142857143,0.0,0
2021-09-17,BMRI.JK,0.0,0.0,0.0,-0.06711167912840246,0.14285714285714285,0.0,0
2021-09-20,BMRI.JK,1.0,1.0,0.3333333333333333,0.19966624065369815,1.1428571428571428,1.0,1
2021-09-21,BMRI.JK,0.0,1.0,0.3333333333333333,0.1497496804902736,0.0,-1.0,0
2021-09-22,BMRI.JK,-1.0,2.0,0.0,-0.1376877396322948,-1.1428571428571428,-1.0,-1
2021-09-23,BMRI.JK,0.0,1.0,-0.3333333333333333,-0.1032658047242211,0.0,1.0,0
2021-09-24,BMRI.JK,0.0,1.0,-0.3333333333333333,-0.07744935354316583,0.0,0.0,0
2021-09-27,BMRI.JK,0.0,1.0,0.0,-0.05808701515737437,0.0,0.0,0
2021-09-28,BMRI.JK,0.0,1.0,0.0,-0.04356526136803078,0.0,0.0,0
2021-09-29,BMRI.JK,1.0,2.0,0.3333333333333333,0.21732605397397692,1.0,1.0,1
2021-09-30,BMRI.JK,0.0,1.0,0.3333333333333333,0.16299454048048267,0.0,-1.0,0
2021-10-01,BMRI.JK,0.0,1.0,0.3333333333333333,0.122245905360362,0.0,0.0,0
2021-10-04,BMRI.JK,0.0,1.0,0.0,0.0916844290202715,-0.14285714285714285,0.0,0
2021-10-05,BMRI.JK,-0.5,3.0,-0.16666666666666666,-0.056236678234796375,-0.6428571428571428,-0.5,-1
2021-10-06,BMRI.JK,0.0,7.0,-0.16666666666666666,-0.04217750867609728,-0.07142857142857142,0.5,0
2021-10-07,BMRI.JK,-1.0,8.0,-0.5,-0.281633131507073,-1.0714285714285714,-1.0,-1
2021-10-08,BMRI.JK,0.0,9.0,-0.3333333333333333,-0.21122484863030472,0.07142857142857142,1.0,0
2021-10-11,BMRI.JK,0.0,6.0,-0.3333333333333333,-0.15841863647272852,0.21428571428571427,0.0,0
2021-10-12,BMRI.JK,0.0,4.0,0.0,-0.1188139773545464,0.21428571428571427,0.0,0
2021-10-13,BMRI.JK,0.0,2.0,0.0,-0.08911048301590979,0.21428571428571427,0.0,0
2021-10-14,BMRI.JK,0.0,1.0,0.0,-0.06683286226193234,0.21428571428571427,0.0,0
2021-10-15,BMRI.JK,0.0,1.0,0.0,-0.050124646696449254,0.14285714285714285,0.0,0
2021-10-18,BMRI.JK,0.0,1.0,0.0,-0.03759348502233694,0.14285714285714285,0.0,0
2021-10-19,BMRI.JK,1.0,2.0,0.3333333333333333,0.2218048862332473,1.0,1.0,1
2021-10-20,BMRI.JK,0.0,2.0,0.3333333333333333,0.16635366467493545,-0.14285714285714285,-1.0,0
2021-10-21,BMRI.JK,0.0,1.0,0.3333333333333333,0.12476524850620159,-0.14285714285714285,0.0,0
2021-10-22,BMRI.JK,0.0,0.0,0.0,0.0935739363796512,-0.14285714285714285,0.0,0
2021-10-25,BMRI.JK,0.0,1.0,0.0,0.0701804522847384,-0.14285714285714285,0.0,0
2021-10-26,BMRI.JK,0.0,1.0,0.0,0.0526353392135538,-0.14285714285714285,0.0,0
2021-10-27,BMRI.JK,0.0,1.0,0.0,0.039476504410165356,-0.14285714285714285,0.0,0
2021-10-28,BMRI.JK,0.0,2.0,0.0,0.029607378307624017,-0.14285714285714285,0.0,0
2021-10-29,BMRI.JK,0.0,2.0,0.0,0.022205533730718013,0.0,0.0,0
2021-11-01,BMRI.JK,0.0,3.0,0.0,0.01665415029803851,0.0,0.0,0
2021-11-02,BMRI.JK,0.0,1.0,0.0,0.012490612723528883,0.0,0.0,0
2021-11-03,BMRI.JK,0.0,1.0,0.0,0.009367959542646662,0.0,0.0,0
2021-11-04,BMRI.JK,0.0,0.0,0.0,0.007025969656984997,0.0,0.0,0
2021-11-05,BMRI.JK,1.0,1.0,0.3333333333333333,0.25526947724273874,1.0,1.0,1
2021-11-08,BMRI.JK,-1.0,2.0,0.0,-0.058547892067945945,-1.1428571428571428,-2.0,-1
2021-11-09,BMRI.JK,0.0,2.0,0.0,-0.04391091905095946,0.0,1.0,0
2021-11-10,BMRI.JK,0.0,1.0,-0.3333333333333333,-0.032933189288219596,0.0,0.0,0
2021-11-11,BMRI.JK,0.0,0.0,0.0,-0.0246998919661647,0.0,0.0,0
2021-11-12,BMRI.JK,0.0,1.0,0.0,-0.018524918974623522,0.0,0.0,0
2021-11-15,BMRI.JK,0.0,4.0,0.0,-0.013893689230967642,0.0,0.0,0
2021-11-16,BMRI.JK,0.0,4.0,0.0,-0.010420266923225731,0.0,0.0,0
2021-11-17,BMRI.JK,0.0,4.0,0.0,-0.007815200192419299,0.14285714285714285,0.0,0
2021-11-18,BMRI.JK,0.0,1.0,0.0,-0.0058614001443144746,0.0,0.0,0
2021-11-19,BMRI.JK,0.0,1.0,0.0,-0.004396050108235856,0.0,0.0,0
2021-11-22,BMRI.JK,0.0,0.0,0.0,-0.0032970375811768923,0.0,0.0,0
2021-11-23,BMRI.JK,0.0,0.0,0.0,-0.002472778185882669,0.0,0.0,0
2021-11-24,BMRI.JK,0.0,0.0,0.0,-0.001854583639412002,0.0,0.0,0
2021-11-25,BMRI.JK,1.0,1.0,0.3333333333333333,0.248609062270441,1.0,1.0,1
2021-11-26,BMRI.JK,0.0,2.0,0.3333333333333333,0.18645679670283075,-0.14285714285714285,-1.0,0
2021-11-29,BMRI.JK,0.0,2.0,0.3333333333333333,0.13984259752712305,-0.14285714285714285,0.0,0
2021-11-30,BMRI.JK,1.0,2.0,0.3333333333333333,0.3548819481453423,0.8571428571428572,1.0,1
2021-12-01,BMRI.JK,0.0,1.0,0.3333333333333333,0.26616146110900674,-0.2857142857142857,-1.0,0
2021-12-02,BMRI.JK,0.0,1.0,0.3333333333333333,0.19962109583175505,-0.2857142857142857,0.0,0
2021-12-03,BMRI.JK,0.0,0.0,0.0,0.1497158218738163,-0.2857142857142857,0.0,0
2021-12-06,BMRI.JK,0.0,1.0,0.0,0.11228686640536223,-0.2857142857142857,0.0,0
2021-12-07,BMRI.JK,-1.0,2.0,-0.3333333333333333,-0.16578485019597833,-1.1428571428571428,-1.0,-1
2021-12-08,BMRI.JK,0.0,2.0,-0.3333333333333333,-0.12433863764698375,0.0,1.0,0
2021-12-09,BMRI.JK,0.0,1.0,-0.3333333333333333,-0.09325397823523782,0.0,0.0,0
2021-12-10,BMRI.JK,0.0,0.0,0.0,-0.06994048367642836,0.14285714285714285,0.0,0
2021-12-13,BMRI.JK,0.0,0.0,0.0,-0.05245536275732127,0.14285714285714285,0.0,0
2021-12-14,BMRI.JK,0.0,1.0,0.0,-0.03934152206799095,0.14285714285714285,0.0,0
2021-12-15,BMRI.JK,0.0,2.0,0.0,-0.029506141550993212,0.14285714285714285,0.0,0
2021-12-16,BMRI.JK,0.0,2.0,0.0,-0.02212960616324491,0.14285714285714285,0.0,0
2021-12-17,BMRI.JK,-1.0,2.0,-0.3333333333333333,-0.2665972046224337,-1.0,-1.0,-1
2021-12-20,BMRI.JK,-1.0,2.0,-0.6666666666666666,-0.4499479034668253,-0.8571428571428572,0.0,-1
2021-12-21,BMRI.JK,0.0,3.0,-0.6666666666666666,-0.337460927600119,0.2857142857142857,1.0,0
2021-12-22,BMRI.JK,0.0,3.0,-0.3333333333333333,-0.2530956957000892,0.2857142857142857,0.0,0
2021-12-23,BMRI.JK,1.0,3.0,0.3333333333333333,0.06017822822493307,1.2857142857142856,1.0,1
2021-12-24,BMRI.JK,0.0,2.0,0.3333333333333333,0.045133671168699804,0.14285714285714285,-1.0,0
2021-12-27,BMRI.JK,-1.0,3.0,0.0,-0.21614974662347514,-0.8571428571428572,-1.0,-1
2021-12-28,BMRI.JK,-0.3333333333333333,5.0,-0.4444444444444444,-0.24544564330093965,-0.047619047619047616,0.6666666666666667,-1
2021-12-29,BMRI.JK,0.5,7.0,-0.27777777777777773,-0.05908423247570474,0.6904761904761905,0.8333333333333333,1
2021-12-30,BMRI.JK,0.0,5.0,0.05555555555555556,-0.044313174356778555,-0.02380952380952381,-0.5,0
2021-12-31,BMRI.JK,-0.5,4.0,0.0,-0.1582348807675839,-0.5238095238095238,-0.5,-1
2022-01-03,BMRI.JK,-1.0,3.0,-0.5,-0.3686761605756879,-0.9523809523809523,-0.5,-1
2022-01-04,BMRI.JK,0.0,3.0,-0.5,-0.27650712043176595,0.3333333333333333,1.0,0
2022-01-05,BMRI.JK,0.0,1.0,-0.3333333333333333,-0.20738034032382446,0.3333333333333333,0.0,0
2022-01-06,BMRI.JK,0.0,0.0,0.0,-0.15553525524286835,0.19047619047619047,0.0,0
2022-01-07,BMRI.JK,0.0,1.0,0.0,-0.11665144143215125,0.14285714285714285,0.0,0
2022-01-10,BMRI.JK,0.0,1.0,0.0,-0.08748858107411345,0.21428571428571427,0.0,0
2022-01-11,BMRI.JK,0.0,1.0,0.0,-0.06561643580558509,0.21428571428571427,0.0,0
2022-01-12,BMRI.JK,0.0,0.0,0.0,-0.04921232685418882,0.14285714285714285,0.0,0
2022-01-13,BMRI.JK,0.5,2.0,0.16666666666666666,0.08809075485935838,0.5,0.5,1
2022-01-14,BMRI.JK,0.0,2.0,0.16666666666666666,0.0660680661445188,-0.07142857142857142,-0.5,0
2022-01-17,BMRI.JK,0.0,2.0,0.16666666666666666,0.049551049608389096,-0.07142857142857142,0.0,0
2022-01-18,BMRI.JK,0.0,0.0,0.0,0.03716328720629182,-0.07142857142857142,0.0,0
2022-01-19,BMRI.JK,1.0,1.0,0.3333333333333333,0.2778724654047189,0.9285714285714286,1.0,1
2022-01-20,BMRI.JK,0.0,1.0,0.3333333333333333,0.20840434905353916,-0.21428571428571427,-1.0,0
2022-01-21,BMRI.JK,0.0,1.0,0.3333333333333333,0.15630326179015436,-0.21428571428571427,0.0,0
2022-01-24,BMRI.JK,0.0,0.0,0.0,0.11722744634261577,-0.21428571428571427,0.0,0
2022-01-25,BMRI.JK,0.0,0.0,0.0,0.08792058475696182,-0.14285714285714285,0.0,0
2022-01-26,BMRI.JK,0.0,0.0,0.0,0.06594043856772136,-0.14285714285714285,0.0,0
2022-01-27,BMRI.JK,0.0,1.0,0.0,0.04945532892579102,-0.14285714285714285,0.0,0
2022-01-28,BMRI.JK,0.0,3.0,0.0,0.037091496694343265,-0.14285714285714285,0.0,0
2022-01-31,BMRI.JK,1.0,4.0,0.3333333333333333,0.27781862252075745,1.0,1.0,1
2022-02-01,BMRI.JK,-1.0,4.0,0.0,-0.041636033109431925,-1.1428571428571428,-2.0,-1
2022-02-02,BMRI.JK,0.0,2.0,0.0,-0.031227024832073944,0.0,1.0,0
2022-02-03,BMRI.JK,0.0,1.0,-0.3333333333333333,-0.023420268624055458,0.0,0.0,0
2022-02-04,BMRI.JK,0.0,0.0,0.0,-0.017565201468041594,0.0,0.0,0
2022-02-07,BMRI.JK,0.0,1.0,0.0,-0.013173901101031196,0.0,0.0,0
2022-02-08,BMRI.JK,-1.0,2.0,-0.3333333333333333,-0.2598804258257734,-1.0,-1.0,-1
2022-02-09,BMRI.JK,0.0,2.0,-0.3333333333333333,-0.19491031936933007,0.14285714285714285,1.0,0
2022-02-10,BMRI.JK,0.0,1.0,-0.3333333333333333,-0.14618273952699756,0.2857142857142857,0.0,0
2022-02-11,BMRI.JK,0.0,1.0,0.0,-0.10963705464524817,0.14285714285714285,0.0,0
2022-02-14,BMRI.JK,0.0,2.0,0.0,-0.08222779098393612,0.14285714285714285,0.0,0
2022-02-15,BMRI.JK,0.0,4.0,0.0,-0.06167084323795209,0.14285714285714285,0.0,0
2022-02-16,BMRI.JK,0.0,3.0,0.0,-0.04625313242846407,0.14285714285714285,0.0,0
2022-02-17,BMRI.JK,0.0,2.0,0.0,-0.034689849321348054,0.14285714285714285,0.0,0
2022-02-18,BMRI.JK,0.0,1.0,0.0,-0.02601738699101104,0.0,0.0,0
2022-02-21,BMRI.JK,0.0,2.0,0.0,-0.01951304024325828,0.0,0.0,0
2022-02-22,BMRI.JK,-1.0,3.0,-0.3333333333333333,-0.2646347801824437,-1.0,-1.0,-1
2022-02-23,BMRI.JK,-1.0,4.0,-0.6666666666666666,-0.4484760851368328,-0.8571428571428572,0.0,-1
2022-02-24,BMRI.JK,-1.0,4.0,-1.0,-0.5863570638526245,-0.7142857142857143,0.0,-1
2022-02-25,BMRI.JK,-1.0,11.0,-1.0,-0.6897677978894684,-0.5714285714285714,0.0,-1
2022-02-28,BMRI.JK,0.0,11.0,-0.6666666666666666,-0.5173258484171013,0.5714285714285714,1.0,0
2022-03-01,BMRI.JK,0.0,10.0,-0.3333333333333333,-0.38799438631282596,0.5714285714285714,0.0,0
2022-03-02,BMRI.JK,0.0,2.0,0.0,-0.2909957897346195,0.5714285714285714,0.0,0
2022-03-03,BMRI.JK,0.0,0.0,0.0,-0.2182468423009646,0.5714285714285714,0.0,0
2022-03-04,BMRI.JK,-1.0,2.0,-0.3333333333333333,-0.41368513172572347,-0.5714285714285714,-1.0,-1
2022-03-07,BMRI.JK,-1.0,3.0,-0.6666666666666666,-0.5602638487942926,-0.5714285714285714,0.0,-1
2022-03-08,BMRI.JK,-1.0,4.0,-1.0,-0.6701978865957194,-0.5714285714285714,0.0,-1
2022-03-09,BMRI.JK,0.0,2.0,-0.6666666666666666,-0.5026484149467896,0.42857142857142855,1.0,0
2022-03-10,BMRI.JK,0.0,8.0,-0.3333333333333333,-0.3769863112100922,0.42857142857142855,0.0,0
2022-03-11,BMRI.JK,0.0,10.0,0.0,-0.28273973340756914,0.42857142857142855,0.0,0
2022-03-14,BMRI.JK,0.0,10.0,0.0,-0.21205480005567684,0.42857142857142855,0.0,0
2022-03-15,BMRI.JK,0.0,4.0,0.0,-0.15904110004175764,0.42857142857142855,0.0,0
2022-03-16,BMRI.JK,0.0,1.0,0.0,-0.11928082503131823,0.2857142857142857,0.0,0
2022-03-17,BMRI.JK,0.0,3.0,0.0,-0.08946061877348868,0.14285714285714285,0.0,0
2022-03-18,BMRI.JK,0.0,3.0,0.0,-0.06709546408011652,0.0,0.0,0
2022-03-21,BMRI.JK,0.0,4.0,0.0,-0.05032159806008739,0.0,0.0,0
2022-03-22,BMRI.JK,1.0,4.0,0.3333333333333333,0.21225880145493448,1.0,1.0,1
2022-03-23,BMRI.JK,0.0,4.0,0.3333333333333333,0.15919410109120086,-0.14285714285714285,-1.0,0
2022-03-24,BMRI.JK,0.0,3.0,0.3333333333333333,0.11939557581840064,-0.14285714285714285,0.0,0
2022-03-25,BMRI.JK,-0.6666666666666666,4.0,-0.2222222222222222,-0.07711998480286618,-0.8095238095238095,-0.6666666666666666,-1
2022-03-28,BMRI.JK,0.0,3.0,-0.2222222222222222,-0.05783998860214963,-0.04761904761904762,0.6666666666666666,0
2022-03-29,BMRI.JK,1.0,4.0,0.11111111111111112,0.20662000854838777,0.9523809523809523,1.0,1
2022-03-30,BMRI.JK,0.0,1.0,0.3333333333333333,0.15496500641129082,-0.1904761904761905,-1.0,0
2022-03-31,BMRI.JK,0.0,1.0,0.3333333333333333,0.11622375480846811,-0.1904761904761905,0.0,0
2022-04-01,BMRI.JK,0.0,0.0,0.0,0.08716781610635108,-0.04761904761904764,0.0,0
2022-04-04,BMRI.JK,0.0,1.0,0.0,0.06537586207976331,-0.04761904761904764,0.0,0
2022-04-05,BMRI.JK,0.0,3.0,0.0,0.049031896559822485,-0.04761904761904764,0.0,0
2022-04-06,BMRI.JK,0.0,3.0,0.0,0.036773922419866864,-0.14285714285714285,0.0,0
2022-04-07,BMRI.JK,0.0,3.0,0.0,0.027580441814900148,-0.14285714285714285,0.0,0
2022-04-08,BMRI.JK,0.0,1.0,0.0,0.020685331361175112,0.0,0.0,0
2022-04-11,BMRI.JK,-0.3333333333333333,4.0,-0.1111111111111111,-0.06781933481245199,-0.3333333333333333,-0.3333333333333333,-1
2022-04-12,BMRI.JK,0.0,4.0,-0.1111111111111111,-0.05086450110933899,0.0476190476190476,0.3333333333333333,0
2022-04-13,BMRI.JK,0.0,6.0,-0.1111111111111111,-0.03814837583200424,0.0476190476190476,0.0,0
2022-04-14,BMRI.JK,0.0,3.0,0.0,-0.02861128187400318,0.0476190476190476,0.0,0
2022-04-15,BMRI.JK,0.0,2.0,0.0,-0.021458461405502387,0.0476190476190476,0.0,0
2022-04-18,BMRI.JK,0.0,0.0,0.0,-0.01609384605412679,0.0476190476190476,0.0,0
2022-04-19,BMRI.JK,-1.0,1.0,-0.3333333333333333,-0.2620703845405951,-0.9523809523809524,-1.0,-1
2022-04-20,BMRI.JK,0.0,1.0,-0.3333333333333333,-0.19655278840544632,0.19047619047619047,1.0,0
2022-04-21,BMRI.JK,-0.5,3.0,-0.5,-0.27241459130408474,-0.35714285714285715,-0.5,-1
2022-04-22,BMRI.JK,-0.5,4.0,-0.3333333333333333,-0.32931094347806356,-0.2857142857142857,0.0,-1
2022-04-25,BMRI.JK,-1.0,5.0,-0.6666666666666666,-0.49698320760854764,-0.7142857142857143,-0.5,-1
2022-04-26,BMRI.JK,0.0,3.0,-0.5,-0.37273740570641073,0.42857142857142855,1.0,0
2022-04-27,BMRI.JK,1.0,3.0,0.0,-0.029553054279808033,1.4285714285714286,1.0,1
2022-04-28,BMRI.JK,-0.5,6.0,0.16666666666666666,-0.14716479070985602,-0.2142857142857143,-1.5,-1
2022-04-29,BMRI.JK,1.0,7.0,0.5,0.13962640696760797,1.2142857142857142,1.5,1
2022-05-02,BMRI.JK,0.0,5.0,0.16666666666666666,0.10471980522570598,0.07142857142857142,-1.0,0
2022-05-03,BMRI.JK,0.0,1.0,0.3333333333333333,0.07853985391927948,0.0,0.0,0
2022-05-04,BMRI.JK,0.0,1.0,0.0,0.05890489043945961,-0.07142857142857142,0.0,0
2022-05-05,BMRI.JK,0.0,1.0,0.0,0.0441786678295947,-0.21428571428571427,0.0,0
2022-05-06,BMRI.JK,0.0,2.0,0.0,0.03313400087219603,-0.21428571428571427,0.0,0
2022-05-09,BMRI.JK,0.0,1.0,0.0,0.02485050065414702,-0.07142857142857142,0.0,0
2022-05-10,BMRI.JK,0.0,3.0,0.0,0.018637875490610266,-0.14285714285714285,0.0,0
2022-05-11,BMRI.JK,0.0,2.0,0.0,0.0139784066179577,0.0,0.0,0
2022-05-12,BMRI.JK,0.0,2.0,0.0,0.010483804963468275,0.0,0.0,0
2022-05-13,BMRI.JK,0.0,1.0,0.0,0.007862853722601206,0.0,0.0,0
2022-05-16,BMRI.JK,0.0,1.0,0.0,0.005897140291950905,0.0,0.0,0
2022-05-17,BMRI.JK,0.0,1.0,0.0,0.004422855218963179,0.0,0.0,0
2022-05-18,BMRI.JK,0.0,2.0,0.0,0.0033171414142223843,0.0,0.0,0
2022-05-19,BMRI.JK,-1.0,3.0,-0.3333333333333333,-0.2475121439393332,-1.0,-1.0,-1
2022-05-20,BMRI.JK,-1.0,5.0,-0.6666666666666666,-0.4356341079544999,-0.8571428571428572,0.0,-1
2022-05-23,BMRI.JK,0.0,5.0,-0.6666666666666666,-0.32672558096587495,0.2857142857142857,1.0,0
2022-05-24,BMRI.JK,0.0,5.0,-0.3333333333333333,-0.24504418572440623,0.2857142857142857,0.0,0
2022-05-25,BMRI.JK,0.0,3.0,0.0,-0.18378313929330467,0.2857142857142857,0.0,0
2022-05-26,BMRI.JK,0.0,1.0,0.0,-0.1378373544699785,0.2857142857142857,0.0,0
2022-05-27,BMRI.JK,-1.0,1.0,-0.3333333333333333,-0.35337801585248385,-0.7142857142857143,-1.0,-1
2022-05-30,BMRI.JK,1.0,2.0,0.0,-0.01503351188936286,1.4285714285714286,2.0,1
2022-05-31,BMRI.JK,1.0,3.0,0.3333333333333333,0.23872486608297785,1.1428571428571428,0.0,1
2022-06-01,BMRI.JK,0.0,2.0,0.6666666666666666,0.1790436495622334,-0.14285714285714285,-1.0,0
2022-06-02,BMRI.JK,0.0,1.0,0.3333333333333333,0.13428273717167505,-0.14285714285714285,0.0,0
2022-06-03,BMRI.JK,0.0,0.0,0.0,0.10071205287875629,-0.14285714285714285,0.0,0
2022-06-06,BMRI.JK,-1.0,1.0,-0.3333333333333333,-0.17446596034093279,-1.1428571428571428,-1.0,-1
2022-06-07,BMRI.JK,0.0,1.0,-0.3333333333333333,-0.1308494702556996,0.0,1.0,0
2022-06-08,BMRI.JK,0.0,1.0,-0.3333333333333333,-0.0981371026917747,-0.14285714285714285,0.0,0
2022-06-09,BMRI.JK,0.0,0.0,0.0,-0.07360282701883103,0.0,0.0,0
2022-06-10,BMRI.JK,1.0,1.0,0.3333333333333333,0.19479787973587673,1.1428571428571428,1.0,1
2022-06-13,BMRI.JK,1.0,2.0,0.6666666666666666,0.3960984098019076,1.0,0.0,1
2022-06-14,BMRI.JK,0.0,3.0,0.6666666666666666,0.2970738073514307,-0.14285714285714285,-1.0,0
2022-06-15,BMRI.JK,0.0,4.0,0.3333333333333333,0.222805355513573,-0.14285714285714285,0.0,0
2022-06-16,BMRI.JK,0.0,3.0,0.0,0.16710401663517976,-0.2857142857142857,0.0,0
2022-06-17,BMRI.JK,0.0,4.0,0.0,0.1253280124763848,-0.2857142857142857,0.0,0
2022-06-20,BMRI.JK,-1.0,3.0,-0.3333333333333333,-0.1560039906427114,-1.2857142857142856,-1.0,-1
2022-06-21,BMRI.JK,0.0,4.0,-0.3333333333333333,-0.11700299298203354,-0.14285714285714285,1.0,0
2022-06-22,BMRI.JK,0.0,2.0,-0.3333333333333333,-0.08775224473652515,0.0,0.0,0
2022-06-23,BMRI.JK,0.0,1.0,0.0,-0.06581418355239387,0.14285714285714285,0.0,0
2022-06-24,BMRI.JK,0.0,0.0,0.0,-0.049360637664295395,0.14285714285714285,0.0,0
2022-06-27,BMRI.JK,-0.2,5.0,-0.06666666666666667,-0.08702047824822155,-0.05714285714285716,-0.2,-1
2022-06-28,BMRI.JK,0.0,5.0,-0.06666666666666667,-0.06526535868616616,0.17142857142857143,0.2,0
2022-06-29,BMRI.JK,0.0,5.0,-0.06666666666666667,-0.04894901901462462,0.17142857142857143,0.0,0
2022-06-30,BMRI.JK,0.0,0.0,0.0,-0.03671176426096846,0.028571428571428574,0.0,0
2022-07-01,BMRI.JK,-1.0,1.0,-0.3333333333333333,-0.27753382319572634,-0.9714285714285714,-1.0,-1
2022-07-04,BMRI.JK,-0.8,6.0,-0.6,-0.4081503673967948,-0.6285714285714286,0.19999999999999996,-1
2022-07-05,BMRI.JK,0.0,6.0,-0.6,-0.3061127755475961,0.2857142857142857,0.8,0
2022-07-06,BMRI.JK,0.0,5.0,-0.26666666666666666,-0.22958458166069706,0.2857142857142857,0.0,0
2022-07-07,BMRI.JK,0.0,0.0,0.0,-0.1721884362455228,0.2571428571428572,0.0,0
2022-07-08,BMRI.JK,0.0,1.0,0.0,-0.1291413271841421,0.2571428571428572,0.0,0
2022-07-11,BMRI.JK,0.0,1.0,0.0,-0.09685599538810657,0.2571428571428572,0.0,0
2022-07-12,BMRI.JK,-1.0,2.0,-0.3333333333333333,-0.32264199654107995,-0.7428571428571429,-1.0,-1
2022-07-13,BMRI.JK,0.0,1.0,-0.3333333333333333,-0.24198149740580996,0.2571428571428572,1.0,0
2022-07-14,BMRI.JK,0.0,1.0,-0.3333333333333333,-0.18148612305435746,0.14285714285714285,0.0,0
2022-07-15,BMRI.JK,1.0,2.0,0.3333333333333333,0.11388540770923189,1.1428571428571428,1.0,1
2022-07-18,BMRI.JK,1.0,3.0,0.6666666666666666,0.3354140557819239,1.0,0.0,1
2022-07-19,BMRI.JK,0.0,3.0,0.6666666666666666,0.25156054183644294,-0.14285714285714285,-1.0,0
2022-07-20,BMRI.JK,0.0,2.0,0.3333333333333333,0.1886704063773322,-0.14285714285714285,0.0,0
2022-07-21,BMRI.JK,0.0,2.0,0.0,0.14150280478299915,-0.14285714285714285,0.0,0
2022-07-22,BMRI.JK,0.5,4.0,0.16666666666666666,0.23112710358724936,0.2142857142857143,0.5,1
2022-07-25,BMRI.JK,0.0,3.0,0.16666666666666666,0.17334532769043703,-0.35714285714285715,-0.5,0
2022-07-26,BMRI.JK,0.0,2.0,0.16666666666666666,0.13000899576782776,-0.35714285714285715,0.0,0
2022-07-27,BMRI.JK,0.0,0.0,0.0,0.09750674682587082,-0.21428571428571427,0.0,0
2022-07-28,BMRI.JK,-1.0,2.0,-0.3333333333333333,-0.17686993988059688,-1.0714285714285714,-1.0,-1
2022-07-29,BMRI.JK,-1.0,4.0,-0.6666666666666666,-0.38265245491044764,-0.9285714285714286,0.0,-1
2022-08-01,BMRI.JK,0.0,5.0,-0.6666666666666666,-0.2869893411828357,0.21428571428571427,1.0,0
2022-08-02,BMRI.JK,0.0,4.0,-0.3333333333333333,-0.21524200588712677,0.21428571428571427,0.0,0
2022-08-03,BMRI.JK,0.0,2.0,0.0,-0.1614315044153451,0.2857142857142857,0.0,0
2022-08-04,BMRI.JK,0.0,1.0,0.0,-0.12107362831150882,0.2857142857142857,0.0,0
2022-08-05,BMRI.JK,1.0,2.0,0.3333333333333333,0.1591947787663684,1.2857142857142856,1.0,1
2022-08-08,BMRI.JK,-1.0,3.0,0.0,-0.1306039159252237,-0.8571428571428572,-2.0,-1
2022-08-09,BMRI.JK,0.0,3.0,0.0,-0.09795293694391777,0.14285714285714285,1.0,0
2022-08-10,BMRI.JK,0.0,3.0,-0.3333333333333333,-0.07346470270793833,0.0,0.0,0
2022-08-11,BMRI.JK,0.0,5.0,0.0,-0.05509852703095375,0.0,0.0,0
2022-08-12,BMRI.JK,0.0,5.0,0.0,-0.04132389527321531,0.0,0.0,0
2022-08-15,BMRI.JK,0.0,3.0,0.0,-0.030992921454911483,0.0,0.0,0
2022-08-16,BMRI.JK,0.0,0.0,0.0,-0.023244691091183614,0.0,0.0,0
2022-08-17,BMRI.JK,0.0,0.0,0.0,-0.01743351831838771,0.14285714285714285,0.0,0
2022-08-18,BMRI.JK,0.0,1.0,0.0,-0.013075138738790782,0.0,0.0,0
2022-08-19,BMRI.JK,0.0,1.0,0.0,-0.009806354054093087,0.0,0.0,0
2022-08-22,BMRI.JK,0.0,2.0,0.0,-0.0073547655405698156,0.0,0.0,0
2022-08-23,BMRI.JK,0.0,2.0,0.0,-0.005516074155427361,0.0,0.0,0
2022-08-24,BMRI.JK,0.0,3.0,0.0,-0.004137055616570521,0.0,0.0,0
2022-08-25,BMRI.JK,0.5,4.0,0.16666666666666666,0.12189720828757211,0.5,0.5,1
2022-08-26,BMRI.JK,0.0,4.0,0.16666666666666666,0.09142290621567908,-0.07142857142857142,-0.5,0
2022-08-29,BMRI.JK,0.0,3.0,0.16666666666666666,0.06856717966175932,-0.07142857142857142,0.0,0
2022-08-30,BMRI.JK,0.0,1.0,0.0,0.05142538474631949,-0.07142857142857142,0.0,0
2022-08-31,BMRI.JK,0.0,2.0,0.0,0.038569038559739616,-0.07142857142857142,0.0,0
2022-09-01,BMRI.JK,-1.0,3.0,-0.3333333333333333,-0.22107322108019528,-1.0714285714285714,-1.0,-1
2022-09-02,BMRI.JK,-1.0,4.0,-0.6666666666666666,-0.41580491581014645,-0.9285714285714286,0.0,-1
2022-09-05,BMRI.JK,1.0,3.0,-0.3333333333333333,-0.061853686857609835,1.2142857142857142,2.0,1
2022-09-06,BMRI.JK,0.0,2.0,0.0,-0.046390265143207376,0.14285714285714285,-1.0,0
2022-09-07,BMRI.JK,0.0,2.0,0.3333333333333333,-0.03479269885740553,0.14285714285714285,0.0,0
2022-09-08,BMRI.JK,1.0,2.0,0.3333333333333333,0.22390547585694584,1.1428571428571428,1.0,1
2022-09-09,BMRI.JK,0.0,2.0,0.3333333333333333,0.16792910689270937,0.0,-1.0,0
2022-09-12,BMRI.JK,0.0,1.0,0.3333333333333333,0.12594683016953204,0.0,0.0,0
2022-09-13,BMRI.JK,0.0,0.0,0.0,0.09446012262714903,-0.14285714285714285,0.0,0
2022-09-14,BMRI.JK,0.0,1.0,0.0,0.07084509197036178,-0.2857142857142857,0.0,0
2022-09-15,BMRI.JK,0.0,1.0,0.0,0.053133818977771335,-0.14285714285714285,0.0,0
2022-09-16,BMRI.JK,0.0,1.0,0.0,0.0398503642333285,-0.14285714285714285,0.0,0
2022-09-19,BMRI.JK,-0.5,2.0,-0.16666666666666666,-0.09511222682500362,-0.6428571428571428,-0.5,-1
2022-09-20,BMRI.JK,-0.2,7.0,-0.2333333333333333,-0.12133417011875271,-0.1285714285714286,0.3,-1
2022-09-21,BMRI.JK,0.0,7.0,-0.2333333333333333,-0.09100062758906453,0.09999999999999999,0.2,0
2022-09-22,BMRI.JK,0.0,5.0,-0.06666666666666667,-0.0682504706917984,0.09999999999999999,0.0,0
2022-09-23,BMRI.JK,-0.5,2.0,-0.16666666666666666,-0.17618785301884882,-0.4,-0.5,-1
2022-09-26,BMRI.JK,0.0,6.0,-0.16666666666666666,-0.13214088976413663,0.17142857142857143,0.5,0
2022-09-27,BMRI.JK,0.0,6.0,-0.16666666666666666,-0.09910566732310247,0.17142857142857143,0.0,0
2022-09-28,BMRI.JK,0.0,4.0,0.0,-0.07432925049232686,0.17142857142857143,0.0,0
2022-09-29,BMRI.JK,0.0,0.0,0.0,-0.055746937869245144,0.09999999999999999,0.0,0
2022-09-30,BMRI.JK,0.0,0.0,0.0,-0.04181020340193386,0.07142857142857142,0.0,0
2022-10-03,BMRI.JK,0.0,1.0,0.0,-0.03135765255145039,0.07142857142857142,0.0,0
2022-10-04,BMRI.JK,0.0,1.0,0.0,-0.023518239413587792,0.07142857142857142,0.0,0
2022-10-05,BMRI.JK,0.0,1.0,0.0,-0.017638679560190842,0.0,0.0,0
2022-10-06,BMRI.JK,-1.0,1.0,-0.3333333333333333,-0.2632290096701431,-1.0,-1.0,-1
2022-10-07,BMRI.JK,0.0,1.0,-0.3333333333333333,-0.19742175725260735,0.14285714285714285,1.0,0
2022-10-10,BMRI.JK,-1.0,2.0,-0.6666666666666666,-0.3980663179394555,-0.8571428571428572,-1.0,-1
2022-10-11,BMRI.JK,0.0,1.0,-0.3333333333333333,-0.29854973845459165,0.2857142857142857,1.0,0
2022-10-12,BMRI.JK,-1.0,2.0,-0.6666666666666666,-0.47391230384094374,-0.7142857142857143,-1.0,-1
2022-10-13,BMRI.JK,0.0,3.0,-0.3333333333333333,-0.3554342278807078,0.42857142857142855,1.0,0
2022-10-14,BMRI.JK,0.0,5.0,-0.3333333333333333,-0.2665756709105308,0.42857142857142855,0.0,0
2022-10-17,BMRI.JK,1.0,6.0,0.3333333333333333,0.0500682468171019,1.4285714285714286,1.0,1
2022-10-18,BMRI.JK,1.0,5.0,0.6666666666666666,0.2875511851128264,1.1428571428571428,0.0,1
2022-10-19,BMRI.JK,1.0,4.0,1.0,0.4656633888346198,1.0,0.0,1
2022-10-20,BMRI.JK,0.0,2.0,0.6666666666666666,0.34924754162596483,-0.2857142857142857,-1.0,0
2022-10-21,BMRI.JK,1.0,4.0,0.6666666666666666,0.5119356562194737,0.7142857142857143,1.0,1
2022-10-24,BMRI.JK,0.42857142857142855,10.0,0.4761904761904762,0.4910945993074624,-0.14285714285714285,-0.5714285714285714,1
2022-10-25,BMRI.JK,0.0,11.0,0.4761904761904762,0.3683209494805968,-0.6326530612244898,-0.42857142857142855,0
2022-10-26,BMRI.JK,0.3333333333333333,11.0,0.25396825396825395,0.3595740454437809,-0.2993197278911565,0.3333333333333333,1
2022-10-27,BMRI.JK,0.0,4.0,0.1111111111111111,0.26968053408283565,-0.5374149659863946,-0.3333333333333333,0
2022-10-28,BMRI.JK,0.0,3.0,0.1111111111111111,0.20226040056212674,-0.3945578231292517,0.0,0
2022-10-31,BMRI.JK,1.0,2.0,0.3333333333333333,0.40169530042159507,0.7482993197278911,1.0,1
2022-11-01,BMRI.JK,0.0,2.0,0.3333333333333333,0.3012714753161963,-0.3945578231292517,-1.0,0
2022-11-02,BMRI.JK,0.0,4.0,0.3333333333333333,0.22595360648714724,-0.25170068027210885,0.0,0
2022-11-03,BMRI.JK,0.0,2.0,0.0,0.16946520486536043,-0.19047619047619047,0.0,0
2022-11-04,BMRI.JK,0.0,2.0,0.0,0.12709890364902032,-0.19047619047619047,0.0,0
2022-11-07,BMRI.JK,0.0,2.0,0.0,0.09532417773676524,-0.14285714285714285,0.0,0
2022-11-08,BMRI.JK,0.0,2.0,0.0,0.07149313330257392,-0.14285714285714285,0.0,0
2022-11-09,BMRI.JK,1.0,3.0,0.3333333333333333,0.3036198499769304,0.8571428571428572,1.0,1
2022-11-10,BMRI.JK,0.0,1.0,0.3333333333333333,0.2277148874826978,-0.14285714285714285,-1.0,0
2022-11-11,BMRI.JK,0.0,2.0,0.3333333333333333,0.17078616561202337,-0.14285714285714285,0.0,0
2022-11-14,BMRI.JK,0.0,1.0,0.0,0.12808962420901754,-0.14285714285714285,0.0,0
2022-11-15,BMRI.JK,0.0,1.0,0.0,0.09606721815676315,-0.14285714285714285,0.0,0
2022-11-16,BMRI.JK,0.0,0.0,0.0,0.07205041361757236,-0.14285714285714285,0.0,0
2022-11-17,BMRI.JK,0.0,0.0,0.0,0.05403781021317927,-0.14285714285714285,0.0,0
2022-11-18,BMRI.JK,0.0,0.0,0.0,0.040528357659884454,-0.14285714285714285,0.0,0
2022-11-21,BMRI.JK,0.0,0.0,0.0,0.03039626824491334,0.0,0.0,0
2022-11-22,BMRI.JK,0.0,0.0,0.0,0.022797201183685004,0.0,0.0,0
2022-11-23,BMRI.JK,-1.0,1.0,-0.3333333333333333,-0.23290209911223625,-1.0,-1.0,-1
2022-11-24,BMRI.JK,0.0,2.0,-0.3333333333333333,-0.1746765743341772,0.14285714285714285,1.0,0
2022-11-25,BMRI.JK,0.0,2.0,-0.3333333333333333,-0.1310074307506329,0.14285714285714285,0.0,0
2022-11-28,BMRI.JK,0.0,3.0,0.0,-0.09825557306297467,0.14285714285714285,0.0,0
2022-11-29,BMRI.JK,0.0,2.0,0.0,-0.073691679797231,0.14285714285714285,0.0,0
2022-11-30,BMRI.JK,1.0,5.0,0.3333333333333333,0.19473124015207677,1.1428571428571428,1.0,1
2022-12-01,BMRI.JK,0.0,3.0,0.3333333333333333,0.14604843011405758,0.0,-1.0,0
2022-12-02,BMRI.JK,0.0,3.0,0.3333333333333333,0.10953632258554319,0.0,0.0,0
2022-12-05,BMRI.JK,0.0,4.0,0.0,0.08215224193915739,-0.14285714285714285,0.0,0
2022-12-06,BMRI.JK,0.0,4.0,0.0,0.06161418145436805,-0.14285714285714285,0.0,0
2022-12-07,BMRI.JK,0.0,4.0,0.0,0.04621063609077604,-0.14285714285714285,0.0,0
2022-12-08,BMRI.JK,-1.0,1.0,-0.3333333333333333,-0.21534202293191795,-1.1428571428571428,-1.0,-1
2022-12-09,BMRI.JK,0.0,2.0,-0.3333333333333333,-0.16150651719893847,0.0,1.0,0
2022-12-12,BMRI.JK,0.0,3.0,-0.3333333333333333,-0.12112988789920384,0.14285714285714285,0.0,0
2022-12-13,BMRI.JK,0.0,4.0,0.0,-0.09084741592440287,0.14285714285714285,0.0,0
2022-12-14,BMRI.JK,0.0,4.0,0.0,-0.06813556194330216,0.14285714285714285,0.0,0
2022-12-15,BMRI.JK,0.0,3.0,0.0,-0.05110167145747661,0.14285714285714285,0.0,0
2022-12-16,BMRI.JK,0.0,1.0,0.0,-0.03832625359310746,0.14285714285714285,0.0,0
2022-12-19,BMRI.JK,-1.0,1.0,-0.3333333333333333,-0.2787446901948306,-0.8571428571428572,-1.0,-1
2022-12-20,BMRI.JK,0.0,1.0,-0.3333333333333333,-0.20905851764612296,0.14285714285714285,1.0,0
2022-12-21,BMRI.JK,0.5,3.0,-0.16666666666666666,-0.03179388823459223,0.6428571428571428,0.5,1
2022-12-22,BMRI.JK,0.0,2.0,0.16666666666666666,-0.02384541617594417,0.07142857142857142,-0.5,0
2022-12-23,BMRI.JK,0.0,3.0,0.16666666666666666,-0.017884062131958128,0.07142857142857142,0.0,0
2022-12-26,BMRI.JK,-0.5,3.0,-0.16666666666666666,-0.13841304659896858,-0.4285714285714286,-0.5,-1
2022-12-27,BMRI.JK,0.0,3.0,-0.16666666666666666,-0.10380978494922644,0.14285714285714285,0.5,0
2022-12-28,BMRI.JK,0.0,2.0,-0.16666666666666666,-0.07785733871191983,0.14285714285714285,0.0,0
2022-12-29,BMRI.JK,0.0,0.0,0.0,-0.05839300403393987,0.0,0.0,0
2022-12-30,BMRI.JK,1.0,1.0,0.3333333333333333,0.2062052469745451,1.0,1.0,1
2023-01-02,BMRI.JK,1.0,2.0,0.6666666666666666,0.4046539352309088,0.9285714285714286,0.0,1
2023-01-03,BMRI.JK,0.0,2.0,0.6666666666666666,0.3034904514231816,-0.21428571428571427,-1.0,0
2023-01-04,BMRI.JK,0.0,1.0,0.3333333333333333,0.2276178385673862,-0.21428571428571427,0.0,0
2023-01-05,BMRI.JK,-1.0,1.0,-0.3333333333333333,-0.07928662107446033,-1.2857142857142856,-1.0,-1
2023-01-06,BMRI.JK,0.0,1.0,-0.3333333333333333,-0.059464965805845246,-0.14285714285714285,1.0,0
2023-01-09,BMRI.JK,-1.0,2.0,-0.6666666666666666,-0.29459872435438395,-1.1428571428571428,-1.0,-1
2023-01-10,BMRI.JK,0.0,1.0,-0.3333333333333333,-0.22094904326578796,0.0,1.0,0
2023-01-11,BMRI.JK,-0.6666666666666666,4.0,-0.5555555555555555,-0.33237844911600767,-0.5238095238095237,-0.6666666666666666,-1
2023-01-12,BMRI.JK,0.0,3.0,-0.2222222222222222,-0.24928383683700575,0.38095238095238093,0.6666666666666666,0
2023-01-13,BMRI.JK,0.0,3.0,-0.2222222222222222,-0.18696287762775432,0.38095238095238093,0.0,0
2023-01-16,BMRI.JK,0.0,2.0,0.0,-0.14022215822081574,0.38095238095238093,0.0,0
2023-01-17,BMRI.JK,0.0,2.0,0.0,-0.1051666186656118,0.23809523809523808,0.0,0
2023-01-18,BMRI.JK,0.0,3.0,0.0,-0.07887496399920885,0.23809523809523808,0.0,0
2023-01-19,BMRI.JK,1.0,2.0,0.3333333333333333,0.19084377700059335,1.0952380952380953,1.0,1
2023-01-20,BMRI.JK,-0.5,4.0,0.16666666666666666,0.018132832750445027,-0.5476190476190477,-1.5,-1
2023-01-23,BMRI.JK,0.5,5.0,0.3333333333333333,0.13859962456283376,0.4285714285714286,1.0,1
2023-01-24,BMRI.JK,1.0,5.0,0.3333333333333333,0.3539497184221253,0.8571428571428572,0.5,1
2023-01-25,BMRI.JK,0.0,4.0,0.5,0.26546228881659395,-0.2857142857142857,-1.0,0
2023-01-26,BMRI.JK,0.0,2.0,0.3333333333333333,0.19909671661244546,-0.2857142857142857,0.0,0
2023-01-27,BMRI.JK,0.0,1.0,0.0,0.1493225374593341,-0.2857142857142857,0.0,0
2023-01-30,BMRI.JK,0.0,0.0,0.0,0.11199190309450058,-0.2857142857142857,0.0,0
2023-01-31,BMRI.JK,1.0,2.0,0.3333333333333333,0.3339939273208754,0.8571428571428572,1.0,1
2023-02-01,BMRI.JK,1.0,3.0,0.6666666666666666,0.5004954454906565,0.6428571428571428,0.0,1
2023-02-02,BMRI.JK,1.0,4.0,1.0,0.6253715841179923,0.5714285714285714,0.0,1
2023-02-03,BMRI.JK,0.0,2.0,0.6666666666666666,0.46902868808849424,-0.42857142857142855,-1.0,0
2023-02-06,BMRI.JK,1.0,3.0,0.6666666666666666,0.6017715160663707,0.5714285714285714,1.0,1
2023-02-07,BMRI.JK,0.0,2.0,0.3333333333333333,0.451328637049778,-0.5714285714285714,-1.0,0
2023-02-08,BMRI.JK,0.0,2.0,0.3333333333333333,0.3384964777873335,-0.5714285714285714,0.0,0
2023-02-09,BMRI.JK,0.0,0.0,0.0,0.25387235834050015,-0.5714285714285714,0.0,0
2023-02-10,BMRI.JK,0.0,2.0,0.0,0.1904042687553751,-0.42857142857142855,0.0,0
2023-02-13,BMRI.JK,1.0,3.0,0.3333333333333333,0.39280320156653137,0.7142857142857143,1.0,1
2023-02-14,BMRI.JK,0.0,3.0,0.3333333333333333,0.29460240117489855,-0.2857142857142857,-1.0,0
2023-02-15,BMRI.JK,0.0,2.0,0.3333333333333333,0.22095180088117392,-0.2857142857142857,0.0,0
2023-02-16,BMRI.JK,0.0,2.0,0.0,0.16571385066088043,-0.14285714285714285,0.0,0
2023-02-17,BMRI.JK,0.0,2.0,0.0,0.12428538799566033,-0.14285714285714285,0.0,0
2023-02-20,BMRI.JK,0.0,1.0,0.0,0.09321404099674524,-0.14285714285714285,0.0,0
2023-02-21,BMRI.JK,-1.0,2.0,-0.3333333333333333,-0.18008946925244107,-1.1428571428571428,-1.0,-1
2023-02-22,BMRI.JK,0.0,2.0,-0.3333333333333333,-0.1350671019393308,0.0,1.0,0
2023-02-23,BMRI.JK,1.0,3.0,0.0,0.1486996735455019,1.1428571428571428,1.0,1
2023-02-24,BMRI.JK,0.0,1.0,0.3333333333333333,0.11152475515912642,0.0,-1.0,0
2023-02-27,BMRI.JK,0.0,2.0,0.3333333333333333,0.08364356636934482,0.0,0.0,0
2023-02-28,BMRI.JK,-1.0,2.0,-0.3333333333333333,-0.1872673252229914,-1.0,-1.0,-1
2023-03-01,BMRI.JK,0.0,2.0,-0.3333333333333333,-0.14045049391724354,0.14285714285714285,1.0,0
2023-03-02,BMRI.JK,0.0,3.0,-0.3333333333333333,-0.10533787043793266,0.14285714285714285,0.0,0
2023-03-03,BMRI.JK,0.0,2.0,0.0,-0.0790034028284495,0.0,0.0,0
2023-03-06,BMRI.JK,0.0,4.0,0.0,-0.05925255212133713,0.0,0.0,0
2023-03-07,BMRI.JK,0.0,4.0,0.0,-0.04443941409100285,0.14285714285714285,0.0,0
2023-03-08,BMRI.JK,0.0,6.0,0.0,-0.033329560568252134,0.14285714285714285,0.0,0
2023-03-09,BMRI.JK,0.0,4.0,0.0,-0.0249971704261891,0.14285714285714285,0.0,0
2023-03-10,BMRI.JK,0.0,3.0,0.0,-0.018747877819641826,0.0,0.0,0
2023-03-13,BMRI.JK,-1.0,3.0,-0.3333333333333333,-0.2640609083647314,-1.0,-1.0,-1
2023-03-14,BMRI.JK,0.0,14.0,-0.3333333333333333,-0.19804568127354855,0.14285714285714285,1.0,0
2023-03-15,BMRI.JK,-0.2,18.0,-0.39999999999999997,-0.1985342609551614,-0.05714285714285716,-0.2,-1
2023-03-16,BMRI.JK,1.0,17.0,0.26666666666666666,0.10109930428362895,1.1714285714285715,1.2,1
2023-03-17,BMRI.JK,0.0,6.0,0.26666666666666666,0.07582447821272172,0.028571428571428564,-1.0,0
2023-03-20,BMRI.JK,0.0,2.0,0.3333333333333333,0.05686835865954129,0.028571428571428564,0.0,0
2023-03-21,BMRI.JK,0.0,1.0,0.0,0.04265126899465597,0.028571428571428564,0.0,0
2023-03-22,BMRI.JK,0.0,1.0,0.0,0.03198845174599198,0.028571428571428564,0.0,0
2023-03-23,BMRI.JK,0.0,0.0,0.0,0.023991338809493983,-0.1142857142857143,0.0,0
2023-03-24,BMRI.JK,-1.0,1.0,-0.3333333333333333,-0.23200649589287953,-1.1142857142857143,-1.0,-1
2023-03-27,BMRI.JK,-0.5,3.0,-0.5,-0.29900487191965963,-0.5,0.5,-1
2023-03-28,BMRI.JK,-0.3333333333333333,6.0,-0.611111111111111,-0.30758698727307804,-0.11904761904761904,0.16666666666666669,-1
2023-03-29,BMRI.JK,1.0,6.0,0.05555555555555558,0.019309759545191485,1.2619047619047619,1.3333333333333333,1
2023-03-30,BMRI.JK,0.0,5.0,0.22222222222222224,0.014482319658893614,0.11904761904761904,-1.0,0
2023-03-31,BMRI.JK,0.0,4.0,0.3333333333333333,0.01086173974417021,0.11904761904761904,0.0,0
2023-04-03,BMRI.JK,-0.3333333333333333,6.0,-0.1111111111111111,-0.07518702852520567,-0.21428571428571427,-0.3333333333333333,-1
2023-04-04,BMRI.JK,-0.3333333333333333,14.0,-0.2222222222222222,-0.13972360472723758,-0.16666666666666666,0.0,-1
2023-04-05,BMRI.JK,-0.3333333333333333,15.0,-0.3333333333333333,-0.1881260368787615,-0.2619047619047619,0.0,-1
2023-04-06,BMRI.JK,0.0,12.0,-0.22222222222222224,-0.14109452765907113,0.0476190476190476,0.3333333333333333,0
2023-04-07,BMRI.JK,0.0,4.0,-0.1111111111111111,-0.10582089574430334,-1.586032892321652e-17,0.0,0
2023-04-10,BMRI.JK,-1.0,3.0,-0.3333333333333333,-0.3293656718082275,-0.8571428571428572,-1.0,-1
2023-04-11,BMRI.JK,0.0,6.0,-0.3333333333333333,-0.24702425385617063,0.2857142857142857,1.0,0
2023-04-12,BMRI.JK,0.0,5.0,-0.3333333333333333,-0.18526819039212797,0.2857142857142857,0.0,0
2023-04-13,BMRI.JK,0.0,3.0,0.0,-0.13895114279409598,0.2380952380952381,0.0,0
2023-04-14,BMRI.JK,0.0,0.0,0.0,-0.10421335709557199,0.1904761904761905,0.0,0
2023-04-17,BMRI.JK,0.0,1.0,0.0,-0.07816001782167899,0.14285714285714285,0.0,0
2023-04-18,BMRI.JK,0.0,3.0,0.0,-0.058620013366259244,0.14285714285714285,0.0,0
2023-04-19,BMRI.JK,0.0,4.0,0.0,-0.04396501002469443,0.14285714285714285,0.0,0
2023-04-20,BMRI.JK,0.0,3.0,0.0,-0.03297375751852082,0.0,0.0,0
2023-04-21,BMRI.JK,0.0,1.0,0.0,-0.024730318138890615,0.0,0.0,0
2023-04-24,BMRI.JK,0.0,1.0,0.0,-0.01854773860416796,0.0,0.0,0
2023-04-25,BMRI.JK,1.0,2.0,0.3333333333333333,0.23608919604687403,1.0,1.0,1
2023-04-26,BMRI.JK,0.0,2.0,0.3333333333333333,0.17706689703515552,-0.14285714285714285,-1.0,0
2023-04-27,BMRI.JK,0.0,1.0,0.3333333333333333,0.13280017277636663,-0.14285714285714285,0.0,0
2023-04-28,BMRI.JK,0.0,0.0,0.0,0.09960012958227497,-0.14285714285714285,0.0,0
2023-05-01,BMRI.JK,0.0,1.0,0.0,0.07470009718670623,-0.14285714285714285,0.0,0
2023-05-02,BMRI.JK,0.0,1.0,0.0,0.05602507289002967,-0.14285714285714285,0.0,0
2023-05-03,BMRI.JK,0.0,1.0,0.0,0.04201880466752225,-0.14285714285714285,0.0,0
2023-05-04,BMRI.JK,0.0,0.0,0.0,0.03151410350064169,-0.14285714285714285,0.0,0
2023-05-05,BMRI.JK,-1.0,2.0,-0.3333333333333333,-0.22636442237451873,-1.0,-1.0,-1
2023-05-08,BMRI.JK,0.0,2.0,-0.3333333333333333,-0.16977331678088906,0.14285714285714285,1.0,0
2023-05-09,BMRI.JK,0.0,2.0,-0.3333333333333333,-0.1273299875856668,0.14285714285714285,0.0,0
2023-05-10,BMRI.JK,0.0,0.0,0.0,-0.09549749068925009,0.14285714285714285,0.0,0
2023-05-11,BMRI.JK,0.0,0.0,0.0,-0.07162311801693758,0.14285714285714285,0.0,0
2023-05-12,BMRI.JK,0.0,0.0,0.0,-0.05371733851270318,0.14285714285714285,0.0,0
2023-05-15,BMRI.JK,0.0,0.0,0.0,-0.040288003884527385,0.14285714285714285,0.0,0
2023-05-16,BMRI.JK,1.0,1.0,0.3333333333333333,0.21978399708660445,1.1428571428571428,1.0,1
2023-05-17,BMRI.JK,0.0,1.0,0.3333333333333333,0.16483799781495334,-0.14285714285714285,-1.0,0
2023-05-18,BMRI.JK,0.0,1.0,0.3333333333333333,0.123628498361215,-0.14285714285714285,0.0,0
2023-05-19,BMRI.JK,-1.0,3.0,-0.3333333333333333,-0.15727862622908875,-1.1428571428571428,-1.0,-1
2023-05-22,BMRI.JK,0.0,4.0,-0.3333333333333333,-0.11795896967181657,0.0,1.0,0
2023-05-23,BMRI.JK,0.0,4.0,-0.3333333333333333,-0.08846922725386243,0.0,0.0,0
2023-05-24,BMRI.JK,0.0,2.0,0.0,-0.06635192044039682,0.0,0.0,0
2023-05-25,BMRI.JK,0.0,3.0,0.0,-0.049763940330297615,0.0,0.0,0
2023-05-26,BMRI.JK,0.0,3.0,0.0,-0.03732295524772321,0.14285714285714285,0.0,0
2023-05-29,BMRI.JK,0.0,6.0,0.0,-0.027992216435792406,0.14285714285714285,0.0,0
2023-05-30,BMRI.JK,-1.0,5.0,-0.3333333333333333,-0.2709941623268443,-0.8571428571428572,-1.0,-1
2023-05-31,BMRI.JK,1.0,6.0,0.0,0.04675437825486678,1.1428571428571428,2.0,1
2023-06-01,BMRI.JK,0.0,3.0,0.0,0.035065783691150085,0.0,-1.0,0
2023-06-02,BMRI.JK,-1.0,4.0,0.0,-0.22370066223163743,-1.0,-1.0,-1
2023-06-05,BMRI.JK,0.0,4.0,-0.3333333333333333,-0.16777549667372807,0.14285714285714285,1.0,0
2023-06-06,BMRI.JK,0.0,3.0,-0.3333333333333333,-0.12583162250529606,0.14285714285714285,0.0,0
2023-06-07,BMRI.JK,0.0,2.0,0.0,-0.09437371687897204,0.14285714285714285,0.0,0
2023-06-08,BMRI.JK,1.0,2.0,0.3333333333333333,0.17921971234077097,1.1428571428571428,1.0,1
2023-06-09,BMRI.JK,0.0,3.0,0.3333333333333333,0.13441478425557823,-0.14285714285714285,-1.0,0
2023-06-12,BMRI.JK,-1.0,3.0,0.0,-0.14918891180831634,-1.0,-1.0,-1
2023-06-13,BMRI.JK,0.0,2.0,-0.3333333333333333,-0.11189168385623725,0.14285714285714285,1.0,0
2023-06-14,BMRI.JK,0.3333333333333333,4.0,-0.22222222222222224,-0.0005854295588446079,0.3333333333333333,0.3333333333333333,1
2023-06-15,BMRI.JK,1.0,4.0,0.4444444444444444,0.24956092783086653,0.9523809523809523,0.6666666666666667,1
2023-06-16,BMRI.JK,0.0,4.0,0.4444444444444444,0.18717069587314988,-0.19047619047619047,-1.0,0
2023-06-19,BMRI.JK,-0.3333333333333333,4.0,0.22222222222222224,0.0570446885715291,-0.5238095238095237,-0.3333333333333333,-1
2023-06-20,BMRI.JK,0.0,3.0,-0.1111111111111111,0.04278351642864682,7.93016446160826e-18,0.3333333333333333,0
2023-06-21,BMRI.JK,0.0,4.0,-0.1111111111111111,0.03208763732148512,7.93016446160826e-18,0.0,0
2023-06-22,BMRI.JK,0.0,3.0,0.0,0.02406572799111384,-0.14285714285714285,0.0,0
2023-06-23,BMRI.JK,0.0,3.0,0.0,0.01804929599333538,-0.14285714285714285,0.0,0
2023-06-26,BMRI.JK,-0.25,6.0,-0.08333333333333333,-0.048963028004998466,-0.34523809523809523,-0.25,-1
2023-06-27,BMRI.JK,-0.3333333333333333,7.0,-0.19444444444444442,-0.12005560433708218,-0.25,-0.08333333333333331,-1
2023-06-28,BMRI.JK,0.5,9.0,-0.027777777777777773,0.03495829674718837,0.6309523809523809,0.8333333333333333,1
2023-06-29,BMRI.JK,0.0,6.0,0.05555555555555556,0.026218722560391275,0.011904761904761902,-0.5,0
2023-06-30,BMRI.JK,0.0,3.0,0.16666666666666666,0.019664041920293456,0.011904761904761894,0.0,0
2023-07-03,BMRI.JK,0.0,1.0,0.0,0.014748031440220091,0.011904761904761894,0.0,0
2023-07-04,BMRI.JK,0.0,0.0,0.0,0.011061023580165068,0.011904761904761894,0.0,0
2023-07-05,BMRI.JK,0.0,1.0,0.0,0.0082957676851238,0.011904761904761894,0.0,0
2023-07-06,BMRI.JK,-1.0,2.0,-0.3333333333333333,-0.24377817423615716,-1.0238095238095237,-1.0,-1
2023-07-07,BMRI.JK,0.0,2.0,-0.3333333333333333,-0.1828336306771179,0.07142857142857142,1.0,0
2023-07-10,BMRI.JK,1.0,2.0,0.0,0.11287477699216159,1.1428571428571428,1.0,1
2023-07-11,BMRI.JK,0.0,1.0,0.3333333333333333,0.08465608274412119,0.0,-1.0,0
2023-07-12,BMRI.JK,0.0,3.0,0.3333333333333333,0.0634920620580909,-7.93016446160826e-18,0.0,0
2023-07-13,BMRI.JK,0.0,3.0,0.0,0.047619046543568175,-7.93016446160826e-18,0.0,0
2023-07-14,BMRI.JK,0.0,3.0,0.0,0.03571428490767613,-7.93016446160826e-18,0.0,0
2023-07-17,BMRI.JK,0.0,1.0,0.0,0.026785713680757096,-7.93016446160826e-18,0.0,0
2023-07-18,BMRI.JK,0.0,0.0,0.0,0.020089285260567823,-0.14285714285714285,0.0,0
2023-07-19,BMRI.JK,0.0,0.0,0.0,0.015066963945425867,-0.14285714285714285,0.0,0
2023-07-20,BMRI.JK,0.0,4.0,0.0,0.0113002229590694,0.0,0.0,0
2023-07-21,BMRI.JK,0.0,4.0,0.0,0.008475167219302051,0.0,0.0,0
2023-07-24,BMRI.JK,1.0,6.0,0.3333333333333333,0.25635637541447653,1.0,1.0,1
2023-07-25,BMRI.JK,1.0,6.0,0.6666666666666666,0.4422672815608574,0.8571428571428572,0.0,1
2023-07-26,BMRI.JK,1.0,7.0,1.0,0.581700461170643,0.7142857142857143,0.0,1
2023-07-27,BMRI.JK,1.0,6.0,1.0,0.6862753458779822,0.5714285714285714,0.0,1
2023-07-28,BMRI.JK,0.0,3.0,0.6666666666666666,0.5147065094084866,-0.5714285714285714,-1.0,0
2023-07-31,BMRI.JK,0.0,2.0,0.3333333333333333,0.38602988205636496,-0.5714285714285714,0.0,0
2023-08-01,BMRI.JK,-1.0,3.0,-0.3333333333333333,0.039522411542273705,-1.5714285714285714,-1.0,-1
2023-08-02,BMRI.JK,-1.0,3.0,-0.6666666666666666,-0.2203581913432947,-1.4285714285714286,0.0,-1
2023-08-03,BMRI.JK,0.0,3.0,-0.6666666666666666,-0.16526864350747103,-0.14285714285714285,1.0,0
2023-08-04,BMRI.JK,0.0,2.0,-0.3333333333333333,-0.12395148263060327,0.0,0.0,0
2023-08-07,BMRI.JK,0.0,1.0,0.0,-0.09296361197295244,0.14285714285714285,0.0,0
2023-08-08,BMRI.JK,0.0,2.0,0.0,-0.06972270897971433,0.2857142857142857,0.0,0
2023-08-09,BMRI.JK,0.0,1.0,0.0,-0.05229203173478575,0.2857142857142857,0.0,0
2023-08-10,BMRI.JK,0.0,3.0,0.0,-0.03921902380108931,0.2857142857142857,0.0,0
2023-08-11,BMRI.JK,0.0,3.0,0.0,-0.029414267850816984,0.14285714285714285,0.0,0
2023-08-14,BMRI.JK,-1.0,4.0,-0.3333333333333333,-0.27206070088811274,-1.0,-1.0,-1
2023-08-15,BMRI.JK,0.0,2.0,-0.3333333333333333,-0.20404552566608455,0.14285714285714285,1.0,0
2023-08-16,BMRI.JK,0.0,1.0,-0.3333333333333333,-0.1530341442495634,0.14285714285714285,0.0,0
2023-08-17,BMRI.JK,0.0,0.0,0.0,-0.11477560818717256,0.14285714285714285,0.0,0
2023-08-18,BMRI.JK,-0.5,2.0,-0.16666666666666666,-0.2110817061403794,-0.35714285714285715,-0.5,-1
2023-08-21,BMRI.JK,0.5,4.0,0.0,-0.03331127960528457,0.7142857142857143,1.0,1
2023-08-22,BMRI.JK,0.0,6.0,0.0,-0.02498345970396343,0.14285714285714285,-0.5,0
2023-08-23,BMRI.JK,1.0,5.0,0.5,0.23126240522202743,1.1428571428571428,1.0,1
2023-08-24,BMRI.JK,0.0,3.0,0.3333333333333333,0.17344680391652056,-0.14285714285714285,-1.0,0
2023-08-25,BMRI.JK,0.0,1.0,0.3333333333333333,0.13008510293739042,-0.14285714285714285,0.0,0
2023-08-28,BMRI.JK,0.0,0.0,0.0,0.09756382720304282,-0.14285714285714285,0.0,0
2023-08-29,BMRI.JK,0.6666666666666666,3.0,0.2222222222222222,0.23983953706894878,0.5238095238095237,0.6666666666666666,1
2023-08-30,BMRI.JK,0.0,3.0,0.2222222222222222,0.1798796528017116,-0.3095238095238095,-0.6666666666666666,0
2023-08-31,BMRI.JK,0.0,3.0,0.2222222222222222,0.1349097396012837,-0.23809523809523808,0.0,0
2023-09-01,BMRI.JK,0.0,0.0,0.0,0.10118230470096276,-0.23809523809523808,0.0,0
2023-09-04,BMRI.JK,0.5,2.0,0.16666666666666666,0.20088672852572206,0.40476190476190477,0.5,1
2023-09-05,BMRI.JK,0.0,2.0,0.16666666666666666,0.15066504639429154,-0.16666666666666666,-0.5,0
2023-09-06,BMRI.JK,0.0,3.0,0.16666666666666666,0.11299878479571865,-0.16666666666666666,0.0,0
2023-09-07,BMRI.JK,0.5,3.0,0.16666666666666666,0.20974908859678898,0.33333333333333337,0.5,1
2023-09-08,BMRI.JK,0.3333333333333333,6.0,0.27777777777777773,0.24064514978092505,0.19047619047619047,-0.16666666666666669,1
2023-09-11,BMRI.JK,0.0,5.0,0.27777777777777773,0.1804838623356938,-0.19047619047619047,-0.3333333333333333,0
2023-09-12,BMRI.JK,-1.0,4.0,-0.22222222222222224,-0.11463710324822965,-1.1904761904761905,-1.0,-1
2023-09-13,BMRI.JK,0.0,1.0,-0.3333333333333333,-0.08597782743617224,-0.04761904761904761,1.0,0
2023-09-14,BMRI.JK,-0.5,3.0,-0.5,-0.1894833705771292,-0.47619047619047616,-0.5,-1
2023-09-15,BMRI.JK,0.0,5.0,-0.16666666666666666,-0.1421125279328469,0.09523809523809525,0.5,0
2023-09-18,BMRI.JK,-0.3333333333333333,8.0,-0.27777777777777773,-0.18991772928296852,-0.23809523809523808,-0.3333333333333333,-1
2023-09-19,BMRI.JK,0.0,7.0,-0.1111111111111111,-0.14243829696222637,0.21428571428571427,0.3333333333333333,0
2023-09-20,BMRI.JK,0.0,6.0,-0.1111111111111111,-0.10682872272166978,0.2619047619047619,0.0,0
2023-09-21,BMRI.JK,0.0,3.0,0.0,-0.08012154204125234,0.2619047619047619,0.0,0
2023-09-22,BMRI.JK,0.0,2.0,0.0,-0.06009115653093926,0.11904761904761904,0.0,0
2023-09-25,BMRI.JK,0.0,2.0,0.0,-0.04506836739820444,0.11904761904761904,0.0,0
2023-09-26,BMRI.JK,0.0,2.0,0.0,-0.03380127554865333,0.047619047619047616,0.0,0
2023-09-27,BMRI.JK,0.0,5.0,0.0,-0.025350956661489996,0.047619047619047616,0.0,0
2023-09-28,BMRI.JK,0.0,3.0,0.0,-0.019013217496117497,0.0,0.0,0
2023-09-29,BMRI.JK,0.0,3.0,0.0,-0.014259913122088123,0.0,0.0,0
2023-10-02,BMRI.JK,0.0,0.0,0.0,-0.010694934841566093,0.0,0.0,0
2023-10-03,BMRI.JK,0.0,1.0,0.0,-0.00802120113117457,0.0,0.0,0
2023-10-04,BMRI.JK,-1.0,3.0,-0.3333333333333333,-0.25601590084838094,-1.0,-1.0,-1
2023-10-05,BMRI.JK,-1.0,9.0,-0.6666666666666666,-0.4420119256362857,-0.8571428571428572,0.0,-1
2023-10-06,BMRI.JK,0.0,8.0,-0.6666666666666666,-0.3315089442272143,0.2857142857142857,1.0,0
2023-10-09,BMRI.JK,-0.375,14.0,-0.4583333333333333,-0.3423817081704107,-0.0892857142857143,-0.375,-1
2023-10-10,BMRI.JK,0.6666666666666666,11.0,0.09722222222222221,-0.09011961446114133,1.005952380952381,1.0416666666666665,1
2023-10-11,BMRI.JK,0.0,12.0,0.09722222222222221,-0.067589710845856,0.24404761904761907,-0.6666666666666666,0
2023-10-12,BMRI.JK,-1.0,5.0,-0.11111111111111112,-0.300692283134392,-0.7559523809523809,-1.0,-1
2023-10-13,BMRI.JK,0.0,2.0,-0.3333333333333333,-0.225519212350794,0.3869047619047619,1.0,0
2023-10-16,BMRI.JK,0.0,1.0,-0.3333333333333333,-0.1691394092630955,0.24404761904761907,0.0,0
2023-10-17,BMRI.JK,0.0,0.0,0.0,-0.12685455694732162,0.10119047619047619,0.0,0
2023-10-18,BMRI.JK,0.0,0.0,0.0,-0.09514091771049121,0.10119047619047619,0.0,0
2023-10-19,BMRI.JK,0.0,0.0,0.0,-0.07135568828286841,0.04761904761904762,0.0,0
2023-10-20,BMRI.JK,0.0,0.0,0.0,-0.053516766212151304,0.14285714285714285,0.0,0
2023-10-23,BMRI.JK,0.0,1.0,0.0,-0.04013757465911348,0.14285714285714285,0.0,0
2023-10-24,BMRI.JK,1.0,2.0,0.3333333333333333,0.21989681900566488,1.0,1.0,1
2023-10-25,BMRI.JK,0.0,2.0,0.3333333333333333,0.16492261425424865,-0.14285714285714285,-1.0,0
2023-10-26,BMRI.JK,0.0,1.0,0.3333333333333333,0.12369196069068648,-0.14285714285714285,0.0,0
2023-10-27,BMRI.JK,0.0,0.0,0.0,0.09276897051801486,-0.14285714285714285,0.0,0
2023-10-30,BMRI.JK,-0.3333333333333333,3.0,-0.1111111111111111,-0.013756605444822184,-0.47619047619047616,-0.3333333333333333,-1
2023-10-31,BMRI.JK,0.0,3.0,-0.1111111111111111,-0.010317454083616638,-0.09523809523809525,0.3333333333333333,0
2023-11-01,BMRI.JK,1.0,4.0,0.22222222222222224,0.2422619094372875,0.9047619047619048,1.0,1
2023-11-02,BMRI.JK,0.0,1.0,0.3333333333333333,0.18169643207796563,-0.2380952380952381,-1.0,0
2023-11-03,BMRI.JK,0.0,3.0,0.3333333333333333,0.13627232405847423,-0.09523809523809525,0.0,0
2023-11-06,BMRI.JK,0.0,3.0,0.0,0.10220424304385567,-0.09523809523809525,0.0,0
2023-11-07,BMRI.JK,0.0,3.0,0.0,0.07665318228289175,-0.09523809523809525,0.0,0
2023-11-08,BMRI.JK,0.0,1.0,0.0,0.057489886712168814,-0.09523809523809525,0.0,0
2023-11-09,BMRI.JK,0.0,0.0,0.0,0.04311741503412661,-0.14285714285714285,0.0,0
2023-11-10,BMRI.JK,0.0,0.0,0.0,0.03233806127559496,-0.14285714285714285,0.0,0
2023-11-13,BMRI.JK,-0.5,2.0,-0.16666666666666666,-0.10074645404330379,-0.5,-0.5,-1
2023-11-14,BMRI.JK,0.0,3.0,-0.16666666666666666,-0.07555984053247784,0.07142857142857142,0.5,0
2023-11-15,BMRI.JK,0.0,3.0,-0.16666666666666666,-0.056669880399358386,0.07142857142857142,0.0,0
2023-11-16,BMRI.JK,-1.0,3.0,-0.3333333333333333,-0.2925024102995188,-0.9285714285714286,-1.0,-1
2023-11-17,BMRI.JK,0.0,3.0,-0.3333333333333333,-0.21937680772463908,0.21428571428571427,1.0,0
2023-11-20,BMRI.JK,-0.5,5.0,-0.5,-0.2895326057934793,-0.2857142857142857,-0.5,-1
2023-11-21,BMRI.JK,0.0,4.0,-0.16666666666666666,-0.21714945434510946,0.2857142857142857,0.5,0
2023-11-22,BMRI.JK,0.0,3.0,-0.16666666666666666,-0.1628620907588321,0.2857142857142857,0.0,0
2023-11-23,BMRI.JK,-1.0,2.0,-0.3333333333333333,-0.37214656806912405,-0.7857142857142857,-1.0,-1
2023-11-24,BMRI.JK,0.0,3.0,-0.3333333333333333,-0.27910992605184304,0.35714285714285715,1.0,0
2023-11-27,BMRI.JK,0.5,5.0,-0.16666666666666666,-0.08433244453888228,0.8571428571428572,0.5,1
2023-11-28,BMRI.JK,0.3333333333333333,7.0,0.27777777777777773,0.02008399992917162,0.47619047619047616,-0.16666666666666669,1
2023-11-29,BMRI.JK,1.0,6.0,0.611111111111111,0.2650629999468787,1.0952380952380953,0.6666666666666667,1
2023-11-30,BMRI.JK,0.0,5.0,0.4444444444444444,0.19879724996015902,-0.11904761904761904,-1.0,0
2023-12-01,BMRI.JK,0.3333333333333333,5.0,0.4444444444444444,0.2324312708034526,0.21428571428571427,0.3333333333333333,1
2023-12-04,BMRI.JK,-1.0,5.0,-0.22222222222222224,-0.07567654689741055,-1.1666666666666667,-1.3333333333333333,-1
2023-12-05,BMRI.JK,-1.0,8.0,-0.5555555555555556,-0.3067574101730579,-1.1666666666666667,0.0,-1
2023-12-06,BMRI.JK,0.0,5.0,-0.6666666666666666,-0.23006805762979343,-0.023809523809523787,1.0,0
2023-12-07,BMRI.JK,0.0,4.0,-0.3333333333333333,-0.17255104322234507,0.04761904761904764,0.0,0
2023-12-08,BMRI.JK,0.0,0.0,0.0,-0.1294132824167588,0.09523809523809525,0.0,0
2023-12-11,BMRI.JK,0.0,2.0,0.0,-0.09705996181256911,0.2380952380952381,0.0,0
2023-12-12,BMRI.JK,0.0,2.0,0.0,-0.07279497135942684,0.2380952380952381,0.0,0
2023-12-13,BMRI.JK,0.0,2.0,0.0,-0.05459622851957013,0.2857142857142857,0.0,0
2023-12-14,BMRI.JK,0.5,2.0,0.16666666666666666,0.0840528286103224,0.6428571428571428,0.5,1
2023-12-15,BMRI.JK,0.0,2.0,0.16666666666666666,0.0630396214577418,-0.07142857142857142,-0.5,0
2023-12-18,BMRI.JK,1.0,3.0,0.5,0.29727971609330633,0.9285714285714286,1.0,1
2023-12-19,BMRI.JK,0.0,1.0,0.3333333333333333,0.22295978706997976,-0.21428571428571427,-1.0,0
2023-12-20,BMRI.JK,0.0,2.0,0.3333333333333333,0.16721984030248482,-0.21428571428571427,0.0,0
2023-12-21,BMRI.JK,0.0,2.0,0.0,0.12541488022686362,-0.21428571428571427,0.0,0
2023-12-22,BMRI.JK,0.0,2.0,0.0,0.0940611601701477,-0.21428571428571427,0.0,0
2023-12-25,BMRI.JK,0.0,1.0,0.0,0.07054587012761078,-0.21428571428571427,0.0,0
2023-12-26,BMRI.JK,0.0,0.0,0.0,0.05290940259570809,-0.14285714285714285,0.0,0
2023-12-27,BMRI.JK,0.0,2.0,0.0,0.039682051946781066,-0.14285714285714285,0.0,0
2023-12-28,BMRI.JK,0.0,2.0,0.0,0.0297615389600858,0.0,0.0,0
2023-12-29,BMRI.JK,1.0,3.0,0.3333333333333333,0.27232115422006437,1.0,1.0,1
2024-01-01,BMRI.JK,-0.2,6.0,0.26666666666666666,0.1542408656650483,-0.34285714285714286,-1.2,-1
2024-01-02,BMRI.JK,-1.0,7.0,-0.06666666666666665,-0.13431935075121376,-1.1142857142857143,-0.8,-1
2024-01-03,BMRI.JK,0.0,8.0,-0.39999999999999997,-0.10073951306341032,0.028571428571428564,1.0,0
2024-01-04,BMRI.JK,-0.3333333333333333,6.0,-0.4444444444444444,-0.15888796813089107,-0.30476190476190473,-0.3333333333333333,-1
2024-01-05,BMRI.JK,1.0,6.0,0.22222222222222224,0.1308340239018317,1.0761904761904761,1.3333333333333333,1
2024-01-08,BMRI.JK,0.25,8.0,0.3055555555555556,0.16062551792637375,0.18333333333333332,-0.75,1
2024-01-09,BMRI.JK,0.5,7.0,0.5833333333333334,0.2454691384447803,0.3976190476190476,0.25,1
2024-01-10,BMRI.JK,0.0,7.0,0.25,0.18410185383358524,-0.03095238095238097,-0.5,0
2024-01-11,BMRI.JK,0.0,3.0,0.16666666666666666,0.13807639037518893,-0.05952380952380954,0.0,0
2024-01-12,BMRI.JK,0.0,2.0,0.0,0.1035572927813917,-0.20238095238095238,0.0,0
2024-01-15,BMRI.JK,0.5,3.0,0.16666666666666666,0.20266796958604377,0.2976190476190476,0.5,1
2024-01-16,BMRI.JK,0.0,4.0,0.16666666666666666,0.15200097718953282,-0.32142857142857145,-0.5,0
2024-01-17,BMRI.JK,0.0,4.0,0.16666666666666666,0.11400073289214961,-0.17857142857142858,0.0,0
2024-01-18,BMRI.JK,0.0,4.0,0.0,0.0855005496691122,-0.14285714285714285,0.0,0
2024-01-19,BMRI.JK,-1.0,4.0,-0.3333333333333333,-0.18587458774816584,-1.0714285714285714,-1.0,-1
2024-01-22,BMRI.JK,0.0,3.0,-0.3333333333333333,-0.1394059408111244,0.07142857142857142,1.0,0
2024-01-23,BMRI.JK,-1.0,2.0,-0.6666666666666666,-0.3545544556083433,-0.9285714285714286,-1.0,-1
2024-01-24,BMRI.JK,0.0,1.0,-0.3333333333333333,-0.2659158417062575,0.21428571428571427,1.0,0
2024-01-25,BMRI.JK,0.0,1.0,-0.3333333333333333,-0.1994368812796931,0.2857142857142857,0.0,0
2024-01-26,BMRI.JK,0.0,0.0,0.0,-0.14957766095976982,0.2857142857142857,0.0,0
2024-01-29,BMRI.JK,0.0,1.0,0.0,-0.11218324571982737,0.2857142857142857,0.0,0
2024-01-30,BMRI.JK,0.5,3.0,0.16666666666666666,0.04086256571012947,0.7857142857142857,0.5,1
2024-01-31,BMRI.JK,1.0,4.0,0.5,0.2806469242825971,1.0714285714285714,0.5,1
2024-02-01,BMRI.JK,0.6,13.0,0.7000000000000001,0.36048519321194783,0.5285714285714286,-0.4,1
2024-02-02,BMRI.JK,1.0,12.0,0.8666666666666667,0.5203638949089608,0.7,0.4,1
2024-02-05,BMRI.JK,0.0,14.0,0.5333333333333333,0.39027292118172063,-0.4428571428571429,-1.0,0
2024-02-06,BMRI.JK,0.0,5.0,0.3333333333333333,0.2927046908862905,-0.4428571428571429,0.0,0
2024-02-07,BMRI.JK,0.0,4.0,0.0,0.21952851816471786,-0.4428571428571429,0.0,0
2024-02-08,BMRI.JK,0.0,2.0,0.0,0.1646463886235384,-0.4428571428571429,0.0,0
2024-02-09,BMRI.JK,0.0,2.0,0.0,0.12348479146765379,-0.37142857142857144,0.0,0
2024-02-12,BMRI.JK,1.0,3.0,0.3333333333333333,0.34261359360074034,0.7714285714285714,1.0,1
2024-02-13,BMRI.JK,-1.0,3.0,0.0,0.0069601952005552414,-1.2857142857142856,-2.0,-1
2024-02-14,BMRI.JK,0.0,2.0,0.0,0.005220146400416431,0.0,1.0,0
2024-02-15,BMRI.JK,-1.0,2.0,-0.6666666666666666,-0.24608489019968768,-1.0,-1.0,-1
2024-02-16,BMRI.JK,-1.0,2.0,-0.6666666666666666,-0.43456366764976573,-0.8571428571428572,0.0,-1
2024-02-19,BMRI.JK,0.0,3.0,-0.6666666666666666,-0.3259227507373243,0.2857142857142857,1.0,0
2024-02-20,BMRI.JK,0.0,2.0,-0.3333333333333333,-0.2444420630529932,0.2857142857142857,0.0,0
2024-02-21,BMRI.JK,0.0,1.0,0.0,-0.1833315472897449,0.2857142857142857,0.0,0
2024-02-22,BMRI.JK,0.0,0.0,0.0,-0.1374986604673087,0.42857142857142855,0.0,0
2024-02-23,BMRI.JK,0.0,0.0,0.0,-0.10312399535048151,0.2857142857142857,0.0,0
2024-02-26,BMRI.JK,0.0,0.0,0.0,-0.07734299651286114,0.2857142857142857,0.0,0
2024-02-27,BMRI.JK,0.0,1.0,0.0,-0.058007247384645855,0.14285714285714285,0.0,0
2024-02-28,BMRI.JK,0.0,2.0,0.0,-0.04350543553848439,0.0,0.0,0
2024-02-29,BMRI.JK,0.0,2.0,0.0,-0.03262907665386329,0.0,0.0,0
2024-03-01,BMRI.JK,0.0,1.0,0.0,-0.024471807490397467,0.0,0.0,0
2024-03-04,BMRI.JK,0.0,2.0,0.0,-0.0183538556177981,0.0,0.0,0
2024-03-05,BMRI.JK,0.5,4.0,0.16666666666666666,0.11123460828665142,0.5,0.5,1
2024-03-06,BMRI.JK,-1.0,5.0,-0.16666666666666666,-0.16657404378501145,-1.0714285714285714,-1.5,-1
2024-03-07,BMRI.JK,0.7142857142857143,10.0,0.07142857142857144,0.05364089573266999,0.7857142857142857,1.7142857142857144,1
2024-03-08,BMRI.JK,0.5,12.0,0.07142857142857144,0.1652306717995025,0.46938775510204084,-0.2142857142857143,1
2024-03-11,BMRI.JK,0.0,12.0,0.4047619047619048,0.12392300384962687,-0.10204081632653061,-0.5,0
2024-03-12,BMRI.JK,0.0,5.0,0.1666666666666667,0.09294225288722016,-0.10204081632653061,0.0,0
2024-03-13,BMRI.JK,0.0,4.0,0.0,0.06970668966541513,-0.10204081632653061,0.0,0
2024-03-14,BMRI.JK,0.0,4.0,0.0,0.052280017249061346,-0.10204081632653061,0.0,0
2024-03-15,BMRI.JK,-0.3333333333333333,7.0,-0.11111111111111106,-0.04412332039653732,-0.3639455782312925,-0.3333333333333333,-1
2024-03-18,BMRI.JK,-0.3333333333333333,7.0,-0.22222222222222218,-0.11642582363073631,-0.45918367346938777,0.0,-1
2024-03-19,BMRI.JK,0.0,8.0,-0.22222222222222218,-0.08731936772305224,0.023809523809523787,0.3333333333333333,0
2024-03-20,BMRI.JK,0.0,5.0,-0.11111111111111106,-0.06548952579228917,0.09523809523809522,0.0,0
2024-03-21,BMRI.JK,0.0,2.0,0.0,-0.04911714434421688,0.09523809523809522,0.0,0
2024-03-22,BMRI.JK,0.0,0.0,0.0,-0.03683785825816266,0.09523809523809522,0.0,0
2024-03-25,BMRI.JK,0.3333333333333333,3.0,0.11111111111111115,0.055704939639711334,0.42857142857142855,0.3333333333333333,1
2024-03-26,BMRI.JK,0.0,3.0,0.11111111111111115,0.0417787047297835,0.0476190476190476,-0.3333333333333333,0
2024-03-27,BMRI.JK,0.0,4.0,0.11111111111111115,0.03133402854733762,-1.586032892321652e-17,0.0,0
2024-03-28,BMRI.JK,-1.0,2.0,-0.3333333333333333,-0.2264994785894968,-1.0476190476190477,-1.0,-1
2024-03-29,BMRI.JK,0.0,2.0,-0.3333333333333333,-0.16987460894212258,0.09523809523809522,1.0,0
2024-04-01,BMRI.JK,1.0,2.0,3.700743415417188e-17,0.12259404329340806,1.0952380952380951,1.0,1
2024-04-02,BMRI.JK,1.0,2.0,0.6666666666666666,0.34194553247005605,0.9523809523809523,0.0,1
2024-04-03,BMRI.JK,-1.0,3.0,0.3333333333333333,0.0064591493525420485,-1.1904761904761905,-2.0,-1
2024-04-04,BMRI.JK,0.0,2.0,3.700743415417188e-17,0.004844362014406536,-3.172065784643304e-17,1.0,0
2024-04-05,BMRI.JK,0.0,1.0,-0.3333333333333333,0.0036332715108049023,-2.3790493384824782e-17,0.0,0
2024-04-08,BMRI.JK,0.0,0.0,0.0,0.0027249536331036767,-2.3790493384824782e-17,0.0,0
2024-04-09,BMRI.JK,0.5,2.0,0.1666666666666667,0.12704371522482777,0.3571428571428571,0.5,1
2024-04-10,BMRI.JK,0.0,2.0,0.1666666666666667,0.09528278641862083,-0.21428571428571433,-0.5,0
2024-04-11,BMRI.JK,0.0,2.0,0.1666666666666667,0.07146208981396562,-0.07142857142857147,0.0,0
2024-04-12,BMRI.JK,0.0,0.0,0.0,0.05359656736047422,0.0714285714285714,0.0,0
2024-04-15,BMRI.JK,0.0,0.0,0.0,0.04019742552035566,-0.07142857142857147,0.0,0
2024-04-16,BMRI.JK,1.0,1.0,0.3333333333333333,0.28014806914026674,0.9285714285714285,1.0,1
2024-04-17,BMRI.JK,0.3333333333333333,4.0,0.4444444444444445,0.2934443851885334,0.11904761904761899,-0.6666666666666667,1
2024-04-18,BMRI.JK,0.0,4.0,0.4444444444444445,0.22008328889140005,-0.2619047619047619,-0.3333333333333333,0
2024-04-19,BMRI.JK,0.0,3.0,0.11111111111111115,0.16506246666855004,-0.1904761904761905,0.0,0
2024-04-22,BMRI.JK,1.0,2.0,0.3333333333333333,0.3737968500014125,0.8095238095238095,1.0,1
2024-04-23,BMRI.JK,0.0,2.0,0.3333333333333333,0.2803476375010594,-0.33333333333333337,-1.0,0
2024-04-24,BMRI.JK,0.0,2.0,0.3333333333333333,0.21026072812579455,-0.33333333333333337,0.0,0
2024-04-25,BMRI.JK,0.0,0.0,0.0,0.1576955460943459,-0.33333333333333337,0.0,0
2024-04-26,BMRI.JK,-1.0,2.0,-0.3333333333333333,-0.13172834042924056,-1.1904761904761905,-1.0,-1
2024-04-29,BMRI.JK,0.0,2.0,-0.3333333333333333,-0.09879625532193043,-3.172065784643304e-17,1.0,0
2024-04-30,BMRI.JK,0.0,6.0,-0.3333333333333333,-0.07409719149144782,-2.3790493384824782e-17,0.0,0
2024-05-01,BMRI.JK,0.0,4.0,0.0,-0.05557289361858586,-2.3790493384824782e-17,0.0,0
2024-05-02,BMRI.JK,-0.5,6.0,-0.16666666666666663,-0.1666796702139394,-0.3571428571428572,-0.5,-1
2024-05-03,BMRI.JK,-1.0,3.0,-0.5,-0.37500975266045455,-0.7857142857142858,-0.5,-1
2024-05-06,BMRI.JK,0.0,6.0,-0.5,-0.2812573144953409,0.35714285714285715,1.0,0
2024-05-07,BMRI.JK,0.0,4.0,-0.3333333333333333,-0.21094298587150567,0.35714285714285715,0.0,0
2024-05-08,BMRI.JK,0.0,5.0,0.0,-0.15820723940362924,0.21428571428571425,0.0,0
2024-05-09,BMRI.JK,0.3333333333333333,5.0,0.1111111111111111,-0.0353220962193886,0.5476190476190476,0.3333333333333333,1
2024-05-10,BMRI.JK,0.0,5.0,0.1111111111111111,-0.02649157216454145,0.16666666666666666,-0.3333333333333333,0
2024-05-13,BMRI.JK,0.0,3.0,0.1111111111111111,-0.019868679123406088,0.16666666666666666,0.0,0
2024-05-14,BMRI.JK,1.0,1.0,0.3333333333333333,0.23509849065744542,1.0952380952380951,1.0,1
2024-05-15,BMRI.JK,-1.0,2.0,0.0,-0.07367613200691592,-1.1904761904761905,-2.0,-1
2024-05-16,BMRI.JK,0.0,2.0,0.0,-0.05525709900518694,-0.04761904761904764,1.0,0
2024-05-17,BMRI.JK,0.0,1.0,-0.3333333333333333,-0.041442824253890204,-0.04761904761904764,0.0,0
2024-05-20,BMRI.JK,-0.2,5.0,-0.06666666666666667,-0.08108211819041766,-0.24761904761904766,-0.2,-1
2024-05-21,BMRI.JK,0.0,5.0,-0.06666666666666667,-0.06081158864281325,0.02857142857142855,0.2,0
2024-05-22,BMRI.JK,0.0,5.0,-0.06666666666666667,-0.045608691482109935,0.02857142857142855,0.0,0
2024-05-23,BMRI.JK,0.0,0.0,0.0,-0.03420651861158245,0.02857142857142855,0.0,0
2024-05-24,BMRI.JK,0.0,0.0,0.0,-0.02565488895868684,0.1714285714285714,0.0,0
2024-05-27,BMRI.JK,-1.0,1.0,-0.3333333333333333,-0.2692411667190151,-0.9714285714285714,-1.0,-1
2024-05-28,BMRI.JK,0.0,1.0,-0.3333333333333333,-0.20193087503926133,0.1714285714285714,1.0,0
2024-05-29,BMRI.JK,0.0,2.0,-0.3333333333333333,-0.151448156279446,0.1714285714285714,0.0,0
2024-05-30,BMRI.JK,0.0,1.0,0.0,-0.1135861172095845,0.14285714285714285,0.0,0
2024-05-31,BMRI.JK,-1.0,3.0,-0.3333333333333333,-0.3351895879071884,-0.8571428571428572,-1.0,-1
2024-06-03,BMRI.JK,0.3333333333333333,5.0,-0.22222222222222224,-0.16805885759705796,0.6190476190476191,1.3333333333333333,1
2024-06-04,BMRI.JK,0.0,6.0,-0.22222222222222224,-0.12604414319779347,0.23809523809523808,-0.3333333333333333,0
2024-06-05,BMRI.JK,1.0,5.0,0.4444444444444444,0.1554668926016549,1.2380952380952381,1.0,1
2024-06-06,BMRI.JK,0.0,2.0,0.3333333333333333,0.11660016945124116,-0.04761904761904764,-1.0,0
2024-06-07,BMRI.JK,0.0,1.0,0.3333333333333333,0.08745012708843086,-0.04761904761904764,0.0,0
2024-06-10,BMRI.JK,-1.0,3.0,-0.3333333333333333,-0.18441240468367687,-1.0476190476190477,-1.0,-1
2024-06-11,BMRI.JK,0.0,3.0,-0.3333333333333333,-0.13830930351275766,0.09523809523809522,1.0,0
2024-06-12,BMRI.JK,0.0,3.0,-0.3333333333333333,-0.10373197763456825,-0.04761904761904764,0.0,0
2024-06-13,BMRI.JK,0.0,0.0,0.0,-0.07779898322592618,-2.3790493384824782e-17,0.0,0
2024-06-14,BMRI.JK,0.0,1.0,0.0,-0.05834923741944464,-2.3790493384824782e-17,0.0,0
2024-06-17,BMRI.JK,0.0,1.0,0.0,-0.043761928064583476,0.14285714285714282,0.0,0
2024-06-18,BMRI.JK,0.0,1.0,0.0,-0.032821446048437605,0.14285714285714282,0.0,0
2024-06-19,BMRI.JK,0.0,0.0,0.0,-0.024616084536328204,0.14285714285714282,0.0,0
2024-06-20,BMRI.JK,0.0,0.0,0.0,-0.018462063402246154,0.0,0.0,0
2024-06-21,BMRI.JK,0.0,0.0,0.0,-0.013846547551684615,0.0,0.0,0
2024-06-24,BMRI.JK,0.0,0.0,0.0,-0.010384910663763462,0.0,0.0,0
2024-06-25,BMRI.JK,0.0,0.0,0.0,-0.007788682997822596,0.0,0.0,0
2024-06-26,BMRI.JK,-0.2,5.0,-0.06666666666666667,-0.05584151224836695,-0.2,-0.2,-1
2024-06-27,BMRI.JK,0.2,10.0,0.0,0.008118865813724792,0.22857142857142856,0.4,1
2024-06-28,BMRI.JK,-0.5,14.0,-0.16666666666666666,-0.11891085063970641,-0.5,-0.7,-1
2024-07-01,BMRI.JK,-0.5714285714285714,16.0,-0.2904761904761905,-0.23204028083692266,-0.5,-0.0714285714285714,-1
2024-07-02,BMRI.JK,-1.0,12.0,-0.6904761904761904,-0.424030210627692,-0.8469387755102041,-0.4285714285714286,-1
2024-07-03,BMRI.JK,1.0,9.0,-0.19047619047619047,-0.06802265797076901,1.2959183673469388,2.0,1
2024-07-04,BMRI.JK,1.0,3.0,0.3333333333333333,0.19898300652192324,1.153061224489796,0.0,1
2024-07-05,BMRI.JK,0.0,2.0,0.6666666666666666,0.14923725489144243,0.010204081632653026,-1.0,0
2024-07-08,BMRI.JK,0.0,1.0,0.3333333333333333,0.11192794116858182,-0.018367346938775547,0.0,0
2024-07-09,BMRI.JK,-0.3333333333333333,3.0,-0.1111111111111111,0.000612622543103028,-0.3231292517006803,-0.3333333333333333,-1
2024-07-10,BMRI.JK,-1.0,4.0,-0.4444444444444444,-0.24954053309267274,-1.0136054421768708,-0.6666666666666667,-1
2024-07-11,BMRI.JK,0.0,4.0,-0.4444444444444444,-0.18715539981950455,0.047619047619047575,1.0,0
2024-07-12,BMRI.JK,0.0,2.0,-0.3333333333333333,-0.1403665498646284,-0.09523809523809527,0.0,0
2024-07-15,BMRI.JK,-1.0,3.0,-0.3333333333333333,-0.3552749123984713,-0.9523809523809524,-1.0,-1
2024-07-16,BMRI.JK,0.0,4.0,-0.3333333333333333,-0.2664561842988535,0.3333333333333333,1.0,0
2024-07-17,BMRI.JK,1.0,5.0,0.0,0.0501578617758599,1.3333333333333333,1.0,1
2024-07-18,BMRI.JK,1.0,7.0,0.6666666666666666,0.2876183963318949,1.1904761904761905,0.0,1
2024-07-19,BMRI.JK,0.0,8.0,0.6666666666666666,0.21571379724892117,-3.172065784643304e-17,-1.0,0
2024-07-22,BMRI.JK,0.0,10.0,0.3333333333333333,0.1617853479366909,-0.14285714285714288,0.0,0
2024-07-23,BMRI.JK,1.0,7.0,0.3333333333333333,0.3713390109525182,0.8571428571428571,1.0,1
2024-07-24,BMRI.JK,0.0,7.0,0.3333333333333333,0.2785042582143886,-0.2857142857142857,-1.0,0
2024-07-25,BMRI.JK,0.0,4.0,0.3333333333333333,0.20887819366079147,-0.42857142857142855,0.0,0
2024-07-26,BMRI.JK,0.5,5.0,0.16666666666666666,0.2816586452455936,0.07142857142857145,0.5,1
2024-07-29,BMRI.JK,-1.0,4.0,-0.16666666666666666,-0.03875601606580481,-1.3571428571428572,-1.5,-1
2024-07-30,BMRI.JK,0.0,3.0,-0.16666666666666666,-0.029067012049353608,-0.07142857142857147,1.0,0
2024-07-31,BMRI.JK,0.0,1.0,-0.3333333333333333,-0.021800259037015206,-0.07142857142857147,0.0,0
2024-08-01,BMRI.JK,0.5,6.0,0.16666666666666666,0.10864980572223859,0.42857142857142855,0.5,1
2024-08-02,BMRI.JK,0.0,7.0,0.16666666666666666,0.08148735429167894,-3.172065784643304e-17,-0.5,0
2024-08-05,BMRI.JK,-0.07142857142857142,21.0,0.14285714285714288,0.04325837286161635,-0.07142857142857145,-0.07142857142857142,-1
2024-08-06,BMRI.JK,1.0,16.0,0.30952380952380953,0.28244377964621226,1.010204081632653,1.0714285714285714,1
2024-08-07,BMRI.JK,0.0,15.0,0.30952380952380953,0.2118328347346592,-0.0612244897959184,-1.0,0
2024-08-08,BMRI.JK,0.0,1.0,0.3333333333333333,0.1588746260509944,-0.20408163265306126,0.0,0
2024-08-09,BMRI.JK,0.0,0.0,0.0,0.1191559695382458,-0.20408163265306126,0.0,0
2024-08-12,BMRI.JK,0.25,4.0,0.08333333333333333,0.15186697715368436,0.04591836734693874,0.25,1
2024-08-13,BMRI.JK,0.0,6.0,0.08333333333333333,0.11390023286526327,-0.16836734693877556,-0.25,0
2024-08-14,BMRI.JK,1.0,7.0,0.4166666666666667,0.33542517464894744,0.8316326530612245,1.0,1
2024-08-15,BMRI.JK,0.0,3.0,0.3333333333333333,0.2515688809867106,-0.32142857142857145,-1.0,0
2024-08-16,BMRI.JK,0.0,1.0,0.3333333333333333,0.18867666074003295,-0.1785714285714286,0.0,0
2024-08-19,BMRI.JK,0.5,2.0,0.16666666666666666,0.26650749555502473,0.3214285714285714,0.5,1
2024-08-20,BMRI.JK,0.0,4.0,0.16666666666666666,0.19988062166626855,-0.25000000000000006,-0.5,0
2024-08-21,BMRI.JK,0.0,6.0,0.16666666666666666,0.14991046624970142,-0.25000000000000006,0.0,0
2024-08-22,BMRI.JK,-1.0,5.0,-0.3333333333333333,-0.13756715031272393,-1.2142857142857144,-1.0,-1
2024-08-23,BMRI.JK,0.0,3.0,-0.3333333333333333,-0.10317536273454295,-0.07142857142857147,1.0,0
2024-08-26,BMRI.JK,0.5,3.0,-0.16666666666666666,0.0476184779490928,0.5714285714285714,0.5,1
2024-08-27,BMRI.JK,0.0,3.0,0.16666666666666666,0.0357138584618196,-3.172065784643304e-17,-0.5,0
2024-08-28,BMRI.JK,-1.0,6.0,-0.16666666666666666,-0.2232146061536353,-1.0,-1.0,-1
2024-08-29,BMRI.JK,0.0,5.0,-0.3333333333333333,-0.16741095461522648,0.21428571428571425,1.0,0
2024-08-30,BMRI.JK,-1.0,5.0,-0.6666666666666666,-0.37555821596141986,-0.7857142857142858,-1.0,-1
2024-09-02,BMRI.JK,0.0,4.0,-0.3333333333333333,-0.2816686619710649,0.35714285714285715,1.0,0
2024-09-03,BMRI.JK,0.5,7.0,-0.16666666666666666,-0.08625149647829866,0.7142857142857142,0.5,1
2024-09-04,BMRI.JK,0.0,7.0,0.16666666666666666,-0.064688622358724,0.14285714285714282,-0.5,0
2024-09-05,BMRI.JK,0.0,6.0,0.16666666666666666,-0.048516466769043,0.21428571428571425,0.0,0
2024-09-06,BMRI.JK,0.0,3.0,0.0,-0.036387350076782246,0.21428571428571425,0.0,0
2024-09-09,BMRI.JK,0.0,3.0,0.0,-0.027290512557586685,0.0714285714285714,0.0,0
2024-09-10,BMRI.JK,-0.5,4.0,-0.16666666666666666,-0.14546788441819,-0.4285714285714286,-0.5,-1
2024-09-11,BMRI.JK,0.0,4.0,-0.16666666666666666,-0.1091009133136425,-3.172065784643304e-17,0.5,0
2024-09-12,BMRI.JK,0.0,4.0,-0.16666666666666666,-0.08182568498523188,-3.172065784643304e-17,0.0,0
2024-09-13,BMRI.JK,0.0,2.0,0.0,-0.06136926373892391,0.0714285714285714,0.0,0
2024-09-16,BMRI.JK,0.3333333333333333,4.0,0.1111111111111111,0.037306385529140396,0.4047619047619047,0.3333333333333333,1
2024-09-17,BMRI.JK,-1.0,4.0,-0.22222222222222224,-0.22202021085314472,-0.9761904761904763,-1.3333333333333333,-1
2024-09-18,BMRI.JK,0.0,8.0,-0.22222222222222224,-0.16651515813985854,0.16666666666666666,1.0,0
2024-09-19,BMRI.JK,-0.5,7.0,-0.5,-0.2498863686048939,-0.33333333333333337,-0.5,-1
2024-09-20,BMRI.JK,0.0,6.0,-0.16666666666666666,-0.18741477645367044,0.16666666666666666,0.5,0
2024-09-23,BMRI.JK,-0.5,4.0,-0.3333333333333333,-0.26556108234025283,-0.33333333333333337,-0.5,-1
2024-09-24,BMRI.JK,0.0,2.0,-0.16666666666666666,-0.19917081175518964,0.23809523809523808,0.5,0
2024-09-25,BMRI.JK,0.0,3.0,-0.16666666666666666,-0.14937810881639224,0.23809523809523808,0.0,0
2024-09-26,BMRI.JK,-1.0,2.0,-0.3333333333333333,-0.36203358161229415,-0.7142857142857143,-1.0,-1
2024-09-27,BMRI.JK,0.0,6.0,-0.3333333333333333,-0.2715251862092206,0.2857142857142857,1.0,0
2024-09-30,BMRI.JK,-0.14285714285714285,12.0,-0.38095238095238093,-0.2393581753712012,0.14285714285714285,-0.14285714285714285,-1
2024-10-01,BMRI.JK,0.0,11.0,-0.047619047619047616,-0.1795186315284009,0.23469387755102036,0.14285714285714285,0
2024-10-02,BMRI.JK,0.0,9.0,-0.047619047619047616,-0.13463897364630067,0.23469387755102036,0.0,0
2024-10-03,BMRI.JK,0.0,4.0,0.0,-0.1009792302347255,0.16326530612244894,0.0,0
2024-10-04,BMRI.JK,0.5,6.0,0.16666666666666666,0.04926557732395587,0.6632653061224489,0.5,1
2024-10-07,BMRI.JK,-0.25,8.0,0.08333333333333333,-0.0255508170070331,-0.15816326530612249,-0.75,-1
2024-10-08,BMRI.JK,0.0,11.0,0.08333333333333333,-0.019163112755274825,-0.015306122448979624,0.25,0
2024-10-09,BMRI.JK,0.0,11.0,-0.08333333333333333,-0.014372334566456119,-0.015306122448979624,0.0,0
2024-10-10,BMRI.JK,0.0,8.0,0.0,-0.010779250924842089,-0.03571428571428575,0.0,0
2024-10-11,BMRI.JK,-1.0,4.0,-0.3333333333333333,-0.2580844381936316,-1.0357142857142858,-1.0,-1
2024-10-14,BMRI.JK,0.0,3.0,-0.3333333333333333,-0.1935633286452237,0.10714285714285711,1.0,0
2024-10-15,BMRI.JK,0.0,2.0,-0.3333333333333333,-0.14517249648391778,0.10714285714285711,0.0,0
2024-10-16,BMRI.JK,0.0,3.0,0.0,-0.10887937236293833,0.17857142857142855,0.0,0
2024-10-17,BMRI.JK,0.3333333333333333,5.0,0.1111111111111111,0.0016738040611295746,0.47619047619047616,0.3333333333333333,1
2024-10-18,BMRI.JK,1.0,6.0,0.4444444444444444,0.2512553530458472,1.0952380952380951,0.6666666666666667,1
2024-10-21,BMRI.JK,0.0,6.0,0.4444444444444444,0.18844151478438537,-0.04761904761904764,-1.0,0
2024-10-22,BMRI.JK,0.0,3.0,0.3333333333333333,0.141331136088289,-0.04761904761904764,0.0,0
2024-10-23,BMRI.JK,0.0,2.0,0.0,0.10599835206621676,-0.1904761904761905,0.0,0
2024-10-24,BMRI.JK,-0.5,2.0,-0.16666666666666666,-0.045501235950337435,-0.6904761904761905,-0.5,-1
2024-10-25,BMRI.JK,0.0,2.0,-0.16666666666666666,-0.03412592696275307,-0.11904761904761907,0.5,0
2024-10-28,BMRI.JK,0.0,5.0,-0.16666666666666666,-0.025594445222064804,-0.11904761904761907,0.0,0
2024-10-29,BMRI.JK,-0.3333333333333333,6.0,-0.1111111111111111,-0.10252916724988193,-0.40476190476190477,-0.3333333333333333,-1
2024-10-30,BMRI.JK,0.0,8.0,-0.1111111111111111,-0.07689687543741144,0.119047619047619,0.3333333333333333,0
2024-10-31,BMRI.JK,1.0,6.0,0.22222222222222224,0.1923273434219414,1.119047619047619,1.0,1
2024-11-01,BMRI.JK,0.0,3.0,0.3333333333333333,0.14424550756645604,-0.023809523809523853,-1.0,0
2024-11-04,BMRI.JK,1.0,2.0,0.6666666666666666,0.358184130674842,0.9761904761904762,1.0,1
2024-11-05,BMRI.JK,1.0,2.0,0.6666666666666666,0.5186380980061315,0.7619047619047619,0.0,1
2024-11-06,BMRI.JK,0.5,4.0,0.8333333333333334,0.5139785735045986,0.11904761904761901,-0.5,1
2024-11-07,BMRI.JK,-0.3333333333333333,6.0,0.3888888888888889,0.30215059679511563,-0.7857142857142858,-0.8333333333333333,-1
2024-11-08,BMRI.JK,0.0,8.0,0.05555555555555556,0.2266129475963367,-0.45238095238095244,0.3333333333333333,0
2024-11-11,BMRI.JK,0.25,10.0,-0.027777777777777773,0.23245971069725252,-0.20238095238095244,0.25,1
2024-11-12,BMRI.JK,0.0,9.0,0.08333333333333333,0.17434478302293938,-0.3452380952380953,-0.25,0
2024-11-13,BMRI.JK,0.3333333333333333,9.0,0.19444444444444442,0.21409192060053783,-0.011904761904761973,0.3333333333333333,1
2024-11-14,BMRI.JK,0.0,5.0,0.1111111111111111,0.16056894045040337,-0.25000000000000006,-0.3333333333333333,0
2024-11-15,BMRI.JK,0.0,3.0,0.1111111111111111,0.12042670533780253,-0.10714285714285718,0.0,0
2024-11-18,BMRI.JK,0.0,0.0,0.0,0.0903200290033519,-0.03571428571428575,0.0,0
2024-11-19,BMRI.JK,0.0,1.0,0.0,0.06774002175251392,-0.08333333333333336,0.0,0
2024-11-20,BMRI.JK,0.0,1.0,0.0,0.05080501631438544,-0.08333333333333336,0.0,0
2024-11-21,BMRI.JK,0.0,1.0,0.0,0.03810376223578908,-0.04761904761904765,0.0,0
2024-11-22,BMRI.JK,0.0,0.0,0.0,0.02857782167684181,-0.04761904761904765,0.0,0
2024-11-25,BMRI.JK,-1.0,3.0,-0.3333333333333333,-0.22856663374236863,-1.0,-1.0,-1
2024-11-26,BMRI.JK,-1.0,4.0,-0.6666666666666666,-0.4214249753067765,-0.8571428571428572,0.0,-1
2024-11-27,BMRI.JK,0.0,4.0,-0.6666666666666666,-0.31606873148008235,0.2857142857142857,1.0,0
2024-11-28,BMRI.JK,-1.0,3.0,-0.6666666666666666,-0.4870515486100618,-0.7142857142857143,-1.0,-1
2024-11-29,BMRI.JK,0.0,3.0,-0.3333333333333333,-0.36528866145754635,0.42857142857142855,1.0,0
2024-12-02,BMRI.JK,0.4,8.0,-0.19999999999999998,-0.17396649609315976,0.8285714285714285,0.4,1
2024-12-03,BMRI.JK,1.0,7.0,0.4666666666666666,0.11952512793013018,1.3714285714285714,0.6,1
2024-12-04,BMRI.JK,-0.2857142857142857,13.0,0.37142857142857144,0.018215274519026214,-0.05714285714285719,-1.2857142857142856,-1
2024-12-05,BMRI.JK,0.0,14.0,0.2380952380952381,0.01366145588926966,0.12653061224489792,0.2857142857142857,0
2024-12-06,BMRI.JK,-1.0,15.0,-0.42857142857142855,-0.23975390808304775,-1.0163265306122449,-1.0,-1
2024-12-09,BMRI.JK,0.0,10.0,-0.3333333333333333,-0.1798154310622858,0.12653061224489792,1.0,0
2024-12-10,BMRI.JK,0.0,5.0,-0.3333333333333333,-0.13486157329671436,-0.016326530612244934,0.0,0
2024-12-11,BMRI.JK,-1.0,5.0,-0.3333333333333333,-0.3511461799725358,-1.0163265306122449,-1.0,-1
2024-12-12,BMRI.JK,0.0,5.0,-0.3333333333333333,-0.26335963497940185,0.18367346938775508,1.0,0
2024-12-13,BMRI.JK,0.0,4.0,-0.3333333333333333,-0.19751972623455138,0.32653061224489793,0.0,0
2024-12-16,BMRI.JK,-0.5,4.0,-0.16666666666666666,-0.27313979467591354,-0.2142857142857143,-0.5,-1
2024-12-17,BMRI.JK,0.0,2.0,-0.16666666666666666,-0.20485484600693515,0.35714285714285715,0.5,0
2024-12-18,BMRI.JK,0.0,2.0,-0.16666666666666666,-0.15364113450520137,0.21428571428571427,0.0,0
2024-12-19,BMRI.JK,0.0,0.0,0.0,-0.11523085087890103,0.21428571428571427,0.0,0
2024-12-20,BMRI.JK,0.0,0.0,0.0,-0.08642313815917577,0.21428571428571427,0.0,0
2024-12-23,BMRI.JK,0.0,4.0,0.0,-0.06481735361938182,0.07142857142857142,0.0,0
2024-12-24,BMRI.JK,-1.0,5.0,-0.3333333333333333,-0.29861301521453637,-0.9285714285714286,-1.0,-1
2024-12-25,BMRI.JK,0.0,6.0,-0.3333333333333333,-0.2239597614109023,0.21428571428571427,1.0,0
2024-12-26,BMRI.JK,0.0,3.0,-0.3333333333333333,-0.1679698210581767,0.14285714285714285,0.0,0
2024-12-27,BMRI.JK,0.0,2.0,0.0,-0.12597736579363253,0.14285714285714285,0.0,0
2024-12-30,BMRI.JK,0.0,3.0,0.0,-0.0944830243452244,0.14285714285714285,0.0,0
2024-12-31,BMRI.JK,0.0,2.0,0.0,-0.07086226825891831,0.14285714285714285,0.0,0
2025-01-01,BMRI.JK,0.0,4.0,0.0,-0.05314670119418873,0.14285714285714285,0.0,0
2025-01-02,BMRI.JK,0.0,2.0,0.0,-0.03986002589564155,0.14285714285714285,0.0,0
2025-01-03,BMRI.JK,-0.5,4.0,-0.16666666666666666,-0.15489501942173117,-0.5,-0.5,-1
2025-01-06,BMRI.JK,0.0,4.0,-0.16666666666666666,-0.11617126456629838,0.07142857142857142,0.5,0
2025-01-07,BMRI.JK,-0.6666666666666666,7.0,-0.38888888888888884,-0.2537951150913904,-0.5952380952380952,-0.6666666666666666,-1
2025-01-08,BMRI.JK,0.0,6.0,-0.2222222222222222,-0.1903463363185428,0.16666666666666666,0.6666666666666666,0
2025-01-09,BMRI.JK,-1.0,8.0,-0.5555555555555555,-0.39275975223890713,-0.8333333333333334,-1.0,-1
2025-01-10,BMRI.JK,0.3333333333333333,8.0,-0.22222222222222224,-0.21123648084584706,0.6428571428571428,1.3333333333333333,1
2025-01-13,BMRI.JK,0.6,12.0,-0.022222222222222216,-0.00842736063438529,0.861904761904762,0.26666666666666666,1
2025-01-14,BMRI.JK,0.0,8.0,0.3111111111111111,-0.006320520475788967,0.17619047619047618,-0.6,0
2025-01-15,BMRI.JK,-1.0,6.0,-0.1333333333333333,-0.2547403903568417,-0.8952380952380953,-1.0,-1
2025-01-16,BMRI.JK,0.0,3.0,-0.3333333333333333,-0.19105529276763128,0.2476190476190476,1.0,0
2025-01-17,BMRI.JK,0.0,3.0,-0.3333333333333333,-0.14329146957572347,0.15238095238095234,0.0,0
2025-01-20,BMRI.JK,0.2,7.0,0.06666666666666667,-0.0574686021817926,0.35238095238095235,0.2,1
2025-01-21,BMRI.JK,0.0,8.0,0.06666666666666667,-0.04310145163634445,-0.019047619047619067,-0.2,0
2025-01-22,BMRI.JK,-0.5,10.0,-0.09999999999999999,-0.15732608872725834,-0.4714285714285715,-0.5,-1
2025-01-23,BMRI.JK,0.0,8.0,-0.16666666666666666,-0.11799456654544375,0.1857142857142857,0.5,0
2025-01-24,BMRI.JK,-1.0,6.0,-0.5,-0.3384959249090828,-0.8142857142857143,-1.0,-1
2025-01-27,BMRI.JK,0.0,4.0,-0.3333333333333333,-0.2538719436818121,0.1857142857142857,1.0,0
2025-01-28,BMRI.JK,-0.5,3.0,-0.5,-0.3154039577613591,-0.3142857142857143,-0.5,-1
2025-01-29,BMRI.JK,0.0,2.0,-0.16666666666666666,-0.23655296832101932,0.2571428571428571,0.5,0
2025-01-30,BMRI.JK,-1.0,3.0,-0.5,-0.4274147262407645,-0.7142857142857143,-1.0,-1
2025-01-31,BMRI.JK,-1.0,2.0,-0.6666666666666666,-0.5705610446805733,-0.5714285714285714,0.0,-1
2025-02-03,BMRI.JK,-0.5,6.0,-0.8333333333333334,-0.55292078351043,0.0,0.5,-1
2025-02-04,BMRI.JK,0.0,5.0,-0.5,-0.41469058763282246,0.5714285714285714,0.5,0
2025-02-05,BMRI.JK,-0.2,9.0,-0.2333333333333333,-0.36101794072461685,0.22857142857142854,-0.2,-1
2025-02-06,BMRI.JK,-0.4,10.0,-0.20000000000000004,-0.3707634555434627,0.057142857142857106,-0.2,-1
2025-02-07,BMRI.JK,-0.5,16.0,-0.3666666666666667,-0.403072591657597,-0.05714285714285722,-0.09999999999999998,-1
2025-02-10,BMRI.JK,-0.3333333333333333,14.0,-0.41111111111111115,-0.3856377770765311,0.18095238095238092,0.16666666666666669,-1
2025-02-11,BMRI.JK,-0.75,13.0,-0.5277777777777778,-0.4767283328073983,-0.330952380952381,-0.4166666666666667,-1
2025-02-12,BMRI.JK,-1.0,8.0,-0.6944444444444443,-0.6075462496055487,-0.6166666666666667,-0.25,-1
2025-02-13,BMRI.JK,0.0,5.0,-0.5833333333333334,-0.4556596872041615,0.45476190476190476,1.0,0
2025-02-14,BMRI.JK,-1.0,2.0,-0.6666666666666666,-0.5917447654031212,-0.5452380952380953,-1.0,-1
2025-02-17,BMRI.JK,0.0,9.0,-0.3333333333333333,-0.44380857405234087,0.569047619047619,1.0,0
2025-02-18,BMRI.JK,-1.0,11.0,-0.6666666666666666,-0.5828564305392556,-0.48809523809523814,-1.0,-1
2025-02-19,BMRI.JK,0.0,12.0,-0.3333333333333333,-0.4371423229044417,0.5833333333333333,1.0,0
2025-02-20,BMRI.JK,0.0,6.0,-0.3333333333333333,-0.3278567421783313,0.5357142857142857,0.0,0
2025-02-21,BMRI.JK,0.0,6.0,0.0,-0.24589255663374845,0.42857142857142855,0.0,0
2025-02-24,BMRI.JK,0.3333333333333333,7.0,0.1111111111111111,-0.10108608414197802,0.6190476190476191,0.3333333333333333,1
2025-02-25,BMRI.JK,0.3333333333333333,8.0,0.2222222222222222,0.007518770226849811,0.5714285714285714,0.0,1
2025-02-26,BMRI.JK,-0.3333333333333333,9.0,0.1111111111111111,-0.07769425566319597,-0.2857142857142857,-0.6666666666666666,-1
2025-02-27,BMRI.JK,0.0,8.0,0.0,-0.05827069174739698,0.09523809523809522,0.3333333333333333,0
2025-02-28,BMRI.JK,0.0,5.0,-0.1111111111111111,-0.043703018810547736,-0.04761904761904765,0.0,0
2025-03-03,BMRI.JK,-0.5,10.0,-0.16666666666666666,-0.15777726410791082,-0.5476190476190477,-0.5,-1
2025-03-04,BMRI.JK,0.5,12.0,0.0,0.006667051919066885,0.5238095238095237,1.0,1
2025-03-05,BMRI.JK,0.0,13.0,0.0,0.005000288939300164,-0.04761904761904765,-0.5,0
2025-03-06,BMRI.JK,0.0,5.0,0.16666666666666666,0.003750216704475123,-3.172065784643304e-17,0.0,0
2025-03-07,BMRI.JK,-1.0,2.0,-0.3333333333333333,-0.24718733747164365,-0.9523809523809524,-1.0,-1
2025-03-10,BMRI.JK,0.0,10.0,-0.3333333333333333,-0.18539050310373273,0.14285714285714282,1.0,0
2025-03-11,BMRI.JK,1.0,11.0,0.0,0.11095712267220045,1.1428571428571428,1.0,1
2025-03-12,BMRI.JK,0.0,12.0,0.3333333333333333,0.08321784200415033,-3.172065784643304e-17,-1.0,0
2025-03-13,BMRI.JK,0.0,4.0,0.3333333333333333,0.06241338150311275,-0.07142857142857147,0.0,0
2025-03-14,BMRI.JK,0.0,8.0,0.0,0.04681003612733456,-3.172065784643304e-17,0.0,0
2025-03-17,BMRI.JK,0.14285714285714285,13.0,0.047619047619047616,0.07082181280978664,0.14285714285714282,0.14285714285714285,1
2025-03-18,BMRI.JK,0.0,13.0,0.047619047619047616,0.05311635960733998,-0.020408163265306152,-0.14285714285714285,0
2025-03-19,BMRI.JK,1.0,9.0,0.38095238095238093,0.289837269705505,0.8367346938775511,1.0,1
2025-03-20,BMRI.JK,0.0,3.0,0.3333333333333333,0.21737795227912876,-0.3061224489795919,-1.0,0
2025-03-21,BMRI.JK,1.0,3.0,0.6666666666666666,0.41303346420934656,0.8367346938775511,1.0,1
2025-03-24,BMRI.JK,0.5,6.0,0.5,0.43477509815700993,0.1938775510204081,-0.5,1
2025-03-25,BMRI.JK,0.43478260869565216,28.0,0.644927536231884,0.43477697579167046,0.057231588287488866,-0.06521739130434784,1
2025-03-26,BMRI.JK,-0.125,43.0,0.26992753623188404,0.29483273184375286,-0.5646628216503993,-0.5597826086956521,-1
2025-03-27,BMRI.JK,0.2857142857142857,46.0,0.19849896480331264,0.29255312031138603,-0.11568322981366463,0.4107142857142857,1
2025-03-28,BMRI.JK,0.0,24.0,0.05357142857142857,0.21941484023353952,-0.44221384205856257,-0.2857142857142857,0
2025-03-31,BMRI.JK,0.0,11.0,0.09523809523809523,0.16456113017515464,-0.2993566992014197,0.0,0
2025-04-01,BMRI.JK,0.0,7.0,0.0,0.12342084763136599,-0.2993566992014197,0.0,0
2025-04-02,BMRI.JK,0.0,7.0,0.0,0.0925656357235245,-0.15649955634427687,0.0,0
2025-04-03,BMRI.JK,-1.0,5.0,-0.3333333333333333,-0.18057577320735663,-1.0850709849157054,-1.0,-1
2025-04-04,BMRI.JK,0.0,2.0,-0.3333333333333333,-0.13543182990551747,0.11989795918367342,1.0,0
2025-04-07,BMRI.JK,0.3333333333333333,4.0,-0.22222222222222224,-0.018240539095804767,0.4353741496598639,0.3333333333333333,1
2025-04-08,BMRI.JK,0.0,5.0,0.1111111111111111,-0.013680404321853575,0.09523809523809519,-0.3333333333333333,0
2025-04-09,BMRI.JK,-1.0,7.0,-0.22222222222222224,-0.26026030324139016,-0.9047619047619048,-1.0,-1
2025-04-10,BMRI.JK,-0.5,8.0,-0.5,-0.3201952274310426,-0.261904761904762,0.5,-1
2025-04-11,BMRI.JK,-0.5,10.0,-0.6666666666666666,-0.36514642057328195,-0.19047619047619058,0.0,-1
2025-04-14,BMRI.JK,-1.0,14.0,-0.6666666666666666,-0.5238598154299614,-0.6190476190476191,-0.5,-1
2025-04-15,BMRI.JK,-0.5,12.0,-0.6666666666666666,-0.517894861572471,-0.11904761904761912,0.5,-1
2025-04-16,BMRI.JK,0.5,12.0,-0.3333333333333333,-0.26342114617935325,0.9523809523809523,1.0,1
2025-04-17,BMRI.JK,0.0,6.0,0.0,-0.19756585963451495,0.42857142857142855,-0.5,0
2025-04-18,BMRI.JK,-1.0,5.0,-0.16666666666666666,-0.3981743947258862,-0.5714285714285714,-1.0,-1
2025-04-21,BMRI.JK,1.0,2.0,0.0,-0.04863079604441467,1.4285714285714284,2.0,1
2025-04-22,BMRI.JK,1.0,3.0,0.3333333333333333,0.213526902966689,1.2142857142857142,0.0,1
2025-04-23,BMRI.JK,1.0,3.0,1.0,0.41014517722501675,0.9999999999999999,0.0,1
2025-04-24,BMRI.JK,0.0,4.0,0.6666666666666666,0.30760888291876254,-0.28571428571428575,-1.0,0
2025-04-25,BMRI.JK,0.0,3.0,0.3333333333333333,0.2307066621890719,-0.3571428571428572,0.0,0
2025-04-28,BMRI.JK,-0.25,6.0,-0.08333333333333333,0.11052999664180393,-0.5357142857142858,-0.25,-1
2025-04-29,BMRI.JK,0.0,6.0,-0.08333333333333333,0.08289749748135294,-0.25000000000000006,0.25,0
2025-04-30,BMRI.JK,0.0,9.0,-0.08333333333333333,0.06217312311101471,-0.3928571428571429,0.0,0
2025-05-01,BMRI.JK,-1.0,6.0,-0.3333333333333333,-0.20337015766673897,-1.25,-1.0,-1
2025-05-02,BMRI.JK,-1.0,5.0,-0.6666666666666666,-0.40252761825005423,-0.9642857142857143,0.0,-1
2025-05-05,BMRI.JK,0.0,4.0,-0.6666666666666666,-0.30189571368754065,0.32142857142857134,1.0,0
2025-05-06,BMRI.JK,-1.0,6.0,-0.6666666666666666,-0.4764217852656555,-0.6785714285714286,-1.0,-1
2025-05-07,BMRI.JK,0.0,5.0,-0.3333333333333333,-0.35731633894924164,0.46428571428571425,1.0,0
2025-05-08,BMRI.JK,0.0,3.0,-0.3333333333333333,-0.26798725421193126,0.4285714285714285,0.0,0
2025-05-09,BMRI.JK,1.0,1.0,0.3333333333333333,0.049009559341051556,1.4285714285714284,1.0,1
2025-05-12,BMRI.JK,0.0,1.0,0.3333333333333333,0.03675716950578867,0.28571428571428564,-1.0,0
2025-05-13,BMRI.JK,0.0,1.0,0.3333333333333333,0.0275678771293415,0.1428571428571428,0.0,0
2025-05-14,BMRI.JK,1.0,1.0,0.3333333333333333,0.2706759078470061,0.9999999999999999,1.0,1
2025-05-15,BMRI.JK,0.5,3.0,0.5,0.32800693088525457,0.3571428571428571,-0.5,1
2025-05-16,BMRI.JK,0.0,4.0,0.5,0.24600519816394092,-0.3571428571428572,-0.5,0
2025-05-19,BMRI.JK,-0.4,8.0,0.033333333333333326,0.08450389862295568,-0.7571428571428572,-0.4,-1
2025-05-20,BMRI.JK,0.0,8.0,-0.13333333333333333,0.06337792396721675,-0.3000000000000001,0.4,0
2025-05-21,BMRI.JK,0.0,9.0,-0.13333333333333333,0.047533442975412565,-0.15714285714285722,0.0,0
2025-05-22,BMRI.JK,0.0,4.0,0.0,0.035650082231559424,-0.15714285714285722,0.0,0
2025-05-23,BMRI.JK,0.0,2.0,0.0,0.026737561673669568,-0.15714285714285722,0.0,0
2025-05-26,BMRI.JK,-1.0,4.0,-0.3333333333333333,-0.2299468287447478,-1.0142857142857142,-1.0,-1
2025-05-27,BMRI.JK,1.0,5.0,0.0,0.07753987844143914,1.2,2.0,1
2025-05-28,BMRI.JK,0.0,6.0,0.0,0.058154908831079356,0.057142857142857086,-1.0,0
2025-05-29,BMRI.JK,0.0,4.0,0.3333333333333333,0.04361618162330952,-6.344131569286608e-17,0.0,0
2025-05-30,BMRI.JK,0.0,3.0,0.0,0.03271213621748214,-6.344131569286608e-17,0.0,0
2025-06-02,BMRI.JK,-0.5,6.0,-0.16666666666666666,-0.10046589783688839,-0.5000000000000001,-0.5,-1
2025-06-03,BMRI.JK,0.14285714285714285,11.0,-0.11904761904761905,-0.039635137663380574,0.21428571428571422,0.6428571428571428,1
2025-06-04,BMRI.JK,0.3333333333333333,14.0,-0.007936507936507945,0.053606980085797895,0.38435374149659857,0.19047619047619047,1
2025-06-05,BMRI.JK,1.0,11.0,0.4920634920634921,0.2902052350643484,0.8605442176870748,0.6666666666666667,1
2025-06-06,BMRI.JK,0.0,5.0,0.4444444444444445,0.2176539262982613,-0.1394557823129252,-1.0,0
2025-06-09,BMRI.JK,-0.3333333333333333,5.0,0.22222222222222224,0.07990711139036265,-0.47278911564625853,-0.3333333333333333,-1
2025-06-10,BMRI.JK,0.25,8.0,-0.027777777777777735,0.12243033354277198,0.1581632653061224,0.5833333333333333,1
2025-06-11,BMRI.JK,0.5,9.0,0.13888888888888892,0.21682275015707897,0.37244897959183665,0.25,1
2025-06-12,BMRI.JK,0.0,6.0,0.25000000000000006,0.16261706261780923,-0.2704081632653062,-0.5,0
2025-06-13,BMRI.JK,0.0,2.0,0.1666666666666667,0.12196279696335692,-0.25000000000000006,0.0,0
2025-06-16,BMRI.JK,0.2,5.0,0.06666666666666671,0.14147209772251768,-0.0023809523809524002,0.2,1
2025-06-17,BMRI.JK,-0.6666666666666666,8.0,-0.1555555555555555,-0.0605625933747784,-0.7547619047619047,-0.8666666666666667,-1
2025-06-18,BMRI.JK,0.0,8.0,-0.1555555555555555,-0.0454219450310838,0.007142857142857085,0.6666666666666666,0
2025-06-19,BMRI.JK,0.0,3.0,-0.22222222222222218,-0.03406645877331285,-0.040476190476190534,0.0,0
2025-06-20,BMRI.JK,0.0,1.0,0.0,-0.02554984407998464,-0.004761904761904816,0.0,0
2025-06-23,BMRI.JK,-0.2,6.0,-0.06666666666666664,-0.06916238305998848,-0.13333333333333341,-0.2,-1
2025-06-24,BMRI.JK,-1.0,8.0,-0.39999999999999997,-0.30187178729499137,-0.9047619047619048,-0.8,-1
2025-06-25,BMRI.JK,-0.6,12.0,-0.6,-0.37640384047124353,-0.36190476190476195,0.4,-1
2025-06-26,BMRI.JK,-1.0,9.0,-0.8666666666666666,-0.5323028803534327,-0.6476190476190476,-0.4,-1
2025-06-27,BMRI.JK,0.0,8.0,-0.5333333333333333,-0.3992271602650745,0.39999999999999997,1.0,0
2025-06-30,BMRI.JK,-0.25,15.0,-0.4166666666666667,-0.36192037019880585,0.14999999999999997,-0.25,-1
2025-07-01,BMRI.JK,-0.4,18.0,-0.21666666666666665,-0.37144027764910437,0.03571428571428564,-0.15000000000000002,-1
2025-07-02,BMRI.JK,-1.0,18.0,-0.5499999999999999,-0.5285802082368283,-0.5071428571428571,-0.6,-1
2025-07-03,BMRI.JK,0.0,6.0,-0.4666666666666666,-0.3964351561776212,0.6071428571428571,1.0,0
2025-07-04,BMRI.JK,0.0,3.0,-0.3333333333333333,-0.2973263671332159,0.46428571428571425,0.0,0
2025-07-07,BMRI.JK,0.5,4.0,0.1666666666666667,-0.09799477534991194,0.8785714285714286,0.5,1
2025-07-08,BMRI.JK,0.0,5.0,0.1666666666666667,-0.07349608151243395,0.16428571428571428,-0.5,0
2025-07-09,BMRI.JK,-1.0,4.0,-0.16666666666666663,-0.30512206113432544,-0.8357142857142857,-1.0,-1
2025-07-10,BMRI.JK,0.6666666666666666,5.0,-0.11111111111111109,-0.06217487918407741,0.9380952380952381,1.6666666666666665,1
2025-07-11,BMRI.JK,0.3333333333333333,7.0,1.850371707708594e-17,0.03670217394527527,0.4523809523809524,-0.3333333333333333,1
2025-07-14,BMRI.JK,-0.23529411764705882,23.0,0.2549019607843137,-0.03129689895280825,-0.3067226890756303,-0.5686274509803921,-1
2025-07-15,BMRI.JK,0.0,22.0,0.03267973856209152,-0.02347267421460619,-0.03781512605042016,0.23529411764705882,0
2025-07-16,BMRI.JK,0.5,21.0,0.08823529411764708,0.10739549433904536,0.46218487394957986,0.5,1
2025-07-17,BMRI.JK,0.5,6.0,0.3333333333333333,0.205546620754284,0.46218487394957986,0.0,1
2025-07-18,BMRI.JK,-0.6,9.0,0.13333333333333333,0.00415996556571302,-0.7092436974789915,-1.1,-1
2025-07-21,BMRI.JK,0.0,11.0,-0.033333333333333305,0.0031199741742847648,-0.16638655462184873,0.6,0
2025-07-22,BMRI.JK,0.0,9.0,-0.19999999999999996,0.0023399806307135736,-0.0711484593837535,0.0,0
2025-07-23,BMRI.JK,-0.3333333333333333,7.0,-0.1111111111111111,-0.08157834786029815,-0.3568627450980392,-0.3333333333333333,-1
2025-07-24,BMRI.JK,0.5,5.0,0.05555555555555556,0.06381623910477639,0.49047619047619045,0.8333333333333333,1
2025-07-25,BMRI.JK,0.0,6.0,0.05555555555555556,0.04786217932858229,-0.08095238095238096,-0.5,0
2025-07-28,BMRI.JK,0.0,4.0,0.16666666666666666,0.03589663449643672,-0.00952380952380953,0.0,0
2025-07-29,BMRI.JK,0.0,3.0,0.0,0.02692247587232754,0.0619047619047619,0.0,0
2025-07-30,BMRI.JK,-1.0,3.0,-0.3333333333333333,-0.22980814309575434,-1.0238095238095237,-1.0,-1
2025-07-31,BMRI.JK,0.3333333333333333,5.0,-0.22222222222222224,-0.08902277398848242,0.45238095238095233,1.3333333333333333,1
2025-08-01,BMRI.JK,0.0,4.0,-0.22222222222222224,-0.06676708049136182,0.07142857142857142,-0.3333333333333333,0
2025-08-04,BMRI.JK,-0.22727272727272727,25.0,0.03535353535353535,-0.10689349218670319,-0.20346320346320346,-0.22727272727272727,-1
2025-08-05,BMRI.JK,-0.25,26.0,-0.1590909090909091,-0.1426701191400274,-0.12229437229437229,-0.022727272727272735,-1
2025-08-06,BMRI.JK,0.0,27.0,-0.1590909090909091,-0.10700258935502055,0.1634199134199134,0.25,0
2025-08-07,BMRI.JK,0.0,6.0,-0.08333333333333333,-0.08025194201626541,0.1634199134199134,0.0,0
2025-08-08,BMRI.JK,-1.0,4.0,-0.3333333333333333,-0.3101889565121991,-0.8365800865800865,-1.0,-1
2025-08-11,BMRI.JK,-1.0,6.0,-0.6666666666666666,-0.4826417173841493,-0.8365800865800865,0.0,-1
2025-08-12,BMRI.JK,-0.3333333333333333,8.0,-0.7777777777777778,-0.4453146213714453,0.02056277056277056,0.6666666666666667,-1
2025-08-13,BMRI.JK,-0.3333333333333333,9.0,-0.5555555555555555,-0.4173192993619173,0.06818181818181818,0.0,-1
2025-08-14,BMRI.JK,-0.5,8.0,-0.38888888888888884,-0.437989474521438,-0.08333333333333337,-0.16666666666666669,-1
2025-08-15,BMRI.JK,0.5,7.0,-0.11111111111111112,-0.20349210589107847,0.9523809523809523,1.0,1
2025-08-18,BMRI.JK,1.0,5.0,0.3333333333333333,0.09738092058169115,1.380952380952381,0.5,1
2025-08-19,BMRI.JK,-1.0,4.0,0.16666666666666666,-0.17696430956373163,-0.7619047619047619,-2.0,-1
2025-08-20,BMRI.JK,0.0,3.0,0.0,-0.13272323217279872,0.23809523809523808,1.0,0
2025-08-21,BMRI.JK,0.0,3.0,-0.3333333333333333,-0.09954242412959904,0.09523809523809522,0.0,0
2025-08-22,BMRI.JK,1.0,3.0,0.3333333333333333,0.1753431819028007,1.0476190476190477,1.0,1
2025-08-25,BMRI.JK,0.5,8.0,0.5,0.2565073864271005,0.35714285714285715,-0.5,1
2025-08-26,BMRI.JK,0.0,7.0,0.5,0.19238053982032538,-0.2857142857142857,-0.5,0
2025-08-27,BMRI.JK,0.0,6.0,0.16666666666666666,0.14428540486524405,-0.21428571428571427,0.0,0
2025-08-28,BMRI.JK,-0.5,4.0,-0.16666666666666666,-0.016785946351066963,-0.5714285714285714,-0.5,-1
2025-08-29,BMRI.JK,-0.3333333333333333,7.0,-0.27777777777777773,-0.09592279309663355,-0.47619047619047616,0.16666666666666669,-1
2025-09-01,BMRI.JK,0.0,10.0,-0.27777777777777773,-0.07194209482247517,-0.09523809523809525,0.3333333333333333,0
2025-09-02,BMRI.JK,-1.0,8.0,-0.4444444444444444,-0.30395657111685637,-1.0952380952380953,-1.0,-1
2025-09-03,BMRI.JK,-1.0,7.0,-0.6666666666666666,-0.4779674283376423,-0.8095238095238095,0.0,-1
2025-09-04,BMRI.JK,-1.0,7.0,-1.0,-0.6084755712532317,-0.5952380952380953,0.0,-1
2025-09-05,BMRI.JK,0.0,6.0,-0.6666666666666666,-0.4563566784399238,0.5476190476190476,1.0,0
2025-09-08,BMRI.JK,0.3333333333333333,7.0,-0.22222222222222224,-0.2589341754966095,0.8809523809523809,0.3333333333333333,1
2025-09-09,BMRI.JK,0.0,5.0,0.1111111111111111,-0.19420063162245715,0.42857142857142855,-0.3333333333333333,0
2025-09-10,BMRI.JK,0.0,5.0,0.1111111111111111,-0.14565047371684287,0.38095238095238093,0.0,0
2025-09-11,BMRI.JK,-1.0,7.0,-0.3333333333333333,-0.35923785528763214,-0.6190476190476191,-1.0,-1
2025-09-12,BMRI.JK,-1.0,9.0,-0.6666666666666666,-0.5194283914657241,-0.6190476190476191,0.0,-1
2025-09-15,BMRI.JK,-0.6666666666666666,14.0,-0.8888888888888888,-0.5562379602659597,-0.28571428571428564,0.33333333333333337,-1
2025-09-16,BMRI.JK,-1.0,10.0,-0.8888888888888888,-0.6671784701994699,-0.6666666666666666,-0.33333333333333337,-1
2025-09-17,BMRI.JK,0.0,7.0,-0.5555555555555555,-0.5003838526496024,0.4761904761904762,1.0,0
2025-09-18,BMRI.JK,-0.6666666666666666,4.0,-0.5555555555555555,-0.5419545561538684,-0.1428571428571428,-0.6666666666666666,-1
2025-09-19,BMRI.JK,0.0,11.0,-0.22222222222222218,-0.40646591711540137,0.6190476190476192,0.6666666666666666,0
2025-09-22,BMRI.JK,-0.5,17.0,-0.38888888888888884,-0.42984943783655105,0.11904761904761918,-0.5,-1
2025-09-23,BMRI.JK,0.25,18.0,-0.0833333333333333,-0.2598870783774133,0.7976190476190477,0.75,1
2025-09-24,BMRI.JK,0.0,14.0,-0.0833333333333333,-0.19491530878306,0.369047619047619,-0.25,0
2025-09-25,BMRI.JK,0.0,12.0,0.08333333333333337,-0.146186481587295,0.2738095238095238,0.0,0
2025-09-26,BMRI.JK,0.0,8.0,0.0,-0.10963986119047126,0.13095238095238096,0.0,0
2025-09-29,BMRI.JK,0.0,8.0,0.0,-0.08222989589285344,0.13095238095238096,0.0,0
2025-09-30,BMRI.JK,0.0,6.0,0.0,-0.06167242191964008,0.03571428571428571,0.0,0
2025-10-01,BMRI.JK,0.0,8.0,0.0,-0.04625431643973006,0.03571428571428571,0.0,0
2025-10-02,BMRI.JK,1.0,5.0,0.3333333333333333,0.21530926267020245,0.9642857142857143,1.0,1
2025-10-03,BMRI.JK,-1.0,4.0,3.700743415417188e-17,-0.08851805299734816,-1.1428571428571428,-2.0,-1
2025-10-06,BMRI.JK,-0.5,8.0,-0.16666666666666663,-0.19138853974801112,-0.5,0.5,-1
2025-10-07,BMRI.JK,-0.5,9.0,-0.6666666666666666,-0.26854140481100836,-0.4285714285714286,0.0,-1
2025-10-08,BMRI.JK,-1.0,10.0,-0.6666666666666666,-0.45140605360825625,-0.8571428571428572,-0.5,-1
2025-10-09,BMRI.JK,-0.3333333333333333,7.0,-0.611111111111111,-0.4218878735395255,-0.047619047619047616,0.6666666666666667,-1
2025-10-10,BMRI.JK,0.0,5.0,-0.4444444444444444,-0.31641590515464413,0.33333333333333337,0.3333333333333333,0
2025-10-13,BMRI.JK,0.0,8.0,-0.1111111111111111,-0.2373119288659831,0.33333333333333337,0.0,0
2025-10-14,BMRI.JK,-1.0,6.0,-0.3333333333333333,-0.42798394664948736,-0.5238095238095237,-1.0,-1
2025-10-15,BMRI.JK,0.0,8.0,-0.3333333333333333,-0.3209879599871155,0.47619047619047616,1.0,0
2025-10-16,BMRI.JK,-1.0,5.0,-0.6666666666666666,-0.4907409699903366,-0.5952380952380953,-1.0,-1
2025-10-17,BMRI.JK,0.0,5.0,-0.3333333333333333,-0.36805572749275245,0.47619047619047616,1.0,0
2025-10-20,BMRI.JK,1.0,7.0,0.0,-0.026041795619564323,1.3333333333333333,1.0,1
2025-10-21,BMRI.JK,0.0,9.0,0.3333333333333333,-0.019531346714673242,0.14285714285714285,-1.0,0
2025-10-22,BMRI.JK,-0.5,14.0,0.16666666666666666,-0.13964851003600492,-0.35714285714285715,-0.5,-1
2025-10-23,BMRI.JK,-0.3333333333333333,13.0,-0.27777777777777773,-0.18806971586033702,-0.11904761904761904,0.16666666666666669,-1
2025-10-24,BMRI.JK,-0.16666666666666666,15.0,-0.3333333333333333,-0.18271895356191942,-0.047619047619047616,0.16666666666666666,-1
2025-10-27,BMRI.JK,0.8333333333333334,21.0,0.11111111111111112,0.07129411816189377,0.9761904761904763,1.0,1
2025-10-28,BMRI.JK,0.2,23.0,0.2888888888888889,0.10347058862142033,0.08095238095238096,-0.6333333333333333,1
2025-10-29,BMRI.JK,0.0,28.0,0.3444444444444444,0.07760294146606525,-0.14761904761904762,-0.2,0
2025-10-30,BMRI.JK,0.14285714285714285,23.0,0.11428571428571428,0.09391649181383466,0.13809523809523808,0.14285714285714285,1
2025-10-31,BMRI.JK,-1.0,19.0,-0.28571428571428575,-0.179562631139624,-1.025170068027211,-1.1428571428571428,-1
2025-11-03,BMRI.JK,-0.3333333333333333,11.0,-0.3968253968253968,-0.21800530668805135,-0.28707482993197275,0.6666666666666667,-1
2025-11-04,BMRI.JK,0.0,5.0,-0.4444444444444444,-0.1635039800160385,0.04625850340136054,0.3333333333333333,0
2025-11-05,BMRI.JK,0.0,7.0,-0.1111111111111111,-0.12262798501202887,0.02244897959183673,0.0,0
2025-11-06,BMRI.JK,-1.0,5.0,-0.3333333333333333,-0.34197098875902165,-0.8585034013605441,-1.0,-1
2025-11-07,BMRI.JK,0.0,6.0,-0.3333333333333333,-0.25647824156926624,0.3129251700680272,1.0,0
2025-11-10,BMRI.JK,-0.14285714285714285,10.0,-0.38095238095238093,-0.2280729668912354,0.17006802721088438,-0.14285714285714285,-1
2025-11-11,BMRI.JK,0.25,13.0,0.03571428571428572,-0.10855472516842657,0.6037414965986394,0.39285714285714285,1
2025-11-12,BMRI.JK,-0.16666666666666666,17.0,-0.019841269841269837,-0.12308271054298658,0.0085034013605442,-0.41666666666666663,-1
2025-11-13,BMRI.JK,0.0,15.0,0.02777777777777778,-0.09231203290723994,0.15136054421768708,0.16666666666666666,0
2025-11-14,BMRI.JK,0.0,13.0,-0.05555555555555555,-0.06923402468042995,0.15136054421768708,0.0,0
2025-11-17,BMRI.JK,-0.6666666666666666,13.0,-0.2222222222222222,-0.21859218517698914,-0.5153061224489796,-0.6666666666666666,-1
2025-11-18,BMRI.JK,1.0,12.0,0.11111111111111112,0.08605586111725816,1.1037414965986394,1.6666666666666665,1
2025-11-19,BMRI.JK,1.0,14.0,0.4444444444444445,0.3145418958379436,0.9608843537414966,0.0,1
2025-11-20,BMRI.JK,0.42857142857142855,15.0,0.8095238095238094,0.3430492790213149,0.22619047619047616,-0.5714285714285714,1
2025-11-21,BMRI.JK,0.3333333333333333,14.0,0.5873015873015873,0.3406202925993195,0.10544217687074828,-0.09523809523809523,1
2025-11-24,BMRI.JK,0.3,20.0,0.353968253968254,0.33046521944948964,0.0006802721088435271,-0.033333333333333326,1
2025-11-25,BMRI.JK,-0.3333333333333333,16.0,0.10000000000000002,0.1645155812537839,-0.6755102040816326,-0.6333333333333333,-1
2025-11-26,BMRI.JK,0.0,15.0,-0.011111111111111072,0.12338668594033793,-0.2945578231292517,0.3333333333333333,0
2025-11-27,BMRI.JK,-0.8,10.0,-0.37777777777777777,-0.10745998554474656,-1.189795918367347,-0.8,-1
2025-11-28,BMRI.JK,-0.1,17.0,-0.3,-0.10559498915855992,-0.23265306122448978,0.7000000000000001,-1
2025-12-01,BMRI.JK,0.2,20.0,-0.2333333333333333,-0.029196241868919934,0.22448979591836737,0.30000000000000004,1
2025-12-02,BMRI.JK,0.0,19.0,0.033333333333333375,-0.02189718140168995,0.057142857142857155,-0.2,0
2025-12-03,BMRI.JK,-0.3333333333333333,12.0,-0.0444444444444444,-0.09975621938460079,-0.22857142857142854,-0.3333333333333333,-1
2025-12-04,BMRI.JK,0.0,10.0,-0.11111111111111106,-0.0748171645384506,0.1952380952380952,0.3333333333333333,0
2025-12-05,BMRI.JK,0.0,7.0,-0.11111111111111106,-0.05611287340383794,0.1476190476190476,0.0,0
2025-12-08,BMRI.JK,0.42857142857142855,11.0,0.14285714285714288,0.06505820208997867,0.5761904761904761,0.42857142857142855,1
2025-12-09,BMRI.JK,1.0,9.0,0.4761904761904762,0.298793651567484,0.972108843537415,0.5714285714285714,1
2025-12-10,BMRI.JK,0.125,16.0,0.5178571428571429,0.255345238675613,-0.060034013605442194,-0.875,1
2025-12-11,BMRI.JK,0.0,11.0,0.375,0.19150892900670974,-0.1743197278911565,-0.125,0
2025-12-12,BMRI.JK,1.0,11.0,0.375,0.3936316967550323,0.8256802721088435,1.0,1
2025-12-15,BMRI.JK,0.42857142857142855,10.0,0.4761904761904762,0.40236662970913134,0.06377551020408156,-0.5714285714285714,1
2025-12-16,BMRI.JK,1.0,12.0,0.8095238095238096,0.5517749722818486,0.5739795918367347,0.5714285714285714,1
2025-12-17,BMRI.JK,0.0,15.0,0.4761904761904762,0.41383122921138643,-0.5688775510204082,-1.0,0
2025-12-18,BMRI.JK,0.75,12.0,0.5833333333333334,0.49787342190853984,0.24234693877551017,0.75,1
2025-12-19,BMRI.JK,0.0,18.0,0.25,0.37340506643140486,-0.47193877551020413,-0.75,0
2025-12-22,BMRI.JK,0.05263157894736842,33.0,0.2675438596491228,0.29321169456039575,-0.40145005370569287,0.05263157894736842,1
2025-12-23,BMRI.JK,0.0,32.0,0.017543859649122806,0.21990877092029681,-0.4616004296455425,-0.05263157894736842,0
2025-12-24,BMRI.JK,-1.0,23.0,-0.31578947368421056,-0.08506842180977739,-1.3187432867883997,-1.0,-1
2025-12-25,BMRI.JK,0.0,6.0,-0.3333333333333333,-0.06380131635733305,-0.11466165413533834,1.0,0
2025-12-26,BMRI.JK,-1.0,4.0,-0.6666666666666666,-0.2978509872679998,-0.9718045112781954,-1.0,-1
2025-12-29,BMRI.JK,0.3333333333333333,6.0,-0.22222222222222224,-0.14005490711766655,0.5043859649122807,1.3333333333333333,1
2025-12-30,BMRI.JK,-1.0,8.0,-0.5555555555555556,-0.35504118033824994,-0.7694235588972431,-1.3333333333333333,-1
2025-12-31,BMRI.JK,0.5,9.0,-0.05555555555555558,-0.14128088525368743,0.8734335839598998,1.5,1
2026-01-01,BMRI.JK,0.0,6.0,-0.16666666666666666,-0.10596066394026557,0.3095238095238096,-0.5,0
2026-01-02,BMRI.JK,-1.0,6.0,-0.16666666666666666,-0.32947049795519917,-0.6904761904761905,-1.0,-1
2026-01-05,BMRI.JK,-0.6666666666666666,16.0,-0.5555555555555555,-0.413769540133066,-0.35714285714285704,0.33333333333333337,-1
2026-01-06,BMRI.JK,-0.5,22.0,-0.7222222222222222,-0.43532715509979947,-0.09523809523809523,0.16666666666666663,-1
2026-01-07,BMRI.JK,-0.25,30.0,-0.47222222222222215,-0.3889953663248496,0.08333333333333337,0.25,-1
2026-01-08,BMRI.JK,-0.6,23.0,-0.45,-0.4417465247436372,-0.1833333333333333,-0.35,-1
2026-01-09,BMRI.JK,0.2,22.0,-0.21666666666666665,-0.2813098935577279,0.5595238095238095,0.8,1
2026-01-12,BMRI.JK,-0.16666666666666666,22.0,-0.18888888888888888,-0.2526490868349626,0.23571428571428568,-0.3666666666666667,-1
2026-01-13,BMRI.JK,-0.25,21.0,-0.07222222222222222,-0.25198681512622195,0.17619047619047618,-0.08333333333333334,-1
2026-01-14,BMRI.JK,0.3333333333333333,28.0,-0.027777777777777773,-0.10565677801133315,0.6523809523809524,0.5833333333333333,1
2017-02-28,TLKM.JK,0.0,1.0,0.0,0.0,0.0,0.0,0
2017-03-01,TLKM.JK,0.0,1.0,0.0,0.0,0.0,0.0,0
2017-03-02,TLKM.JK,0.0,1.0,0.0,0.0,0.0,0.0,0
2017-03-03,TLKM.JK,0.0,0.0,0.0,0.0,0.0,0.0,0
2017-03-06,TLKM.JK,0.0,0.0,0.0,0.0,0.0,0.0,0
2017-03-07,TLKM.JK,0.0,0.0,0.0,0.0,0.0,0.0,0
2017-03-08,TLKM.JK,0.0,0.0,0.0,0.0,0.0,0.0,0
2017-03-09,TLKM.JK,1.0,1.0,0.3333333333333333,0.25,1.0,1.0,1
2017-03-10,TLKM.JK,0.0,1.0,0.3333333333333333,0.1875,-0.14285714285714285,-1.0,0
2017-03-13,TLKM.JK,0.0,1.0,0.3333333333333333,0.140625,-0.14285714285714285,0.0,0
2017-03-14,TLKM.JK,0.0,0.0,0.0,0.10546875,-0.14285714285714285,0.0,0
2017-03-15,TLKM.JK,-1.0,1.0,-0.3333333333333333,-0.1708984375,-1.1428571428571428,-1.0,-1
2017-03-16,TLKM.JK,0.0,1.0,-0.3333333333333333,-0.128173828125,0.0,1.0,0
2017-03-17,TLKM.JK,0.0,1.0,-0.3333333333333333,-0.09613037109375,0.0,0.0,0
2017-03-20,TLKM.JK,0.0,0.0,0.0,-0.0720977783203125,0.0,0.0,0
2017-03-21,TLKM.JK,0.0,0.0,0.0,-0.054073333740234375,0.14285714285714285,0.0,0
2017-03-22,TLKM.JK,0.0,0.0,0.0,-0.04055500030517578,0.14285714285714285,0.0,0
2017-03-23,TLKM.JK,0.0,0.0,0.0,-0.030416250228881836,0.14285714285714285,0.0,0
2017-03-24,TLKM.JK,0.0,0.0,0.0,-0.022812187671661377,0.14285714285714285,0.0,0
2017-03-27,TLKM.JK,0.0,0.0,0.0,-0.017109140753746033,0.0,0.0,0
2017-03-28,TLKM.JK,0.0,0.0,0.0,-0.012831855565309525,0.0,0.0,0
2017-03-29,TLKM.JK,0.0,0.0,0.0,-0.009623891673982143,0.0,0.0,0
2017-03-30,TLKM.JK,0.0,0.0,0.0,-0.0072179187554866076,0.0,0.0,0
2017-03-31,TLKM.JK,0.0,0.0,0.0,-0.005413439066614956,0.0,0.0,0
2017-04-03,TLKM.JK,0.0,0.0,0.0,-0.004060079299961217,0.0,0.0,0
2017-04-04,TLKM.JK,0.0,0.0,0.0,-0.0030450594749709126,0.0,0.0,0
2017-04-05,TLKM.JK,0.0,0.0,0.0,-0.0022837946062281844,0.0,0.0,0
2017-04-06,TLKM.JK,0.0,0.0,0.0,-0.0017128459546711383,0.0,0.0,0
2017-04-07,TLKM.JK,0.0,0.0,0.0,-0.0012846344660033537,0.0,0.0,0
2017-04-10,TLKM.JK,0.0,0.0,0.0,-0.0009634758495025153,0.0,0.0,0
2017-04-11,TLKM.JK,0.0,0.0,0.0,-0.0007226068871268865,0.0,0.0,0
2017-04-12,TLKM.JK,0.0,0.0,0.0,-0.0005419551653451649,0.0,0.0,0
2017-04-13,TLKM.JK,0.0,0.0,0.0,-0.00040646637400887364,0.0,0.0,0
2017-04-14,TLKM.JK,0.0,1.0,0.0,-0.00030484978050665523,0.0,0.0,0
2017-04-17,TLKM.JK,0.0,1.0,0.0,-0.00022863733537999142,0.0,0.0,0
2017-04-18,TLKM.JK,1.0,2.0,0.3333333333333333,0.249828521998465,1.0,1.0,1
2017-04-19,TLKM.JK,0.0,1.0,0.3333333333333333,0.18737139149884874,-0.14285714285714285,-1.0,0
2017-04-20,TLKM.JK,0.0,1.0,0.3333333333333333,0.14052854362413655,-0.14285714285714285,0.0,0
2017-04-21,TLKM.JK,0.0,1.0,0.0,0.10539640771810241,-0.14285714285714285,0.0,0
2017-04-24,TLKM.JK,1.0,2.0,0.3333333333333333,0.32904730578857677,0.8571428571428572,1.0,1
2017-04-25,TLKM.JK,0.0,2.0,0.3333333333333333,0.24678547934143258,-0.2857142857142857,-1.0,0
2017-04-26,TLKM.JK,0.0,1.0,0.3333333333333333,0.18508910950607443,-0.2857142857142857,0.0,0
2017-04-27,TLKM.JK,0.0,0.0,0.0,0.1388168321295558,-0.2857142857142857,0.0,0
2017-04-28,TLKM.JK,0.0,0.0,0.0,0.10411262409716686,-0.14285714285714285,0.0,0
2017-05-01,TLKM.JK,0.0,0.0,0.0,0.07808446807287514,-0.14285714285714285,0.0,0
2017-05-02,TLKM.JK,0.0,0.0,0.0,0.058563351054656355,-0.14285714285714285,0.0,0
2017-05-03,TLKM.JK,-1.0,1.0,-0.3333333333333333,-0.20607748670900772,-1.1428571428571428,-1.0,-1
2017-05-04,TLKM.JK,0.0,1.0,-0.3333333333333333,-0.1545581150317558,0.14285714285714285,1.0,0
2017-05-05,TLKM.JK,-0.3333333333333333,4.0,-0.4444444444444444,-0.19925191960715016,-0.19047619047619047,-0.3333333333333333,-1
2017-05-08,TLKM.JK,0.0,3.0,-0.1111111111111111,-0.14943893970536262,0.19047619047619047,0.3333333333333333,0
2017-05-09,TLKM.JK,0.0,3.0,-0.1111111111111111,-0.11207920477902197,0.19047619047619047,0.0,0
2017-05-10,TLKM.JK,0.0,0.0,0.0,-0.08405940358426647,0.19047619047619047,0.0,0
2017-05-11,TLKM.JK,0.0,0.0,0.0,-0.06304455268819986,0.19047619047619047,0.0,0
2017-05-12,TLKM.JK,0.0,0.0,0.0,-0.047283414516149896,0.19047619047619047,0.0,0
2017-05-15,TLKM.JK,0.0,0.0,0.0,-0.03546256088711242,0.047619047619047616,0.0,0
2017-05-16,TLKM.JK,0.0,0.0,0.0,-0.02659692066533432,0.047619047619047616,0.0,0
2017-05-17,TLKM.JK,0.0,0.0,0.0,-0.01994769049900074,0.0,0.0,0
2017-05-18,TLKM.JK,0.0,1.0,0.0,-0.014960767874250555,0.0,0.0,0
2017-05-19,TLKM.JK,0.0,1.0,0.0,-0.011220575905687917,0.0,0.0,0
2017-05-22,TLKM.JK,0.0,1.0,0.0,-0.008415431929265938,0.0,0.0,0
2017-05-23,TLKM.JK,0.0,0.0,0.0,-0.006311573946949454,0.0,0.0,0
2017-05-24,TLKM.JK,0.0,0.0,0.0,-0.00473368046021209,0.0,0.0,0
2017-05-25,TLKM.JK,0.0,0.0,0.0,-0.0035502603451590675,0.0,0.0,0
2017-05-26,TLKM.JK,-1.0,1.0,-0.3333333333333333,-0.2526626952588693,-1.0,-1.0,-1
2017-05-29,TLKM.JK,0.0,1.0,-0.3333333333333333,-0.18949702144415198,0.14285714285714285,1.0,0
2017-05-30,TLKM.JK,0.0,1.0,-0.3333333333333333,-0.14212276608311397,0.14285714285714285,0.0,0
2017-05-31,TLKM.JK,0.0,0.0,0.0,-0.10659207456233548,0.14285714285714285,0.0,0
2017-06-01,TLKM.JK,0.0,0.0,0.0,-0.0799440559217516,0.14285714285714285,0.0,0
2017-06-02,TLKM.JK,0.0,0.0,0.0,-0.059958041941313704,0.14285714285714285,0.0,0
2017-06-05,TLKM.JK,0.0,0.0,0.0,-0.044968531455985276,0.14285714285714285,0.0,0
2017-06-06,TLKM.JK,0.0,0.0,0.0,-0.033726398591988956,0.14285714285714285,0.0,0
2017-06-07,TLKM.JK,0.0,0.0,0.0,-0.02529479894399172,0.0,0.0,0
2017-06-08,TLKM.JK,0.0,0.0,0.0,-0.018971099207993787,0.0,0.0,0
2017-06-09,TLKM.JK,0.0,0.0,0.0,-0.01422832440599534,0.0,0.0,0
2017-06-12,TLKM.JK,0.0,0.0,0.0,-0.010671243304496505,0.0,0.0,0
2017-06-13,TLKM.JK,0.0,0.0,0.0,-0.008003432478372378,0.0,0.0,0
2017-06-14,TLKM.JK,0.0,0.0,0.0,-0.006002574358779283,0.0,0.0,0
2017-06-15,TLKM.JK,0.0,0.0,0.0,-0.004501930769084462,0.0,0.0,0
2017-06-16,TLKM.JK,0.0,0.0,0.0,-0.0033764480768133467,0.0,0.0,0
2017-06-19,TLKM.JK,0.0,1.0,0.0,-0.00253233605761001,0.0,0.0,0
2017-06-20,TLKM.JK,0.0,1.0,0.0,-0.0018992520432075076,0.0,0.0,0
2017-06-21,TLKM.JK,0.0,2.0,0.0,-0.0014244390324056307,0.0,0.0,0
2017-06-22,TLKM.JK,0.0,1.0,0.0,-0.001068329274304223,0.0,0.0,0
2017-06-23,TLKM.JK,0.0,1.0,0.0,-0.0008012469557281672,0.0,0.0,0
2017-06-26,TLKM.JK,0.0,0.0,0.0,-0.0006009352167961255,0.0,0.0,0
2017-06-27,TLKM.JK,0.0,0.0,0.0,-0.0004507014125970941,0.0,0.0,0
2017-06-28,TLKM.JK,0.0,0.0,0.0,-0.0003380260594478206,0.0,0.0,0
2017-06-29,TLKM.JK,0.0,0.0,0.0,-0.00025351954458586545,0.0,0.0,0
2017-06-30,TLKM.JK,0.0,0.0,0.0,-0.0001901396584393991,0.0,0.0,0
2017-07-03,TLKM.JK,0.0,0.0,0.0,-0.0001426047438295493,0.0,0.0,0
2017-07-04,TLKM.JK,1.0,1.0,0.3333333333333333,0.24989304644212784,1.0,1.0,1
2017-07-05,TLKM.JK,0.0,1.0,0.3333333333333333,0.18741978483159588,-0.14285714285714285,-1.0,0
2017-07-06,TLKM.JK,0.0,1.0,0.3333333333333333,0.1405648386236969,-0.14285714285714285,0.0,0
2017-07-07,TLKM.JK,0.0,0.0,0.0,0.10542362896777267,-0.14285714285714285,0.0,0
2017-07-10,TLKM.JK,0.0,1.0,0.0,0.0790677217258295,-0.14285714285714285,0.0,0
2017-07-11,TLKM.JK,0.0,1.0,0.0,0.05930079129437213,-0.14285714285714285,0.0,0
2017-07-12,TLKM.JK,0.0,1.0,0.0,0.0444755934707791,-0.14285714285714285,0.0,0
2017-07-13,TLKM.JK,0.0,0.0,0.0,0.033356695103084325,-0.14285714285714285,0.0,0
2017-07-14,TLKM.JK,0.0,0.0,0.0,0.025017521327313243,0.0,0.0,0
2017-07-17,TLKM.JK,0.0,0.0,0.0,0.01876314099548493,0.0,0.0,0
2017-07-18,TLKM.JK,0.0,0.0,0.0,0.0140723557466137,0.0,0.0,0
2017-07-19,TLKM.JK,0.0,0.0,0.0,0.010554266809960276,0.0,0.0,0
2017-07-20,TLKM.JK,0.0,0.0,0.0,0.007915700107470208,0.0,0.0,0
2017-07-21,TLKM.JK,0.0,0.0,0.0,0.005936775080602656,0.0,0.0,0
2017-07-24,TLKM.JK,0.0,0.0,0.0,0.004452581310451992,0.0,0.0,0
2017-07-25,TLKM.JK,0.0,0.0,0.0,0.003339435982838994,0.0,0.0,0
2017-07-26,TLKM.JK,0.0,0.0,0.0,0.0025045769871292456,0.0,0.0,0
2017-07-27,TLKM.JK,0.0,0.0,0.0,0.0018784327403469341,0.0,0.0,0
2017-07-28,TLKM.JK,0.0,0.0,0.0,0.0014088245552602006,0.0,0.0,0
2017-07-31,TLKM.JK,0.0,0.0,0.0,0.0010566184164451506,0.0,0.0,0
2017-08-01,TLKM.JK,0.0,0.0,0.0,0.0007924638123338629,0.0,0.0,0
2017-08-02,TLKM.JK,0.0,0.0,0.0,0.0005943478592503972,0.0,0.0,0
2017-08-03,TLKM.JK,0.0,0.0,0.0,0.00044576089443779793,0.0,0.0,0
2017-08-04,TLKM.JK,0.0,0.0,0.0,0.0003343206708283484,0.0,0.0,0
2017-08-07,TLKM.JK,0.0,0.0,0.0,0.0002507405031212613,0.0,0.0,0
2017-08-08,TLKM.JK,0.0,0.0,0.0,0.00018805537734094597,0.0,0.0,0
2017-08-09,TLKM.JK,0.0,0.0,0.0,0.00014104153300570948,0.0,0.0,0
2017-08-10,TLKM.JK,0.0,0.0,0.0,0.0001057811497542821,0.0,0.0,0
2017-08-11,TLKM.JK,0.0,0.0,0.0,7.933586231571158e-05,0.0,0.0,0
2017-08-14,TLKM.JK,0.0,0.0,0.0,5.9501896736783684e-05,0.0,0.0,0
2017-08-15,TLKM.JK,0.0,0.0,0.0,4.4626422552587764e-05,0.0,0.0,0
2017-08-16,TLKM.JK,0.0,0.0,0.0,3.3469816914440825e-05,0.0,0.0,0
2017-08-17,TLKM.JK,0.0,0.0,0.0,2.510236268583062e-05,0.0,0.0,0
2017-08-18,TLKM.JK,0.0,0.0,0.0,1.8826772014372964e-05,0.0,0.0,0
2017-08-21,TLKM.JK,0.0,0.0,0.0,1.4120079010779724e-05,0.0,0.0,0
2017-08-22,TLKM.JK,0.0,0.0,0.0,1.0590059258084793e-05,0.0,0.0,0
2017-08-23,TLKM.JK,0.0,0.0,0.0,7.942544443563595e-06,0.0,0.0,0
2017-08-24,TLKM.JK,0.0,0.0,0.0,5.956908332672696e-06,0.0,0.0,0
2017-08-25,TLKM.JK,0.0,0.0,0.0,4.467681249504521e-06,0.0,0.0,0
2017-08-28,TLKM.JK,-0.5,2.0,-0.16666666666666666,-0.12499664923906287,-0.5,-0.5,-1
2017-08-29,TLKM.JK,0.0,2.0,-0.16666666666666666,-0.09374748692929716,0.07142857142857142,0.5,0
2017-08-30,TLKM.JK,0.0,2.0,-0.16666666666666666,-0.07031061519697288,0.07142857142857142,0.0,0
2017-08-31,TLKM.JK,0.0,1.0,0.0,-0.05273296139772966,0.07142857142857142,0.0,0
2017-09-01,TLKM.JK,0.0,1.0,0.0,-0.039549721048297244,0.07142857142857142,0.0,0
2017-09-04,TLKM.JK,0.0,1.0,0.0,-0.029662290786222935,0.07142857142857142,0.0,0
2017-09-05,TLKM.JK,0.0,0.0,0.0,-0.022246718089667203,0.07142857142857142,0.0,0
2017-09-06,TLKM.JK,0.0,0.0,0.0,-0.016685038567250402,0.07142857142857142,0.0,0
2017-09-07,TLKM.JK,0.0,0.0,0.0,-0.012513778925437802,0.0,0.0,0
2017-09-08,TLKM.JK,0.0,0.0,0.0,-0.009385334194078353,0.0,0.0,0
2017-09-11,TLKM.JK,0.0,0.0,0.0,-0.0070390006455587645,0.0,0.0,0
2017-09-12,TLKM.JK,0.0,0.0,0.0,-0.005279250484169074,0.0,0.0,0
2017-09-13,TLKM.JK,0.0,0.0,0.0,-0.003959437863126806,0.0,0.0,0
2017-09-14,TLKM.JK,0.0,0.0,0.0,-0.0029695783973451044,0.0,0.0,0
2017-09-15,TLKM.JK,0.0,0.0,0.0,-0.002227183798008828,0.0,0.0,0
2017-09-18,TLKM.JK,0.0,0.0,0.0,-0.001670387848506621,0.0,0.0,0
2017-09-19,TLKM.JK,0.0,0.0,0.0,-0.0012527908863799657,0.0,0.0,0
2017-09-20,TLKM.JK,0.0,0.0,0.0,-0.0009395931647849743,0.0,0.0,0
2017-09-21,TLKM.JK,0.0,0.0,0.0,-0.0007046948735887307,0.0,0.0,0
2017-09-22,TLKM.JK,0.0,0.0,0.0,-0.0005285211551915481,0.0,0.0,0
2017-09-25,TLKM.JK,0.0,0.0,0.0,-0.00039639086639366107,0.0,0.0,0
2017-09-26,TLKM.JK,0.0,1.0,0.0,-0.0002972931497952458,0.0,0.0,0
2017-09-27,TLKM.JK,0.0,1.0,0.0,-0.00022296986234643433,0.0,0.0,0
2017-09-28,TLKM.JK,0.0,1.0,0.0,-0.00016722739675982575,0.0,0.0,0
2017-09-29,TLKM.JK,0.0,1.0,0.0,-0.0001254205475698693,0.0,0.0,0
2017-10-02,TLKM.JK,0.0,1.0,0.0,-9.406541067740197e-05,0.0,0.0,0
2017-10-03,TLKM.JK,0.0,1.0,0.0,-7.054905800805148e-05,0.0,0.0,0
2017-10-04,TLKM.JK,0.0,0.0,0.0,-5.291179350603861e-05,0.0,0.0,0
2017-10-05,TLKM.JK,0.0,0.0,0.0,-3.968384512952896e-05,0.0,0.0,0
2017-10-06,TLKM.JK,0.0,0.0,0.0,-2.976288384714672e-05,0.0,0.0,0
2017-10-09,TLKM.JK,0.0,0.0,0.0,-2.232216288536004e-05,0.0,0.0,0
2017-10-10,TLKM.JK,0.0,0.0,0.0,-1.6741622164020032e-05,0.0,0.0,0
2017-10-11,TLKM.JK,0.0,0.0,0.0,-1.2556216623015024e-05,0.0,0.0,0
2017-10-12,TLKM.JK,-1.0,1.0,-0.3333333333333333,-0.2500094171624673,-1.0,-1.0,-1
2017-10-13,TLKM.JK,0.0,1.0,-0.3333333333333333,-0.18750706287185046,0.14285714285714285,1.0,0
2017-10-16,TLKM.JK,-1.0,2.0,-0.6666666666666666,-0.39063029715388786,-0.8571428571428572,-1.0,-1
2017-10-17,TLKM.JK,0.0,1.0,-0.3333333333333333,-0.29297272286541587,0.2857142857142857,1.0,0
2017-10-18,TLKM.JK,0.0,1.0,-0.3333333333333333,-0.2197295421490619,0.2857142857142857,0.0,0
2017-10-19,TLKM.JK,-1.0,1.0,-0.3333333333333333,-0.4147971566117964,-0.7142857142857143,-1.0,-1
2017-10-20,TLKM.JK,0.0,1.0,-0.3333333333333333,-0.31109786745884727,0.42857142857142855,1.0,0
2017-10-23,TLKM.JK,0.0,1.0,-0.3333333333333333,-0.23332340059413545,0.42857142857142855,0.0,0
2017-10-24,TLKM.JK,0.0,0.0,0.0,-0.17499255044560158,0.2857142857142857,0.0,0
2017-10-25,TLKM.JK,0.0,0.0,0.0,-0.13124441283420119,0.2857142857142857,0.0,0
2017-10-26,TLKM.JK,0.0,0.0,0.0,-0.09843330962565089,0.14285714285714285,0.0,0
2017-10-27,TLKM.JK,1.0,1.0,0.3333333333333333,0.17617501778076183,1.1428571428571428,1.0,1
2017-10-30,TLKM.JK,1.0,2.0,0.6666666666666666,0.38213126333557135,1.0,0.0,1
2017-10-31,TLKM.JK,0.0,2.0,0.6666666666666666,0.2865984475016785,-0.2857142857142857,-1.0,0
2017-11-01,TLKM.JK,-1.0,3.0,0.0,-0.03505116437374112,-1.2857142857142856,-1.0,-1
2017-11-02,TLKM.JK,0.0,2.0,-0.3333333333333333,-0.026288373280305838,-0.14285714285714285,1.0,0
2017-11-03,TLKM.JK,0.0,2.0,-0.3333333333333333,-0.01971627996022938,-0.14285714285714285,0.0,0
2017-11-06,TLKM.JK,0.0,0.0,0.0,-0.014787209970172034,-0.14285714285714285,0.0,0
2017-11-07,TLKM.JK,0.0,0.0,0.0,-0.011090407477629025,-0.14285714285714285,0.0,0
2017-11-08,TLKM.JK,0.0,0.0,0.0,-0.008317805608221769,0.0,0.0,0
2017-11-09,TLKM.JK,0.0,0.0,0.0,-0.006238354206166327,0.14285714285714285,0.0,0
2017-11-10,TLKM.JK,0.0,0.0,0.0,-0.004678765654624745,0.14285714285714285,0.0,0
2017-11-13,TLKM.JK,0.0,0.0,0.0,-0.0035090742409685585,0.0,0.0,0
2017-11-14,TLKM.JK,0.0,0.0,0.0,-0.002631805680726419,0.0,0.0,0
2017-11-15,TLKM.JK,0.0,0.0,0.0,-0.001973854260544814,0.0,0.0,0
2017-11-16,TLKM.JK,0.0,1.0,0.0,-0.0014803906954086107,0.0,0.0,0
2017-11-17,TLKM.JK,0.0,1.0,0.0,-0.001110293021556458,0.0,0.0,0
2017-11-20,TLKM.JK,0.0,1.0,0.0,-0.0008327197661673435,0.0,0.0,0
2017-11-21,TLKM.JK,0.0,0.0,0.0,-0.0006245398246255077,0.0,0.0,0
2017-11-22,TLKM.JK,0.0,0.0,0.0,-0.00046840486846913077,0.0,0.0,0
2017-11-23,TLKM.JK,0.0,0.0,0.0,-0.0003513036513518481,0.0,0.0,0
2017-11-24,TLKM.JK,0.0,0.0,0.0,-0.00026347773851388603,0.0,0.0,0
2017-11-27,TLKM.JK,0.0,0.0,0.0,-0.00019760830388541452,0.0,0.0,0
2017-11-28,TLKM.JK,0.0,0.0,0.0,-0.0001482062279140609,0.0,0.0,0
2017-11-29,TLKM.JK,0.0,0.0,0.0,-0.00011115467093554567,0.0,0.0,0
2017-11-30,TLKM.JK,0.0,0.0,0.0,-8.336600320165926e-05,0.0,0.0,0
2017-12-01,TLKM.JK,0.0,0.0,0.0,-6.252450240124444e-05,0.0,0.0,0
2017-12-04,TLKM.JK,0.0,0.0,0.0,-4.689337680093333e-05,0.0,0.0,0
2017-12-05,TLKM.JK,0.0,0.0,0.0,-3.5170032600699996e-05,0.0,0.0,0
2017-12-06,TLKM.JK,0.0,0.0,0.0,-2.6377524450524995e-05,0.0,0.0,0
2017-12-07,TLKM.JK,0.0,0.0,0.0,-1.9783143337893746e-05,0.0,0.0,0
2017-12-08,TLKM.JK,0.0,0.0,0.0,-1.483735750342031e-05,0.0,0.0,0
2017-12-11,TLKM.JK,0.0,0.0,0.0,-1.1128018127565234e-05,0.0,0.0,0
2017-12-12,TLKM.JK,0.0,0.0,0.0,-8.346013595673924e-06,0.0,0.0,0
2017-12-13,TLKM.JK,0.5,2.0,0.16666666666666666,0.12499374048980325,0.5,0.5,1
2017-12-14,TLKM.JK,-0.3333333333333333,5.0,0.05555555555555556,0.010411972034019099,-0.40476190476190477,-0.8333333333333333,-1
2017-12-15,TLKM.JK,0.0,5.0,0.05555555555555556,0.007808979025514324,-0.02380952380952381,0.3333333333333333,0
2017-12-18,TLKM.JK,0.0,3.0,-0.1111111111111111,0.005856734269135743,-0.02380952380952381,0.0,0
2017-12-19,TLKM.JK,0.0,0.0,0.0,0.004392550701851807,-0.02380952380952381,0.0,0
2017-12-20,TLKM.JK,0.0,0.0,0.0,0.003294413026388855,-0.02380952380952381,0.0,0
2017-12-21,TLKM.JK,0.0,0.0,0.0,0.002470809769791641,-0.02380952380952381,0.0,0
2017-12-22,TLKM.JK,0.0,0.0,0.0,0.0018531073273437308,-0.02380952380952381,0.0,0
2017-12-25,TLKM.JK,0.0,0.0,0.0,0.001389830495507798,0.047619047619047616,0.0,0
2017-12-26,TLKM.JK,0.0,0.0,0.0,0.0010423728716308486,0.0,0.0,0
2017-12-27,TLKM.JK,0.0,1.0,0.0,0.0007817796537231364,0.0,0.0,0
2017-12-28,TLKM.JK,0.0,1.0,0.0,0.0005863347402923524,0.0,0.0,0
2017-12-29,TLKM.JK,0.0,1.0,0.0,0.00043975105521926427,0.0,0.0,0
2018-01-01,TLKM.JK,0.0,0.0,0.0,0.0003298132914144482,0.0,0.0,0
2018-01-02,TLKM.JK,0.0,0.0,0.0,0.0002473599685608362,0.0,0.0,0
2018-01-03,TLKM.JK,0.0,0.0,0.0,0.00018551997642062714,0.0,0.0,0
2018-01-04,TLKM.JK,0.0,0.0,0.0,0.00013913998231547035,0.0,0.0,0
2018-01-05,TLKM.JK,0.0,0.0,0.0,0.00010435498673660277,0.0,0.0,0
2018-01-08,TLKM.JK,0.0,0.0,0.0,7.826624005245208e-05,0.0,0.0,0
2018-01-09,TLKM.JK,0.0,0.0,0.0,5.869968003933906e-05,0.0,0.0,0
2018-01-10,TLKM.JK,0.0,0.0,0.0,4.4024760029504295e-05,0.0,0.0,0
2018-01-11,TLKM.JK,0.0,0.0,0.0,3.301857002212822e-05,0.0,0.0,0
2018-01-12,TLKM.JK,0.0,0.0,0.0,2.4763927516596168e-05,0.0,0.0,0
2018-01-15,TLKM.JK,0.0,0.0,0.0,1.8572945637447126e-05,0.0,0.0,0
2018-01-16,TLKM.JK,0.0,0.0,0.0,1.3929709228085343e-05,0.0,0.0,0
2018-01-17,TLKM.JK,0.0,0.0,0.0,1.0447281921064008e-05,0.0,0.0,0
2018-01-18,TLKM.JK,0.0,0.0,0.0,7.835461440798005e-06,0.0,0.0,0
2018-01-19,TLKM.JK,0.0,0.0,0.0,5.876596080598504e-06,0.0,0.0,0
2018-01-22,TLKM.JK,0.0,0.0,0.0,4.407447060448878e-06,0.0,0.0,0
2018-01-23,TLKM.JK,0.0,0.0,0.0,3.305585295336658e-06,0.0,0.0,0
2018-01-24,TLKM.JK,0.0,0.0,0.0,2.4791889715024936e-06,0.0,0.0,0
2018-01-25,TLKM.JK,0.0,0.0,0.0,1.8593917286268702e-06,0.0,0.0,0
2018-01-26,TLKM.JK,0.0,0.0,0.0,1.3945437964701526e-06,0.0,0.0,0
2018-01-29,TLKM.JK,0.0,0.0,0.0,1.0459078473526145e-06,0.0,0.0,0
2018-01-30,TLKM.JK,0.0,0.0,0.0,7.844308855144609e-07,0.0,0.0,0
2018-01-31,TLKM.JK,0.0,1.0,0.0,5.883231641358457e-07,0.0,0.0,0
2018-02-01,TLKM.JK,0.0,1.0,0.0,4.412423731018843e-07,0.0,0.0,0
2018-02-02,TLKM.JK,0.0,1.0,0.0,3.309317798264132e-07,0.0,0.0,0
2018-02-05,TLKM.JK,0.0,0.0,0.0,2.481988348698099e-07,0.0,0.0,0
2018-02-06,TLKM.JK,0.0,1.0,0.0,1.8614912615235742e-07,0.0,0.0,0
2018-02-07,TLKM.JK,1.0,2.0,0.3333333333333333,0.25000013961184464,1.0,1.0,1
2018-02-08,TLKM.JK,0.0,2.0,0.3333333333333333,0.18750010470888348,-0.14285714285714285,-1.0,0
2018-02-09,TLKM.JK,0.0,1.0,0.3333333333333333,0.14062507853166262,-0.14285714285714285,0.0,0
2018-02-12,TLKM.JK,0.0,0.0,0.0,0.10546880889874696,-0.14285714285714285,0.0,0
2018-02-13,TLKM.JK,0.0,0.0,0.0,0.07910160667406022,-0.14285714285714285,0.0,0
2018-02-14,TLKM.JK,0.0,0.0,0.0,0.05932620500554516,-0.14285714285714285,0.0,0
2018-02-15,TLKM.JK,0.0,0.0,0.0,0.04449465375415887,-0.14285714285714285,0.0,0
2018-02-16,TLKM.JK,0.0,0.0,0.0,0.03337099031561915,-0.14285714285714285,0.0,0
2018-02-19,TLKM.JK,0.0,0.0,0.0,0.025028242736714362,0.0,0.0,0
2018-02-20,TLKM.JK,0.0,0.0,0.0,0.01877118205253577,0.0,0.0,0
2018-02-21,TLKM.JK,0.0,0.0,0.0,0.014078386539401829,0.0,0.0,0
2018-02-22,TLKM.JK,0.0,0.0,0.0,0.010558789904551372,0.0,0.0,0
2018-02-23,TLKM.JK,0.0,0.0,0.0,0.00791909242841353,0.0,0.0,0
2018-02-26,TLKM.JK,0.0,0.0,0.0,0.005939319321310147,0.0,0.0,0
2018-02-27,TLKM.JK,0.0,0.0,0.0,0.00445448949098261,0.0,0.0,0
2018-02-28,TLKM.JK,0.0,0.0,0.0,0.0033408671182369575,0.0,0.0,0
2018-03-01,TLKM.JK,0.0,0.0,0.0,0.002505650338677718,0.0,0.0,0
2018-03-02,TLKM.JK,0.0,0.0,0.0,0.0018792377540082887,0.0,0.0,0
2018-03-05,TLKM.JK,0.0,0.0,0.0,0.0014094283155062165,0.0,0.0,0
2018-03-06,TLKM.JK,0.0,0.0,0.0,0.0010570712366296624,0.0,0.0,0
2018-03-07,TLKM.JK,0.0,0.0,0.0,0.0007928034274722467,0.0,0.0,0
2018-03-08,TLKM.JK,0.0,0.0,0.0,0.0005946025706041851,0.0,0.0,0
2018-03-09,TLKM.JK,0.0,0.0,0.0,0.0004459519279531388,0.0,0.0,0
2018-03-12,TLKM.JK,0.0,0.0,0.0,0.0003344639459648541,0.0,0.0,0
2018-03-13,TLKM.JK,0.0,0.0,0.0,0.00025084795947364057,0.0,0.0,0
2018-03-14,TLKM.JK,-1.0,1.0,-0.3333333333333333,-0.24981186403039476,-1.0,-1.0,-1
2018-03-15,TLKM.JK,0.0,1.0,-0.3333333333333333,-0.18735889802279607,0.14285714285714285,1.0,0
2018-03-16,TLKM.JK,0.0,1.0,-0.3333333333333333,-0.14051917351709706,0.14285714285714285,0.0,0
2018-03-19,TLKM.JK,0.0,0.0,0.0,-0.10538938013782279,0.14285714285714285,0.0,0
2018-03-20,TLKM.JK,0.0,0.0,0.0,-0.07904203510336709,0.14285714285714285,0.0,0
2018-03-21,TLKM.JK,0.0,0.0,0.0,-0.059281526327525313,0.14285714285714285,0.0,0
2018-03-22,TLKM.JK,0.0,0.0,0.0,-0.044461144745643985,0.14285714285714285,0.0,0
2018-03-23,TLKM.JK,0.0,0.0,0.0,-0.033345858559232985,0.14285714285714285,0.0,0
2018-03-26,TLKM.JK,0.0,0.0,0.0,-0.02500939391942474,0.0,0.0,0
2018-03-27,TLKM.JK,0.0,0.0,0.0,-0.018757045439568555,0.0,0.0,0
2018-03-28,TLKM.JK,0.0,0.0,0.0,-0.014067784079676416,0.0,0.0,0
2018-03-29,TLKM.JK,0.0,1.0,0.0,-0.010550838059757312,0.0,0.0,0
2018-03-30,TLKM.JK,0.0,1.0,0.0,-0.007913128544817984,0.0,0.0,0
2018-04-02,TLKM.JK,0.0,1.0,0.0,-0.005934846408613488,0.0,0.0,0
2018-04-03,TLKM.JK,1.0,2.0,0.3333333333333333,0.24554886519353988,1.0,1.0,1
2018-04-04,TLKM.JK,0.3333333333333333,5.0,0.4444444444444444,0.2674949822284882,0.19047619047619047,-0.6666666666666667,1
2018-04-05,TLKM.JK,0.0,5.0,0.4444444444444444,0.20062123667136617,-0.19047619047619047,-0.3333333333333333,0
2018-04-06,TLKM.JK,0.0,3.0,0.1111111111111111,0.1504659275035246,-0.19047619047619047,0.0,0
2018-04-09,TLKM.JK,0.0,0.0,0.0,0.11284944562764346,-0.19047619047619047,0.0,0
2018-04-10,TLKM.JK,-1.0,1.0,-0.3333333333333333,-0.1653629157792674,-1.1904761904761905,-1.0,-1
2018-04-11,TLKM.JK,0.0,1.0,-0.3333333333333333,-0.12402218683445054,-0.04761904761904761,1.0,0
2018-04-12,TLKM.JK,0.0,1.0,-0.3333333333333333,-0.09301664012583791,-0.04761904761904761,0.0,0
2018-04-13,TLKM.JK,0.0,0.0,0.0,-0.06976248009437844,0.09523809523809525,0.0,0
2018-04-16,TLKM.JK,0.0,0.0,0.0,-0.05232186007078383,0.14285714285714285,0.0,0
2018-04-17,TLKM.JK,1.0,1.0,0.3333333333333333,0.21075860494691212,1.1428571428571428,1.0,1
2018-04-18,TLKM.JK,0.0,1.0,0.3333333333333333,0.1580689537101841,0.0,-1.0,0
2018-04-19,TLKM.JK,0.0,1.0,0.3333333333333333,0.11855171528263807,7.93016446160826e-18,0.0,0
2018-04-20,TLKM.JK,0.0,0.0,0.0,0.08891378646197855,-0.14285714285714285,0.0,0
2018-04-23,TLKM.JK,1.0,1.0,0.3333333333333333,0.3166853398464839,0.8571428571428572,1.0,1
2018-04-24,TLKM.JK,0.0,1.0,0.3333333333333333,0.2375140048848629,-0.2857142857142857,-1.0,0
2018-04-25,TLKM.JK,0.0,1.0,0.3333333333333333,0.17813550366364717,-0.2857142857142857,0.0,0
2018-04-26,TLKM.JK,0.0,0.0,0.0,0.13360162774773537,-0.2857142857142857,0.0,0
2018-04-27,TLKM.JK,-1.0,1.0,-0.3333333333333333,-0.14979877918919848,-1.1428571428571428,-1.0,-1
2018-04-30,TLKM.JK,0.5,3.0,-0.16666666666666666,0.012650915608101138,0.5,1.5,1
2018-05-01,TLKM.JK,0.0,3.0,-0.16666666666666666,0.009488186706075853,-0.07142857142857142,-0.5,0
2018-05-02,TLKM.JK,0.0,2.0,0.16666666666666666,0.00711614002955689,-0.07142857142857142,0.0,0
2018-05-03,TLKM.JK,0.0,0.0,0.0,0.005337105022167667,0.07142857142857142,0.0,0
2018-05-04,TLKM.JK,0.0,0.0,0.0,0.004002828766625751,0.07142857142857142,0.0,0
2018-05-07,TLKM.JK,0.0,0.0,0.0,0.003002121574969313,0.07142857142857142,0.0,0
2018-05-08,TLKM.JK,0.0,0.0,0.0,0.0022515911812269846,0.07142857142857142,0.0,0
2018-05-09,TLKM.JK,0.0,0.0,0.0,0.0016886933859202385,-0.07142857142857142,0.0,0
2018-05-10,TLKM.JK,0.0,0.0,0.0,0.001266520039440179,0.0,0.0,0
2018-05-11,TLKM.JK,0.0,0.0,0.0,0.0009498900295801342,0.0,0.0,0
2018-05-14,TLKM.JK,0.0,0.0,0.0,0.0007124175221851006,0.0,0.0,0
2018-05-15,TLKM.JK,0.0,0.0,0.0,0.0005343131416388255,0.0,0.0,0
2018-05-16,TLKM.JK,0.0,0.0,0.0,0.0004007348562291191,0.0,0.0,0
2018-05-17,TLKM.JK,0.0,0.0,0.0,0.0003005511421718393,0.0,0.0,0
2018-05-18,TLKM.JK,0.0,0.0,0.0,0.0002254133566288795,0.0,0.0,0
2018-05-21,TLKM.JK,0.0,0.0,0.0,0.00016906001747165963,0.0,0.0,0
2018-05-22,TLKM.JK,0.0,0.0,0.0,0.00012679501310374473,0.0,0.0,0
2018-05-23,TLKM.JK,0.0,0.0,0.0,9.509625982780855e-05,0.0,0.0,0
2018-05-24,TLKM.JK,0.0,0.0,0.0,7.132219487085641e-05,0.0,0.0,0
2018-05-25,TLKM.JK,0.0,0.0,0.0,5.349164615314231e-05,0.0,0.0,0
2018-05-28,TLKM.JK,0.0,0.0,0.0,4.0118734614856736e-05,0.0,0.0,0
2018-05-29,TLKM.JK,0.0,0.0,0.0,3.0089050961142552e-05,0.0,0.0,0
2018-05-30,TLKM.JK,0.0,0.0,0.0,2.2566788220856915e-05,0.0,0.0,0
2018-05-31,TLKM.JK,0.0,0.0,0.0,1.6925091165642687e-05,0.0,0.0,0
2018-06-01,TLKM.JK,0.0,0.0,0.0,1.2693818374232015e-05,0.0,0.0,0
2018-06-04,TLKM.JK,0.0,0.0,0.0,9.520363780674011e-06,0.0,0.0,0
2018-06-05,TLKM.JK,0.0,0.0,0.0,7.140272835505508e-06,0.0,0.0,0
2018-06-06,TLKM.JK,0.0,0.0,0.0,5.355204626629132e-06,0.0,0.0,0
2018-06-07,TLKM.JK,0.0,0.0,0.0,4.016403469971849e-06,0.0,0.0,0
2018-06-08,TLKM.JK,0.0,0.0,0.0,3.012302602478887e-06,0.0,0.0,0
2018-06-11,TLKM.JK,0.0,0.0,0.0,2.2592269518591654e-06,0.0,0.0,0
2018-06-12,TLKM.JK,0.0,0.0,0.0,1.694420213894374e-06,0.0,0.0,0
2018-06-13,TLKM.JK,0.0,0.0,0.0,1.2708151604207805e-06,0.0,0.0,0
2018-06-14,TLKM.JK,0.0,0.0,0.0,9.531113703155854e-07,0.0,0.0,0
2018-06-15,TLKM.JK,0.0,0.0,0.0,7.14833527736689e-07,0.0,0.0,0
2018-06-18,TLKM.JK,0.0,0.0,0.0,5.361251458025168e-07,0.0,0.0,0
2018-06-19,TLKM.JK,0.0,0.0,0.0,4.020938593518876e-07,0.0,0.0,0
2018-06-20,TLKM.JK,0.0,0.0,0.0,3.015703945139157e-07,0.0,0.0,0
2018-06-21,TLKM.JK,0.0,0.0,0.0,2.2617779588543679e-07,0.0,0.0,0
2018-06-22,TLKM.JK,0.0,0.0,0.0,1.696333469140776e-07,0.0,0.0,0
2018-06-25,TLKM.JK,0.0,0.0,0.0,1.272250101855582e-07,0.0,0.0,0
2018-06-26,TLKM.JK,0.0,0.0,0.0,9.541875763916865e-08,0.0,0.0,0
2018-06-27,TLKM.JK,0.0,0.0,0.0,7.156406822937648e-08,0.0,0.0,0
2018-06-28,TLKM.JK,0.0,0.0,0.0,5.367305117203236e-08,0.0,0.0,0
2018-06-29,TLKM.JK,0.0,0.0,0.0,4.0254788379024266e-08,0.0,0.0,0
2018-07-02,TLKM.JK,0.0,0.0,0.0,3.0191091284268196e-08,0.0,0.0,0
2018-07-03,TLKM.JK,0.0,0.0,0.0,2.2643318463201147e-08,0.0,0.0,0
2018-07-04,TLKM.JK,0.0,0.0,0.0,1.698248884740086e-08,0.0,0.0,0
2018-07-05,TLKM.JK,0.0,0.0,0.0,1.2736866635550645e-08,0.0,0.0,0
2018-07-06,TLKM.JK,0.0,0.0,0.0,9.552649976662984e-09,0.0,0.0,0
2018-07-09,TLKM.JK,0.0,0.0,0.0,7.1644874824972375e-09,0.0,0.0,0
2018-07-10,TLKM.JK,0.0,0.0,0.0,5.373365611872928e-09,0.0,0.0,0
2018-07-11,TLKM.JK,0.0,0.0,0.0,4.030024208904696e-09,0.0,0.0,0
2018-07-12,TLKM.JK,0.0,0.0,0.0,3.0225181566785217e-09,0.0,0.0,0
2018-07-13,TLKM.JK,0.0,0.0,0.0,2.2668886175088913e-09,0.0,0.0,0
2018-07-16,TLKM.JK,0.0,0.0,0.0,1.7001664631316685e-09,0.0,0.0,0
2018-07-17,TLKM.JK,0.0,0.0,0.0,1.2751248473487512e-09,0.0,0.0,0
2018-07-18,TLKM.JK,0.0,0.0,0.0,9.563436355115634e-10,0.0,0.0,0
2018-07-19,TLKM.JK,0.0,0.0,0.0,7.172577266336726e-10,0.0,0.0,0
2018-07-20,TLKM.JK,0.0,0.0,0.0,5.379432949752545e-10,0.0,0.0,0
2018-07-23,TLKM.JK,-1.0,2.0,-0.3333333333333333,-0.24999999959654254,-1.0,-1.0,-1
2018-07-24,TLKM.JK,-1.0,3.0,-0.6666666666666666,-0.43749999969740694,-0.8571428571428572,0.0,-1
2018-07-25,TLKM.JK,0.0,3.0,-0.6666666666666666,-0.3281249997730552,0.2857142857142857,1.0,0
2018-07-26,TLKM.JK,0.0,1.0,-0.3333333333333333,-0.2460937498297914,0.2857142857142857,0.0,0
2018-07-27,TLKM.JK,0.0,0.0,0.0,-0.18457031237234356,0.2857142857142857,0.0,0
2018-07-30,TLKM.JK,0.0,0.0,0.0,-0.13842773427925767,0.2857142857142857,0.0,0
2018-07-31,TLKM.JK,0.0,0.0,0.0,-0.10382080070944325,0.2857142857142857,0.0,0
2018-08-01,TLKM.JK,0.0,0.0,0.0,-0.07786560053208244,0.2857142857142857,0.0,0
2018-08-02,TLKM.JK,0.0,0.0,0.0,-0.05839920039906183,0.14285714285714285,0.0,0
2018-08-03,TLKM.JK,1.0,1.0,0.3333333333333333,0.20620059970070362,1.0,1.0,1
2018-08-06,TLKM.JK,0.0,1.0,0.3333333333333333,0.15465044977552772,-0.14285714285714285,-1.0,0
2018-08-07,TLKM.JK,0.0,1.0,0.3333333333333333,0.11598783733164579,-0.14285714285714285,0.0,0
2018-08-08,TLKM.JK,0.0,0.0,0.0,0.08699087799873434,-0.14285714285714285,0.0,0
2018-08-09,TLKM.JK,1.0,2.0,0.3333333333333333,0.31524315849905077,0.8571428571428572,1.0,1
2018-08-10,TLKM.JK,0.0,4.0,0.3333333333333333,0.2364323688742881,-0.2857142857142857,-1.0,0
2018-08-13,TLKM.JK,0.0,4.0,0.3333333333333333,0.17732427665571607,-0.2857142857142857,0.0,0
2018-08-14,TLKM.JK,0.0,2.0,0.0,0.13299320749178706,-0.2857142857142857,0.0,0
2018-08-15,TLKM.JK,0.0,0.0,0.0,0.0997449056188403,-0.14285714285714285,0.0,0
2018-08-16,TLKM.JK,0.0,0.0,0.0,0.07480867921413022,-0.14285714285714285,0.0,0
2018-08-17,TLKM.JK,0.0,0.0,0.0,0.056106509410597666,-0.14285714285714285,0.0,0
2018-08-20,TLKM.JK,0.0,0.0,0.0,0.04207988205794825,-0.14285714285714285,0.0,0
2018-08-21,TLKM.JK,0.0,0.0,0.0,0.03155991154346119,0.0,0.0,0
2018-08-22,TLKM.JK,0.0,0.0,0.0,0.02366993365759589,0.0,0.0,0
2018-08-23,TLKM.JK,0.0,0.0,0.0,0.017752450243196917,0.0,0.0,0
2018-08-24,TLKM.JK,0.0,0.0,0.0,0.013314337682397688,0.0,0.0,0
2018-08-27,TLKM.JK,0.0,0.0,0.0,0.009985753261798265,0.0,0.0,0
2018-08-28,TLKM.JK,0.0,0.0,0.0,0.0074893149463486994,0.0,0.0,0
2018-08-29,TLKM.JK,0.0,0.0,0.0,0.005616986209761525,0.0,0.0,0
2018-08-30,TLKM.JK,0.0,0.0,0.0,0.004212739657321144,0.0,0.0,0
2018-08-31,TLKM.JK,0.0,0.0,0.0,0.003159554742990858,0.0,0.0,0
2018-09-03,TLKM.JK,0.0,0.0,0.0,0.0023696660572431433,0.0,0.0,0
2018-09-04,TLKM.JK,0.0,0.0,0.0,0.0017772495429323573,0.0,0.0,0
2018-09-05,TLKM.JK,0.0,0.0,0.0,0.0013329371571992681,0.0,0.0,0
2018-09-06,TLKM.JK,0.0,0.0,0.0,0.000999702867899451,0.0,0.0,0
2018-09-07,TLKM.JK,0.0,0.0,0.0,0.0007497771509245882,0.0,0.0,0
2018-09-10,TLKM.JK,0.0,0.0,0.0,0.0005623328631934412,0.0,0.0,0
2018-09-11,TLKM.JK,0.0,0.0,0.0,0.0004217496473950809,0.0,0.0,0
2018-09-12,TLKM.JK,0.0,0.0,0.0,0.00031631223554631066,0.0,0.0,0
2018-09-13,TLKM.JK,0.0,0.0,0.0,0.000237234176659733,0.0,0.0,0
2018-09-14,TLKM.JK,0.0,0.0,0.0,0.00017792563249479975,0.0,0.0,0
2018-09-17,TLKM.JK,0.0,0.0,0.0,0.0001334442243710998,0.0,0.0,0
2018-09-18,TLKM.JK,-1.0,1.0,-0.3333333333333333,-0.24989991683172166,-1.0,-1.0,-1
2018-09-19,TLKM.JK,0.0,1.0,-0.3333333333333333,-0.18742493762379125,0.14285714285714285,1.0,0
2018-09-20,TLKM.JK,0.0,1.0,-0.3333333333333333,-0.14056870321784343,0.14285714285714285,0.0,0
2018-09-21,TLKM.JK,0.0,0.0,0.0,-0.10542652741338257,0.14285714285714285,0.0,0
2018-09-24,TLKM.JK,0.0,0.0,0.0,-0.07906989556003693,0.14285714285714285,0.0,0
2018-09-25,TLKM.JK,0.0,0.0,0.0,-0.0593024216700277,0.14285714285714285,0.0,0
2018-09-26,TLKM.JK,0.0,0.0,0.0,-0.04447681625252078,0.14285714285714285,0.0,0
2018-09-27,TLKM.JK,0.0,0.0,0.0,-0.03335761218939058,0.14285714285714285,0.0,0
2018-09-28,TLKM.JK,0.0,0.0,0.0,-0.025018209142042936,0.0,0.0,0
2018-10-01,TLKM.JK,0.0,0.0,0.0,-0.018763656856532203,0.0,0.0,0
2018-10-02,TLKM.JK,0.0,0.0,0.0,-0.014072742642399152,0.0,0.0,0
2018-10-03,TLKM.JK,0.0,0.0,0.0,-0.010554556981799364,0.0,0.0,0
2018-10-04,TLKM.JK,0.0,0.0,0.0,-0.007915917736349523,0.0,0.0,0
2018-10-05,TLKM.JK,0.0,0.0,0.0,-0.005936938302262142,0.0,0.0,0
2018-10-08,TLKM.JK,0.0,0.0,0.0,-0.004452703726696606,0.0,0.0,0
2018-10-09,TLKM.JK,0.0,0.0,0.0,-0.0033395277950224547,0.0,0.0,0
2018-10-10,TLKM.JK,0.0,0.0,0.0,-0.002504645846266841,0.0,0.0,0
2018-10-11,TLKM.JK,0.0,0.0,0.0,-0.0018784843847001308,0.0,0.0,0
2018-10-12,TLKM.JK,0.0,0.0,0.0,-0.0014088632885250981,0.0,0.0,0
2018-10-15,TLKM.JK,0.0,0.0,0.0,-0.0010566474663938237,0.0,0.0,0
2018-10-16,TLKM.JK,0.0,0.0,0.0,-0.0007924855997953678,0.0,0.0,0
2018-10-17,TLKM.JK,0.0,0.0,0.0,-0.0005943641998465258,0.0,0.0,0
2018-10-18,TLKM.JK,0.0,0.0,0.0,-0.0004457731498848944,0.0,0.0,0
2018-10-19,TLKM.JK,0.0,0.0,0.0,-0.00033432986241367077,0.0,0.0,0
2018-10-22,TLKM.JK,0.0,0.0,0.0,-0.00025074739681025306,0.0,0.0,0
2018-10-23,TLKM.JK,0.0,1.0,0.0,-0.0001880605476076898,0.0,0.0,0
2018-10-24,TLKM.JK,0.0,1.0,0.0,-0.00014104541070576737,0.0,0.0,0
2018-10-25,TLKM.JK,0.0,1.0,0.0,-0.00010578405802932553,0.0,0.0,0
2018-10-26,TLKM.JK,-1.0,1.0,-0.3333333333333333,-0.250079338043522,-1.0,-1.0,-1
2018-10-29,TLKM.JK,0.0,1.0,-0.3333333333333333,-0.1875595035326415,0.14285714285714285,1.0,0
2018-10-30,TLKM.JK,-1.0,2.0,-0.6666666666666666,-0.3906696276494811,-0.8571428571428572,-1.0,-1
2018-10-31,TLKM.JK,-1.0,2.0,-0.6666666666666666,-0.5430022207371108,-0.7142857142857143,0.0,-1
2018-11-01,TLKM.JK,0.0,2.0,-0.6666666666666666,-0.4072516655528331,0.42857142857142855,1.0,0
2018-11-02,TLKM.JK,0.0,1.0,-0.3333333333333333,-0.3054387491646248,0.42857142857142855,0.0,0
2018-11-05,TLKM.JK,0.0,0.0,0.0,-0.2290790618734686,0.42857142857142855,0.0,0
2018-11-06,TLKM.JK,0.0,0.0,0.0,-0.17180929640510145,0.42857142857142855,0.0,0
2018-11-07,TLKM.JK,0.0,0.0,0.0,-0.1288569723038261,0.2857142857142857,0.0,0
2018-11-08,TLKM.JK,0.0,0.0,0.0,-0.09664272922786957,0.2857142857142857,0.0,0
2018-11-09,TLKM.JK,0.0,0.0,0.0,-0.07248204692090218,0.14285714285714285,0.0,0
2018-11-12,TLKM.JK,0.0,0.0,0.0,-0.05436153519067664,0.0,0.0,0
2018-11-13,TLKM.JK,0.0,0.0,0.0,-0.04077115139300748,0.0,0.0,0
2018-11-14,TLKM.JK,0.0,0.0,0.0,-0.03057836354475561,0.0,0.0,0
2018-11-15,TLKM.JK,0.0,0.0,0.0,-0.022933772658566706,0.0,0.0,0
2018-11-16,TLKM.JK,0.0,0.0,0.0,-0.01720032949392503,0.0,0.0,0
2018-11-19,TLKM.JK,0.0,0.0,0.0,-0.012900247120443773,0.0,0.0,0
2018-11-20,TLKM.JK,0.0,0.0,0.0,-0.00967518534033283,0.0,0.0,0
2018-11-21,TLKM.JK,0.0,0.0,0.0,-0.007256389005249623,0.0,0.0,0
2018-11-22,TLKM.JK,0.0,0.0,0.0,-0.0054422917539372175,0.0,0.0,0
2018-11-23,TLKM.JK,0.0,0.0,0.0,-0.004081718815452913,0.0,0.0,0
2018-11-26,TLKM.JK,0.0,0.0,0.0,-0.003061289111589685,0.0,0.0,0
2018-11-27,TLKM.JK,0.0,0.0,0.0,-0.0022959668336922636,0.0,0.0,0
2018-11-28,TLKM.JK,0.0,0.0,0.0,-0.0017219751252691977,0.0,0.0,0
2018-11-29,TLKM.JK,0.0,0.0,0.0,-0.0012914813439518984,0.0,0.0,0
2018-11-30,TLKM.JK,0.0,0.0,0.0,-0.0009686110079639238,0.0,0.0,0
2018-12-03,TLKM.JK,0.0,0.0,0.0,-0.0007264582559729429,0.0,0.0,0
2018-12-04,TLKM.JK,0.0,0.0,0.0,-0.0005448436919797072,0.0,0.0,0
2018-12-05,TLKM.JK,0.0,0.0,0.0,-0.0004086327689847804,0.0,0.0,0
2018-12-06,TLKM.JK,0.0,1.0,0.0,-0.0003064745767385853,0.0,0.0,0
2018-12-07,TLKM.JK,0.0,1.0,0.0,-0.000229855932553939,0.0,0.0,0
2018-12-10,TLKM.JK,0.0,2.0,0.0,-0.00017239194941545425,0.0,0.0,0
2018-12-11,TLKM.JK,0.0,1.0,0.0,-0.00012929396206159068,0.0,0.0,0
2018-12-12,TLKM.JK,0.0,1.0,0.0,-9.6970471546193e-05,0.0,0.0,0
2018-12-13,TLKM.JK,0.0,0.0,0.0,-7.272785365964476e-05,0.0,0.0,0
2018-12-14,TLKM.JK,0.0,2.0,0.0,-5.454589024473357e-05,0.0,0.0,0
2018-12-17,TLKM.JK,0.0,2.0,0.0,-4.090941768355018e-05,0.0,0.0,0
2018-12-18,TLKM.JK,0.0,2.0,0.0,-3.0682063262662634e-05,0.0,0.0,0
2018-12-19,TLKM.JK,0.0,0.0,0.0,-2.3011547446996976e-05,0.0,0.0,0
2018-12-20,TLKM.JK,0.0,0.0,0.0,-1.7258660585247734e-05,0.0,0.0,0
2018-12-21,TLKM.JK,0.0,0.0,0.0,-1.29439954389358e-05,0.0,0.0,0
2018-12-24,TLKM.JK,0.0,1.0,0.0,-9.70799657920185e-06,0.0,0.0,0
2018-12-25,TLKM.JK,0.0,1.0,0.0,-7.280997434401387e-06,0.0,0.0,0
2018-12-26,TLKM.JK,0.0,1.0,0.0,-5.46074807580104e-06,0.0,0.0,0
2018-12-27,TLKM.JK,0.0,0.0,0.0,-4.09556105685078e-06,0.0,0.0,0
2018-12-28,TLKM.JK,0.0,0.0,0.0,-3.071670792638085e-06,0.0,0.0,0
2018-12-31,TLKM.JK,-1.0,1.0,-0.3333333333333333,-0.25000230375309446,-1.0,-1.0,-1
2019-01-01,TLKM.JK,0.0,1.0,-0.3333333333333333,-0.18750172781482083,0.14285714285714285,1.0,0
2019-01-02,TLKM.JK,0.0,1.0,-0.3333333333333333,-0.14062629586111564,0.14285714285714285,0.0,0
2019-01-03,TLKM.JK,0.0,0.0,0.0,-0.10546972189583673,0.14285714285714285,0.0,0
2019-01-04,TLKM.JK,0.0,1.0,0.0,-0.07910229142187755,0.14285714285714285,0.0,0
2019-01-07,TLKM.JK,0.0,1.0,0.0,-0.059326718566408164,0.14285714285714285,0.0,0
2019-01-08,TLKM.JK,0.0,1.0,0.0,-0.04449503892480612,0.14285714285714285,0.0,0
2019-01-09,TLKM.JK,0.0,1.0,0.0,-0.033371279193604594,0.14285714285714285,0.0,0
2019-01-10,TLKM.JK,0.0,1.0,0.0,-0.025028459395203446,0.0,0.0,0
2019-01-11,TLKM.JK,0.0,1.0,0.0,-0.018771344546402585,0.0,0.0,0
2019-01-14,TLKM.JK,0.0,0.0,0.0,-0.014078508409801939,0.0,0.0,0
2019-01-15,TLKM.JK,0.0,0.0,0.0,-0.010558881307351454,0.0,0.0,0
2019-01-16,TLKM.JK,0.0,0.0,0.0,-0.00791916098051359,0.0,0.0,0
2019-01-17,TLKM.JK,0.0,0.0,0.0,-0.005939370735385193,0.0,0.0,0
2019-01-18,TLKM.JK,0.0,0.0,0.0,-0.004454528051538895,0.0,0.0,0
2019-01-21,TLKM.JK,0.0,0.0,0.0,-0.0033408960386541713,0.0,0.0,0
2019-01-22,TLKM.JK,0.0,0.0,0.0,-0.0025056720289906285,0.0,0.0,0
2019-01-23,TLKM.JK,0.0,0.0,0.0,-0.0018792540217429715,0.0,0.0,0
2019-01-24,TLKM.JK,0.0,0.0,0.0,-0.0014094405163072286,0.0,0.0,0
2019-01-25,TLKM.JK,0.0,2.0,0.0,-0.0010570803872304215,0.0,0.0,0
2019-01-28,TLKM.JK,1.0,3.0,0.3333333333333333,0.24920718970957717,1.0,1.0,1
2019-01-29,TLKM.JK,0.0,3.0,0.3333333333333333,0.1869053922821829,-0.14285714285714285,-1.0,0
2019-01-30,TLKM.JK,0.0,1.0,0.3333333333333333,0.14017904421163718,-0.14285714285714285,0.0,0
2019-01-31,TLKM.JK,0.0,0.0,0.0,0.10513428315872789,-0.14285714285714285,0.0,0
2019-02-01,TLKM.JK,0.0,0.0,0.0,0.07885071236904592,-0.14285714285714285,0.0,0
2019-02-04,TLKM.JK,0.0,0.0,0.0,0.05913803427678444,-0.14285714285714285,0.0,0
2019-02-05,TLKM.JK,0.0,0.0,0.0,0.04435352570758833,-0.14285714285714285,0.0,0
2019-02-06,TLKM.JK,-1.0,1.0,-0.3333333333333333,-0.21673485571930876,-1.1428571428571428,-1.0,-1
2019-02-07,TLKM.JK,0.0,1.0,-0.3333333333333333,-0.16255114178948157,0.14285714285714285,1.0,0
2019-02-08,TLKM.JK,0.0,1.0,-0.3333333333333333,-0.12191335634211117,0.14285714285714285,0.0,0
2019-02-11,TLKM.JK,0.0,0.0,0.0,-0.09143501725658337,0.14285714285714285,0.0,0
2019-02-12,TLKM.JK,0.0,0.0,0.0,-0.06857626294243753,0.14285714285714285,0.0,0
2019-02-13,TLKM.JK,0.0,0.0,0.0,-0.05143219720682815,0.14285714285714285,0.0,0
2019-02-14,TLKM.JK,0.0,0.0,0.0,-0.03857414790512111,0.14285714285714285,0.0,0
2019-02-15,TLKM.JK,0.0,0.0,0.0,-0.028930610928840833,0.14285714285714285,0.0,0
2019-02-18,TLKM.JK,0.0,0.0,0.0,-0.021697958196630625,0.0,0.0,0
2019-02-19,TLKM.JK,0.0,0.0,0.0,-0.01627346864747297,0.0,0.0,0
2019-02-20,TLKM.JK,0.0,0.0,0.0,-0.012205101485604728,0.0,0.0,0
2019-02-21,TLKM.JK,0.0,0.0,0.0,-0.009153826114203546,0.0,0.0,0
2019-02-22,TLKM.JK,0.0,0.0,0.0,-0.00686536958565266,0.0,0.0,0
2019-02-25,TLKM.JK,0.0,0.0,0.0,-0.005149027189239494,0.0,0.0,0
2019-02-26,TLKM.JK,-1.0,2.0,-0.3333333333333333,-0.25386177039192964,-1.0,-1.0,-1
2019-02-27,TLKM.JK,0.0,2.0,-0.3333333333333333,-0.19039632779394722,0.14285714285714285,1.0,0
2019-02-28,TLKM.JK,0.0,2.0,-0.3333333333333333,-0.1427972458454604,0.14285714285714285,0.0,0
2019-03-01,TLKM.JK,0.0,0.0,0.0,-0.10709793438409532,0.14285714285714285,0.0,0
2019-03-04,TLKM.JK,0.0,0.0,0.0,-0.08032345078807149,0.14285714285714285,0.0,0
2019-03-05,TLKM.JK,0.0,0.0,0.0,-0.060242588091053616,0.14285714285714285,0.0,0
2019-03-06,TLKM.JK,0.0,0.0,0.0,-0.04518194106829021,0.14285714285714285,0.0,0
2019-03-07,TLKM.JK,0.0,0.0,0.0,-0.03388645580121766,0.14285714285714285,0.0,0
2019-03-08,TLKM.JK,0.0,0.0,0.0,-0.025414841850913243,0.0,0.0,0
2019-03-11,TLKM.JK,-0.5,4.0,-0.16666666666666666,-0.14406113138818494,-0.5,-0.5,-1
2019-03-12,TLKM.JK,0.0,4.0,-0.16666666666666666,-0.1080458485411387,0.07142857142857142,0.5,0
2019-03-13,TLKM.JK,0.0,4.0,-0.16666666666666666,-0.08103438640585403,0.07142857142857142,0.0,0
2019-03-14,TLKM.JK,0.5,2.0,0.16666666666666666,0.06422421019560948,0.5714285714285714,0.5,1
2019-03-15,TLKM.JK,0.0,3.0,0.16666666666666666,0.04816815764670711,0.0,-0.5,0
2019-03-18,TLKM.JK,0.0,3.0,0.16666666666666666,0.03612611823503033,0.0,0.0,0
2019-03-19,TLKM.JK,0.0,1.0,0.0,0.027094588676272745,0.0,0.0,0
2019-03-20,TLKM.JK,0.0,1.0,0.0,0.020320941507204558,0.0,0.0,0
2019-03-21,TLKM.JK,0.0,1.0,0.0,0.015240706130403419,-0.07142857142857142,0.0,0
2019-03-22,TLKM.JK,0.0,1.0,0.0,0.011430529597802564,-0.07142857142857142,0.0,0
2019-03-25,TLKM.JK,0.0,0.0,0.0,0.008572897198351923,-0.07142857142857142,0.0,0
2019-03-26,TLKM.JK,0.0,0.0,0.0,0.006429672898763943,0.0,0.0,0
2019-03-27,TLKM.JK,0.0,0.0,0.0,0.004822254674072957,0.0,0.0,0
2019-03-28,TLKM.JK,0.0,0.0,0.0,0.0036166910055547177,0.0,0.0,0
2019-03-29,TLKM.JK,0.0,0.0,0.0,0.002712518254166038,0.0,0.0,0
2019-04-01,TLKM.JK,0.0,0.0,0.0,0.0020343886906245287,0.0,0.0,0
2019-04-02,TLKM.JK,0.0,0.0,0.0,0.0015257915179683966,0.0,0.0,0
2019-04-03,TLKM.JK,0.0,0.0,0.0,0.0011443436384762974,0.0,0.0,0
2019-04-04,TLKM.JK,0.0,0.0,0.0,0.000858257728857223,0.0,0.0,0
2019-04-05,TLKM.JK,0.0,0.0,0.0,0.0006436932966429172,0.0,0.0,0
2019-04-08,TLKM.JK,0.0,0.0,0.0,0.00048276997248218796,0.0,0.0,0
2019-04-09,TLKM.JK,0.0,0.0,0.0,0.00036207747936164097,0.0,0.0,0
2019-04-10,TLKM.JK,0.0,0.0,0.0,0.0002715581095212307,0.0,0.0,0
2019-04-11,TLKM.JK,0.0,1.0,0.0,0.00020366858214092303,0.0,0.0,0
2019-04-12,TLKM.JK,0.0,1.0,0.0,0.00015275143660569226,0.0,0.0,0
2019-04-15,TLKM.JK,0.0,1.0,0.0,0.0001145635774542692,0.0,0.0,0
2019-04-16,TLKM.JK,0.0,1.0,0.0,8.592268309070189e-05,0.0,0.0,0
2019-04-17,TLKM.JK,0.0,1.0,0.0,6.444201231802642e-05,0.0,0.0,0
2019-04-18,TLKM.JK,0.0,1.0,0.0,4.833150923851981e-05,0.0,0.0,0
2019-04-19,TLKM.JK,0.0,0.0,0.0,3.6248631928889854e-05,0.0,0.0,0
2019-04-22,TLKM.JK,0.0,0.0,0.0,2.718647394666739e-05,0.0,0.0,0
2019-04-23,TLKM.JK,0.0,0.0,0.0,2.0389855460000544e-05,0.0,0.0,0
2019-04-24,TLKM.JK,0.0,0.0,0.0,1.5292391595000406e-05,0.0,0.0,0
2019-04-25,TLKM.JK,0.0,0.0,0.0,1.1469293696250305e-05,0.0,0.0,0
2019-04-26,TLKM.JK,0.0,1.0,0.0,8.601970272187728e-06,0.0,0.0,0
2019-04-29,TLKM.JK,0.0,1.0,0.0,6.451477704140796e-06,0.0,0.0,0
2019-04-30,TLKM.JK,0.0,1.0,0.0,4.838608278105597e-06,0.0,0.0,0
2019-05-01,TLKM.JK,0.0,0.0,0.0,3.628956208579198e-06,0.0,0.0,0
2019-05-02,TLKM.JK,0.0,0.0,0.0,2.7217171564343984e-06,0.0,0.0,0
2019-05-03,TLKM.JK,1.0,1.0,0.3333333333333333,0.25000204128786735,1.0,1.0,1
2019-05-06,TLKM.JK,0.0,1.0,0.3333333333333333,0.1875015309659005,-0.14285714285714285,-1.0,0
2019-05-07,TLKM.JK,0.0,1.0,0.3333333333333333,0.14062614822442537,-0.14285714285714285,0.0,0
2019-05-08,TLKM.JK,0.0,0.0,0.0,0.10546961116831903,-0.14285714285714285,0.0,0
2019-05-09,TLKM.JK,0.0,0.0,0.0,0.07910220837623927,-0.14285714285714285,0.0,0
2019-05-10,TLKM.JK,0.0,0.0,0.0,0.05932665628217945,-0.14285714285714285,0.0,0
2019-05-13,TLKM.JK,0.0,0.0,0.0,0.04449499221163459,-0.14285714285714285,0.0,0
2019-05-14,TLKM.JK,0.0,0.0,0.0,0.03337124415872594,-0.14285714285714285,0.0,0
2019-05-15,TLKM.JK,0.0,0.0,0.0,0.025028433119044458,0.0,0.0,0
2019-05-16,TLKM.JK,0.0,0.0,0.0,0.018771324839283343,0.0,0.0,0
2019-05-17,TLKM.JK,0.0,0.0,0.0,0.014078493629462507,0.0,0.0,0
2019-05-20,TLKM.JK,0.0,0.0,0.0,0.01055887022209688,0.0,0.0,0
2019-05-21,TLKM.JK,0.0,0.0,0.0,0.00791915266657266,0.0,0.0,0
2019-05-22,TLKM.JK,0.0,0.0,0.0,0.005939364499929495,0.0,0.0,0
2019-05-23,TLKM.JK,0.0,0.0,0.0,0.004454523374947121,0.0,0.0,0
2019-05-24,TLKM.JK,-0.125,16.0,-0.041666666666666664,-0.02790910746878966,-0.125,-0.125,-1
2019-05-27,TLKM.JK,-0.5,18.0,-0.20833333333333334,-0.14593183060159223,-0.48214285714285715,-0.375,-1
2019-05-28,TLKM.JK,0.0,18.0,-0.20833333333333334,-0.10944887295119418,0.08928571428571429,0.5,0
2019-05-29,TLKM.JK,-0.125,10.0,-0.20833333333333334,-0.11333665471339563,-0.03571428571428571,-0.125,-1
2019-05-30,TLKM.JK,0.0,10.0,-0.041666666666666664,-0.08500249103504673,0.10714285714285714,0.125,0
2019-05-31,TLKM.JK,0.0,10.0,-0.041666666666666664,-0.06375186827628504,0.10714285714285714,0.0,0
2019-06-03,TLKM.JK,0.0,3.0,0.0,-0.04781390120721378,0.10714285714285714,0.0,0
2019-06-04,TLKM.JK,-1.0,2.0,-0.3333333333333333,-0.28586042590541033,-0.8928571428571429,-1.0,-1
2019-06-05,TLKM.JK,0.0,2.0,-0.3333333333333333,-0.21439531942905776,0.23214285714285715,1.0,0
2019-06-06,TLKM.JK,0.0,2.0,-0.3333333333333333,-0.16079648957179332,0.16071428571428573,0.0,0
2019-06-07,TLKM.JK,0.0,1.0,0.0,-0.12059736717884499,0.16071428571428573,0.0,0
2019-06-10,TLKM.JK,0.0,2.0,0.0,-0.09044802538413374,0.14285714285714285,0.0,0
2019-06-11,TLKM.JK,0.0,1.0,0.0,-0.0678360190381003,0.14285714285714285,0.0,0
2019-06-12,TLKM.JK,0.0,1.0,0.0,-0.050877014278575224,0.14285714285714285,0.0,0
2019-06-13,TLKM.JK,0.0,1.0,0.0,-0.03815776070893142,0.14285714285714285,0.0,0
2019-06-14,TLKM.JK,0.0,1.0,0.0,-0.028618320531698563,0.0,0.0,0
2019-06-17,TLKM.JK,0.0,1.0,0.0,-0.021463740398773922,0.0,0.0,0
2019-06-18,TLKM.JK,0.0,0.0,0.0,-0.01609780529908044,0.0,0.0,0
2019-06-19,TLKM.JK,-1.0,1.0,-0.3333333333333333,-0.2620733539743103,-1.0,-1.0,-1
2019-06-20,TLKM.JK,0.0,1.0,-0.3333333333333333,-0.19655501548073273,0.14285714285714285,1.0,0
2019-06-21,TLKM.JK,0.0,1.0,-0.3333333333333333,-0.14741626161054955,0.14285714285714285,0.0,0
2019-06-24,TLKM.JK,0.0,0.0,0.0,-0.11056219620791216,0.14285714285714285,0.0,0
2019-06-25,TLKM.JK,0.0,0.0,0.0,-0.08292164715593411,0.14285714285714285,0.0,0
2019-06-26,TLKM.JK,0.0,0.0,0.0,-0.062191235366950585,0.14285714285714285,0.0,0
2019-06-27,TLKM.JK,0.0,0.0,0.0,-0.04664342652521294,0.14285714285714285,0.0,0
2019-06-28,TLKM.JK,0.0,0.0,0.0,-0.0349825698939097,0.14285714285714285,0.0,0
2019-07-01,TLKM.JK,0.0,0.0,0.0,-0.026236927420432276,0.0,0.0,0
2019-07-02,TLKM.JK,0.0,0.0,0.0,-0.019677695565324206,0.0,0.0,0
2019-07-03,TLKM.JK,0.0,0.0,0.0,-0.014758271673993155,0.0,0.0,0
2019-07-04,TLKM.JK,0.0,0.0,0.0,-0.011068703755494866,0.0,0.0,0
2019-07-05,TLKM.JK,0.0,1.0,0.0,-0.008301527816621149,0.0,0.0,0
2019-07-08,TLKM.JK,0.0,1.0,0.0,-0.0062261458624658615,0.0,0.0,0
2019-07-09,TLKM.JK,0.0,1.0,0.0,-0.004669609396849396,0.0,0.0,0
2019-07-10,TLKM.JK,0.0,0.0,0.0,-0.0035022070476370473,0.0,0.0,0
2019-07-11,TLKM.JK,0.0,0.0,0.0,-0.0026266552857277855,0.0,0.0,0
2019-07-12,TLKM.JK,0.0,0.0,0.0,-0.001969991464295839,0.0,0.0,0
2019-07-15,TLKM.JK,0.0,0.0,0.0,-0.0014774935982218794,0.0,0.0,0
2019-07-16,TLKM.JK,0.0,0.0,0.0,-0.0011081201986664095,0.0,0.0,0
2019-07-17,TLKM.JK,0.0,0.0,0.0,-0.0008310901489998071,0.0,0.0,0
2019-07-18,TLKM.JK,0.0,0.0,0.0,-0.0006233176117498554,0.0,0.0,0
2019-07-19,TLKM.JK,0.0,0.0,0.0,-0.00046748820881239154,0.0,0.0,0
2019-07-22,TLKM.JK,0.0,0.0,0.0,-0.00035061615660929367,0.0,0.0,0
2019-07-23,TLKM.JK,0.0,0.0,0.0,-0.00026296211745697025,0.0,0.0,0
2019-07-24,TLKM.JK,0.0,0.0,0.0,-0.0001972215880927277,0.0,0.0,0
2019-07-25,TLKM.JK,0.0,0.0,0.0,-0.00014791619106954576,0.0,0.0,0
2019-07-26,TLKM.JK,0.0,0.0,0.0,-0.00011093714330215932,0.0,0.0,0
2019-07-29,TLKM.JK,0.0,0.0,0.0,-8.320285747661949e-05,0.0,0.0,0
2019-07-30,TLKM.JK,0.0,0.0,0.0,-6.240214310746462e-05,0.0,0.0,0
2019-07-31,TLKM.JK,0.0,0.0,0.0,-4.6801607330598465e-05,0.0,0.0,0
2019-08-01,TLKM.JK,0.0,0.0,0.0,-3.5101205497948846e-05,0.0,0.0,0
2019-08-02,TLKM.JK,0.0,0.0,0.0,-2.6325904123461634e-05,0.0,0.0,0
2019-08-05,TLKM.JK,0.0,0.0,0.0,-1.9744428092596226e-05,0.0,0.0,0
2019-08-06,TLKM.JK,0.0,0.0,0.0,-1.480832106944717e-05,0.0,0.0,0
2019-08-07,TLKM.JK,0.0,0.0,0.0,-1.1106240802085378e-05,0.0,0.0,0
2019-08-08,TLKM.JK,0.0,0.0,0.0,-8.329680601564034e-06,0.0,0.0,0
2019-08-09,TLKM.JK,0.0,0.0,0.0,-6.247260451173025e-06,0.0,0.0,0
2019-08-12,TLKM.JK,-1.0,1.0,-0.3333333333333333,-0.2500046854453384,-1.0,-1.0,-1
2019-08-13,TLKM.JK,0.0,1.0,-0.3333333333333333,-0.1875035140840038,0.14285714285714285,1.0,0
2019-08-14,TLKM.JK,0.0,1.0,-0.3333333333333333,-0.14062763556300284,0.14285714285714285,0.0,0
2019-08-15,TLKM.JK,0.0,0.0,0.0,-0.10547072667225213,0.14285714285714285,0.0,0
2019-08-16,TLKM.JK,0.0,0.0,0.0,-0.0791030450041891,0.14285714285714285,0.0,0
2019-08-19,TLKM.JK,1.0,2.0,0.3333333333333333,0.19067271624685816,1.1428571428571428,1.0,1
2019-08-20,TLKM.JK,-0.5,4.0,0.16666666666666666,0.01800453718514361,-0.5,-1.5,-1
2019-08-21,TLKM.JK,0.0,4.0,0.16666666666666666,0.013503402888857707,0.07142857142857142,0.5,0
2019-08-22,TLKM.JK,1.0,3.0,0.16666666666666666,0.2601275521666433,0.9285714285714286,1.0,1
2019-08-23,TLKM.JK,0.0,1.0,0.3333333333333333,0.19509566412498247,-0.21428571428571427,-1.0,0
2019-08-26,TLKM.JK,0.0,1.0,0.3333333333333333,0.14632174809373685,-0.21428571428571427,0.0,0
2019-08-27,TLKM.JK,0.0,0.0,0.0,0.10974131107030263,-0.21428571428571427,0.0,0
2019-08-28,TLKM.JK,0.0,0.0,0.0,0.08230598330272698,-0.21428571428571427,0.0,0
2019-08-29,TLKM.JK,0.0,0.0,0.0,0.061729487477045236,-0.07142857142857142,0.0,0
2019-08-30,TLKM.JK,0.0,0.0,0.0,0.04629711560778393,-0.14285714285714285,0.0,0
2019-09-02,TLKM.JK,0.0,0.0,0.0,0.034722836705837944,-0.14285714285714285,0.0,0
2019-09-03,TLKM.JK,-1.0,2.0,-0.3333333333333333,-0.22395787247062154,-1.0,-1.0,-1
2019-09-04,TLKM.JK,0.0,2.0,-0.3333333333333333,-0.16796840435296617,0.14285714285714285,1.0,0
2019-09-05,TLKM.JK,0.0,2.0,-0.3333333333333333,-0.12597630326472464,0.14285714285714285,0.0,0
2019-09-06,TLKM.JK,0.0,0.0,0.0,-0.09448222744854348,0.14285714285714285,0.0,0
2019-09-09,TLKM.JK,0.0,0.0,0.0,-0.0708616705864076,0.14285714285714285,0.0,0
2019-09-10,TLKM.JK,0.0,0.0,0.0,-0.053146252939805703,0.14285714285714285,0.0,0
2019-09-11,TLKM.JK,0.0,0.0,0.0,-0.039859689704854276,0.14285714285714285,0.0,0
2019-09-12,TLKM.JK,1.0,1.0,0.3333333333333333,0.2201052327213593,1.1428571428571428,1.0,1
2019-09-13,TLKM.JK,0.0,1.0,0.3333333333333333,0.16507892454101947,-0.14285714285714285,-1.0,0
2019-09-16,TLKM.JK,0.0,1.0,0.3333333333333333,0.1238091934057646,-0.14285714285714285,0.0,0
2019-09-17,TLKM.JK,0.0,1.0,0.0,0.09285689505432346,-0.14285714285714285,0.0,0
2019-09-18,TLKM.JK,0.0,1.0,0.0,0.06964267129074259,-0.14285714285714285,0.0,0
2019-09-19,TLKM.JK,0.0,1.0,0.0,0.05223200346805694,-0.14285714285714285,0.0,0
2019-09-20,TLKM.JK,0.0,0.0,0.0,0.0391740026010427,-0.14285714285714285,0.0,0
2019-09-23,TLKM.JK,0.0,0.0,0.0,0.029380501950782026,-0.14285714285714285,0.0,0
2019-09-24,TLKM.JK,0.0,0.0,0.0,0.02203537646308652,0.0,0.0,0
2019-09-25,TLKM.JK,0.0,0.0,0.0,0.01652653234731489,0.0,0.0,0
2019-09-26,TLKM.JK,0.0,0.0,0.0,0.012394899260486167,0.0,0.0,0
2019-09-27,TLKM.JK,0.0,0.0,0.0,0.009296174445364624,0.0,0.0,0
2019-09-30,TLKM.JK,0.0,0.0,0.0,0.006972130834023468,0.0,0.0,0
2019-10-01,TLKM.JK,0.0,0.0,0.0,0.005229098125517601,0.0,0.0,0
2019-10-02,TLKM.JK,0.0,0.0,0.0,0.003921823594138201,0.0,0.0,0
2019-10-03,TLKM.JK,-1.0,1.0,-0.3333333333333333,-0.24705863230439634,-1.0,-1.0,-1
2019-10-04,TLKM.JK,1.0,2.0,0.0,0.06470602577170276,1.1428571428571428,2.0,1
2019-10-07,TLKM.JK,0.0,2.0,0.0,0.04852951932877707,0.0,-1.0,0
2019-10-08,TLKM.JK,0.0,1.0,0.3333333333333333,0.0363971394965828,0.0,0.0,0
2019-10-09,TLKM.JK,0.0,0.0,0.0,0.027297854622437098,0.0,0.0,0
2019-10-10,TLKM.JK,0.0,0.0,0.0,0.020473390966827824,0.0,0.0,0
2019-10-11,TLKM.JK,0.0,0.0,0.0,0.015355043225120869,0.0,0.0,0
2019-10-14,TLKM.JK,0.0,0.0,0.0,0.011516282418840652,0.0,0.0,0
2019-10-15,TLKM.JK,0.0,0.0,0.0,0.00863721181413049,-0.14285714285714285,0.0,0
2019-10-16,TLKM.JK,-1.0,1.0,-0.3333333333333333,-0.24352209113940212,-1.0,-1.0,-1
2019-10-17,TLKM.JK,0.0,1.0,-0.3333333333333333,-0.1826415683545516,0.14285714285714285,1.0,0
2019-10-18,TLKM.JK,0.5,3.0,-0.16666666666666666,-0.01198117626591369,0.6428571428571428,0.5,1
2019-10-21,TLKM.JK,0.0,3.0,0.16666666666666666,-0.008985882199435268,0.07142857142857142,-0.5,0
2019-10-22,TLKM.JK,0.0,3.0,0.16666666666666666,-0.006739411649576451,0.07142857142857142,0.0,0
2019-10-23,TLKM.JK,0.0,1.0,0.0,-0.005054558737182338,0.07142857142857142,0.0,0
2019-10-24,TLKM.JK,0.0,0.0,0.0,-0.003790919052886754,0.07142857142857142,0.0,0
2019-10-25,TLKM.JK,0.0,0.0,0.0,-0.0028431892896650652,0.07142857142857142,0.0,0
2019-10-28,TLKM.JK,0.0,0.0,0.0,-0.002132391967248799,-0.07142857142857142,0.0,0
2019-10-29,TLKM.JK,-1.0,1.0,-0.3333333333333333,-0.2515992939754366,-1.0714285714285714,-1.0,-1
2019-10-30,TLKM.JK,-1.0,2.0,-0.6666666666666666,-0.4386994704815775,-0.8571428571428572,0.0,-1
2019-10-31,TLKM.JK,0.0,2.0,-0.6666666666666666,-0.3290246028611831,0.2857142857142857,1.0,0
2019-11-01,TLKM.JK,0.0,1.0,-0.3333333333333333,-0.24676845214588733,0.2857142857142857,0.0,0
2019-11-04,TLKM.JK,0.0,0.0,0.0,-0.1850763391094155,0.2857142857142857,0.0,0
2019-11-05,TLKM.JK,0.0,0.0,0.0,-0.13880725433206165,0.2857142857142857,0.0,0
2019-11-06,TLKM.JK,0.0,0.0,0.0,-0.10410544074904624,0.2857142857142857,0.0,0
2019-11-07,TLKM.JK,0.0,0.0,0.0,-0.07807908056178467,0.2857142857142857,0.0,0
2019-11-08,TLKM.JK,0.0,0.0,0.0,-0.0585593104213385,0.14285714285714285,0.0,0
2019-11-11,TLKM.JK,0.0,0.0,0.0,-0.04391948281600388,0.0,0.0,0
2019-11-12,TLKM.JK,0.0,0.0,0.0,-0.03293961211200291,0.0,0.0,0
2019-11-13,TLKM.JK,0.0,0.0,0.0,-0.02470470908400218,0.0,0.0,0
2019-11-14,TLKM.JK,0.0,0.0,0.0,-0.018528531813001632,0.0,0.0,0
2019-11-15,TLKM.JK,0.0,0.0,0.0,-0.013896398859751224,0.0,0.0,0
2019-11-18,TLKM.JK,0.0,0.0,0.0,-0.010422299144813418,0.0,0.0,0
2019-11-19,TLKM.JK,0.0,0.0,0.0,-0.007816724358610062,0.0,0.0,0
2019-11-20,TLKM.JK,0.0,0.0,0.0,-0.005862543268957547,0.0,0.0,0
2019-11-21,TLKM.JK,0.0,0.0,0.0,-0.00439690745171816,0.0,0.0,0
2019-11-22,TLKM.JK,-0.5,2.0,-0.16666666666666666,-0.12829768058878863,-0.5,-0.5,-1
2019-11-25,TLKM.JK,-1.0,3.0,-0.5,-0.34622326044159146,-0.9285714285714286,-0.5,-1
2019-11-26,TLKM.JK,0.0,3.0,-0.5,-0.25966744533119357,0.21428571428571427,1.0,0
2019-11-27,TLKM.JK,0.0,1.0,-0.3333333333333333,-0.19475058399839518,0.21428571428571427,0.0,0
2019-11-28,TLKM.JK,0.0,0.0,0.0,-0.14606293799879638,0.21428571428571427,0.0,0
2019-11-29,TLKM.JK,0.0,0.0,0.0,-0.10954720349909729,0.21428571428571427,0.0,0
2019-12-02,TLKM.JK,1.0,2.0,0.3333333333333333,0.16783959737567705,1.2142857142857142,1.0,1
2019-12-03,TLKM.JK,0.0,2.0,0.3333333333333333,0.1258796980317578,0.07142857142857142,-1.0,0
2019-12-04,TLKM.JK,0.0,2.0,0.3333333333333333,0.09440977352381835,0.0,0.0,0
2019-12-05,TLKM.JK,0.0,0.0,0.0,0.07080733014286376,-0.14285714285714285,0.0,0
2019-12-06,TLKM.JK,0.0,0.0,0.0,0.05310549760714782,-0.14285714285714285,0.0,0
2019-12-09,TLKM.JK,0.0,0.0,0.0,0.03982912320536086,-0.14285714285714285,0.0,0
2019-12-10,TLKM.JK,-1.0,1.0,-0.3333333333333333,-0.22012815759597937,-1.1428571428571428,-1.0,-1
2019-12-11,TLKM.JK,0.0,1.0,-0.3333333333333333,-0.16509611819698453,0.0,1.0,0
2019-12-12,TLKM.JK,0.0,1.0,-0.3333333333333333,-0.12382208864773839,0.14285714285714285,0.0,0
2019-12-13,TLKM.JK,0.0,0.0,0.0,-0.0928665664858038,0.14285714285714285,0.0,0
2019-12-16,TLKM.JK,0.0,0.0,0.0,-0.06964992486435284,0.14285714285714285,0.0,0
2019-12-17,TLKM.JK,0.0,0.0,0.0,-0.05223744364826463,0.14285714285714285,0.0,0
2019-12-18,TLKM.JK,0.0,0.0,0.0,-0.03917808273619847,0.14285714285714285,0.0,0
2019-12-19,TLKM.JK,0.0,0.0,0.0,-0.029383562052148857,0.14285714285714285,0.0,0
2019-12-20,TLKM.JK,0.0,0.0,0.0,-0.022037671539111642,0.0,0.0,0
2019-12-23,TLKM.JK,0.0,0.0,0.0,-0.016528253654333733,0.0,0.0,0
2019-12-24,TLKM.JK,0.0,0.0,0.0,-0.0123961902407503,0.0,0.0,0
2019-12-25,TLKM.JK,0.0,0.0,0.0,-0.009297142680562726,0.0,0.0,0
2019-12-26,TLKM.JK,0.0,0.0,0.0,-0.006972857010422044,0.0,0.0,0
2019-12-27,TLKM.JK,0.0,0.0,0.0,-0.005229642757816533,0.0,0.0,0
2019-12-30,TLKM.JK,-1.0,1.0,-0.3333333333333333,-0.2539222320683624,-1.0,-1.0,-1
2019-12-31,TLKM.JK,0.0,1.0,-0.3333333333333333,-0.1904416740512718,0.14285714285714285,1.0,0
2020-01-01,TLKM.JK,0.0,1.0,-0.3333333333333333,-0.14283125553845386,0.14285714285714285,0.0,0
2020-01-02,TLKM.JK,0.0,0.0,0.0,-0.10712344165384038,0.14285714285714285,0.0,0
2020-01-03,TLKM.JK,0.0,0.0,0.0,-0.0803425812403803,0.14285714285714285,0.0,0
2020-01-06,TLKM.JK,0.0,0.0,0.0,-0.06025693593028522,0.14285714285714285,0.0,0
2020-01-07,TLKM.JK,0.0,0.0,0.0,-0.045192701947713916,0.14285714285714285,0.0,0
2020-01-08,TLKM.JK,0.0,0.0,0.0,-0.03389452646078544,0.14285714285714285,0.0,0
2020-01-09,TLKM.JK,0.0,0.0,0.0,-0.025420894845589077,0.0,0.0,0
2020-01-10,TLKM.JK,0.0,0.0,0.0,-0.01906567113419181,0.0,0.0,0
2020-01-13,TLKM.JK,-1.0,12.0,-0.3333333333333333,-0.26429925335064386,-1.0,-1.0,-1
2020-01-14,TLKM.JK,-1.0,14.0,-0.6666666666666666,-0.4482244400129829,-0.8571428571428572,0.0,-1
2020-01-15,TLKM.JK,0.0,15.0,-0.6666666666666666,-0.33616833000973717,0.2857142857142857,1.0,0
2020-01-16,TLKM.JK,0.0,3.0,-0.3333333333333333,-0.2521262475073029,0.2857142857142857,0.0,0
2020-01-17,TLKM.JK,0.0,1.0,0.0,-0.18909468563047716,0.2857142857142857,0.0,0
2020-01-20,TLKM.JK,0.0,0.0,0.0,-0.14182101422285787,0.2857142857142857,0.0,0
2020-01-21,TLKM.JK,0.0,0.0,0.0,-0.1063657606671434,0.2857142857142857,0.0,0
2020-01-22,TLKM.JK,0.0,0.0,0.0,-0.07977432050035754,0.2857142857142857,0.0,0
2020-01-23,TLKM.JK,0.0,0.0,0.0,-0.05983074037526816,0.14285714285714285,0.0,0
2020-01-24,TLKM.JK,0.0,0.0,0.0,-0.04487305528145112,0.0,0.0,0
2020-01-27,TLKM.JK,0.0,0.0,0.0,-0.03365479146108834,0.0,0.0,0
2020-01-28,TLKM.JK,0.0,0.0,0.0,-0.025241093595816253,0.0,0.0,0
2020-01-29,TLKM.JK,0.0,0.0,0.0,-0.01893082019686219,0.0,0.0,0
2020-01-30,TLKM.JK,0.0,0.0,0.0,-0.014198115147646642,0.0,0.0,0
2020-01-31,TLKM.JK,0.0,0.0,0.0,-0.010648586360734982,0.0,0.0,0
2020-02-03,TLKM.JK,0.0,0.0,0.0,-0.007986439770551235,0.0,0.0,0
2020-02-04,TLKM.JK,0.0,0.0,0.0,-0.0059898298279134265,0.0,0.0,0
2020-02-05,TLKM.JK,0.0,0.0,0.0,-0.00449237237093507,0.0,0.0,0
2020-02-06,TLKM.JK,0.0,0.0,0.0,-0.0033692792782013025,0.0,0.0,0
2020-02-07,TLKM.JK,0.0,0.0,0.0,-0.002526959458650977,0.0,0.0,0
2020-02-10,TLKM.JK,0.0,0.0,0.0,-0.0018952195939882328,0.0,0.0,0
2020-02-11,TLKM.JK,-1.0,1.0,-0.3333333333333333,-0.2514214146954912,-1.0,-1.0,-1
2020-02-12,TLKM.JK,-1.0,3.0,-0.6666666666666666,-0.4385660610216184,-0.8571428571428572,0.0,-1
2020-02-13,TLKM.JK,-1.0,5.0,-1.0,-0.5789245457662138,-0.7142857142857143,0.0,-1
2020-02-14,TLKM.JK,-1.0,5.0,-1.0,-0.6841934093246603,-0.5714285714285714,0.0,-1
2020-02-17,TLKM.JK,0.0,6.0,-0.6666666666666666,-0.5131450569934952,0.5714285714285714,1.0,0
2020-02-18,TLKM.JK,0.0,5.0,-0.3333333333333333,-0.3848587927451214,0.5714285714285714,0.0,0
2020-02-19,TLKM.JK,0.0,4.0,0.0,-0.28864409455884105,0.5714285714285714,0.0,0
2020-02-20,TLKM.JK,-1.0,2.0,-0.3333333333333333,-0.46648307091913077,-0.4285714285714286,-1.0,-1
2020-02-21,TLKM.JK,0.0,1.0,-0.3333333333333333,-0.3498623031893481,0.5714285714285714,1.0,0
2020-02-24,TLKM.JK,-1.0,2.0,-0.6666666666666666,-0.512396727392011,-0.5714285714285714,-1.0,-1
2020-02-25,TLKM.JK,0.0,1.0,-0.3333333333333333,-0.3842975455440083,0.42857142857142855,1.0,0
2020-02-26,TLKM.JK,1.0,2.0,0.0,-0.038223159158006226,1.2857142857142856,1.0,1
2020-02-27,TLKM.JK,0.0,1.0,0.3333333333333333,-0.02866736936850467,0.14285714285714285,-1.0,0
2020-02-28,TLKM.JK,0.0,1.0,0.3333333333333333,-0.021500527026378502,0.14285714285714285,0.0,0
2020-03-02,TLKM.JK,0.0,0.0,0.0,-0.016125395269783876,0.14285714285714285,0.0,0
2020-03-03,TLKM.JK,0.0,0.0,0.0,-0.012094046452337907,0.0,0.0,0
2020-03-04,TLKM.JK,0.0,0.0,0.0,-0.00907053483925343,0.0,0.0,0
2020-03-05,TLKM.JK,0.0,0.0,0.0,-0.006802901129440073,-0.14285714285714285,0.0,0
2020-03-06,TLKM.JK,-1.0,1.0,-0.3333333333333333,-0.25510217584708006,-1.1428571428571428,-1.0,-1
2020-03-09,TLKM.JK,0.0,1.0,-0.3333333333333333,-0.19132663188531004,0.14285714285714285,1.0,0
2020-03-10,TLKM.JK,0.0,1.0,-0.3333333333333333,-0.14349497391398253,0.14285714285714285,0.0,0
2020-03-11,TLKM.JK,0.0,0.0,0.0,-0.1076212304354869,0.14285714285714285,0.0,0
2020-03-12,TLKM.JK,0.0,0.0,0.0,-0.08071592282661517,0.14285714285714285,0.0,0
2020-03-13,TLKM.JK,0.0,0.0,0.0,-0.060536942119961384,0.14285714285714285,0.0,0
2020-03-16,TLKM.JK,0.0,1.0,0.0,-0.04540270658997104,0.14285714285714285,0.0,0
2020-03-17,TLKM.JK,0.0,1.0,0.0,-0.03405202994247828,0.14285714285714285,0.0,0
2020-03-18,TLKM.JK,0.0,1.0,0.0,-0.025539022456858712,0.0,0.0,0
2020-03-19,TLKM.JK,0.0,0.0,0.0,-0.019154266842644034,0.0,0.0,0
2020-03-20,TLKM.JK,0.0,0.0,0.0,-0.014365700131983026,0.0,0.0,0
2020-03-23,TLKM.JK,-1.0,2.0,-0.3333333333333333,-0.26077427509898726,-1.0,-1.0,-1
2020-03-24,TLKM.JK,0.0,2.0,-0.3333333333333333,-0.19558070632424046,0.14285714285714285,1.0,0
2020-03-25,TLKM.JK,0.0,2.0,-0.3333333333333333,-0.14668552974318033,0.14285714285714285,0.0,0
2020-03-26,TLKM.JK,0.0,0.0,0.0,-0.11001414730738525,0.14285714285714285,0.0,0
2020-03-27,TLKM.JK,0.0,0.0,0.0,-0.08251061048053894,0.14285714285714285,0.0,0
2020-03-30,TLKM.JK,0.0,0.0,0.0,-0.06188295786040421,0.14285714285714285,0.0,0
2020-03-31,TLKM.JK,0.0,0.0,0.0,-0.046412218395303156,0.14285714285714285,0.0,0
2020-04-01,TLKM.JK,0.0,0.0,0.0,-0.03480916379647737,0.14285714285714285,0.0,0
2020-04-02,TLKM.JK,0.0,0.0,0.0,-0.026106872847358027,0.0,0.0,0
2020-04-03,TLKM.JK,-1.0,1.0,-0.3333333333333333,-0.26958015463551854,-1.0,-1.0,-1
2020-04-06,TLKM.JK,-0.5,3.0,-0.5,-0.3271851159766389,-0.35714285714285715,0.5,-1
2020-04-07,TLKM.JK,0.0,3.0,-0.5,-0.24538883698247918,0.21428571428571427,0.5,0
2020-04-08,TLKM.JK,0.0,2.0,-0.16666666666666666,-0.1840416277368594,0.21428571428571427,0.0,0
2020-04-09,TLKM.JK,0.0,0.0,0.0,-0.13803122080264454,0.21428571428571427,0.0,0
2020-04-10,TLKM.JK,0.0,0.0,0.0,-0.10352341560198342,0.21428571428571427,0.0,0
2020-04-13,TLKM.JK,0.0,0.0,0.0,-0.07764256170148756,0.21428571428571427,0.0,0
2020-04-14,TLKM.JK,0.0,0.0,0.0,-0.05823192127611567,0.21428571428571427,0.0,0
2020-04-15,TLKM.JK,0.0,0.0,0.0,-0.04367394095708675,0.07142857142857142,0.0,0
2020-04-16,TLKM.JK,0.0,0.0,0.0,-0.03275545571781506,0.0,0.0,0
2020-04-17,TLKM.JK,0.0,0.0,0.0,-0.024566591788361295,0.0,0.0,0
2020-04-20,TLKM.JK,0.0,0.0,0.0,-0.018424943841270972,0.0,0.0,0
2020-04-21,TLKM.JK,0.0,0.0,0.0,-0.01381870788095323,0.0,0.0,0
2020-04-22,TLKM.JK,0.0,0.0,0.0,-0.010364030910714923,0.0,0.0,0
2020-04-23,TLKM.JK,0.0,0.0,0.0,-0.0077730231830361925,0.0,0.0,0
2020-04-24,TLKM.JK,0.0,0.0,0.0,-0.005829767387277144,0.0,0.0,0
2020-04-27,TLKM.JK,0.0,0.0,0.0,-0.004372325540457858,0.0,0.0,0
2020-04-28,TLKM.JK,0.0,0.0,0.0,-0.0032792441553433933,0.0,0.0,0
2020-04-29,TLKM.JK,0.0,0.0,0.0,-0.002459433116507545,0.0,0.0,0
2020-04-30,TLKM.JK,0.0,0.0,0.0,-0.0018445748373806586,0.0,0.0,0
2020-05-01,TLKM.JK,0.0,0.0,0.0,-0.001383431128035494,0.0,0.0,0
2020-05-04,TLKM.JK,0.0,0.0,0.0,-0.0010375733460266205,0.0,0.0,0
2020-05-05,TLKM.JK,0.0,0.0,0.0,-0.0007781800095199654,0.0,0.0,0
2020-05-06,TLKM.JK,0.0,0.0,0.0,-0.000583635007139974,0.0,0.0,0
2020-05-07,TLKM.JK,0.0,0.0,0.0,-0.00043772625535498053,0.0,0.0,0
2020-05-08,TLKM.JK,0.0,0.0,0.0,-0.0003282946915162354,0.0,0.0,0
2020-05-11,TLKM.JK,1.0,1.0,0.3333333333333333,0.24975377898136283,1.0,1.0,1
2020-05-12,TLKM.JK,0.0,1.0,0.3333333333333333,0.18731533423602212,-0.14285714285714285,-1.0,0
2020-05-13,TLKM.JK,0.0,1.0,0.3333333333333333,0.1404865006770166,-0.14285714285714285,0.0,0
2020-05-14,TLKM.JK,-1.0,1.0,-0.3333333333333333,-0.14463512449223756,-1.1428571428571428,-1.0,-1
2020-05-15,TLKM.JK,0.0,1.0,-0.3333333333333333,-0.10847634336917816,0.0,1.0,0
2020-05-18,TLKM.JK,0.0,1.0,-0.3333333333333333,-0.08135725752688362,0.0,0.0,0
2020-05-19,TLKM.JK,0.0,0.0,0.0,-0.06101794314516272,0.0,0.0,0
2020-05-20,TLKM.JK,0.0,0.0,0.0,-0.04576345735887204,0.0,0.0,0
2020-05-21,TLKM.JK,0.0,0.0,0.0,-0.034322593019154024,0.14285714285714285,0.0,0
2020-05-22,TLKM.JK,0.0,0.0,0.0,-0.025741944764365518,0.14285714285714285,0.0,0
2020-05-25,TLKM.JK,0.0,0.0,0.0,-0.01930645857327414,0.14285714285714285,0.0,0
2020-05-26,TLKM.JK,0.0,0.0,0.0,-0.014479843929955605,0.0,0.0,0
2020-05-27,TLKM.JK,0.0,0.0,0.0,-0.010859882947466704,0.0,0.0,0
2020-05-28,TLKM.JK,0.0,0.0,0.0,-0.008144912210600028,0.0,0.0,0
2020-05-29,TLKM.JK,0.0,0.0,0.0,-0.006108684157950021,0.0,0.0,0
2020-06-01,TLKM.JK,0.0,0.0,0.0,-0.004581513118462516,0.0,0.0,0
2020-06-02,TLKM.JK,0.0,0.0,0.0,-0.0034361348388468865,0.0,0.0,0
2020-06-03,TLKM.JK,0.0,0.0,0.0,-0.002577101129135165,0.0,0.0,0
2020-06-04,TLKM.JK,0.0,0.0,0.0,-0.0019328258468513737,0.0,0.0,0
2020-06-05,TLKM.JK,1.0,1.0,0.3333333333333333,0.24855038061486148,1.0,1.0,1
2020-06-08,TLKM.JK,0.0,1.0,0.3333333333333333,0.18641278546114612,-0.14285714285714285,-1.0,0
2020-06-09,TLKM.JK,0.0,2.0,0.3333333333333333,0.13980958909585958,-0.14285714285714285,0.0,0
2020-06-10,TLKM.JK,0.0,1.0,0.0,0.10485719182189468,-0.14285714285714285,0.0,0
2020-06-11,TLKM.JK,0.0,1.0,0.0,0.07864289386642101,-0.14285714285714285,0.0,0
2020-06-12,TLKM.JK,0.0,0.0,0.0,0.05898217039981576,-0.14285714285714285,0.0,0
2020-06-15,TLKM.JK,0.0,0.0,0.0,0.044236627799861816,-0.14285714285714285,0.0,0
2020-06-16,TLKM.JK,0.0,0.0,0.0,0.03317747084989636,-0.14285714285714285,0.0,0
2020-06-17,TLKM.JK,1.0,1.0,0.3333333333333333,0.27488310313742226,1.0,1.0,1
2020-06-18,TLKM.JK,0.0,1.0,0.3333333333333333,0.2061623273530667,-0.14285714285714285,-1.0,0
2020-06-19,TLKM.JK,-1.0,13.0,0.0,-0.09537825448519999,-1.1428571428571428,-1.0,-1
2020-06-22,TLKM.JK,-0.125,20.0,-0.375,-0.10278369086389999,-0.125,0.875,-1
2020-06-23,TLKM.JK,0.0,21.0,-0.375,-0.07708776814792499,0.017857142857142856,0.125,0
2020-06-24,TLKM.JK,-1.0,10.0,-0.375,-0.3078158261109437,-0.9821428571428571,-1.0,-1
2020-06-25,TLKM.JK,0.0,2.0,-0.3333333333333333,-0.23086186958320778,0.16071428571428573,1.0,0
2020-06-26,TLKM.JK,1.0,2.0,0.0,0.07685359781259415,1.1607142857142858,1.0,1
2020-06-29,TLKM.JK,0.0,1.0,0.3333333333333333,0.057640198359445616,0.16071428571428573,-1.0,0
2020-06-30,TLKM.JK,0.0,1.0,0.3333333333333333,0.04323014876958421,0.16071428571428573,0.0,0
2020-07-01,TLKM.JK,-1.0,1.0,-0.3333333333333333,-0.21757738842281182,-0.9821428571428571,-1.0,-1
2020-07-02,TLKM.JK,0.0,1.0,-0.3333333333333333,-0.16318304131710887,0.14285714285714285,1.0,0
2020-07-03,TLKM.JK,0.0,1.0,-0.3333333333333333,-0.12238728098783165,0.14285714285714285,0.0,0
2020-07-06,TLKM.JK,0.5,2.0,0.16666666666666666,0.03320953925912626,0.5,0.5,1
2020-07-07,TLKM.JK,0.0,3.0,0.16666666666666666,0.024907154444344694,-0.07142857142857142,-0.5,0
2020-07-08,TLKM.JK,0.0,3.0,0.16666666666666666,0.018680365833258522,0.07142857142857142,0.0,0
2020-07-09,TLKM.JK,0.0,1.0,0.0,0.014010274374943892,0.07142857142857142,0.0,0
2020-07-10,TLKM.JK,0.0,0.0,0.0,0.010507705781207919,0.07142857142857142,0.0,0
2020-07-13,TLKM.JK,0.0,0.0,0.0,0.00788077933590594,-0.07142857142857142,0.0,0
2020-07-14,TLKM.JK,0.0,0.0,0.0,0.005910584501929455,-0.07142857142857142,0.0,0
2020-07-15,TLKM.JK,0.0,0.0,0.0,0.004432938376447091,-0.07142857142857142,0.0,0
2020-07-16,TLKM.JK,0.0,0.0,0.0,0.0033247037823353185,0.0,0.0,0
2020-07-17,TLKM.JK,0.0,0.0,0.0,0.002493527836751489,0.0,0.0,0
2020-07-20,TLKM.JK,0.0,0.0,0.0,0.0018701458775636168,0.0,0.0,0
2020-07-21,TLKM.JK,0.0,0.0,0.0,0.0014026094081727126,0.0,0.0,0
2020-07-22,TLKM.JK,0.0,0.0,0.0,0.0010519570561295345,0.0,0.0,0
2020-07-23,TLKM.JK,0.0,0.0,0.0,0.0007889677920971509,0.0,0.0,0
2020-07-24,TLKM.JK,0.0,0.0,0.0,0.0005917258440728632,0.0,0.0,0
2020-07-27,TLKM.JK,0.0,0.0,0.0,0.0004437943830546474,0.0,0.0,0
2020-07-28,TLKM.JK,0.0,0.0,0.0,0.00033284578729098557,0.0,0.0,0
2020-07-29,TLKM.JK,0.0,0.0,0.0,0.0002496343404682392,0.0,0.0,0
2020-07-30,TLKM.JK,-1.0,1.0,-0.3333333333333333,-0.24981277424464882,-1.0,-1.0,-1
2020-07-31,TLKM.JK,0.0,1.0,-0.3333333333333333,-0.18735958068348663,0.14285714285714285,1.0,0
2020-08-03,TLKM.JK,0.0,1.0,-0.3333333333333333,-0.14051968551261496,0.14285714285714285,0.0,0
2020-08-04,TLKM.JK,0.0,0.0,0.0,-0.10538976413446122,0.14285714285714285,0.0,0
2020-08-05,TLKM.JK,0.0,0.0,0.0,-0.07904232310084591,0.14285714285714285,0.0,0
2020-08-06,TLKM.JK,0.0,0.0,0.0,-0.059281742325634434,0.14285714285714285,0.0,0
2020-08-07,TLKM.JK,0.0,0.0,0.0,-0.044461306744225826,0.14285714285714285,0.0,0
2020-08-10,TLKM.JK,0.0,0.0,0.0,-0.03334598005816937,0.14285714285714285,0.0,0
2020-08-11,TLKM.JK,0.0,0.0,0.0,-0.025009485043627027,0.0,0.0,0
2020-08-12,TLKM.JK,-1.0,1.0,-0.3333333333333333,-0.26875711378272027,-1.0,-1.0,-1
2020-08-13,TLKM.JK,0.0,1.0,-0.3333333333333333,-0.2015678353370402,0.14285714285714285,1.0,0
2020-08-14,TLKM.JK,0.0,1.0,-0.3333333333333333,-0.15117587650278014,0.14285714285714285,0.0,0
2020-08-17,TLKM.JK,0.0,0.0,0.0,-0.1133819073770851,0.14285714285714285,0.0,0
2020-08-18,TLKM.JK,-1.0,1.0,-0.3333333333333333,-0.33503643053281384,-0.8571428571428572,-1.0,-1
2020-08-19,TLKM.JK,0.0,1.0,-0.3333333333333333,-0.25127732289961036,0.2857142857142857,1.0,0
2020-08-20,TLKM.JK,0.0,1.0,-0.3333333333333333,-0.18845799217470777,0.2857142857142857,0.0,0
2020-08-21,TLKM.JK,0.0,0.0,0.0,-0.1413434941310308,0.2857142857142857,0.0,0
2020-08-24,TLKM.JK,0.0,0.0,0.0,-0.10600762059827311,0.14285714285714285,0.0,0
2020-08-25,TLKM.JK,0.0,0.0,0.0,-0.07950571544870483,0.14285714285714285,0.0,0
2020-08-26,TLKM.JK,0.0,1.0,0.0,-0.05962928658652862,0.14285714285714285,0.0,0
2020-08-27,TLKM.JK,0.0,1.0,0.0,-0.04472196493989647,0.14285714285714285,0.0,0
2020-08-28,TLKM.JK,0.0,1.0,0.0,-0.03354147370492235,0.0,0.0,0
2020-08-31,TLKM.JK,0.0,0.0,0.0,-0.025156105278691762,0.0,0.0,0
2020-09-01,TLKM.JK,0.0,0.0,0.0,-0.01886707895901882,0.0,0.0,0
2020-09-02,TLKM.JK,-0.75,4.0,-0.25,-0.2016503092192641,-0.75,-0.75,-1
2020-09-03,TLKM.JK,0.0,4.0,-0.25,-0.1512377319144481,0.10714285714285714,0.75,0
2020-09-04,TLKM.JK,0.0,4.0,-0.25,-0.11342829893583606,0.10714285714285714,0.0,0
2020-09-07,TLKM.JK,0.0,1.0,0.0,-0.08507122420187704,0.10714285714285714,0.0,0
2020-09-08,TLKM.JK,-1.0,2.0,-0.3333333333333333,-0.3138034181514078,-0.8928571428571429,-1.0,-1
2020-09-09,TLKM.JK,0.0,2.0,-0.3333333333333333,-0.23535256361355583,0.25,1.0,0
2020-09-10,TLKM.JK,0.0,1.0,-0.3333333333333333,-0.17651442271016687,0.25,0.0,0
2020-09-11,TLKM.JK,0.0,0.0,0.0,-0.13238581703262514,0.25,0.0,0
2020-09-14,TLKM.JK,0.0,1.0,0.0,-0.09928936277446886,0.14285714285714285,0.0,0
2020-09-15,TLKM.JK,-1.0,2.0,-0.3333333333333333,-0.32446702208085165,-0.8571428571428572,-1.0,-1
2020-09-16,TLKM.JK,0.0,2.0,-0.3333333333333333,-0.24335026656063874,0.2857142857142857,1.0,0
2020-09-17,TLKM.JK,0.0,1.0,-0.3333333333333333,-0.18251269992047905,0.2857142857142857,0.0,0
2020-09-18,TLKM.JK,0.0,0.0,0.0,-0.1368845249403593,0.14285714285714285,0.0,0
2020-09-21,TLKM.JK,0.0,0.0,0.0,-0.10266339370526947,0.14285714285714285,0.0,0
2020-09-22,TLKM.JK,0.0,0.0,0.0,-0.07699754527895211,0.14285714285714285,0.0,0
2020-09-23,TLKM.JK,0.0,0.0,0.0,-0.057748158959214084,0.14285714285714285,0.0,0
2020-09-24,TLKM.JK,0.0,0.0,0.0,-0.04331111921941056,0.14285714285714285,0.0,0
2020-09-25,TLKM.JK,0.0,0.0,0.0,-0.03248333941455792,0.0,0.0,0
2020-09-28,TLKM.JK,0.0,0.0,0.0,-0.024362504560918444,0.0,0.0,0
2020-09-29,TLKM.JK,0.0,0.0,0.0,-0.018271878420688833,0.0,0.0,0
2020-09-30,TLKM.JK,0.0,0.0,0.0,-0.013703908815516624,0.0,0.0,0
2020-10-01,TLKM.JK,1.0,1.0,0.3333333333333333,0.23972206838836252,1.0,1.0,1
2020-10-02,TLKM.JK,0.0,1.0,0.3333333333333333,0.1797915512912719,-0.14285714285714285,-1.0,0
2020-10-05,TLKM.JK,0.0,2.0,0.3333333333333333,0.13484366346845392,-0.14285714285714285,0.0,0
2020-10-06,TLKM.JK,0.0,1.0,0.0,0.10113274760134044,-0.14285714285714285,0.0,0
2020-10-07,TLKM.JK,0.0,2.0,0.0,0.07584956070100533,-0.14285714285714285,0.0,0
2020-10-08,TLKM.JK,0.0,1.0,0.0,0.056887170525754,-0.14285714285714285,0.0,0
2020-10-09,TLKM.JK,0.0,1.0,0.0,0.0426653778943155,-0.14285714285714285,0.0,0
2020-10-12,TLKM.JK,0.0,0.0,0.0,0.03199903342073662,-0.14285714285714285,0.0,0
2020-10-13,TLKM.JK,0.0,0.0,0.0,0.023999275065552467,0.0,0.0,0
2020-10-14,TLKM.JK,0.0,0.0,0.0,0.01799945629916435,0.0,0.0,0
2020-10-15,TLKM.JK,0.0,0.0,0.0,0.013499592224373263,0.0,0.0,0
2020-10-16,TLKM.JK,-1.0,4.0,-0.3333333333333333,-0.23987530583172006,-1.0,-1.0,-1
2020-10-19,TLKM.JK,-1.0,5.0,-0.6666666666666666,-0.42990647937379006,-0.8571428571428572,0.0,-1
2020-10-20,TLKM.JK,-1.0,6.0,-1.0,-0.5724298595303425,-0.7142857142857143,0.0,-1
2020-10-21,TLKM.JK,0.0,2.0,-0.6666666666666666,-0.4293223946477569,0.42857142857142855,1.0,0
2020-10-22,TLKM.JK,-1.0,2.0,-0.6666666666666666,-0.5719917959858176,-0.5714285714285714,-1.0,-1
2020-10-23,TLKM.JK,0.0,1.0,-0.3333333333333333,-0.4289938469893632,0.5714285714285714,1.0,0
2020-10-26,TLKM.JK,0.0,1.0,-0.3333333333333333,-0.3217453852420224,0.5714285714285714,0.0,0
2020-10-27,TLKM.JK,0.0,2.0,0.0,-0.24130903893151678,0.5714285714285714,0.0,0
2020-10-28,TLKM.JK,0.0,2.0,0.0,-0.1809817791986376,0.42857142857142855,0.0,0
2020-10-29,TLKM.JK,0.0,3.0,0.0,-0.1357363343989782,0.2857142857142857,0.0,0
2020-10-30,TLKM.JK,0.0,1.0,0.0,-0.10180225079923365,0.14285714285714285,0.0,0
2020-11-02,TLKM.JK,0.0,1.0,0.0,-0.07635168809942523,0.14285714285714285,0.0,0
2020-11-03,TLKM.JK,0.0,0.0,0.0,-0.05726376607456893,0.0,0.0,0
2020-11-04,TLKM.JK,0.0,0.0,0.0,-0.042947824555926696,0.0,0.0,0
2020-11-05,TLKM.JK,-1.0,1.0,-0.3333333333333333,-0.28221086841694504,-1.0,-1.0,-1
2020-11-06,TLKM.JK,1.0,2.0,0.0,0.038341848687291236,1.1428571428571428,2.0,1
2020-11-09,TLKM.JK,0.0,2.0,0.0,0.028756386515468427,0.0,-1.0,0
2020-11-10,TLKM.JK,0.0,1.0,0.3333333333333333,0.02156728988660132,0.0,0.0,0
2020-11-11,TLKM.JK,0.0,0.0,0.0,0.01617546741495099,0.0,0.0,0
2020-11-12,TLKM.JK,1.0,1.0,0.3333333333333333,0.26213160056121326,1.0,1.0,1
2020-11-13,TLKM.JK,1.0,2.0,0.6666666666666666,0.44659870042090993,0.8571428571428572,0.0,1
2020-11-16,TLKM.JK,0.0,2.0,0.6666666666666666,0.33494902531568244,-0.2857142857142857,-1.0,0
2020-11-17,TLKM.JK,-1.0,2.0,0.0,0.0012117689867618409,-1.4285714285714286,-1.0,-1
2020-11-18,TLKM.JK,1.0,3.0,0.0,0.25090882674007137,0.8571428571428572,2.0,1
2020-11-19,TLKM.JK,1.0,4.0,0.3333333333333333,0.4381816200550535,0.7142857142857143,0.0,1
2020-11-20,TLKM.JK,0.0,5.0,0.6666666666666666,0.32863621504129015,-0.42857142857142855,-1.0,0
2020-11-23,TLKM.JK,0.0,3.0,0.3333333333333333,0.2464771612809676,-0.42857142857142855,0.0,0
2020-11-24,TLKM.JK,0.0,2.0,0.0,0.1848578709607257,-0.2857142857142857,0.0,0
2020-11-25,TLKM.JK,0.0,0.0,0.0,0.13864340322054428,-0.14285714285714285,0.0,0
2020-11-26,TLKM.JK,0.0,0.0,0.0,0.10398255241540821,-0.14285714285714285,0.0,0
2020-11-27,TLKM.JK,0.0,0.0,0.0,0.07798691431155616,-0.2857142857142857,0.0,0
2020-11-30,TLKM.JK,0.0,0.0,0.0,0.05849018573366712,-0.14285714285714285,0.0,0
2020-12-01,TLKM.JK,0.0,0.0,0.0,0.04386763930025034,0.0,0.0,0
2020-12-02,TLKM.JK,0.0,0.0,0.0,0.032900729475187754,0.0,0.0,0
2020-12-03,TLKM.JK,0.0,0.0,0.0,0.024675547106390815,0.0,0.0,0
2020-12-04,TLKM.JK,-0.125,8.0,-0.041666666666666664,-0.01274333967020689,-0.125,-0.125,-1
2020-12-07,TLKM.JK,0.0,9.0,-0.041666666666666664,-0.009557504752655167,0.017857142857142856,0.125,0
2020-12-08,TLKM.JK,0.0,9.0,-0.041666666666666664,-0.007168128564491375,0.017857142857142856,0.0,0
2020-12-09,TLKM.JK,0.0,1.0,0.0,-0.0053760964233685316,0.017857142857142856,0.0,0
2020-12-10,TLKM.JK,1.0,1.0,0.3333333333333333,0.2459679276824736,1.0178571428571428,1.0,1
2020-12-11,TLKM.JK,0.0,1.0,0.3333333333333333,0.18447594576185522,-0.125,-1.0,0
2020-12-14,TLKM.JK,0.0,2.0,0.3333333333333333,0.13835695932139142,-0.125,0.0,0
2020-12-15,TLKM.JK,0.5,3.0,0.16666666666666666,0.22876771949104358,0.375,0.5,1
2020-12-16,TLKM.JK,0.5,5.0,0.3333333333333333,0.2965757896182827,0.2857142857142857,0.0,1
2020-12-17,TLKM.JK,0.0,4.0,0.3333333333333333,0.222431842213712,-0.2857142857142857,-0.5,0
2020-12-18,TLKM.JK,0.0,2.0,0.16666666666666666,0.166823881660284,-0.2857142857142857,0.0,0
2020-12-21,TLKM.JK,0.0,0.0,0.0,0.125117911245213,-0.2857142857142857,0.0,0
2020-12-22,TLKM.JK,-1.0,1.0,-0.3333333333333333,-0.15616156656609026,-1.1428571428571428,-1.0,-1
2020-12-23,TLKM.JK,0.0,2.0,-0.3333333333333333,-0.1171211749245677,0.0,1.0,0
2020-12-24,TLKM.JK,0.0,2.0,-0.3333333333333333,-0.08784088119342577,0.0,0.0,0
2020-12-25,TLKM.JK,0.0,1.0,0.0,-0.06588066089506933,0.07142857142857142,0.0,0
2020-12-28,TLKM.JK,-1.0,1.0,-0.3333333333333333,-0.299410495671302,-0.8571428571428572,-1.0,-1
2020-12-29,TLKM.JK,0.0,1.0,-0.3333333333333333,-0.22455787175347652,0.2857142857142857,1.0,0
2020-12-30,TLKM.JK,0.0,1.0,-0.3333333333333333,-0.1684184038151074,0.2857142857142857,0.0,0
2020-12-31,TLKM.JK,0.0,0.0,0.0,-0.12631380286133054,0.2857142857142857,0.0,0
2021-01-01,TLKM.JK,0.0,0.0,0.0,-0.0947353521459979,0.14285714285714285,0.0,0
2021-01-04,TLKM.JK,0.0,0.0,0.0,-0.07105151410949842,0.14285714285714285,0.0,0
2021-01-05,TLKM.JK,0.0,0.0,0.0,-0.053288635582123815,0.14285714285714285,0.0,0
2021-01-06,TLKM.JK,-0.3333333333333333,3.0,-0.1111111111111111,-0.12329981001992618,-0.19047619047619047,-0.3333333333333333,-1
2021-01-07,TLKM.JK,0.0,3.0,-0.1111111111111111,-0.09247485751494464,0.047619047619047616,0.3333333333333333,0
2021-01-08,TLKM.JK,-1.0,4.0,-0.4444444444444444,-0.31935614313620847,-0.9523809523809523,-1.0,-1
2021-01-11,TLKM.JK,-1.0,3.0,-0.6666666666666666,-0.48951710735215637,-0.8095238095238095,0.0,-1
2021-01-12,TLKM.JK,1.0,4.0,-0.3333333333333333,-0.1171378305141173,1.3333333333333333,2.0,1
2021-01-13,TLKM.JK,0.0,3.0,0.0,-0.08785337288558798,0.19047619047619047,-1.0,0
2021-01-14,TLKM.JK,0.0,1.0,0.3333333333333333,-0.06589002966419098,0.19047619047619047,0.0,0
2021-01-15,TLKM.JK,-1.0,1.0,-0.3333333333333333,-0.2994175222481432,-0.8095238095238095,-1.0,-1
2021-01-18,TLKM.JK,0.0,2.0,-0.3333333333333333,-0.22456314168610741,0.2857142857142857,1.0,0
2021-01-19,TLKM.JK,0.0,2.0,-0.3333333333333333,-0.16842235626458057,0.2857142857142857,0.0,0
2021-01-20,TLKM.JK,0.0,1.0,0.0,-0.12631676719843543,0.14285714285714285,0.0,0
2021-01-21,TLKM.JK,0.0,0.0,0.0,-0.09473757539882657,0.0,0.0,0
2021-01-22,TLKM.JK,0.0,0.0,0.0,-0.07105318154911994,0.14285714285714285,0.0,0
2021-01-25,TLKM.JK,0.0,0.0,0.0,-0.05328988616183995,0.14285714285714285,0.0,0
2021-01-26,TLKM.JK,0.0,0.0,0.0,-0.03996741462137997,0.14285714285714285,0.0,0
2021-01-27,TLKM.JK,0.0,2.0,0.0,-0.029975560966034976,0.0,0.0,0
2021-01-28,TLKM.JK,-1.0,3.0,-0.3333333333333333,-0.2724816707245262,-1.0,-1.0,-1
2021-01-29,TLKM.JK,0.0,3.0,-0.3333333333333333,-0.20436125304339467,0.14285714285714285,1.0,0
2021-02-01,TLKM.JK,0.0,1.0,-0.3333333333333333,-0.153270939782546,0.14285714285714285,0.0,0
2021-02-02,TLKM.JK,0.0,0.0,0.0,-0.11495320483690949,0.14285714285714285,0.0,0
2021-02-03,TLKM.JK,0.0,0.0,0.0,-0.08621490362768211,0.14285714285714285,0.0,0
2021-02-04,TLKM.JK,0.0,0.0,0.0,-0.06466117772076158,0.14285714285714285,0.0,0
2021-02-05,TLKM.JK,-1.0,2.0,-0.3333333333333333,-0.2984958832905712,-0.8571428571428572,-1.0,-1
2021-02-08,TLKM.JK,-0.3333333333333333,5.0,-0.4444444444444444,-0.30720524580126174,-0.047619047619047616,0.6666666666666667,-1
2021-02-09,TLKM.JK,0.0,6.0,-0.4444444444444444,-0.2304039343509463,0.19047619047619047,0.3333333333333333,0
2021-02-10,TLKM.JK,0.0,4.0,-0.1111111111111111,-0.17280295076320973,0.19047619047619047,0.0,0
2021-02-11,TLKM.JK,0.0,2.0,0.0,-0.1296022130724073,0.19047619047619047,0.0,0
2021-02-12,TLKM.JK,-0.5,3.0,-0.16666666666666666,-0.22220165980430548,-0.30952380952380953,-0.5,-1
2021-02-15,TLKM.JK,0.0,3.0,-0.16666666666666666,-0.1666512448532291,0.2619047619047619,0.5,0
2021-02-16,TLKM.JK,0.0,2.0,-0.16666666666666666,-0.12498843363992182,0.2619047619047619,0.0,0
2021-02-17,TLKM.JK,-1.0,1.0,-0.3333333333333333,-0.3437413252299414,-0.8809523809523809,-1.0,-1
2021-02-18,TLKM.JK,0.0,1.0,-0.3333333333333333,-0.25780599392245607,0.21428571428571427,1.0,0
2021-02-19,TLKM.JK,0.0,1.0,-0.3333333333333333,-0.19335449544184205,0.21428571428571427,0.0,0
2021-02-22,TLKM.JK,0.5,4.0,0.16666666666666666,-0.020015871581381545,0.7142857142857143,0.5,1
2021-02-23,TLKM.JK,1.0,5.0,0.5,0.23498809631396383,1.1428571428571428,0.5,1
2021-02-24,TLKM.JK,1.0,6.0,0.8333333333333334,0.42624107223547286,0.9285714285714286,0.0,1
2021-02-25,TLKM.JK,0.0,2.0,0.6666666666666666,0.31968080417660466,-0.21428571428571427,-1.0,0
2021-02-26,TLKM.JK,0.0,1.0,0.3333333333333333,0.2397606031324535,-0.21428571428571427,0.0,0
2021-03-01,TLKM.JK,-1.0,1.0,-0.3333333333333333,-0.07017954765065987,-1.3571428571428572,-1.0,-1
2021-03-02,TLKM.JK,0.0,1.0,-0.3333333333333333,-0.0526346607379949,-0.21428571428571427,1.0,0
2021-03-03,TLKM.JK,0.0,1.0,-0.3333333333333333,-0.03947599555349618,-0.21428571428571427,0.0,0
2021-03-04,TLKM.JK,0.0,0.0,0.0,-0.029606996665122134,-0.14285714285714285,0.0,0
2021-03-05,TLKM.JK,0.0,0.0,0.0,-0.0222052474988416,0.0,0.0,0
2021-03-08,TLKM.JK,-1.0,1.0,-0.3333333333333333,-0.2666539356241312,-0.8571428571428572,-1.0,-1
2021-03-09,TLKM.JK,0.0,1.0,-0.3333333333333333,-0.1999904517180984,0.2857142857142857,1.0,0
2021-03-10,TLKM.JK,0.0,1.0,-0.3333333333333333,-0.1499928387885738,0.2857142857142857,0.0,0
2021-03-11,TLKM.JK,0.0,0.0,0.0,-0.11249462909143035,0.14285714285714285,0.0,0
2021-03-12,TLKM.JK,0.0,0.0,0.0,-0.08437097181857275,0.14285714285714285,0.0,0
2021-03-15,TLKM.JK,0.0,0.0,0.0,-0.06327822886392956,0.14285714285714285,0.0,0
2021-03-16,TLKM.JK,0.0,0.0,0.0,-0.04745867164794717,0.14285714285714285,0.0,0
2021-03-17,TLKM.JK,0.0,0.0,0.0,-0.035594003735960375,0.14285714285714285,0.0,0
2021-03-18,TLKM.JK,0.0,0.0,0.0,-0.02669550280197028,0.0,0.0,0
2021-03-19,TLKM.JK,0.0,1.0,0.0,-0.020021627101477712,0.0,0.0,0
2021-03-22,TLKM.JK,0.0,2.0,0.0,-0.015016220326108283,0.0,0.0,0
2021-03-23,TLKM.JK,0.0,2.0,0.0,-0.011262165244581212,0.0,0.0,0
2021-03-24,TLKM.JK,0.0,1.0,0.0,-0.008446623933435909,0.0,0.0,0
2021-03-25,TLKM.JK,0.0,0.0,0.0,-0.0063349679500769316,0.0,0.0,0
2021-03-26,TLKM.JK,1.0,1.0,0.3333333333333333,0.2452487740374423,1.0,1.0,1
2021-03-29,TLKM.JK,1.0,2.0,0.6666666666666666,0.4339365805280817,0.8571428571428572,0.0,1
2021-03-30,TLKM.JK,0.0,2.0,0.6666666666666666,0.3254524353960613,-0.2857142857142857,-1.0,0
2021-03-31,TLKM.JK,-1.0,2.0,0.0,-0.0059106734529540406,-1.2857142857142856,-1.0,-1
2021-04-01,TLKM.JK,0.0,1.0,-0.3333333333333333,-0.00443300508971553,-0.14285714285714285,1.0,0
2021-04-02,TLKM.JK,0.0,1.0,-0.3333333333333333,-0.003324753817286648,-0.14285714285714285,0.0,0
2021-04-05,TLKM.JK,0.0,0.0,0.0,-0.002493565362964986,-0.14285714285714285,0.0,0
2021-04-06,TLKM.JK,0.0,0.0,0.0,-0.0018701740222237394,-0.14285714285714285,0.0,0
2021-04-07,TLKM.JK,0.0,0.0,0.0,-0.0014026305166678047,0.0,0.0,0
2021-04-08,TLKM.JK,0.0,0.0,0.0,-0.0010519728875008536,0.14285714285714285,0.0,0
2021-04-09,TLKM.JK,0.0,1.0,0.0,-0.0007889796656256402,0.14285714285714285,0.0,0
2021-04-12,TLKM.JK,0.0,1.0,0.0,-0.0005917347492192302,0.0,0.0,0
2021-04-13,TLKM.JK,0.0,3.0,0.0,-0.00044380106191442266,0.0,0.0,0
2021-04-14,TLKM.JK,0.0,3.0,0.0,-0.000332850796435817,0.0,0.0,0
2021-04-15,TLKM.JK,0.0,3.0,0.0,-0.00024963809732686277,0.0,0.0,0
2021-04-16,TLKM.JK,0.0,1.0,0.0,-0.00018722857299514707,0.0,0.0,0
2021-04-19,TLKM.JK,0.0,0.0,0.0,-0.0001404214297463603,0.0,0.0,0
2021-04-20,TLKM.JK,0.0,0.0,0.0,-0.00010531607230977022,0.0,0.0,0
2021-04-21,TLKM.JK,0.0,0.0,0.0,-7.898705423232768e-05,0.0,0.0,0
2021-04-22,TLKM.JK,-1.0,1.0,-0.3333333333333333,-0.2500592402906742,-1.0,-1.0,-1
2021-04-23,TLKM.JK,1.0,2.0,0.0,0.06245556978199435,1.1428571428571428,2.0,1
2021-04-26,TLKM.JK,0.0,2.0,0.0,0.04684167733649576,0.0,-1.0,0
2021-04-27,TLKM.JK,0.0,2.0,0.3333333333333333,0.035131258002371824,0.0,0.0,0
2021-04-28,TLKM.JK,0.0,1.0,0.0,0.026348443501778868,0.0,0.0,0
2021-04-29,TLKM.JK,0.6666666666666666,4.0,0.2222222222222222,0.1864279992930008,0.6666666666666666,0.6666666666666666,1
2021-04-30,TLKM.JK,-1.0,4.0,-0.11111111111111112,-0.1101790005302494,-1.0952380952380953,-1.6666666666666665,-1
2021-05-03,TLKM.JK,0.0,4.0,-0.11111111111111112,-0.08263425039768704,0.04761904761904762,1.0,0
2021-05-04,TLKM.JK,0.0,1.0,-0.3333333333333333,-0.06197568779826528,-0.09523809523809523,0.0,0
2021-05-05,TLKM.JK,0.0,0.0,0.0,-0.04648176584869896,0.04761904761904762,0.0,0
2021-05-06,TLKM.JK,0.0,0.0,0.0,-0.03486132438652422,0.04761904761904762,0.0,0
2021-05-07,TLKM.JK,0.0,1.0,0.0,-0.026145993289893164,0.04761904761904762,0.0,0
2021-05-10,TLKM.JK,-1.0,2.0,-0.3333333333333333,-0.26960949496741987,-0.9523809523809523,-1.0,-1
2021-05-11,TLKM.JK,0.0,2.0,-0.3333333333333333,-0.2022071212255649,0.2857142857142857,1.0,0
2021-05-12,TLKM.JK,0.0,1.0,-0.3333333333333333,-0.15165534091917365,0.14285714285714285,0.0,0
2021-05-13,TLKM.JK,0.0,0.0,0.0,-0.11374150568938024,0.14285714285714285,0.0,0
2021-05-14,TLKM.JK,0.0,0.0,0.0,-0.08530612926703518,0.14285714285714285,0.0,0
2021-05-17,TLKM.JK,0.0,0.0,0.0,-0.06397959695027639,0.14285714285714285,0.0,0
2021-05-18,TLKM.JK,0.0,0.0,0.0,-0.04798469771270729,0.14285714285714285,0.0,0
2021-05-19,TLKM.JK,0.0,0.0,0.0,-0.03598852328453046,0.14285714285714285,0.0,0
2021-05-20,TLKM.JK,0.0,0.0,0.0,-0.026991392463397847,0.0,0.0,0
2021-05-21,TLKM.JK,0.0,0.0,0.0,-0.020243544347548385,0.0,0.0,0
2021-05-24,TLKM.JK,0.0,0.0,0.0,-0.01518265826066129,0.0,0.0,0
2021-05-25,TLKM.JK,0.0,0.0,0.0,-0.011386993695495968,0.0,0.0,0
2021-05-26,TLKM.JK,0.0,0.0,0.0,-0.008540245271621977,0.0,0.0,0
2021-05-27,TLKM.JK,0.0,0.0,0.0,-0.006405183953716483,0.0,0.0,0
2021-05-28,TLKM.JK,-0.10526315789473684,19.0,-0.03508771929824561,-0.031119677438971573,-0.10526315789473684,-0.10526315789473684,-1
2021-05-31,TLKM.JK,-0.34782608695652173,42.0,-0.15102974828375285,-0.11029627981835911,-0.3327884929715593,-0.2425629290617849,-1
2021-06-01,TLKM.JK,0.0,43.0,-0.15102974828375285,-0.08272220986376934,0.06472703497875122,0.34782608695652173,0
2021-06-02,TLKM.JK,0.6666666666666666,27.0,0.10628019323671496,0.10462500926883965,0.7313937016454178,0.6666666666666666,1
2021-06-03,TLKM.JK,1.0,5.0,0.5555555555555555,0.32846875695162975,0.969488939740656,0.33333333333333337,1
2021-06-04,TLKM.JK,0.0,4.0,0.5555555555555555,0.2463515677137223,-0.17336820311648687,-1.0,0
2021-06-07,TLKM.JK,-1.0,2.0,0.0,-0.06523632421470826,-1.173368203116487,-1.0,-1
2021-06-08,TLKM.JK,-1.0,2.0,-0.6666666666666666,-0.2989272431610312,-1.030511060259344,0.0,-1
2021-06-09,TLKM.JK,-1.0,3.0,-1.0,-0.4741954323707734,-0.9026915113871635,0.0,-1
2021-06-10,TLKM.JK,1.0,3.0,-0.3333333333333333,-0.10564657427808005,1.1904761904761905,2.0,1
2021-06-11,TLKM.JK,0.0,3.0,0.0,-0.07923493070856004,0.04761904761904764,-1.0,0
2021-06-14,TLKM.JK,0.0,2.0,0.3333333333333333,-0.05942619803142003,0.14285714285714285,0.0,0
2021-06-15,TLKM.JK,0.0,2.0,0.0,-0.04456964852356503,0.2857142857142857,0.0,0
2021-06-16,TLKM.JK,0.0,1.0,0.0,-0.03342723639267377,0.2857142857142857,0.0,0
2021-06-17,TLKM.JK,0.0,2.0,0.0,-0.025070427294505326,0.14285714285714285,0.0,0
2021-06-18,TLKM.JK,0.0,1.0,0.0,-0.018802820470878993,0.0,0.0,0
2021-06-21,TLKM.JK,0.0,1.0,0.0,-0.014102115353159245,-0.14285714285714285,0.0,0
2021-06-22,TLKM.JK,0.0,0.0,0.0,-0.010576586514869434,0.0,0.0,0
2021-06-23,TLKM.JK,-1.0,1.0,-0.3333333333333333,-0.25793243988615205,-1.0,-1.0,-1
2021-06-24,TLKM.JK,0.0,1.0,-0.3333333333333333,-0.19344932991461405,0.14285714285714285,1.0,0
2021-06-25,TLKM.JK,0.0,1.0,-0.3333333333333333,-0.14508699743596054,0.14285714285714285,0.0,0
2021-06-28,TLKM.JK,0.0,0.0,0.0,-0.1088152480769704,0.14285714285714285,0.0,0
2021-06-29,TLKM.JK,0.0,0.0,0.0,-0.0816114360577278,0.14285714285714285,0.0,0
2021-06-30,TLKM.JK,0.0,0.0,0.0,-0.06120857704329585,0.14285714285714285,0.0,0
2021-07-01,TLKM.JK,0.0,0.0,0.0,-0.04590643278247189,0.14285714285714285,0.0,0
2021-07-02,TLKM.JK,0.0,0.0,0.0,-0.03442982458685392,0.14285714285714285,0.0,0
2021-07-05,TLKM.JK,0.0,1.0,0.0,-0.025822368440140436,0.0,0.0,0
2021-07-06,TLKM.JK,1.0,3.0,0.3333333333333333,0.23063322366989467,1.0,1.0,1
2021-07-07,TLKM.JK,-1.0,5.0,0.0,-0.07702508224757901,-1.1428571428571428,-2.0,-1
2021-07-08,TLKM.JK,0.0,4.0,0.0,-0.057768811685684256,0.0,1.0,0
2021-07-09,TLKM.JK,0.5,4.0,-0.16666666666666666,0.0816733912357368,0.5,0.5,1
2021-07-12,TLKM.JK,-1.0,3.0,-0.16666666666666666,-0.1887449565731974,-1.0714285714285714,-1.5,-1
2021-07-13,TLKM.JK,-1.0,4.0,-0.5,-0.39155871742989806,-0.9285714285714286,0.0,-1
2021-07-14,TLKM.JK,0.0,2.0,-0.6666666666666666,-0.29366903807242356,0.21428571428571427,1.0,0
2021-07-15,TLKM.JK,-0.3333333333333333,4.0,-0.4444444444444444,-0.30358511188765097,-0.11904761904761904,-0.3333333333333333,-1
2021-07-16,TLKM.JK,0.0,4.0,-0.1111111111111111,-0.22768883391573824,0.40476190476190477,0.3333333333333333,0
2021-07-19,TLKM.JK,-1.0,6.0,-0.4444444444444444,-0.42076662543680365,-0.7380952380952381,-1.0,-1
2021-07-20,TLKM.JK,0.0,3.0,-0.3333333333333333,-0.31557496907760274,0.4047619047619047,1.0,0
2021-07-21,TLKM.JK,0.0,2.0,-0.3333333333333333,-0.23668122680820206,0.47619047619047616,0.0,0
2021-07-22,TLKM.JK,0.0,0.0,0.0,-0.17751092010615155,0.3333333333333333,0.0,0
2021-07-23,TLKM.JK,0.0,0.0,0.0,-0.13313319007961366,0.19047619047619047,0.0,0
2021-07-26,TLKM.JK,0.0,0.0,0.0,-0.09984989255971025,0.19047619047619047,0.0,0
2021-07-27,TLKM.JK,0.0,0.0,0.0,-0.07488741941978269,0.14285714285714285,0.0,0
2021-07-28,TLKM.JK,0.0,0.0,0.0,-0.05616556456483702,0.14285714285714285,0.0,0
2021-07-29,TLKM.JK,0.0,0.0,0.0,-0.042124173423627766,0.0,0.0,0
2021-07-30,TLKM.JK,0.0,0.0,0.0,-0.031593130067720826,0.0,0.0,0
2021-08-02,TLKM.JK,-1.0,1.0,-0.3333333333333333,-0.2736948475507906,-1.0,-1.0,-1
2021-08-03,TLKM.JK,0.0,3.0,-0.3333333333333333,-0.20527113566309296,0.14285714285714285,1.0,0
2021-08-04,TLKM.JK,-1.0,4.0,-0.6666666666666666,-0.4039533517473197,-0.8571428571428572,-1.0,-1
2021-08-05,TLKM.JK,0.0,3.0,-0.3333333333333333,-0.3029650138104898,0.2857142857142857,1.0,0
2021-08-06,TLKM.JK,0.0,1.0,-0.3333333333333333,-0.22722376035786734,0.2857142857142857,0.0,0
2021-08-09,TLKM.JK,0.0,0.0,0.0,-0.17041782026840052,0.2857142857142857,0.0,0
2021-08-10,TLKM.JK,0.0,0.0,0.0,-0.12781336520130038,0.2857142857142857,0.0,0
2021-08-11,TLKM.JK,0.0,0.0,0.0,-0.09586002390097528,0.2857142857142857,0.0,0
2021-08-12,TLKM.JK,0.0,0.0,0.0,-0.07189501792573147,0.14285714285714285,0.0,0
2021-08-13,TLKM.JK,0.0,0.0,0.0,-0.0539212634442986,0.14285714285714285,0.0,0
2021-08-16,TLKM.JK,0.0,0.0,0.0,-0.04044094758322395,0.0,0.0,0
2021-08-17,TLKM.JK,0.0,0.0,0.0,-0.030330710687417967,0.0,0.0,0
2021-08-18,TLKM.JK,1.0,1.0,0.3333333333333333,0.22725196698443653,1.0,1.0,1
2021-08-19,TLKM.JK,0.0,1.0,0.3333333333333333,0.1704389752383274,-0.14285714285714285,-1.0,0
2021-08-20,TLKM.JK,1.0,2.0,0.6666666666666666,0.3778292314287456,0.8571428571428572,1.0,1
2021-08-23,TLKM.JK,0.0,1.0,0.3333333333333333,0.28337192357155916,-0.2857142857142857,-1.0,0
2021-08-24,TLKM.JK,0.0,2.0,0.3333333333333333,0.21252894267866937,-0.2857142857142857,0.0,0
2021-08-25,TLKM.JK,0.0,1.0,0.0,0.15939670700900202,-0.2857142857142857,0.0,0
2021-08-26,TLKM.JK,0.0,1.0,0.0,0.11954753025675152,-0.2857142857142857,0.0,0
2021-08-27,TLKM.JK,0.0,0.0,0.0,0.08966064769256364,-0.2857142857142857,0.0,0
2021-08-30,TLKM.JK,-0.5,2.0,-0.16666666666666666,-0.05775451423057727,-0.6428571428571428,-0.5,-1
2021-08-31,TLKM.JK,-0.3333333333333333,5.0,-0.27777777777777773,-0.1266492190062663,-0.40476190476190477,0.16666666666666669,-1
2021-09-01,TLKM.JK,0.0,8.0,-0.27777777777777773,-0.09498691425469973,0.11904761904761904,0.3333333333333333,0
2021-09-02,TLKM.JK,0.0,6.0,-0.1111111111111111,-0.07124018569102479,0.11904761904761904,0.0,0
2021-09-03,TLKM.JK,-1.0,4.0,-0.3333333333333333,-0.30343013926826856,-0.8809523809523809,-1.0,-1
2021-09-06,TLKM.JK,-1.0,5.0,-0.6666666666666666,-0.4775726044512014,-0.7380952380952381,0.0,-1
2021-09-07,TLKM.JK,-1.0,6.0,-1.0,-0.6081794533384011,-0.5952380952380953,0.0,-1
2021-09-08,TLKM.JK,-1.0,6.0,-1.0,-0.7061345900038007,-0.45238095238095244,0.0,-1
2021-09-09,TLKM.JK,0.0,2.0,-0.6666666666666666,-0.5296009425028505,0.619047619047619,1.0,0
2021-09-10,TLKM.JK,0.0,1.0,-0.3333333333333333,-0.3972007068771379,0.5714285714285714,0.0,0
2021-09-13,TLKM.JK,0.0,0.0,0.0,-0.2979005301578534,0.5714285714285714,0.0,0
2021-09-14,TLKM.JK,0.0,0.0,0.0,-0.22342539761839003,0.5714285714285714,0.0,0
2021-09-15,TLKM.JK,0.0,0.0,0.0,-0.16756904821379254,0.42857142857142855,0.0,0
2021-09-16,TLKM.JK,0.0,0.0,0.0,-0.1256767861603444,0.2857142857142857,0.0,0
2021-09-17,TLKM.JK,-1.0,2.0,-0.3333333333333333,-0.3442575896202583,-0.8571428571428572,-1.0,-1
2021-09-20,TLKM.JK,-1.0,3.0,-0.6666666666666666,-0.5081931922151938,-0.8571428571428572,0.0,-1
2021-09-21,TLKM.JK,-1.0,4.0,-1.0,-0.6311448941613953,-0.7142857142857143,0.0,-1
2021-09-22,TLKM.JK,0.0,3.0,-0.6666666666666666,-0.4733586706210465,0.42857142857142855,1.0,0
2021-09-23,TLKM.JK,0.0,4.0,-0.3333333333333333,-0.35501900296578487,0.42857142857142855,0.0,0
2021-09-24,TLKM.JK,-1.0,4.0,-0.3333333333333333,-0.5162642522243386,-0.5714285714285714,-1.0,-1
2021-09-27,TLKM.JK,-1.0,4.0,-0.6666666666666666,-0.6371981891682539,-0.4285714285714286,0.0,-1
2021-09-28,TLKM.JK,0.0,2.0,-0.6666666666666666,-0.4778986418761904,0.7142857142857143,1.0,0
2021-09-29,TLKM.JK,-1.0,2.0,-0.6666666666666666,-0.6084239814071428,-0.4285714285714286,-1.0,-1
2021-09-30,TLKM.JK,-1.0,2.0,-0.6666666666666666,-0.7063179860553571,-0.4285714285714286,0.0,-1
2021-10-01,TLKM.JK,0.0,2.0,-0.6666666666666666,-0.5297384895415178,0.5714285714285714,1.0,0
2021-10-04,TLKM.JK,0.0,1.0,-0.3333333333333333,-0.39730386715613836,0.5714285714285714,0.0,0
2021-10-05,TLKM.JK,-1.0,2.0,-0.3333333333333333,-0.5479779003671037,-0.4285714285714286,-1.0,-1
2021-10-06,TLKM.JK,0.0,3.0,-0.3333333333333333,-0.4109834252753278,0.5714285714285714,1.0,0
2021-10-07,TLKM.JK,0.0,3.0,-0.3333333333333333,-0.30823756895649584,0.42857142857142855,0.0,0
2021-10-08,TLKM.JK,-1.0,2.0,-0.3333333333333333,-0.4811781767173719,-0.5714285714285714,-1.0,-1
2021-10-11,TLKM.JK,-1.0,2.0,-0.6666666666666666,-0.6108836325380289,-0.5714285714285714,0.0,-1
2021-10-12,TLKM.JK,0.0,2.0,-0.6666666666666666,-0.4581627244035217,0.42857142857142855,1.0,0
2021-10-13,TLKM.JK,0.0,1.0,-0.3333333333333333,-0.34362204330264123,0.42857142857142855,0.0,0
2021-10-14,TLKM.JK,0.0,0.0,0.0,-0.2577165324769809,0.42857142857142855,0.0,0
2021-10-15,TLKM.JK,0.0,0.0,0.0,-0.19328739935773567,0.2857142857142857,0.0,0
2021-10-18,TLKM.JK,0.0,0.0,0.0,-0.14496554951830176,0.2857142857142857,0.0,0
2021-10-19,TLKM.JK,0.0,0.0,0.0,-0.10872416213872632,0.2857142857142857,0.0,0
2021-10-20,TLKM.JK,0.0,0.0,0.0,-0.08154312160404474,0.14285714285714285,0.0,0
2021-10-21,TLKM.JK,0.0,0.0,0.0,-0.06115734120303355,0.0,0.0,0
2021-10-22,TLKM.JK,0.0,0.0,0.0,-0.04586800590227516,0.0,0.0,0
2021-10-25,TLKM.JK,-1.0,1.0,-0.3333333333333333,-0.28440100442670635,-1.0,-1.0,-1
2021-10-26,TLKM.JK,-1.0,2.0,-0.6666666666666666,-0.46330075332002973,-0.8571428571428572,0.0,-1
2021-10-27,TLKM.JK,0.0,2.0,-0.6666666666666666,-0.3474755649900223,0.2857142857142857,1.0,0
2021-10-28,TLKM.JK,-1.0,2.0,-0.6666666666666666,-0.5106066737425168,-0.7142857142857143,-1.0,-1
2021-10-29,TLKM.JK,0.0,1.0,-0.3333333333333333,-0.3829550053068876,0.42857142857142855,1.0,0
2021-11-01,TLKM.JK,0.0,4.0,-0.3333333333333333,-0.2872162539801657,0.42857142857142855,0.0,0
2021-11-02,TLKM.JK,1.0,4.0,0.3333333333333333,0.03458780951487572,1.4285714285714286,1.0,1
2021-11-03,TLKM.JK,0.0,4.0,0.3333333333333333,0.025940857136156792,0.2857142857142857,-1.0,0
2021-11-04,TLKM.JK,0.0,1.0,0.3333333333333333,0.019455642852117594,0.14285714285714285,0.0,0
2021-11-05,TLKM.JK,0.0,0.0,0.0,0.014591732139088195,0.0,0.0,0
2021-11-08,TLKM.JK,0.0,0.0,0.0,0.010943799104316147,0.0,0.0,0
2021-11-09,TLKM.JK,0.0,0.0,0.0,0.00820784932823711,-0.14285714285714285,0.0,0
2021-11-10,TLKM.JK,0.0,0.0,0.0,0.006155886996177833,-0.14285714285714285,0.0,0
2021-11-11,TLKM.JK,0.0,1.0,0.0,0.004616915247133375,-0.14285714285714285,0.0,0
2021-11-12,TLKM.JK,0.0,1.0,0.0,0.0034626864353500307,0.0,0.0,0
2021-11-15,TLKM.JK,-0.5,3.0,-0.16666666666666666,-0.12240298517348748,-0.5,-0.5,-1
2021-11-16,TLKM.JK,0.0,2.0,-0.16666666666666666,-0.09180223888011561,0.07142857142857142,0.5,0
2021-11-17,TLKM.JK,0.0,2.0,-0.16666666666666666,-0.0688516791600867,0.07142857142857142,0.0,0
2021-11-18,TLKM.JK,0.0,0.0,0.0,-0.05163875937006503,0.07142857142857142,0.0,0
2021-11-19,TLKM.JK,0.0,0.0,0.0,-0.03872906952754877,0.07142857142857142,0.0,0
2021-11-22,TLKM.JK,1.0,3.0,0.3333333333333333,0.22095319785433842,1.0714285714285714,1.0,1
2021-11-23,TLKM.JK,-1.0,4.0,0.0,-0.08428510160924618,-1.0714285714285714,-2.0,-1
2021-11-24,TLKM.JK,1.0,7.0,0.3333333333333333,0.18678617379306536,1.0714285714285714,2.0,1
2021-11-25,TLKM.JK,1.0,5.0,0.3333333333333333,0.39008963034479904,0.8571428571428572,0.0,1
2021-11-26,TLKM.JK,1.0,5.0,1.0,0.5425672227585993,0.7142857142857143,0.0,1
2021-11-29,TLKM.JK,0.0,2.0,0.6666666666666666,0.40692541706894947,-0.42857142857142855,-1.0,0
2021-11-30,TLKM.JK,0.0,2.0,0.3333333333333333,0.30519406280171213,-0.42857142857142855,0.0,0
2021-12-01,TLKM.JK,0.0,1.0,0.0,0.2288955471012841,-0.42857142857142855,0.0,0
2021-12-02,TLKM.JK,-1.0,2.0,-0.3333333333333333,-0.07832833967403693,-1.2857142857142856,-1.0,-1
2021-12-03,TLKM.JK,0.0,1.0,-0.3333333333333333,-0.0587462547555277,-0.2857142857142857,1.0,0
2021-12-06,TLKM.JK,0.0,1.0,-0.3333333333333333,-0.04405969106664578,-0.14285714285714285,0.0,0
2021-12-07,TLKM.JK,0.0,1.0,0.0,-0.03304476829998433,0.0,0.0,0
2021-12-08,TLKM.JK,0.0,1.0,0.0,-0.02478357622498825,0.14285714285714285,0.0,0
2021-12-09,TLKM.JK,0.0,1.0,0.0,-0.018587682168741185,0.14285714285714285,0.0,0
2021-12-10,TLKM.JK,-1.0,1.0,-0.3333333333333333,-0.2639407616265559,-0.8571428571428572,-1.0,-1
2021-12-13,TLKM.JK,0.0,2.0,-0.3333333333333333,-0.19795557121991691,0.2857142857142857,1.0,0
2021-12-14,TLKM.JK,0.0,2.0,-0.3333333333333333,-0.1484666784149377,0.14285714285714285,0.0,0
2021-12-15,TLKM.JK,0.0,1.0,0.0,-0.11135000881120327,0.14285714285714285,0.0,0
2021-12-16,TLKM.JK,0.0,0.0,0.0,-0.08351250660840245,0.14285714285714285,0.0,0
2021-12-17,TLKM.JK,0.0,0.0,0.0,-0.06263437995630183,0.14285714285714285,0.0,0
2021-12-20,TLKM.JK,0.0,1.0,0.0,-0.046975784967226375,0.14285714285714285,0.0,0
2021-12-21,TLKM.JK,0.0,2.0,0.0,-0.03523183872541978,0.14285714285714285,0.0,0
2021-12-22,TLKM.JK,0.0,2.0,0.0,-0.026423879044064836,0.0,0.0,0
2021-12-23,TLKM.JK,0.0,1.0,0.0,-0.019817909283048628,0.0,0.0,0
2021-12-24,TLKM.JK,0.0,1.0,0.0,-0.01486343196228647,0.0,0.0,0
2021-12-27,TLKM.JK,0.0,2.0,0.0,-0.011147573971714854,0.0,0.0,0
2021-12-28,TLKM.JK,0.0,2.0,0.0,-0.00836068047878614,0.0,0.0,0
2021-12-29,TLKM.JK,0.0,1.0,0.0,-0.006270510359089605,0.0,0.0,0
2021-12-30,TLKM.JK,0.0,3.0,0.0,-0.004702882769317204,0.0,0.0,0
2021-12-31,TLKM.JK,0.0,3.0,0.0,-0.003527162076987903,0.0,0.0,0
2022-01-03,TLKM.JK,0.0,5.0,0.0,-0.0026453715577409273,0.0,0.0,0
2022-01-04,TLKM.JK,0.0,3.0,0.0,-0.0019840286683056956,0.0,0.0,0
2022-01-05,TLKM.JK,0.0,3.0,0.0,-0.0014880215012292716,0.0,0.0,0
2022-01-06,TLKM.JK,0.0,1.0,0.0,-0.0011160161259219537,0.0,0.0,0
2022-01-07,TLKM.JK,0.0,0.0,0.0,-0.0008370120944414653,0.0,0.0,0
2022-01-10,TLKM.JK,0.0,0.0,0.0,-0.000627759070831099,0.0,0.0,0
2022-01-11,TLKM.JK,0.0,0.0,0.0,-0.0004708193031233242,0.0,0.0,0
2022-01-12,TLKM.JK,0.0,0.0,0.0,-0.0003531144773424932,0.0,0.0,0
2022-01-13,TLKM.JK,0.0,1.0,0.0,-0.0002648358580068699,0.0,0.0,0
2022-01-14,TLKM.JK,0.0,1.0,0.0,-0.00019862689350515244,0.0,0.0,0
2022-01-17,TLKM.JK,0.0,1.0,0.0,-0.00014897017012886434,0.0,0.0,0
2022-01-18,TLKM.JK,0.0,0.0,0.0,-0.00011172762759664826,0.0,0.0,0
2022-01-19,TLKM.JK,1.0,1.0,0.3333333333333333,0.2499162042793025,1.0,1.0,1
2022-01-20,TLKM.JK,0.0,1.0,0.3333333333333333,0.18743715320947688,-0.14285714285714285,-1.0,0
2022-01-21,TLKM.JK,1.0,2.0,0.6666666666666666,0.39057786490710766,0.8571428571428572,1.0,1
2022-01-24,TLKM.JK,0.0,2.0,0.3333333333333333,0.29293339868033075,-0.2857142857142857,-1.0,0
2022-01-25,TLKM.JK,0.0,2.0,0.3333333333333333,0.21970004901024806,-0.2857142857142857,0.0,0
2022-01-26,TLKM.JK,0.0,1.0,0.0,0.16477503675768604,-0.2857142857142857,0.0,0
2022-01-27,TLKM.JK,0.0,0.0,0.0,0.12358127756826454,-0.2857142857142857,0.0,0
2022-01-28,TLKM.JK,0.0,0.0,0.0,0.0926859581761984,-0.2857142857142857,0.0,0
2022-01-31,TLKM.JK,0.0,0.0,0.0,0.0695144686321488,-0.14285714285714285,0.0,0
2022-02-01,TLKM.JK,0.0,0.0,0.0,0.0521358514741116,-0.14285714285714285,0.0,0
2022-02-02,TLKM.JK,0.0,0.0,0.0,0.0391018886055837,0.0,0.0,0
2022-02-03,TLKM.JK,0.0,0.0,0.0,0.02932641645418778,0.0,0.0,0
2022-02-04,TLKM.JK,0.0,0.0,0.0,0.021994812340640834,0.0,0.0,0
2022-02-07,TLKM.JK,0.0,0.0,0.0,0.016496109255480625,0.0,0.0,0
2022-02-08,TLKM.JK,0.0,0.0,0.0,0.012372081941610468,0.0,0.0,0
2022-02-09,TLKM.JK,1.0,1.0,0.3333333333333333,0.2592790614562078,1.0,1.0,1
2022-02-10,TLKM.JK,1.0,2.0,0.6666666666666666,0.44445929609215584,0.8571428571428572,0.0,1
2022-02-11,TLKM.JK,0.0,2.0,0.6666666666666666,0.3333444720691169,-0.2857142857142857,-1.0,0
2022-02-14,TLKM.JK,1.0,2.0,0.6666666666666666,0.5000083540518376,0.7142857142857143,1.0,1
2022-02-15,TLKM.JK,0.0,1.0,0.3333333333333333,0.3750062655388782,-0.42857142857142855,-1.0,0
2022-02-16,TLKM.JK,0.0,1.0,0.3333333333333333,0.2812546991541587,-0.42857142857142855,0.0,0
2022-02-17,TLKM.JK,-1.0,1.0,-0.3333333333333333,-0.03905897563438099,-1.4285714285714286,-1.0,-1
2022-02-18,TLKM.JK,0.0,1.0,-0.3333333333333333,-0.02929423172578574,-0.2857142857142857,1.0,0
2022-02-21,TLKM.JK,0.0,1.0,-0.3333333333333333,-0.021970673794339306,-0.14285714285714285,0.0,0
2022-02-22,TLKM.JK,0.0,0.0,0.0,-0.016478005345754478,0.0,0.0,0
2022-02-23,TLKM.JK,0.0,0.0,0.0,-0.012358504009315858,0.0,0.0,0
2022-02-24,TLKM.JK,0.0,0.0,0.0,-0.009268878006986893,0.14285714285714285,0.0,0
2022-02-25,TLKM.JK,0.0,0.0,0.0,-0.00695165850524017,0.14285714285714285,0.0,0
2022-02-28,TLKM.JK,0.0,1.0,0.0,-0.005213743878930128,0.14285714285714285,0.0,0
2022-03-01,TLKM.JK,0.0,1.0,0.0,-0.003910307909197596,0.0,0.0,0
2022-03-02,TLKM.JK,0.0,1.0,0.0,-0.0029327309318981968,0.0,0.0,0
2022-03-03,TLKM.JK,0.0,1.0,0.0,-0.0021995481989236475,0.0,0.0,0
2022-03-04,TLKM.JK,0.0,1.0,0.0,-0.0016496611491927356,0.0,0.0,0
2022-03-07,TLKM.JK,0.0,1.0,0.0,-0.0012372458618945517,0.0,0.0,0
2022-03-08,TLKM.JK,0.5,2.0,0.16666666666666666,0.12407206560357908,0.5,0.5,1
2022-03-09,TLKM.JK,0.0,2.0,0.16666666666666666,0.09305404920268431,-0.07142857142857142,-0.5,0
2022-03-10,TLKM.JK,0.0,2.0,0.16666666666666666,0.06979053690201323,-0.07142857142857142,0.0,0
2022-03-11,TLKM.JK,0.0,0.0,0.0,0.05234290267650992,-0.07142857142857142,0.0,0
2022-03-14,TLKM.JK,0.0,0.0,0.0,0.03925717700738244,-0.07142857142857142,0.0,0
2022-03-15,TLKM.JK,0.0,0.0,0.0,0.02944288275553683,-0.07142857142857142,0.0,0
2022-03-16,TLKM.JK,0.0,0.0,0.0,0.022082162066652623,-0.07142857142857142,0.0,0
2022-03-17,TLKM.JK,0.0,0.0,0.0,0.01656162154998947,-0.07142857142857142,0.0,0
2022-03-18,TLKM.JK,0.0,0.0,0.0,0.012421216162492102,0.0,0.0,0
2022-03-21,TLKM.JK,0.0,0.0,0.0,0.009315912121869076,0.0,0.0,0
2022-03-22,TLKM.JK,0.0,1.0,0.0,0.006986934091401807,0.0,0.0,0
2022-03-23,TLKM.JK,0.0,1.0,0.0,0.005240200568551356,0.0,0.0,0
2022-03-24,TLKM.JK,0.0,3.0,0.0,0.003930150426413517,0.0,0.0,0
2022-03-25,TLKM.JK,0.0,2.0,0.0,0.002947612819810138,0.0,0.0,0
2022-03-28,TLKM.JK,0.0,2.0,0.0,0.002210709614857603,0.0,0.0,0
2022-03-29,TLKM.JK,0.0,0.0,0.0,0.0016580322111432024,0.0,0.0,0
2022-03-30,TLKM.JK,0.0,0.0,0.0,0.0012435241583574018,0.0,0.0,0
2022-03-31,TLKM.JK,0.0,0.0,0.0,0.0009326431187680513,0.0,0.0,0
2022-04-01,TLKM.JK,0.0,0.0,0.0,0.0006994823390760385,0.0,0.0,0
2022-04-04,TLKM.JK,0.0,2.0,0.0,0.0005246117543070289,0.0,0.0,0
2022-04-05,TLKM.JK,0.0,2.0,0.0,0.00039345881573027165,0.0,0.0,0
2022-04-06,TLKM.JK,0.0,2.0,0.0,0.0002950941117977037,0.0,0.0,0
2022-04-07,TLKM.JK,-1.0,1.0,-0.3333333333333333,-0.24977867941615173,-1.0,-1.0,-1
2022-04-08,TLKM.JK,0.0,1.0,-0.3333333333333333,-0.1873340095621138,0.14285714285714285,1.0,0
2022-04-11,TLKM.JK,-0.5,3.0,-0.5,-0.26550050717158535,-0.35714285714285715,-0.5,-1
2022-04-12,TLKM.JK,0.0,2.0,-0.16666666666666666,-0.19912538037868902,0.21428571428571427,0.5,0
2022-04-13,TLKM.JK,1.0,4.0,0.16666666666666666,0.10065596471598323,1.2142857142857142,1.0,1
2022-04-14,TLKM.JK,0.0,2.0,0.3333333333333333,0.07549197353698742,0.07142857142857142,-1.0,0
2022-04-15,TLKM.JK,0.0,2.0,0.3333333333333333,0.05661898015274056,0.07142857142857142,0.0,0
2022-04-18,TLKM.JK,-1.0,2.0,-0.3333333333333333,-0.20753576488544456,-0.9285714285714286,-1.0,-1
2022-04-19,TLKM.JK,-0.3333333333333333,5.0,-0.4444444444444444,-0.23898515699741674,-0.26190476190476186,0.6666666666666667,-1
2022-04-20,TLKM.JK,1.0,7.0,-0.11111111111111109,0.07076113225193745,1.119047619047619,1.3333333333333333,1
2022-04-21,TLKM.JK,0.0,6.0,0.22222222222222224,0.053070849188953086,-0.09523809523809525,-1.0,0
2022-04-22,TLKM.JK,0.0,4.0,0.3333333333333333,0.039803136891714816,-0.09523809523809525,0.0,0
2022-04-25,TLKM.JK,-1.0,3.0,-0.3333333333333333,-0.2201476473312139,-0.9523809523809524,-1.0,-1
2022-04-26,TLKM.JK,0.0,2.0,-0.3333333333333333,-0.16511073549841043,0.19047619047619047,1.0,0
2022-04-27,TLKM.JK,0.0,1.0,-0.3333333333333333,-0.12383305162380782,0.19047619047619047,0.0,0
2022-04-28,TLKM.JK,0.0,1.0,0.0,-0.09287478871785587,0.04761904761904761,0.0,0
2022-04-29,TLKM.JK,0.0,1.0,0.0,-0.0696560915383919,-7.93016446160826e-18,0.0,0
2022-05-02,TLKM.JK,0.0,1.0,0.0,-0.052242068653793924,0.14285714285714285,0.0,0
2022-05-03,TLKM.JK,0.0,0.0,0.0,-0.03918155149034544,0.14285714285714285,0.0,0
2022-05-04,TLKM.JK,0.0,0.0,0.0,-0.02938616361775908,0.14285714285714285,0.0,0
2022-05-05,TLKM.JK,0.0,0.0,0.0,-0.022039622713319308,0.0,0.0,0
2022-05-06,TLKM.JK,0.0,0.0,0.0,-0.016529717034989483,0.0,0.0,0
2022-05-09,TLKM.JK,0.0,2.0,0.0,-0.012397287776242112,0.0,0.0,0
2022-05-10,TLKM.JK,0.0,2.0,0.0,-0.009297965832181584,0.0,0.0,0
2022-05-11,TLKM.JK,0.0,2.0,0.0,-0.006973474374136188,0.0,0.0,0
2022-05-12,TLKM.JK,-1.0,1.0,-0.3333333333333333,-0.2552301057806021,-1.0,-1.0,-1
2022-05-13,TLKM.JK,1.0,2.0,0.0,0.05857742066454841,1.1428571428571428,2.0,1
2022-05-16,TLKM.JK,-0.6,7.0,-0.19999999999999998,-0.10606693450158869,-0.6,-1.6,-1
2022-05-17,TLKM.JK,0.0,6.0,0.13333333333333333,-0.07955020087619152,0.08571428571428572,0.6,0
2022-05-18,TLKM.JK,-0.5,7.0,-0.3666666666666667,-0.18466265065714366,-0.41428571428571426,-0.5,-1
2022-05-19,TLKM.JK,0.3333333333333333,5.0,-0.05555555555555556,-0.05516365465952443,0.4904761904761905,0.8333333333333333,1
2022-05-20,TLKM.JK,0.0,5.0,-0.05555555555555556,-0.04137274099464332,0.10952380952380951,-0.3333333333333333,0
2022-05-23,TLKM.JK,-0.6666666666666666,6.0,-0.1111111111111111,-0.19769622241264914,-0.5571428571428572,-0.6666666666666666,-1
2022-05-24,TLKM.JK,0.0,3.0,-0.2222222222222222,-0.14827216680948685,0.06190476190476191,0.6666666666666666,0
2022-05-25,TLKM.JK,0.0,3.0,-0.2222222222222222,-0.11120412510711514,0.20476190476190476,0.0,0
2022-05-26,TLKM.JK,-1.0,1.0,-0.3333333333333333,-0.33340309383033634,-0.8809523809523809,-1.0,-1
2022-05-27,TLKM.JK,0.3333333333333333,7.0,-0.22222222222222224,-0.16671898703941895,0.5952380952380952,1.3333333333333333,1
2022-05-30,TLKM.JK,-0.25,11.0,-0.3055555555555556,-0.1875392402795642,-0.10714285714285712,-0.5833333333333333,-1
2022-05-31,TLKM.JK,0.0,10.0,0.027777777777777773,-0.14065443020967316,0.22619047619047622,0.25,0
2022-06-01,TLKM.JK,0.0,4.0,-0.08333333333333333,-0.10549082265725487,0.22619047619047622,0.0,0
2022-06-02,TLKM.JK,0.0,0.0,0.0,-0.07911811699294116,0.130952380952381,0.0,0
2022-06-03,TLKM.JK,0.0,0.0,0.0,-0.05933858774470587,0.130952380952381,0.0,0
2022-06-06,TLKM.JK,0.0,0.0,0.0,-0.0445039408085294,0.130952380952381,0.0,0
2022-06-07,TLKM.JK,0.0,0.0,0.0,-0.03337795560639705,-0.011904761904761871,0.0,0
2022-06-08,TLKM.JK,0.0,0.0,0.0,-0.025033466704797787,0.03571428571428575,0.0,0
2022-06-09,TLKM.JK,-1.0,1.0,-0.3333333333333333,-0.26877510002859833,-1.0,-1.0,-1
2022-06-10,TLKM.JK,0.0,1.0,-0.3333333333333333,-0.20158132502144877,0.14285714285714288,1.0,0
2022-06-13,TLKM.JK,-1.0,2.0,-0.6666666666666666,-0.40118599376608655,-0.8571428571428571,-1.0,-1
2022-06-14,TLKM.JK,-0.3333333333333333,10.0,-0.4444444444444444,-0.3842228286578982,-0.047619047619047616,0.6666666666666667,-1
2022-06-15,TLKM.JK,-0.5,12.0,-0.611111111111111,-0.41316712149342366,-0.16666666666666663,-0.16666666666666669,-1
2022-06-16,TLKM.JK,0.0,13.0,-0.27777777777777773,-0.30987534112006776,0.40476190476190477,0.5,0
2022-06-17,TLKM.JK,-1.0,5.0,-0.5,-0.48240650584005085,-0.5952380952380952,-1.0,-1
2022-06-20,TLKM.JK,1.0,4.0,0.0,-0.11180487938003814,1.5476190476190477,2.0,1
2022-06-21,TLKM.JK,0.0,2.0,0.0,-0.0838536595350286,0.2619047619047619,-1.0,0
2022-06-22,TLKM.JK,0.0,1.0,0.3333333333333333,-0.06289024465127145,0.2619047619047619,0.0,0
2022-06-23,TLKM.JK,0.0,0.0,0.0,-0.047167683488453585,0.11904761904761907,0.0,0
2022-06-24,TLKM.JK,0.0,0.0,0.0,-0.03537576261634019,0.07142857142857147,0.0,0
2022-06-27,TLKM.JK,0.0,1.0,0.0,-0.026531821962255144,3.172065784643304e-17,0.0,0
2022-06-28,TLKM.JK,0.0,1.0,0.0,-0.019898866471691357,3.172065784643304e-17,0.0,0
2022-06-29,TLKM.JK,0.0,1.0,0.0,-0.014924149853768519,-0.14285714285714282,0.0,0
2022-06-30,TLKM.JK,0.0,0.0,0.0,-0.011193112390326389,0.0,0.0,0
2022-07-01,TLKM.JK,0.0,0.0,0.0,-0.008394834292744792,0.0,0.0,0
2022-07-04,TLKM.JK,0.0,0.0,0.0,-0.006296125719558595,0.0,0.0,0
2022-07-05,TLKM.JK,0.0,0.0,0.0,-0.004722094289668946,0.0,0.0,0
2022-07-06,TLKM.JK,0.0,1.0,0.0,-0.00354157071725171,0.0,0.0,0
2022-07-07,TLKM.JK,0.0,3.0,0.0,-0.0026561780379387822,0.0,0.0,0
2022-07-08,TLKM.JK,-0.3333333333333333,6.0,-0.1111111111111111,-0.08532546686178742,-0.3333333333333333,-0.3333333333333333,-1
2022-07-11,TLKM.JK,0.0,6.0,-0.1111111111111111,-0.06399410014634056,0.04761904761904765,0.3333333333333333,0
2022-07-12,TLKM.JK,0.0,6.0,-0.1111111111111111,-0.047995575109755426,0.04761904761904765,0.0,0
2022-07-13,TLKM.JK,0.0,3.0,0.0,-0.035996681332316566,0.04761904761904765,0.0,0
2022-07-14,TLKM.JK,-1.0,3.0,-0.3333333333333333,-0.2769975109992374,-0.9523809523809523,-1.0,-1
2022-07-15,TLKM.JK,-1.0,2.0,-0.6666666666666666,-0.4577481332494281,-0.8095238095238095,0.0,-1
2022-07-18,TLKM.JK,0.0,2.0,-0.6666666666666666,-0.3433110999370711,0.33333333333333337,1.0,0
2022-07-19,TLKM.JK,0.0,1.0,-0.3333333333333333,-0.25748332495280335,0.33333333333333337,0.0,0
2022-07-20,TLKM.JK,0.0,0.0,0.0,-0.1931124937146025,0.2857142857142857,0.0,0
2022-07-21,TLKM.JK,0.0,0.0,0.0,-0.1448343702859519,0.2857142857142857,0.0,0
2022-07-22,TLKM.JK,0.0,0.0,0.0,-0.10862577771446391,0.2857142857142857,0.0,0
2022-07-25,TLKM.JK,0.0,0.0,0.0,-0.08146933328584793,0.2857142857142857,0.0,0
2022-07-26,TLKM.JK,0.0,0.0,0.0,-0.06110199996438595,0.14285714285714288,0.0,0
2022-07-27,TLKM.JK,0.0,0.0,0.0,-0.04582649997328946,0.0,0.0,0
2022-07-28,TLKM.JK,0.0,2.0,0.0,-0.034369874979967095,0.0,0.0,0
2022-07-29,TLKM.JK,0.0,2.0,0.0,-0.02577740623497532,0.0,0.0,0
2022-08-01,TLKM.JK,0.0,4.0,0.0,-0.01933305467623149,0.0,0.0,0
2022-08-02,TLKM.JK,0.0,2.0,0.0,-0.014499791007173617,0.0,0.0,0
2022-08-03,TLKM.JK,0.0,2.0,0.0,-0.010874843255380212,0.0,0.0,0
2022-08-04,TLKM.JK,0.0,0.0,0.0,-0.008156132441535159,0.0,0.0,0
2022-08-05,TLKM.JK,0.0,0.0,0.0,-0.006117099331151369,0.0,0.0,0
2022-08-08,TLKM.JK,1.0,1.0,0.3333333333333333,0.24541217550163646,1.0,1.0,1
2022-08-09,TLKM.JK,0.0,1.0,0.3333333333333333,0.18405913162622733,-0.14285714285714282,-1.0,0
2022-08-10,TLKM.JK,0.0,1.0,0.3333333333333333,0.1380443487196705,-0.14285714285714282,0.0,0
2022-08-11,TLKM.JK,0.0,0.0,0.0,0.10353326153975287,-0.14285714285714282,0.0,0
2022-08-12,TLKM.JK,0.0,0.0,0.0,0.07764994615481466,-0.14285714285714282,0.0,0
2022-08-15,TLKM.JK,0.0,0.0,0.0,0.058237459616110994,-0.14285714285714282,0.0,0
2022-08-16,TLKM.JK,0.0,0.0,0.0,0.04367809471208325,-0.14285714285714282,0.0,0
2022-08-17,TLKM.JK,0.0,1.0,0.0,0.032758571034062434,-0.14285714285714282,0.0,0
2022-08-18,TLKM.JK,0.0,1.0,0.0,0.024568928275546825,0.0,0.0,0
2022-08-19,TLKM.JK,0.0,4.0,0.0,0.01842669620666012,0.0,0.0,0
2022-08-22,TLKM.JK,-0.3333333333333333,6.0,-0.1111111111111111,-0.06951331117833824,-0.3333333333333333,-0.3333333333333333,-1
2022-08-23,TLKM.JK,0.0,7.0,-0.1111111111111111,-0.05213498338375368,0.04761904761904765,0.3333333333333333,0
2022-08-24,TLKM.JK,-1.0,6.0,-0.4444444444444444,-0.28910123753781525,-0.9523809523809523,-1.0,-1
2022-08-25,TLKM.JK,0.0,3.0,-0.3333333333333333,-0.21682592815336144,0.1904761904761905,1.0,0
2022-08-26,TLKM.JK,0.0,2.0,-0.3333333333333333,-0.16261944611502108,0.1904761904761905,0.0,0
2022-08-29,TLKM.JK,0.0,0.0,0.0,-0.1219645845862658,0.1904761904761905,0.0,0
2022-08-30,TLKM.JK,0.0,0.0,0.0,-0.09147343843969935,0.1904761904761905,0.0,0
2022-08-31,TLKM.JK,0.0,0.0,0.0,-0.06860507882977451,0.1904761904761905,0.0,0
2022-09-01,TLKM.JK,0.0,1.0,0.0,-0.051453809122330885,0.14285714285714288,0.0,0
2022-09-02,TLKM.JK,0.0,3.0,0.0,-0.038590356841748163,0.14285714285714288,0.0,0
2022-09-05,TLKM.JK,0.0,3.0,0.0,-0.028942767631311123,0.0,0.0,0
2022-09-06,TLKM.JK,0.0,2.0,0.0,-0.021707075723483342,0.0,0.0,0
2022-09-07,TLKM.JK,0.0,0.0,0.0,-0.016280306792612505,0.0,0.0,0
2022-09-08,TLKM.JK,0.0,0.0,0.0,-0.012210230094459379,0.0,0.0,0
2022-09-09,TLKM.JK,-1.0,1.0,-0.3333333333333333,-0.25915767257084454,-1.0,-1.0,-1
2022-09-12,TLKM.JK,0.0,1.0,-0.3333333333333333,-0.1943682544281334,0.14285714285714288,1.0,0
2022-09-13,TLKM.JK,0.0,1.0,-0.3333333333333333,-0.14577619082110005,0.14285714285714288,0.0,0
2022-09-14,TLKM.JK,0.0,0.0,0.0,-0.10933214311582504,0.14285714285714288,0.0,0
2022-09-15,TLKM.JK,0.0,0.0,0.0,-0.08199910733686877,0.14285714285714288,0.0,0
2022-09-16,TLKM.JK,0.0,1.0,0.0,-0.06149933050265158,0.14285714285714288,0.0,0
2022-09-19,TLKM.JK,0.0,1.0,0.0,-0.046124497876988683,0.14285714285714288,0.0,0
2022-09-20,TLKM.JK,1.0,2.0,0.3333333333333333,0.21540662659225848,1.1428571428571428,1.0,1
2022-09-21,TLKM.JK,0.0,2.0,0.3333333333333333,0.16155496994419385,-0.14285714285714282,-1.0,0
2022-09-22,TLKM.JK,0.0,2.0,0.3333333333333333,0.1211662274581454,-0.14285714285714282,0.0,0
2022-09-23,TLKM.JK,1.0,2.0,0.3333333333333333,0.34087467059360904,0.8571428571428572,1.0,1
2022-09-26,TLKM.JK,0.0,2.0,0.3333333333333333,0.2556560029452068,-0.2857142857142857,-1.0,0
2022-09-27,TLKM.JK,0.0,2.0,0.3333333333333333,0.19174200220890508,-0.2857142857142857,0.0,0
2022-09-28,TLKM.JK,0.0,1.0,0.0,0.1438065016566788,-0.2857142857142857,0.0,0
2022-09-29,TLKM.JK,0.0,0.0,0.0,0.1078548762425091,-0.2857142857142857,0.0,0
2022-09-30,TLKM.JK,-0.5,2.0,-0.16666666666666666,-0.04410884281811818,-0.6428571428571428,-0.5,-1
2022-10-03,TLKM.JK,0.0,2.0,-0.16666666666666666,-0.03308163211358864,-0.0714285714285714,0.5,0
2022-10-04,TLKM.JK,0.0,3.0,-0.16666666666666666,-0.02481122408519148,-0.0714285714285714,0.0,0
2022-10-05,TLKM.JK,0.0,2.0,0.0,-0.018608418063893607,0.07142857142857147,0.0,0
2022-10-06,TLKM.JK,0.0,2.0,0.0,-0.013956313547920205,0.07142857142857147,0.0,0
2022-10-07,TLKM.JK,0.0,1.0,0.0,-0.010467235160940154,0.07142857142857147,0.0,0
2022-10-10,TLKM.JK,0.0,0.0,0.0,-0.007850426370705115,0.07142857142857147,0.0,0
2022-10-11,TLKM.JK,0.0,0.0,0.0,-0.0058878197780288365,0.07142857142857147,0.0,0
2022-10-12,TLKM.JK,0.0,0.0,0.0,-0.004415864833521627,0.0,0.0,0
2022-10-13,TLKM.JK,0.0,0.0,0.0,-0.0033118986251412202,0.0,0.0,0
2022-10-14,TLKM.JK,0.0,0.0,0.0,-0.002483923968855915,0.0,0.0,0
2022-10-17,TLKM.JK,0.0,0.0,0.0,-0.0018629429766419364,0.0,0.0,0
2022-10-18,TLKM.JK,0.0,0.0,0.0,-0.0013972072324814522,0.0,0.0,0
2022-10-19,TLKM.JK,0.0,0.0,0.0,-0.0010479054243610893,0.0,0.0,0
2022-10-20,TLKM.JK,0.0,0.0,0.0,-0.0007859290682708169,0.0,0.0,0
2022-10-21,TLKM.JK,0.0,0.0,0.0,-0.0005894468012031127,0.0,0.0,0
2022-10-24,TLKM.JK,0.0,2.0,0.0,-0.00044208510090233455,0.0,0.0,0
2022-10-25,TLKM.JK,0.0,2.0,0.0,-0.0003315638256767509,0.0,0.0,0
2022-10-26,TLKM.JK,0.0,3.0,0.0,-0.0002486728692575632,0.0,0.0,0
2022-10-27,TLKM.JK,-1.0,2.0,-0.3333333333333333,-0.2501865046519432,-1.0,-1.0,-1
2022-10-28,TLKM.JK,0.0,2.0,-0.3333333333333333,-0.1876398784889574,0.14285714285714288,1.0,0
2022-10-31,TLKM.JK,-0.3333333333333333,4.0,-0.4444444444444444,-0.22406324220005136,-0.19047619047619044,-0.3333333333333333,-1
2022-11-01,TLKM.JK,0.0,3.0,-0.1111111111111111,-0.16804743165003852,0.1904761904761905,0.3333333333333333,0
2022-11-02,TLKM.JK,0.0,3.0,-0.1111111111111111,-0.12603557373752888,0.1904761904761905,0.0,0
2022-11-03,TLKM.JK,0.0,0.0,0.0,-0.09452668030314666,0.1904761904761905,0.0,0
2022-11-04,TLKM.JK,0.0,0.0,0.0,-0.07089501022736,0.1904761904761905,0.0,0
2022-11-07,TLKM.JK,1.0,1.0,0.3333333333333333,0.19682874232948,1.1904761904761905,1.0,1
2022-11-08,TLKM.JK,0.0,1.0,0.3333333333333333,0.14762155674711,-0.09523809523809522,-1.0,0
2022-11-09,TLKM.JK,0.0,1.0,0.3333333333333333,0.1107161675603325,-0.09523809523809522,0.0,0
2022-11-10,TLKM.JK,-1.0,2.0,-0.3333333333333333,-0.16696287432975063,-1.1428571428571428,-1.0,-1
2022-11-11,TLKM.JK,0.0,2.0,-0.3333333333333333,-0.12522215574731296,3.172065784643304e-17,1.0,0
2022-11-14,TLKM.JK,0.0,4.0,-0.3333333333333333,-0.09391661681048472,2.3790493384824782e-17,0.0,0
2022-11-15,TLKM.JK,0.0,2.0,0.0,-0.07043746260786354,2.3790493384824782e-17,0.0,0
2022-11-16,TLKM.JK,0.0,2.0,0.0,-0.05282809695589766,2.3790493384824782e-17,0.0,0
2022-11-17,TLKM.JK,0.0,0.0,0.0,-0.03962107271692324,0.14285714285714288,0.0,0
2022-11-18,TLKM.JK,0.0,0.0,0.0,-0.02971580453769243,0.14285714285714288,0.0,0
2022-11-21,TLKM.JK,0.0,0.0,0.0,-0.022286853403269323,0.14285714285714288,0.0,0
2022-11-22,TLKM.JK,0.0,1.0,0.0,-0.01671514005245199,0.0,0.0,0
2022-11-23,TLKM.JK,0.0,2.0,0.0,-0.012536355039338993,0.0,0.0,0
2022-11-24,TLKM.JK,0.0,2.0,0.0,-0.009402266279504246,0.0,0.0,0
2022-11-25,TLKM.JK,0.0,1.0,0.0,-0.007051699709628184,0.0,0.0,0
2022-11-28,TLKM.JK,0.0,0.0,0.0,-0.005288774782221138,0.0,0.0,0
2022-11-29,TLKM.JK,-1.0,1.0,-0.3333333333333333,-0.25396658108666587,-1.0,-1.0,-1
2022-11-30,TLKM.JK,0.0,1.0,-0.3333333333333333,-0.1904749358149994,0.14285714285714288,1.0,0
2022-12-01,TLKM.JK,0.0,1.0,-0.3333333333333333,-0.14285620186124956,0.14285714285714288,0.0,0
2022-12-02,TLKM.JK,0.0,0.0,0.0,-0.10714215139593716,0.14285714285714288,0.0,0
2022-12-05,TLKM.JK,0.0,0.0,0.0,-0.08035661354695287,0.14285714285714288,0.0,0
2022-12-06,TLKM.JK,-1.0,1.0,-0.3333333333333333,-0.31026746016021467,-0.8571428571428571,-1.0,-1
2022-12-07,TLKM.JK,-1.0,2.0,-0.6666666666666666,-0.482700595120161,-0.7142857142857143,0.0,-1
2022-12-08,TLKM.JK,0.5,4.0,-0.5,-0.23702544634012074,0.9285714285714286,1.5,1
2022-12-09,TLKM.JK,0.0,3.0,-0.16666666666666666,-0.17776908475509057,0.21428571428571433,-0.5,0
2022-12-12,TLKM.JK,0.0,2.0,0.16666666666666666,-0.13332681356631793,0.21428571428571433,0.0,0
2022-12-13,TLKM.JK,0.0,0.0,0.0,-0.09999511017473844,0.21428571428571433,0.0,0
2022-12-14,TLKM.JK,0.0,0.0,0.0,-0.07499633263105383,0.21428571428571433,0.0,0
2022-12-15,TLKM.JK,0.0,0.0,0.0,-0.05624724947329038,0.21428571428571433,0.0,0
2022-12-16,TLKM.JK,0.0,0.0,0.0,-0.042185437104967784,0.07142857142857147,0.0,0
2022-12-19,TLKM.JK,0.0,0.0,0.0,-0.03163907782872584,-0.0714285714285714,0.0,0
2022-12-20,TLKM.JK,0.0,1.0,0.0,-0.02372930837154438,0.0,0.0,0
2022-12-21,TLKM.JK,0.6666666666666666,4.0,0.2222222222222222,0.14886968538800838,0.6666666666666666,0.6666666666666666,1
2022-12-22,TLKM.JK,0.0,5.0,0.2222222222222222,0.11165226404100628,-0.0952380952380952,-0.6666666666666666,0
2022-12-23,TLKM.JK,0.0,4.0,0.2222222222222222,0.08373919803075472,-0.0952380952380952,0.0,0
2022-12-26,TLKM.JK,0.5,3.0,0.16666666666666666,0.18780439852306605,0.40476190476190477,0.5,1
2022-12-27,TLKM.JK,0.0,2.0,0.16666666666666666,0.14085329889229953,-0.16666666666666666,-0.5,0
2022-12-28,TLKM.JK,0.0,2.0,0.16666666666666666,0.10563997416922465,-0.16666666666666666,0.0,0
2022-12-29,TLKM.JK,0.0,0.0,0.0,0.07922998062691848,-0.16666666666666666,0.0,0
2022-12-30,TLKM.JK,0.0,0.0,0.0,0.05942248547018886,-0.16666666666666666,0.0,0
2023-01-02,TLKM.JK,0.0,0.0,0.0,0.04456686410264164,-0.0714285714285714,0.0,0
2023-01-03,TLKM.JK,0.0,1.0,0.0,0.03342514807698123,-0.0714285714285714,0.0,0
2023-01-04,TLKM.JK,0.0,1.0,0.0,0.02506886105773592,-0.0714285714285714,0.0,0
2023-01-05,TLKM.JK,0.0,1.0,0.0,0.01880164579330194,0.0,0.0,0
2023-01-06,TLKM.JK,0.0,0.0,0.0,0.014101234344976454,0.0,0.0,0
2023-01-09,TLKM.JK,0.0,0.0,0.0,0.01057592575873234,0.0,0.0,0
2023-01-10,TLKM.JK,0.0,0.0,0.0,0.007931944319049256,0.0,0.0,0
2023-01-11,TLKM.JK,0.0,0.0,0.0,0.005948958239286942,0.0,0.0,0
2023-01-12,TLKM.JK,0.0,0.0,0.0,0.004461718679465206,0.0,0.0,0
2023-01-13,TLKM.JK,1.0,1.0,0.3333333333333333,0.2533462890095989,1.0,1.0,1
2023-01-16,TLKM.JK,0.0,1.0,0.3333333333333333,0.19000971675719916,-0.14285714285714282,-1.0,0
2023-01-17,TLKM.JK,0.0,1.0,0.3333333333333333,0.14250728756789938,-0.14285714285714282,0.0,0
2023-01-18,TLKM.JK,0.0,0.0,0.0,0.10688046567592453,-0.14285714285714282,0.0,0
2023-01-19,TLKM.JK,0.0,1.0,0.0,0.0801603492569434,-0.14285714285714282,0.0,0
2023-01-20,TLKM.JK,1.0,2.0,0.3333333333333333,0.31012026194270753,0.8571428571428572,1.0,1
2023-01-23,TLKM.JK,0.0,2.0,0.3333333333333333,0.23259019645703066,-0.2857142857142857,-1.0,0
2023-01-24,TLKM.JK,0.0,1.0,0.3333333333333333,0.17444264734277298,-0.2857142857142857,0.0,0
2023-01-25,TLKM.JK,0.0,0.0,0.0,0.13083198550707975,-0.14285714285714282,0.0,0
2023-01-26,TLKM.JK,0.0,0.0,0.0,0.09812398913030981,-0.14285714285714282,0.0,0
2023-01-27,TLKM.JK,0.0,0.0,0.0,0.07359299184773235,-0.14285714285714282,0.0,0
2023-01-30,TLKM.JK,-1.0,1.0,-0.3333333333333333,-0.19480525611420074,-1.1428571428571428,-1.0,-1
2023-01-31,TLKM.JK,0.0,1.0,-0.3333333333333333,-0.14610394208565056,3.172065784643304e-17,1.0,0
2023-02-01,TLKM.JK,0.0,1.0,-0.3333333333333333,-0.10957795656423791,0.14285714285714288,0.0,0
2023-02-02,TLKM.JK,1.0,1.0,0.3333333333333333,0.16781653257682155,1.1428571428571428,1.0,1
2023-02-03,TLKM.JK,0.0,1.0,0.3333333333333333,0.12586239943261618,3.172065784643304e-17,-1.0,0
2023-02-06,TLKM.JK,-1.0,2.0,0.0,-0.15560320042553788,-1.0,-1.0,-1
2023-02-07,TLKM.JK,0.0,1.0,-0.3333333333333333,-0.11670240031915341,0.14285714285714288,1.0,0
2023-02-08,TLKM.JK,0.0,2.0,-0.3333333333333333,-0.08752680023936506,0.14285714285714288,0.0,0
2023-02-09,TLKM.JK,0.0,1.0,0.0,-0.0656451001795238,3.172065784643304e-17,0.0,0
2023-02-10,TLKM.JK,-0.3333333333333333,4.0,-0.1111111111111111,-0.13256715846797618,-0.33333333333333326,-0.3333333333333333,-1
2023-02-13,TLKM.JK,0.0,3.0,-0.1111111111111111,-0.09942536885098213,0.04761904761904765,0.3333333333333333,0
2023-02-14,TLKM.JK,0.0,3.0,-0.1111111111111111,-0.0745690266382366,0.1904761904761905,0.0,0
2023-02-15,TLKM.JK,0.0,0.0,0.0,-0.055926769978677446,0.1904761904761905,0.0,0
2023-02-16,TLKM.JK,0.0,0.0,0.0,-0.04194507748400808,0.04761904761904764,0.0,0
2023-02-17,TLKM.JK,-1.0,1.0,-0.3333333333333333,-0.28145880811300605,-0.9523809523809523,-1.0,-1
2023-02-20,TLKM.JK,0.0,1.0,-0.3333333333333333,-0.21109410608475454,0.1904761904761905,1.0,0
2023-02-21,TLKM.JK,1.0,2.0,0.0,0.0916794204364341,1.1904761904761905,1.0,1
2023-02-22,TLKM.JK,0.0,1.0,0.3333333333333333,0.06875956532732558,3.172065784643304e-17,-1.0,0
2023-02-23,TLKM.JK,-1.0,2.0,0.0,-0.19843032600450583,-1.0,-1.0,-1
2023-02-24,TLKM.JK,0.0,1.0,-0.3333333333333333,-0.14882274450337937,0.14285714285714288,1.0,0
2023-02-27,TLKM.JK,0.0,1.0,-0.3333333333333333,-0.11161705837753452,0.14285714285714288,0.0,0
2023-02-28,TLKM.JK,0.0,0.0,0.0,-0.08371279378315089,0.14285714285714288,0.0,0
2023-03-01,TLKM.JK,1.0,1.0,0.3333333333333333,0.18721540466263684,1.0,1.0,1
2023-03-02,TLKM.JK,0.0,1.0,0.3333333333333333,0.14041155349697762,-0.14285714285714282,-1.0,0
2023-03-03,TLKM.JK,0.0,1.0,0.3333333333333333,0.10530866512273321,3.172065784643304e-17,0.0,0
2023-03-06,TLKM.JK,0.0,0.0,0.0,0.07898149884204991,3.172065784643304e-17,0.0,0
2023-03-07,TLKM.JK,0.0,1.0,0.0,0.059236124131537435,-0.14285714285714282,0.0,0
2023-03-08,TLKM.JK,0.0,1.0,0.0,0.04442709309865307,-0.14285714285714282,0.0,0
2023-03-09,TLKM.JK,0.0,1.0,0.0,0.03332031982398981,-0.14285714285714282,0.0,0
2023-03-10,TLKM.JK,0.0,0.0,0.0,0.024990239867992356,-0.14285714285714282,0.0,0
2023-03-13,TLKM.JK,0.0,0.0,0.0,0.018742679900994267,0.0,0.0,0
2023-03-14,TLKM.JK,0.0,1.0,0.0,0.014057009925745701,0.0,0.0,0
2023-03-15,TLKM.JK,0.0,1.0,0.0,0.010542757444309277,0.0,0.0,0
2023-03-16,TLKM.JK,0.0,1.0,0.0,0.007907068083231958,0.0,0.0,0
2023-03-17,TLKM.JK,0.0,1.0,0.0,0.005930301062423968,0.0,0.0,0
2023-03-20,TLKM.JK,-1.0,3.0,-0.3333333333333333,-0.245552274203182,-1.0,-1.0,-1
2023-03-21,TLKM.JK,0.0,3.0,-0.3333333333333333,-0.1841642056523865,0.14285714285714288,1.0,0
2023-03-22,TLKM.JK,0.0,2.0,-0.3333333333333333,-0.1381231542392899,0.14285714285714288,0.0,0
2023-03-23,TLKM.JK,0.0,0.0,0.0,-0.10359236567946742,0.14285714285714288,0.0,0
2023-03-24,TLKM.JK,0.0,0.0,0.0,-0.07769427425960057,0.14285714285714288,0.0,0
2023-03-27,TLKM.JK,-0.4,5.0,-0.13333333333333333,-0.15827070569470042,-0.2571428571428571,-0.4,-1
2023-03-28,TLKM.JK,-1.0,6.0,-0.4666666666666666,-0.36870302927102533,-0.7999999999999999,-0.6,-1
2023-03-29,TLKM.JK,-1.0,7.0,-0.7999999999999999,-0.526527271953269,-0.657142857142857,0.0,-1
2023-03-30,TLKM.JK,0.0,2.0,-0.6666666666666666,-0.39489545396495174,0.3428571428571429,1.0,0
2023-03-31,TLKM.JK,0.0,1.0,-0.3333333333333333,-0.2961715904737138,0.3428571428571429,0.0,0
2023-04-03,TLKM.JK,-1.0,1.0,-0.3333333333333333,-0.47212869285528536,-0.657142857142857,-1.0,-1
2023-04-04,TLKM.JK,1.0,3.0,0.0,-0.10409651964146405,1.4857142857142858,2.0,1
2023-04-05,TLKM.JK,0.0,3.0,0.0,-0.07807238973109804,0.3428571428571429,-1.0,0
2023-04-06,TLKM.JK,-0.5833333333333334,14.0,0.13888888888888887,-0.20438762563165686,-0.2976190476190476,-0.5833333333333334,-1
2023-04-07,TLKM.JK,-1.0,14.0,-0.5277777777777778,-0.40329071922374266,-0.7738095238095237,-0.41666666666666663,-1
2023-04-10,TLKM.JK,0.0,17.0,-0.5277777777777778,-0.302468039417807,0.22619047619047628,1.0,0
2023-04-11,TLKM.JK,0.5,7.0,-0.16666666666666666,-0.10185102956335523,0.7261904761904763,0.5,1
2023-04-12,TLKM.JK,0.0,6.0,0.16666666666666663,-0.07638827217251642,0.15476190476190485,-0.5,0
2023-04-13,TLKM.JK,0.0,3.0,0.16666666666666663,-0.05729120412938732,0.011904761904761973,0.0,0
2023-04-14,TLKM.JK,0.0,2.0,0.0,-0.04296840309704049,0.15476190476190485,0.0,0
2023-04-17,TLKM.JK,-1.0,2.0,-0.3333333333333333,-0.28222630232278034,-0.8452380952380951,-1.0,-1
2023-04-18,TLKM.JK,0.0,2.0,-0.3333333333333333,-0.21166972674208526,0.21428571428571436,1.0,0
2023-04-19,TLKM.JK,0.0,1.0,-0.3333333333333333,-0.15875229505656394,0.07142857142857151,0.0,0
2023-04-20,TLKM.JK,0.0,0.0,0.0,-0.11906422129242294,0.07142857142857151,0.0,0
2023-04-21,TLKM.JK,0.0,0.0,0.0,-0.08929816596931721,0.14285714285714293,0.0,0
2023-04-24,TLKM.JK,-1.0,1.0,-0.3333333333333333,-0.3169736244769879,-0.8571428571428571,-1.0,-1
2023-04-25,TLKM.JK,0.0,1.0,-0.3333333333333333,-0.23773021835774094,0.28571428571428575,1.0,0
2023-04-26,TLKM.JK,0.0,1.0,-0.3333333333333333,-0.1782976637683057,0.28571428571428575,0.0,0
2023-04-27,TLKM.JK,-1.0,1.0,-0.3333333333333333,-0.38372324782622924,-0.8571428571428571,-1.0,-1
2023-04-28,TLKM.JK,0.0,1.0,-0.3333333333333333,-0.28779243586967196,0.28571428571428575,1.0,0
2023-05-01,TLKM.JK,0.0,1.0,-0.3333333333333333,-0.21584432690225397,0.28571428571428575,0.0,0
2023-05-02,TLKM.JK,0.0,0.0,0.0,-0.16188324517669048,0.28571428571428575,0.0,0
2023-05-03,TLKM.JK,0.0,0.0,0.0,-0.12141243388251785,0.28571428571428575,0.0,0
2023-05-04,TLKM.JK,0.0,0.0,0.0,-0.09105932541188838,0.14285714285714293,0.0,0
2023-05-05,TLKM.JK,0.0,0.0,0.0,-0.06829449405891629,0.14285714285714293,0.0,0
2023-05-08,TLKM.JK,0.0,0.0,0.0,-0.05122087054418721,0.14285714285714293,0.0,0
2023-05-09,TLKM.JK,0.0,0.0,0.0,-0.038415652908140405,0.0,0.0,0
2023-05-10,TLKM.JK,0.0,0.0,0.0,-0.028811739681105304,0.0,0.0,0
2023-05-11,TLKM.JK,0.0,0.0,0.0,-0.02160880476082898,0.0,0.0,0
2023-05-12,TLKM.JK,-0.5,2.0,-0.16666666666666666,-0.14120660357062173,-0.5,-0.5,-1
2023-05-15,TLKM.JK,0.0,2.0,-0.16666666666666666,-0.10590495267796629,0.07142857142857151,0.5,0
2023-05-16,TLKM.JK,0.0,2.0,-0.16666666666666666,-0.07942871450847472,0.07142857142857151,0.0,0
2023-05-17,TLKM.JK,0.0,0.0,0.0,-0.05957153588135604,0.07142857142857151,0.0,0
2023-05-18,TLKM.JK,0.0,0.0,0.0,-0.044678651911017025,0.07142857142857151,0.0,0
2023-05-19,TLKM.JK,0.0,0.0,0.0,-0.03350898893326277,0.07142857142857151,0.0,0
2023-05-22,TLKM.JK,0.0,0.0,0.0,-0.02513174169994708,0.07142857142857151,0.0,0
2023-05-23,TLKM.JK,0.0,0.0,0.0,-0.018848806274960307,0.07142857142857151,0.0,0
2023-05-24,TLKM.JK,0.0,2.0,0.0,-0.01413660470622023,0.0,0.0,0
2023-05-25,TLKM.JK,0.0,3.0,0.0,-0.010602453529665172,0.0,0.0,0
2023-05-26,TLKM.JK,-0.5,5.0,-0.16666666666666666,-0.13295184014724887,-0.5,-0.5,-1
2023-05-29,TLKM.JK,-0.5,5.0,-0.3333333333333333,-0.22471388011043664,-0.4285714285714285,0.0,-1
2023-05-30,TLKM.JK,-0.15384615384615385,17.0,-0.3846153846153846,-0.20699694854436593,-0.010989010989010922,0.34615384615384615,-1
2023-05-31,TLKM.JK,-0.16666666666666666,21.0,-0.2735042735042735,-0.1969143780749411,-0.0018315018315017417,-0.012820512820512803,-1
2023-06-01,TLKM.JK,0.0,21.0,-0.10683760683760683,-0.14768578355620582,0.18864468864468872,0.16666666666666666,0
2023-06-02,TLKM.JK,0.0,8.0,-0.05555555555555555,-0.11076433766715436,0.18864468864468872,0.0,0
2023-06-05,TLKM.JK,0.0,2.0,0.0,-0.08307325325036577,0.18864468864468872,0.0,0
2023-06-06,TLKM.JK,0.0,0.0,0.0,-0.06230493993777433,0.18864468864468872,0.0,0
2023-06-07,TLKM.JK,0.0,0.0,0.0,-0.046728704953330744,0.11721611721611729,0.0,0
2023-06-08,TLKM.JK,0.0,0.0,0.0,-0.035046528714998054,0.04578754578754586,0.0,0
2023-06-09,TLKM.JK,0.0,0.0,0.0,-0.02628489653624854,0.023809523809523888,0.0,0
2023-06-12,TLKM.JK,0.0,0.0,0.0,-0.019713672402186404,0.0,0.0,0
2023-06-13,TLKM.JK,0.0,0.0,0.0,-0.014785254301639803,0.0,0.0,0
2023-06-14,TLKM.JK,0.0,2.0,0.0,-0.011088940726229853,0.0,0.0,0
2023-06-15,TLKM.JK,0.0,2.0,0.0,-0.00831670554467239,0.0,0.0,0
2023-06-16,TLKM.JK,0.0,2.0,0.0,-0.006237529158504292,0.0,0.0,0
2023-06-19,TLKM.JK,0.0,1.0,0.0,-0.004678146868878219,0.0,0.0,0
2023-06-20,TLKM.JK,0.0,1.0,0.0,-0.003508610151658664,0.0,0.0,0
2023-06-21,TLKM.JK,0.5,3.0,0.16666666666666666,0.122368542386256,0.5,0.5,1
2023-06-22,TLKM.JK,0.0,2.0,0.16666666666666666,0.091776406789692,-0.07142857142857136,-0.5,0
2023-06-23,TLKM.JK,-0.5,4.0,0.0,-0.056167694907731006,-0.5714285714285714,-0.5,-1
2023-06-26,TLKM.JK,0.0,4.0,-0.16666666666666666,-0.04212577118079826,7.930164461608261e-17,0.5,0
2023-06-27,TLKM.JK,0.2,9.0,-0.09999999999999999,0.018405671614401306,0.2000000000000001,0.2,1
2023-06-28,TLKM.JK,0.25,11.0,0.15,0.07630425371080098,0.2214285714285715,0.04999999999999999,1
2023-06-29,TLKM.JK,0.0,12.0,0.15,0.057228190283100736,-0.06428571428571421,-0.25,0
2023-06-30,TLKM.JK,0.3333333333333333,10.0,0.19444444444444442,0.12625447604565887,0.2690476190476191,0.3333333333333333,1
2023-07-03,TLKM.JK,-0.3333333333333333,12.0,0.0,0.011357523700910824,-0.3738095238095237,-0.6666666666666666,-1
2023-07-04,TLKM.JK,0.0,10.0,0.0,0.008518142775683118,0.007142857142857221,0.3333333333333333,0
2023-07-05,TLKM.JK,0.0,7.0,-0.1111111111111111,0.006388607081762338,-0.06428571428571421,0.0,0
2023-07-06,TLKM.JK,-0.5,3.0,-0.16666666666666666,-0.12020854468867824,-0.5642857142857142,-0.5,-1
2023-07-07,TLKM.JK,0.0,2.0,-0.16666666666666666,-0.09015640851650868,0.035714285714285796,0.5,0
2023-07-10,TLKM.JK,0.0,5.0,-0.16666666666666666,-0.0676173063873815,0.07142857142857151,0.0,0
2023-07-11,TLKM.JK,0.0,3.0,0.0,-0.05071297979053613,0.07142857142857151,0.0,0
2023-07-12,TLKM.JK,0.0,3.0,0.0,-0.038034734842902096,0.11904761904761914,0.0,0
2023-07-13,TLKM.JK,0.0,0.0,0.0,-0.028526051132176572,0.07142857142857151,0.0,0
2023-07-14,TLKM.JK,0.0,0.0,0.0,-0.02139453834913243,0.07142857142857151,0.0,0
2023-07-17,TLKM.JK,0.0,2.0,0.0,-0.01604590376184932,0.07142857142857151,0.0,0
2023-07-18,TLKM.JK,0.0,2.0,0.0,-0.01203442782138699,0.0,0.0,0
2023-07-19,TLKM.JK,0.0,2.0,0.0,-0.009025820866040243,0.0,0.0,0
2023-07-20,TLKM.JK,-1.0,1.0,-0.3333333333333333,-0.2567693656495302,-1.0,-1.0,-1
2023-07-21,TLKM.JK,0.0,1.0,-0.3333333333333333,-0.19257702423714762,0.14285714285714293,1.0,0
2023-07-24,TLKM.JK,0.0,1.0,-0.3333333333333333,-0.14443276817786072,0.14285714285714293,0.0,0
2023-07-25,TLKM.JK,0.0,0.0,0.0,-0.10832457613339554,0.14285714285714293,0.0,0
2023-07-26,TLKM.JK,0.0,0.0,0.0,-0.08124343210004666,0.14285714285714293,0.0,0
2023-07-27,TLKM.JK,0.0,0.0,0.0,-0.060932574075034995,0.14285714285714293,0.0,0
2023-07-28,TLKM.JK,-1.0,1.0,-0.3333333333333333,-0.29569943055627623,-0.8571428571428571,-1.0,-1
2023-07-31,TLKM.JK,0.0,3.0,-0.3333333333333333,-0.22177457291720717,0.28571428571428575,1.0,0
2023-08-01,TLKM.JK,0.0,3.0,-0.3333333333333333,-0.1663309296879054,0.14285714285714293,0.0,0
2023-08-02,TLKM.JK,0.0,2.0,0.0,-0.12474819726592903,0.14285714285714293,0.0,0
2023-08-03,TLKM.JK,0.0,0.0,0.0,-0.09356114794944678,0.14285714285714293,0.0,0
2023-08-04,TLKM.JK,0.0,0.0,0.0,-0.07017086096208508,0.14285714285714293,0.0,0
2023-08-07,TLKM.JK,1.0,1.0,0.3333333333333333,0.19737185427843618,1.142857142857143,1.0,1
2023-08-08,TLKM.JK,1.0,2.0,0.6666666666666666,0.39802889070882713,1.0,0.0,1
2023-08-09,TLKM.JK,0.0,2.0,0.6666666666666666,0.29852166803162034,-0.28571428571428564,-1.0,0
2023-08-10,TLKM.JK,1.0,2.0,0.6666666666666666,0.47389125102371527,0.7142857142857144,1.0,1
2023-08-11,TLKM.JK,0.0,1.0,0.3333333333333333,0.35541843826778646,-0.4285714285714285,-1.0,0
2023-08-14,TLKM.JK,0.0,1.0,0.3333333333333333,0.26656382870083983,-0.4285714285714285,0.0,0
2023-08-15,TLKM.JK,0.0,0.0,0.0,0.19992287152562987,-0.4285714285714285,0.0,0
2023-08-16,TLKM.JK,0.0,0.0,0.0,0.14994215364422242,-0.4285714285714285,0.0,0
2023-08-17,TLKM.JK,0.0,0.0,0.0,0.11245661523316682,-0.28571428571428564,0.0,0
2023-08-18,TLKM.JK,0.0,0.0,0.0,0.08434246142487511,-0.1428571428571428,0.0,0
2023-08-21,TLKM.JK,0.0,2.0,0.0,0.06325684606865634,-0.1428571428571428,0.0,0
2023-08-22,TLKM.JK,0.0,2.0,0.0,0.04744263455149225,0.0,0.0,0
2023-08-23,TLKM.JK,0.0,2.0,0.0,0.03558197591361919,0.0,0.0,0
2023-08-24,TLKM.JK,0.6666666666666666,3.0,0.2222222222222222,0.19335314860188105,0.6666666666666666,0.6666666666666666,1
2023-08-25,TLKM.JK,0.0,3.0,0.2222222222222222,0.1450148614514108,-0.09523809523809516,-0.6666666666666666,0
2023-08-28,TLKM.JK,0.0,3.0,0.2222222222222222,0.1087611460885581,-0.09523809523809516,0.0,0
2023-08-29,TLKM.JK,0.0,0.0,0.0,0.08157085956641857,-0.09523809523809516,0.0,0
2023-08-30,TLKM.JK,-1.0,1.0,-0.3333333333333333,-0.18882185532518608,-1.0952380952380951,-1.0,-1
2023-08-31,TLKM.JK,0.0,1.0,-0.3333333333333333,-0.14161639149388955,0.047619047619047686,1.0,0
2023-09-01,TLKM.JK,0.0,1.0,-0.3333333333333333,-0.10621229362041716,0.047619047619047686,0.0,0
2023-09-04,TLKM.JK,1.0,1.0,0.3333333333333333,0.17034077978468715,1.0476190476190477,1.0,1
2023-09-05,TLKM.JK,0.0,1.0,0.3333333333333333,0.12775558483851535,6.344131569286608e-17,-1.0,0
2023-09-06,TLKM.JK,-1.0,2.0,0.0,-0.1541833113711135,-0.9999999999999999,-1.0,-1
2023-09-07,TLKM.JK,0.5,3.0,-0.16666666666666666,0.009362516471664889,0.6428571428571429,1.5,1
2023-09-08,TLKM.JK,0.0,4.0,-0.16666666666666666,0.007021887353748667,0.0714285714285715,-0.5,0
2023-09-11,TLKM.JK,0.0,3.0,0.16666666666666666,0.0052664155153115,-0.07142857142857137,0.0,0
2023-09-12,TLKM.JK,0.0,1.0,0.0,0.0039498116364836255,-0.07142857142857137,0.0,0
2023-09-13,TLKM.JK,1.0,1.0,0.3333333333333333,0.2529623587273627,0.9285714285714286,1.0,1
2023-09-14,TLKM.JK,0.0,1.0,0.3333333333333333,0.18972176904552204,-0.07142857142857137,-1.0,0
2023-09-15,TLKM.JK,0.3333333333333333,4.0,0.4444444444444444,0.22562466011747484,0.261904761904762,0.3333333333333333,1
2023-09-18,TLKM.JK,0.0,3.0,0.1111111111111111,0.16921849508810613,-0.2619047619047618,-0.3333333333333333,0
2023-09-19,TLKM.JK,0.0,3.0,0.1111111111111111,0.1269138713160796,-0.1904761904761904,0.0,0
2023-09-20,TLKM.JK,0.0,0.0,0.0,0.0951854034870597,-0.1904761904761904,0.0,0
2023-09-21,TLKM.JK,0.0,0.0,0.0,0.07138905261529477,-0.1904761904761904,0.0,0
2023-09-22,TLKM.JK,0.0,0.0,0.0,0.053541789461471076,-0.1904761904761904,0.0,0
2023-09-25,TLKM.JK,0.0,1.0,0.0,0.040156342096103304,-0.047619047619047554,0.0,0
2023-09-26,TLKM.JK,0.0,1.0,0.0,0.030117256572077478,-0.047619047619047554,0.0,0
2023-09-27,TLKM.JK,0.0,2.0,0.0,0.022587942429058108,0.0,0.0,0
2023-09-28,TLKM.JK,0.0,1.0,0.0,0.01694095682179358,0.0,0.0,0
2023-09-29,TLKM.JK,0.0,1.0,0.0,0.012705717616345185,0.0,0.0,0
2023-10-02,TLKM.JK,0.0,1.0,0.0,0.009529288212258888,0.0,0.0,0
2023-10-03,TLKM.JK,0.0,1.0,0.0,0.007146966159194166,0.0,0.0,0
2023-10-04,TLKM.JK,0.0,1.0,0.0,0.0053602246193956244,0.0,0.0,0
2023-10-05,TLKM.JK,1.0,1.0,0.3333333333333333,0.2540201684645467,1.0,1.0,1
2023-10-06,TLKM.JK,0.0,1.0,0.3333333333333333,0.19051512634841006,-0.1428571428571428,-1.0,0
2023-10-09,TLKM.JK,0.0,1.0,0.3333333333333333,0.14288634476130754,-0.1428571428571428,0.0,0
2023-10-10,TLKM.JK,-1.0,1.0,-0.3333333333333333,-0.14283524142901935,-1.1428571428571428,-1.0,-1
2023-10-11,TLKM.JK,0.0,1.0,-0.3333333333333333,-0.1071264310717645,6.344131569286608e-17,1.0,0
2023-10-12,TLKM.JK,0.0,1.0,-0.3333333333333333,-0.08034482330382338,6.344131569286608e-17,0.0,0
2023-10-13,TLKM.JK,0.0,0.0,0.0,-0.06025861747786754,6.344131569286608e-17,0.0,0
2023-10-16,TLKM.JK,0.0,0.0,0.0,-0.04519396310840065,6.344131569286608e-17,0.0,0
2023-10-17,TLKM.JK,0.0,0.0,0.0,-0.03389547233130049,0.14285714285714293,0.0,0
2023-10-18,TLKM.JK,0.0,0.0,0.0,-0.025421604248475366,0.14285714285714293,0.0,0
2023-10-19,TLKM.JK,0.0,0.0,0.0,-0.019066203186356524,0.14285714285714293,0.0,0
2023-10-20,TLKM.JK,-1.0,2.0,-0.3333333333333333,-0.2642996523897674,-1.0,-1.0,-1
2023-10-23,TLKM.JK,0.0,2.0,-0.3333333333333333,-0.19822473929232554,0.14285714285714293,1.0,0
2023-10-24,TLKM.JK,0.0,3.0,-0.3333333333333333,-0.14866855446924415,0.14285714285714293,0.0,0
2023-10-25,TLKM.JK,0.0,1.0,0.0,-0.11150141585193311,0.14285714285714293,0.0,0
2023-10-26,TLKM.JK,-0.5,3.0,-0.16666666666666666,-0.20862606188894983,-0.3571428571428571,-0.5,-1
2023-10-27,TLKM.JK,1.0,4.0,0.16666666666666666,0.09353045358328763,1.2142857142857144,1.5,1
2023-10-30,TLKM.JK,-1.0,5.0,-0.16666666666666666,-0.17985215981253427,-0.9285714285714285,-2.0,-1
2023-10-31,TLKM.JK,0.0,3.0,0.0,-0.13488911985940072,0.21428571428571436,1.0,0
2023-11-01,TLKM.JK,0.3333333333333333,4.0,-0.22222222222222224,-0.01783350656121721,0.4047619047619048,0.3333333333333333,1
2023-11-02,TLKM.JK,-1.0,4.0,-0.22222222222222224,-0.2633751299209129,-0.9761904761904762,-1.3333333333333333,-1
2023-11-03,TLKM.JK,0.0,4.0,-0.22222222222222224,-0.19753134744068468,0.16666666666666674,1.0,0
2023-11-06,TLKM.JK,0.0,1.0,-0.3333333333333333,-0.1481485105805135,0.16666666666666674,0.0,0
2023-11-07,TLKM.JK,0.0,1.0,0.0,-0.11111138293538514,0.09523809523809532,0.0,0
2023-11-08,TLKM.JK,0.0,2.0,0.0,-0.08333353720153885,0.23809523809523817,0.0,0
2023-11-09,TLKM.JK,0.0,2.0,0.0,-0.06250015290115414,0.09523809523809532,0.0,0
2023-11-10,TLKM.JK,0.0,1.0,0.0,-0.04687511467586561,0.09523809523809532,0.0,0
2023-11-13,TLKM.JK,0.0,0.0,0.0,-0.03515633600689921,0.14285714285714293,0.0,0
2023-11-14,TLKM.JK,0.0,0.0,0.0,-0.026367252005174403,0.0,0.0,0
2023-11-15,TLKM.JK,0.0,0.0,0.0,-0.019775439003880804,0.0,0.0,0
2023-11-16,TLKM.JK,0.0,0.0,0.0,-0.014831579252910603,0.0,0.0,0
2023-11-17,TLKM.JK,1.0,1.0,0.3333333333333333,0.23887631556031705,1.0,1.0,1
2023-11-20,TLKM.JK,-0.5,3.0,0.16666666666666666,0.05415723667023778,-0.6428571428571428,-1.5,-1
2023-11-21,TLKM.JK,0.0,3.0,0.16666666666666666,0.040617927502678335,-0.07142857142857137,0.5,0
2023-11-22,TLKM.JK,0.0,2.0,-0.16666666666666666,0.03046344562700875,-0.07142857142857137,0.0,0
2023-11-23,TLKM.JK,0.0,0.0,0.0,0.02284758422025656,-0.07142857142857137,0.0,0
2023-11-24,TLKM.JK,0.0,0.0,0.0,0.01713568816519242,-0.07142857142857137,0.0,0
2023-11-27,TLKM.JK,0.0,0.0,0.0,0.012851766123894314,-0.07142857142857137,0.0,0
2023-11-28,TLKM.JK,0.0,0.0,0.0,0.009638824592920736,-0.07142857142857137,0.0,0
2023-11-29,TLKM.JK,0.0,0.0,0.0,0.007229118444690551,0.0714285714285715,0.0,0
2023-11-30,TLKM.JK,0.6666666666666666,3.0,0.2222222222222222,0.17208850550018456,0.6666666666666666,0.6666666666666666,1
2023-12-01,TLKM.JK,0.0,4.0,0.2222222222222222,0.1290663791251384,-0.09523809523809516,-0.6666666666666666,0
2023-12-04,TLKM.JK,1.0,5.0,0.5555555555555555,0.34679978434385383,0.9047619047619049,1.0,1
2023-12-05,TLKM.JK,1.0,3.0,0.6666666666666666,0.5100998382578904,0.761904761904762,0.0,1
2023-12-06,TLKM.JK,1.0,4.0,1.0,0.6325748786934178,0.6190476190476191,0.0,1
2023-12-07,TLKM.JK,0.0,3.0,0.6666666666666666,0.47443115902006333,-0.5238095238095237,-1.0,0
2023-12-08,TLKM.JK,-0.46153846153846156,15.0,0.1794871794871795,0.2404387538804321,-0.9853479853479853,-0.46153846153846156,-1
2023-12-11,TLKM.JK,-1.0,15.0,-0.4871794871794872,-0.06967093458967594,-1.4578754578754578,-0.5384615384615384,-1
2023-12-12,TLKM.JK,0.0,16.0,-0.4871794871794872,-0.05225320094225695,-0.2197802197802197,1.0,0
2023-12-13,TLKM.JK,0.0,4.0,-0.3333333333333333,-0.03918990070669272,-0.2197802197802197,0.0,0
2023-12-14,TLKM.JK,0.0,2.0,0.0,-0.02939242553001954,-0.07692307692307686,0.0,0
2023-12-15,TLKM.JK,0.0,1.0,0.0,-0.022044319147514653,0.065934065934066,0.0,0
2023-12-18,TLKM.JK,0.0,0.0,0.0,-0.01653323936063599,0.20879120879120888,0.0,0
2023-12-19,TLKM.JK,1.0,1.0,0.3333333333333333,0.237600070479523,1.208791208791209,1.0,1
2023-12-20,TLKM.JK,0.0,1.0,0.3333333333333333,0.17820005285964224,6.344131569286608e-17,-1.0,0
2023-12-21,TLKM.JK,0.0,1.0,0.3333333333333333,0.13365003964473168,-0.14285714285714277,0.0,0
2023-12-22,TLKM.JK,0.0,0.0,0.0,0.10023752973354877,-0.14285714285714277,0.0,0
2023-12-25,TLKM.JK,0.0,0.0,0.0,0.07517814730016158,-0.14285714285714277,0.0,0
2023-12-26,TLKM.JK,0.0,0.0,0.0,0.05638361047512118,-0.14285714285714277,0.0,0
2023-12-27,TLKM.JK,0.0,1.0,0.0,0.04228770785634088,-0.14285714285714277,0.0,0
2023-12-28,TLKM.JK,0.0,1.0,0.0,0.03171578089225566,-0.14285714285714277,0.0,0
2023-12-29,TLKM.JK,0.0,1.0,0.0,0.023786835669191743,0.0,0.0,0
2024-01-01,TLKM.JK,0.0,0.0,0.0,0.01784012675189381,0.0,0.0,0
2024-01-02,TLKM.JK,0.0,0.0,0.0,0.013380095063920357,0.0,0.0,0
2024-01-03,TLKM.JK,-1.0,1.0,-0.3333333333333333,-0.23996492870205974,-1.0,-1.0,-1
2024-01-04,TLKM.JK,0.0,1.0,-0.3333333333333333,-0.1799736965265448,0.14285714285714293,1.0,0
2024-01-05,TLKM.JK,0.0,1.0,-0.3333333333333333,-0.1349802723949086,0.14285714285714293,0.0,0
2024-01-08,TLKM.JK,0.0,0.0,0.0,-0.10123520429618144,0.14285714285714293,0.0,0
2024-01-09,TLKM.JK,0.0,1.0,0.0,-0.07592640322213608,0.14285714285714293,0.0,0
2024-01-10,TLKM.JK,0.0,1.0,0.0,-0.05694480241660206,0.14285714285714293,0.0,0
2024-01-11,TLKM.JK,0.0,1.0,0.0,-0.04270860181245155,0.14285714285714293,0.0,0
2024-01-12,TLKM.JK,0.0,0.0,0.0,-0.03203145135933866,0.14285714285714293,0.0,0
2024-01-15,TLKM.JK,0.0,2.0,0.0,-0.024023588519503994,0.0,0.0,0
2024-01-16,TLKM.JK,0.0,3.0,0.0,-0.018017691389627995,0.0,0.0,0
2024-01-17,TLKM.JK,0.0,3.0,0.0,-0.013513268542220996,0.0,0.0,0
2024-01-18,TLKM.JK,0.0,1.0,0.0,-0.010134951406665746,0.0,0.0,0
2024-01-19,TLKM.JK,0.0,0.0,0.0,-0.007601213554999309,0.0,0.0,0
2024-01-22,TLKM.JK,-0.5,8.0,-0.1666666666666667,-0.1307009101662495,-0.5,-0.5,-1
2024-01-23,TLKM.JK,-1.0,11.0,-0.5,-0.34802568262468714,-0.9285714285714285,-0.5,-1
2024-01-24,TLKM.JK,0.0,11.0,-0.5,-0.2610192619685153,0.21428571428571436,1.0,0
2024-01-25,TLKM.JK,0.0,3.0,-0.3333333333333333,-0.1957644464763865,0.21428571428571436,0.0,0
2024-01-26,TLKM.JK,-1.0,1.0,-0.3333333333333333,-0.3968233348572899,-0.7857142857142856,-1.0,-1
2024-01-29,TLKM.JK,0.0,3.0,-0.3333333333333333,-0.2976175011429674,0.3571428571428572,1.0,0
2024-01-30,TLKM.JK,0.0,3.0,-0.3333333333333333,-0.22321312585722558,0.3571428571428572,0.0,0
2024-01-31,TLKM.JK,0.0,2.0,0.0,-0.16740984439291917,0.3571428571428572,0.0,0
2024-02-01,TLKM.JK,-0.5,4.0,-0.16666666666666666,-0.25055738329468935,-0.21428571428571425,-0.5,-1
2024-02-02,TLKM.JK,0.0,7.0,-0.16666666666666666,-0.187918037471017,0.21428571428571436,0.5,0
2024-02-05,TLKM.JK,-1.0,8.0,-0.5,-0.3909385281032628,-0.7857142857142856,-1.0,-1
2024-02-06,TLKM.JK,0.0,4.0,-0.3333333333333333,-0.2932038960774471,0.3571428571428572,1.0,0
2024-02-07,TLKM.JK,0.0,1.0,-0.3333333333333333,-0.21990292205808534,0.21428571428571436,0.0,0
2024-02-08,TLKM.JK,0.0,0.0,0.0,-0.164927191543564,0.21428571428571436,0.0,0
2024-02-09,TLKM.JK,0.0,0.0,0.0,-0.123695393657673,0.21428571428571436,0.0,0
2024-02-12,TLKM.JK,0.0,0.0,0.0,-0.09277154524325475,0.21428571428571436,0.0,0
2024-02-13,TLKM.JK,0.0,0.0,0.0,-0.06957865893244106,0.14285714285714293,0.0,0
2024-02-14,TLKM.JK,0.0,0.0,0.0,-0.05218399419933079,0.14285714285714293,0.0,0
2024-02-15,TLKM.JK,0.0,0.0,0.0,-0.039137995649498096,0.0,0.0,0
2024-02-16,TLKM.JK,0.0,0.0,0.0,-0.02935349673712357,0.0,0.0,0
2024-02-19,TLKM.JK,1.0,1.0,0.3333333333333333,0.2279848774471573,1.0,1.0,1
2024-02-20,TLKM.JK,0.0,1.0,0.3333333333333333,0.17098865808536798,-0.1428571428571428,-1.0,0
2024-02-21,TLKM.JK,0.0,1.0,0.3333333333333333,0.12824149356402598,-0.1428571428571428,0.0,0
2024-02-22,TLKM.JK,0.0,0.0,0.0,0.09618112017301948,-0.1428571428571428,0.0,0
2024-02-23,TLKM.JK,-1.0,1.0,-0.3333333333333333,-0.1778641598702354,-1.1428571428571428,-1.0,-1
2024-02-26,TLKM.JK,-1.0,2.0,-0.6666666666666666,-0.3833981199026766,-0.9999999999999999,0.0,-1
2024-02-27,TLKM.JK,0.0,2.0,-0.6666666666666666,-0.28754858992700744,0.14285714285714293,1.0,0
2024-02-28,TLKM.JK,0.0,1.0,-0.3333333333333333,-0.2156614424452556,0.14285714285714293,0.0,0
2024-02-29,TLKM.JK,0.0,0.0,0.0,-0.16174608183394168,0.28571428571428575,0.0,0
2024-03-01,TLKM.JK,1.0,1.0,0.3333333333333333,0.12869043862454374,1.2857142857142858,1.0,1
2024-03-04,TLKM.JK,-1.0,2.0,0.0,-0.1534821710315922,-0.8571428571428571,-2.0,-1
2024-03-05,TLKM.JK,0.0,2.0,0.0,-0.11511162827369414,0.28571428571428575,1.0,0
2024-03-06,TLKM.JK,1.0,2.0,0.0,0.1636662787947294,1.142857142857143,1.0,1
2024-03-07,TLKM.JK,0.0,1.0,0.3333333333333333,0.12274970909604704,-0.1428571428571428,-1.0,0
2024-03-08,TLKM.JK,0.0,1.0,0.3333333333333333,0.09206228182203528,-0.1428571428571428,0.0,0
2024-03-11,TLKM.JK,0.0,0.0,0.0,0.06904671136652646,-0.1428571428571428,0.0,0
2024-03-12,TLKM.JK,0.0,0.0,0.0,0.051785033524894844,-0.1428571428571428,0.0,0
2024-03-13,TLKM.JK,1.0,1.0,0.3333333333333333,0.2888387751436711,1.0,1.0,1
2024-03-14,TLKM.JK,0.0,1.0,0.3333333333333333,0.21662908135775333,-0.28571428571428564,-1.0,0
2024-03-15,TLKM.JK,0.0,1.0,0.3333333333333333,0.16247181101831498,-0.28571428571428564,0.0,0
2024-03-18,TLKM.JK,0.0,0.0,0.0,0.12185385826373624,-0.1428571428571428,0.0,0
2024-03-19,TLKM.JK,0.0,0.0,0.0,0.09139039369780218,-0.1428571428571428,0.0,0
2024-03-20,TLKM.JK,-1.0,1.0,-0.3333333333333333,-0.18145720472664836,-1.1428571428571428,-1.0,-1
2024-03-21,TLKM.JK,0.0,1.0,-0.3333333333333333,-0.13609290354498627,6.344131569286608e-17,1.0,0
2024-03-22,TLKM.JK,0.0,1.0,-0.3333333333333333,-0.1020696776587397,6.344131569286608e-17,0.0,0
2024-03-25,TLKM.JK,0.1111111111111111,9.0,0.037037037037037035,-0.048774480466277,0.25396825396825407,0.1111111111111111,1
2024-03-26,TLKM.JK,-1.0,10.0,-0.2962962962962963,-0.28658086034970776,-0.873015873015873,-1.1111111111111112,-1
2024-03-27,TLKM.JK,0.0,10.0,-0.2962962962962963,-0.21493564526228082,0.2698412698412699,1.0,0
2024-03-28,TLKM.JK,-1.0,2.0,-0.6666666666666666,-0.4112017339467106,-0.7301587301587301,-1.0,-1
2024-03-29,TLKM.JK,0.0,1.0,-0.3333333333333333,-0.30840130046003295,0.41269841269841273,1.0,0
2024-04-01,TLKM.JK,-1.0,2.0,-0.6666666666666666,-0.4813009753450247,-0.7301587301587301,-1.0,-1
2024-04-02,TLKM.JK,0.0,3.0,-0.3333333333333333,-0.3609757315087685,0.41269841269841273,1.0,0
2024-04-03,TLKM.JK,0.0,3.0,-0.3333333333333333,-0.27073179863157637,0.41269841269841273,0.0,0
2024-04-04,TLKM.JK,0.0,2.0,0.0,-0.20304884897368228,0.42857142857142866,0.0,0
2024-04-05,TLKM.JK,0.0,0.0,0.0,-0.15228663673026172,0.28571428571428575,0.0,0
2024-04-08,TLKM.JK,0.0,1.0,0.0,-0.11421497754769629,0.28571428571428575,0.0,0
2024-04-09,TLKM.JK,0.0,1.0,0.0,-0.08566123316077222,0.14285714285714293,0.0,0
2024-04-10,TLKM.JK,0.0,1.0,0.0,-0.06424592487057916,0.14285714285714293,0.0,0
2024-04-11,TLKM.JK,0.0,0.0,0.0,-0.04818444365293437,0.0,0.0,0
2024-04-12,TLKM.JK,0.0,0.0,0.0,-0.036138332739700775,0.0,0.0,0
2024-04-15,TLKM.JK,0.0,0.0,0.0,-0.027103749554775583,0.0,0.0,0
2024-04-16,TLKM.JK,0.0,0.0,0.0,-0.020327812166081687,0.0,0.0,0
2024-04-17,TLKM.JK,1.0,1.0,0.3333333333333333,0.23475414087543872,1.0,1.0,1
2024-04-18,TLKM.JK,-0.3333333333333333,4.0,0.22222222222222224,0.0927322723232457,-0.4761904761904761,-1.3333333333333333,-1
2024-04-19,TLKM.JK,-1.0,5.0,-0.11111111111111109,-0.18045079575756573,-1.0952380952380951,-0.6666666666666667,-1
2024-04-22,TLKM.JK,0.5,8.0,-0.27777777777777773,-0.010338096818174297,0.5476190476190477,1.5,1
2024-04-23,TLKM.JK,0.0,5.0,-0.16666666666666666,-0.007753572613630723,-0.023809523809523756,-0.5,0
2024-04-24,TLKM.JK,0.0,4.0,0.16666666666666666,-0.005815179460223042,-0.023809523809523756,0.0,0
2024-04-25,TLKM.JK,0.0,0.0,0.0,-0.004361384595167281,-0.023809523809523756,0.0,0
2024-04-26,TLKM.JK,0.0,0.0,0.0,-0.003271038446375461,-0.023809523809523756,0.0,0
2024-04-29,TLKM.JK,1.0,1.0,0.3333333333333333,0.2475467211652184,1.119047619047619,1.0,1
2024-04-30,TLKM.JK,0.0,1.0,0.3333333333333333,0.1856600408739138,-0.07142857142857137,-1.0,0
2024-05-01,TLKM.JK,0.0,1.0,0.3333333333333333,0.13924503065543536,-0.21428571428571422,0.0,0
2024-05-02,TLKM.JK,1.0,1.0,0.3333333333333333,0.3544337729915765,0.8571428571428572,1.0,1
2024-05-03,TLKM.JK,0.5,3.0,0.5,0.3908253297436824,0.21428571428571436,-0.5,1
2024-05-06,TLKM.JK,0.0,5.0,0.5,0.2931189973077618,-0.3571428571428571,-0.5,0
2024-05-07,TLKM.JK,1.0,5.0,0.5,0.46983924798082133,0.6428571428571429,1.0,1
2024-05-08,TLKM.JK,1.0,4.0,0.6666666666666666,0.602379435985616,0.5,0.0,1
2024-05-09,TLKM.JK,0.0,2.0,0.6666666666666666,0.45178457698921204,-0.49999999999999994,-1.0,0
2024-05-10,TLKM.JK,-0.5,3.0,0.16666666666666666,0.21383843274190906,-1.0,-0.5,-1
2024-05-13,TLKM.JK,0.0,5.0,-0.16666666666666666,0.1603788245564318,-0.4285714285714285,0.5,0
2024-05-14,TLKM.JK,0.0,5.0,-0.16666666666666666,0.12028411841732384,-0.28571428571428564,0.0,0
2024-05-15,TLKM.JK,-1.0,4.0,-0.3333333333333333,-0.1597869111870071,-1.2142857142857142,-1.0,-1
2024-05-16,TLKM.JK,1.0,2.0,0.0,0.13015981660974468,0.9285714285714286,2.0,1
2024-05-17,TLKM.JK,0.0,2.0,0.0,0.09761986245730851,-0.07142857142857137,-1.0,0
2024-05-20,TLKM.JK,0.0,2.0,0.3333333333333333,0.07321489684298138,0.0714285714285715,0.0,0
2024-05-21,TLKM.JK,0.0,1.0,0.0,0.054911172632236036,0.0714285714285715,0.0,0
2024-05-22,TLKM.JK,-1.0,2.0,-0.3333333333333333,-0.20881662052582298,-0.9999999999999999,-1.0,-1
2024-05-23,TLKM.JK,0.0,1.0,-0.3333333333333333,-0.15661246539436724,0.14285714285714293,1.0,0
2024-05-24,TLKM.JK,0.0,1.0,-0.3333333333333333,-0.11745934904577543,0.14285714285714293,0.0,0
2024-05-27,TLKM.JK,0.0,1.0,0.0,-0.08809451178433157,6.344131569286608e-17,0.0,0
2024-05-28,TLKM.JK,-1.0,2.0,-0.3333333333333333,-0.31607088383824866,-0.8571428571428571,-1.0,-1
2024-05-29,TLKM.JK,0.0,3.0,-0.3333333333333333,-0.2370531628786865,0.28571428571428575,1.0,0
2024-05-30,TLKM.JK,-0.5,4.0,-0.5,-0.3027898721590149,-0.21428571428571425,-0.5,-1
2024-05-31,TLKM.JK,0.0,3.0,-0.16666666666666666,-0.22709240411926115,0.3571428571428572,0.5,0
2024-06-03,TLKM.JK,1.0,4.0,0.16666666666666666,0.07968069691055413,1.2142857142857144,1.0,1
2024-06-04,TLKM.JK,0.0,2.0,0.3333333333333333,0.059760522682915596,0.0714285714285715,-1.0,0
2024-06-05,TLKM.JK,0.0,2.0,0.3333333333333333,0.0448203920121867,0.0714285714285715,0.0,0
2024-06-06,TLKM.JK,0.0,1.0,0.0,0.033615294009140026,0.0714285714285715,0.0,0
2024-06-07,TLKM.JK,0.6666666666666666,4.0,0.2222222222222222,0.19187813717352167,0.5952380952380952,0.6666666666666666,1
2024-06-10,TLKM.JK,0.0,4.0,0.2222222222222222,0.14390860288014126,-0.16666666666666657,-0.6666666666666666,0
2024-06-11,TLKM.JK,0.0,4.0,0.2222222222222222,0.10793145216010594,-0.238095238095238,0.0,0
2024-06-12,TLKM.JK,0.0,1.0,0.0,0.08094858912007946,-0.238095238095238,0.0,0
2024-06-13,TLKM.JK,0.0,1.0,0.0,0.060711441840059596,-0.09523809523809516,0.0,0
2024-06-14,TLKM.JK,1.0,1.0,0.3333333333333333,0.2955335813800447,0.9047619047619049,1.0,1
2024-06-17,TLKM.JK,0.0,1.0,0.3333333333333333,0.22165018603503353,-0.238095238095238,-1.0,0
2024-06-18,TLKM.JK,0.0,1.0,0.3333333333333333,0.16623763952627515,-0.238095238095238,0.0,0
2024-06-19,TLKM.JK,-0.5,2.0,-0.16666666666666666,-0.00032177035529362685,-0.6428571428571428,-0.5,-1
2024-06-20,TLKM.JK,0.0,2.0,-0.16666666666666666,-0.00024132776647022014,-0.07142857142857137,0.5,0
2024-06-21,TLKM.JK,0.0,2.0,-0.16666666666666666,-0.0001809958248526651,-0.07142857142857137,0.0,0
2024-06-24,TLKM.JK,0.0,3.0,0.0,-0.00013574686863949883,-0.07142857142857137,0.0,0
2024-06-25,TLKM.JK,0.0,3.0,0.0,-0.00010181015147962412,-0.07142857142857137,0.0,0
2024-06-26,TLKM.JK,0.0,3.0,0.0,-7.635761360971809e-05,0.0714285714285715,0.0,0
2024-06-27,TLKM.JK,-1.0,2.0,-0.3333333333333333,-0.2500572682102073,-0.9285714285714285,-1.0,-1
2024-06-28,TLKM.JK,-1.0,4.0,-0.6666666666666666,-0.43754295115765546,-0.7857142857142856,0.0,-1
2024-07-01,TLKM.JK,-1.0,5.0,-1.0,-0.5781572133682416,-0.7142857142857142,0.0,-1
2024-07-02,TLKM.JK,0.0,3.0,-0.6666666666666666,-0.43361791002618116,0.42857142857142866,1.0,0
2024-07-03,TLKM.JK,0.0,1.0,-0.3333333333333333,-0.32521343251963586,0.42857142857142866,0.0,0
2024-07-04,TLKM.JK,0.0,0.0,0.0,-0.2439100743897269,0.42857142857142866,0.0,0
2024-07-05,TLKM.JK,0.0,0.0,0.0,-0.18293255579229517,0.42857142857142866,0.0,0
2024-07-08,TLKM.JK,0.0,0.0,0.0,-0.13719941684422138,0.42857142857142866,0.0,0
2024-07-09,TLKM.JK,0.0,0.0,0.0,-0.10289956263316603,0.28571428571428575,0.0,0
2024-07-10,TLKM.JK,0.0,0.0,0.0,-0.07717467197487453,0.14285714285714293,0.0,0
2024-07-11,TLKM.JK,0.0,0.0,0.0,-0.05788100398115589,0.0,0.0,0
2024-07-12,TLKM.JK,-1.0,1.0,-0.3333333333333333,-0.29341075298586694,-1.0,-1.0,-1
2024-07-15,TLKM.JK,-0.25,5.0,-0.4166666666666667,-0.2825580647394002,-0.10714285714285707,0.75,-1
2024-07-16,TLKM.JK,-1.0,6.0,-0.75,-0.46191854855455017,-0.8214285714285714,-0.75,-1
2024-07-17,TLKM.JK,-1.0,6.0,-0.75,-0.5964389114159127,-0.6785714285714285,0.0,-1
2024-07-18,TLKM.JK,0.0,3.0,-0.6666666666666666,-0.4473291835619345,0.46428571428571436,1.0,0
2024-07-19,TLKM.JK,0.0,3.0,-0.3333333333333333,-0.3354968876714509,0.46428571428571436,0.0,0
2024-07-22,TLKM.JK,0.0,2.0,0.0,-0.25162266575358816,0.46428571428571436,0.0,0
2024-07-23,TLKM.JK,0.0,1.0,0.0,-0.18871699931519112,0.46428571428571436,0.0,0
2024-07-24,TLKM.JK,0.0,0.0,0.0,-0.14153774948639333,0.3214285714285715,0.0,0
2024-07-25,TLKM.JK,0.0,0.0,0.0,-0.106153312114795,0.28571428571428575,0.0,0
2024-07-26,TLKM.JK,-1.0,1.0,-0.3333333333333333,-0.32961498408609624,-0.8571428571428571,-1.0,-1
2024-07-29,TLKM.JK,0.0,1.0,-0.3333333333333333,-0.24721123806457218,0.14285714285714293,1.0,0
2024-07-30,TLKM.JK,-0.5,5.0,-0.5,-0.31040842854842915,-0.3571428571428571,-0.5,-1
2024-07-31,TLKM.JK,-1.0,6.0,-0.5,-0.48280632141132185,-0.7857142857142856,-0.5,-1
2024-08-01,TLKM.JK,0.0,6.0,-0.5,-0.3621047410584914,0.3571428571428572,1.0,0
2024-08-02,TLKM.JK,-1.0,3.0,-0.6666666666666666,-0.5215785557938686,-0.6428571428571428,-1.0,-1
2024-08-05,TLKM.JK,-0.4,6.0,-0.4666666666666666,-0.4911839168454014,0.10000000000000009,0.6,-1
2024-08-06,TLKM.JK,0.5,8.0,-0.3,-0.2433879376340511,1.0571428571428572,0.9,1
2024-08-07,TLKM.JK,-0.3333333333333333,10.0,-0.07777777777777778,-0.26587428655887163,0.009523809523809601,-0.8333333333333333,-1
2024-08-08,TLKM.JK,-1.0,6.0,-0.27777777777777773,-0.4494057149191537,-0.6095238095238095,-0.6666666666666667,-1
2024-08-09,TLKM.JK,1.0,5.0,-0.11111111111111109,-0.08705428618936528,1.461904761904762,2.0,1
2024-08-12,TLKM.JK,0.0,4.0,1.850371707708594e-17,-0.06529071464202396,0.17619047619047626,-1.0,0
2024-08-13,TLKM.JK,0.0,4.0,0.3333333333333333,-0.04896803598151797,0.17619047619047626,0.0,0
2024-08-14,TLKM.JK,0.0,3.0,0.0,-0.03672602698613848,0.0333333333333334,0.0,0
2024-08-15,TLKM.JK,0.5,3.0,0.16666666666666666,0.09745547976039615,0.4761904761904763,0.5,1
2024-08-16,TLKM.JK,1.0,3.0,0.5,0.3230916098202971,0.9761904761904763,0.5,1
2024-08-19,TLKM.JK,1.0,4.0,0.8333333333333334,0.4923187073652228,0.7857142857142858,0.0,1
2024-08-20,TLKM.JK,0.0,3.0,0.6666666666666666,0.3692390305239171,-0.49999999999999994,-1.0,0
2024-08-21,TLKM.JK,0.0,2.0,0.3333333333333333,0.27692927289293784,-0.3571428571428571,0.0,0
2024-08-22,TLKM.JK,0.0,1.0,0.0,0.2076969546697034,-0.3571428571428571,0.0,0
2024-08-23,TLKM.JK,0.0,0.0,0.0,0.15577271600227754,-0.3571428571428571,0.0,0
2024-08-26,TLKM.JK,0.6666666666666666,6.0,0.2222222222222222,0.2834962036683748,0.30952380952380953,0.6666666666666666,1
2024-08-27,TLKM.JK,-1.0,7.0,-0.11111111111111112,-0.0373778472487189,-1.380952380952381,-1.6666666666666665,-1
2024-08-28,TLKM.JK,0.0,7.0,-0.11111111111111112,-0.028033385436539174,-0.09523809523809516,1.0,0
2024-08-29,TLKM.JK,0.0,1.0,-0.3333333333333333,-0.02102503907740438,0.047619047619047686,0.0,0
2024-08-30,TLKM.JK,0.0,0.0,0.0,-0.015768779308053284,0.047619047619047686,0.0,0
2024-09-02,TLKM.JK,0.0,2.0,0.0,-0.011826584481039962,0.047619047619047686,0.0,0
2024-09-03,TLKM.JK,0.0,2.0,0.0,-0.008869938360779973,0.047619047619047686,0.0,0
2024-09-04,TLKM.JK,0.0,3.0,0.0,-0.0066524537705849795,0.047619047619047686,0.0,0
2024-09-05,TLKM.JK,0.0,1.0,0.0,-0.004989340327938734,0.14285714285714293,0.0,0
2024-09-06,TLKM.JK,0.0,1.0,0.0,-0.003742005245954051,0.0,0.0,0
2024-09-09,TLKM.JK,0.0,0.0,0.0,-0.002806503934465538,0.0,0.0,0
2024-09-10,TLKM.JK,0.5,2.0,0.16666666666666666,0.12289512204915085,0.5,0.5,1
2024-09-11,TLKM.JK,0.0,2.0,0.16666666666666666,0.09217134153686313,-0.07142857142857137,-0.5,0
2024-09-12,TLKM.JK,0.0,3.0,0.16666666666666666,0.06912850615264735,-0.07142857142857137,0.0,0
2024-09-13,TLKM.JK,0.0,1.0,0.0,0.05184637961448551,-0.07142857142857137,0.0,0
2024-09-16,TLKM.JK,0.5,3.0,0.16666666666666666,0.16388478471086412,0.4285714285714286,0.5,1
2024-09-17,TLKM.JK,0.0,2.0,0.16666666666666666,0.1229135885331481,-0.1428571428571428,-0.5,0
2024-09-18,TLKM.JK,0.0,2.0,0.16666666666666666,0.09218519139986107,-0.1428571428571428,0.0,0
2024-09-19,TLKM.JK,0.0,0.0,0.0,0.0691388935498958,-0.1428571428571428,0.0,0
2024-09-20,TLKM.JK,0.0,0.0,0.0,0.05185417016242185,-0.07142857142857137,0.0,0
2024-09-23,TLKM.JK,-1.0,1.0,-0.3333333333333333,-0.2111093723781836,-1.0714285714285714,-1.0,-1
2024-09-24,TLKM.JK,0.0,1.0,-0.3333333333333333,-0.1583320292836377,0.0714285714285715,1.0,0
2024-09-25,TLKM.JK,0.0,1.0,-0.3333333333333333,-0.11874902196272828,0.0714285714285715,0.0,0
2024-09-26,TLKM.JK,-1.0,1.0,-0.3333333333333333,-0.3390617664720462,-0.8571428571428571,-1.0,-1
2024-09-27,TLKM.JK,0.0,1.0,-0.3333333333333333,-0.25429632485403464,0.28571428571428575,1.0,0
2024-09-30,TLKM.JK,0.0,3.0,-0.3333333333333333,-0.19072224364052598,0.28571428571428575,0.0,0
2024-10-01,TLKM.JK,0.0,2.0,0.0,-0.14304168273039447,0.28571428571428575,0.0,0
2024-10-02,TLKM.JK,0.0,2.0,0.0,-0.10728126204779585,0.28571428571428575,0.0,0
2024-10-03,TLKM.JK,0.0,0.0,0.0,-0.08046094653584689,0.14285714285714293,0.0,0
2024-10-04,TLKM.JK,0.0,0.0,0.0,-0.06034570990188516,0.14285714285714293,0.0,0
2024-10-07,TLKM.JK,1.0,2.0,0.3333333333333333,0.20474071757358614,1.142857142857143,1.0,1
2024-10-08,TLKM.JK,0.0,2.0,0.3333333333333333,0.1535555381801896,-0.1428571428571428,-1.0,0
2024-10-09,TLKM.JK,0.0,2.0,0.3333333333333333,0.1151666536351422,-0.1428571428571428,0.0,0
2024-10-10,TLKM.JK,1.0,1.0,0.3333333333333333,0.33637499022635664,0.8571428571428572,1.0,1
2024-10-11,TLKM.JK,0.0,1.0,0.3333333333333333,0.2522812426697675,-0.28571428571428564,-1.0,0
2024-10-14,TLKM.JK,0.0,1.0,0.3333333333333333,0.1892109320023256,-0.28571428571428564,0.0,0
2024-10-15,TLKM.JK,0.0,0.0,0.0,0.1419081990017442,-0.28571428571428564,0.0,0
2024-10-16,TLKM.JK,0.0,0.0,0.0,0.10643114925130814,-0.28571428571428564,0.0,0
2024-10-17,TLKM.JK,0.0,0.0,0.0,0.07982336193848111,-0.1428571428571428,0.0,0
2024-10-18,TLKM.JK,0.0,0.0,0.0,0.05986752145386083,-0.1428571428571428,0.0,0
2024-10-21,TLKM.JK,-1.0,2.0,-0.3333333333333333,-0.20509935890960437,-1.1428571428571428,-1.0,-1
2024-10-22,TLKM.JK,0.0,2.0,-0.3333333333333333,-0.15382451918220327,0.14285714285714293,1.0,0
2024-10-23,TLKM.JK,0.0,3.0,-0.3333333333333333,-0.11536838938665245,0.14285714285714293,0.0,0
2024-10-24,TLKM.JK,0.0,1.0,0.0,-0.08652629203998934,0.14285714285714293,0.0,0
2024-10-25,TLKM.JK,0.0,1.0,0.0,-0.064894719029992,0.14285714285714293,0.0,0
2024-10-28,TLKM.JK,0.0,0.0,0.0,-0.048671039272494,0.14285714285714293,0.0,0
2024-10-29,TLKM.JK,1.0,1.0,0.3333333333333333,0.21349672054562951,1.142857142857143,1.0,1
2024-10-30,TLKM.JK,0.0,1.0,0.3333333333333333,0.16012254040922214,6.344131569286608e-17,-1.0,0
2024-10-31,TLKM.JK,0.0,1.0,0.3333333333333333,0.1200919053069166,-0.1428571428571428,0.0,0
2024-11-01,TLKM.JK,0.0,0.0,0.0,0.09006892898018745,-0.1428571428571428,0.0,0
2024-11-04,TLKM.JK,0.0,0.0,0.0,0.06755169673514058,-0.1428571428571428,0.0,0
2024-11-05,TLKM.JK,1.0,1.0,0.3333333333333333,0.30066377255135546,0.8571428571428572,1.0,1
2024-11-06,TLKM.JK,-1.0,2.0,0.0,-0.024502170586483407,-1.2857142857142856,-2.0,-1
2024-11-07,TLKM.JK,0.0,2.0,0.0,-0.018376627939862555,-0.1428571428571428,1.0,0
2024-11-08,TLKM.JK,-1.0,2.0,-0.6666666666666666,-0.26378247095489693,-0.9999999999999999,-1.0,-1
2024-11-11,TLKM.JK,0.0,1.0,-0.3333333333333333,-0.1978368532161727,0.14285714285714293,1.0,0
2024-11-12,TLKM.JK,0.0,1.0,-0.3333333333333333,-0.14837763991212952,0.14285714285714293,0.0,0
2024-11-13,TLKM.JK,0.0,0.0,0.0,-0.11128322993409714,0.14285714285714293,0.0,0
2024-11-14,TLKM.JK,0.0,0.0,0.0,-0.08346242245057287,0.14285714285714293,0.0,0
2024-11-15,TLKM.JK,0.0,2.0,0.0,-0.06259681683792964,0.28571428571428575,0.0,0
2024-11-18,TLKM.JK,0.3333333333333333,5.0,0.1111111111111111,0.0363857207048861,0.4761904761904763,0.3333333333333333,1
2024-11-19,TLKM.JK,0.3333333333333333,8.0,0.2222222222222222,0.11062262386199789,0.4285714285714286,0.0,1
2024-11-20,TLKM.JK,0.0,6.0,0.2222222222222222,0.08296696789649842,-0.09523809523809516,-0.3333333333333333,0
2024-11-21,TLKM.JK,-1.0,4.0,-0.22222222222222224,-0.1877747740776262,-1.0952380952380951,-1.0,-1
2024-11-22,TLKM.JK,0.0,1.0,-0.3333333333333333,-0.14083108055821963,0.047619047619047686,1.0,0
2024-11-25,TLKM.JK,0.0,1.0,-0.3333333333333333,-0.10562331041866473,0.047619047619047686,0.0,0
2024-11-26,TLKM.JK,0.0,0.0,0.0,-0.07921748281399854,0.047619047619047686,0.0,0
2024-11-27,TLKM.JK,0.0,0.0,0.0,-0.059413112110498906,0.047619047619047686,0.0,0
2024-11-28,TLKM.JK,1.0,1.0,0.3333333333333333,0.20544016591712583,1.0952380952380953,1.0,1
2024-11-29,TLKM.JK,0.0,1.0,0.3333333333333333,0.15408012443784436,6.344131569286608e-17,-1.0,0
2024-12-02,TLKM.JK,0.0,1.0,0.3333333333333333,0.11556009332838327,6.344131569286608e-17,0.0,0
2024-12-03,TLKM.JK,-1.0,2.0,-0.3333333333333333,-0.16332993000371254,-1.1428571428571428,-1.0,-1
2024-12-04,TLKM.JK,1.0,3.0,0.0,0.1275025524972156,1.0,2.0,1
2024-12-05,TLKM.JK,0.0,3.0,0.0,0.0956269143729117,-0.1428571428571428,-1.0,0
2024-12-06,TLKM.JK,0.0,1.0,0.3333333333333333,0.07172018577968377,-0.1428571428571428,0.0,0
2024-12-09,TLKM.JK,1.0,1.0,0.3333333333333333,0.30379013933476284,0.8571428571428572,1.0,1
2024-12-10,TLKM.JK,0.0,1.0,0.3333333333333333,0.22784260450107213,-0.1428571428571428,-1.0,0
2024-12-11,TLKM.JK,0.0,1.0,0.3333333333333333,0.17088195337580409,-0.1428571428571428,0.0,0
2024-12-12,TLKM.JK,0.0,0.0,0.0,0.12816146503185305,-0.1428571428571428,0.0,0
2024-12-13,TLKM.JK,0.0,0.0,0.0,0.09612109877388979,-0.28571428571428564,0.0,0
2024-12-16,TLKM.JK,0.0,1.0,0.0,0.07209082408041734,-0.1428571428571428,0.0,0
2024-12-17,TLKM.JK,0.3333333333333333,4.0,0.1111111111111111,0.13740145139364635,0.19047619047619052,0.3333333333333333,1
2024-12-18,TLKM.JK,0.0,4.0,0.1111111111111111,0.10305108854523476,-0.1904761904761904,-0.3333333333333333,0
2024-12-19,TLKM.JK,1.0,4.0,0.4444444444444444,0.3272883164089261,0.9523809523809524,1.0,1
2024-12-20,TLKM.JK,0.0,1.0,0.3333333333333333,0.24546623730669456,-0.1904761904761904,-1.0,0
2024-12-23,TLKM.JK,0.0,3.0,0.3333333333333333,0.18409967798002091,-0.1904761904761904,0.0,0
2024-12-24,TLKM.JK,0.0,3.0,0.0,0.1380747584850157,-0.1904761904761904,0.0,0
2024-12-25,TLKM.JK,-1.0,4.0,-0.3333333333333333,-0.14644393113623824,-1.1904761904761905,-1.0,-1
2024-12-26,TLKM.JK,0.0,2.0,-0.3333333333333333,-0.10983294835217869,-0.04761904761904755,1.0,0
2024-12-27,TLKM.JK,-1.0,2.0,-0.6666666666666666,-0.332374711264134,-0.9999999999999999,-1.0,-1
2024-12-30,TLKM.JK,0.0,1.0,-0.3333333333333333,-0.2492810334481005,0.14285714285714293,1.0,0
2024-12-31,TLKM.JK,0.0,1.0,-0.3333333333333333,-0.18696077508607536,0.28571428571428575,0.0,0
2025-01-01,TLKM.JK,0.0,0.0,0.0,-0.14022058131455653,0.28571428571428575,0.0,0
2025-01-02,TLKM.JK,0.0,0.0,0.0,-0.1051654359859174,0.28571428571428575,0.0,0
2025-01-03,TLKM.JK,0.5,2.0,0.16666666666666666,0.04612592301056195,0.7857142857142858,0.5,1
2025-01-06,TLKM.JK,-0.3333333333333333,5.0,0.05555555555555556,-0.048738891075411864,-0.2619047619047618,-0.8333333333333333,-1
2025-01-07,TLKM.JK,-1.0,6.0,-0.27777777777777773,-0.2865541683065589,-0.8809523809523809,-0.6666666666666667,-1
2025-01-08,TLKM.JK,0.0,4.0,-0.4444444444444444,-0.21491562622991917,0.1190476190476191,1.0,0
2025-01-09,TLKM.JK,0.0,1.0,-0.3333333333333333,-0.16118671967243936,0.1190476190476191,0.0,0
2025-01-10,TLKM.JK,0.0,0.0,0.0,-0.12089003975432952,0.1190476190476191,0.0,0
2025-01-13,TLKM.JK,-1.0,1.0,-0.3333333333333333,-0.3406675298157471,-0.8809523809523809,-1.0,-1
2025-01-14,TLKM.JK,0.0,1.0,-0.3333333333333333,-0.25550064736181033,0.261904761904762,1.0,0
2025-01-15,TLKM.JK,0.0,1.0,-0.3333333333333333,-0.19162548552135775,0.3333333333333334,0.0,0
2025-01-16,TLKM.JK,-1.0,1.0,-0.3333333333333333,-0.39371911414101834,-0.7142857142857142,-1.0,-1
2025-01-17,TLKM.JK,0.0,1.0,-0.3333333333333333,-0.29528933560576376,0.28571428571428575,1.0,0
2025-01-20,TLKM.JK,-1.0,2.0,-0.6666666666666666,-0.4714670017043228,-0.7142857142857142,-1.0,-1
2025-01-21,TLKM.JK,0.0,1.0,-0.3333333333333333,-0.35360025127824213,0.42857142857142866,1.0,0
2025-01-22,TLKM.JK,0.25,5.0,-0.25,-0.2027001884586816,0.6785714285714286,0.25,1
2025-01-23,TLKM.JK,0.0,4.0,0.08333333333333333,-0.15202514134401118,0.25000000000000006,-0.25,0
2025-01-24,TLKM.JK,0.0,5.0,0.08333333333333333,-0.11401885600800839,0.25000000000000006,0.0,0
2025-01-27,TLKM.JK,-0.6666666666666666,4.0,-0.2222222222222222,-0.25218080867267295,-0.4166666666666666,-0.6666666666666666,-1
2025-01-28,TLKM.JK,0.0,5.0,-0.2222222222222222,-0.18913560650450473,0.2023809523809524,0.6666666666666666,0
2025-01-29,TLKM.JK,0.0,4.0,-0.2222222222222222,-0.14185170487837856,0.2023809523809524,0.0,0
2025-01-30,TLKM.JK,0.0,1.0,0.0,-0.10638877865878392,0.05952380952380958,0.0,0
2025-01-31,TLKM.JK,0.0,0.0,0.0,-0.07979158399408794,0.05952380952380958,0.0,0
2025-02-03,TLKM.JK,0.0,0.0,0.0,-0.059843687995565956,0.0952380952380953,0.0,0
2025-02-04,TLKM.JK,0.0,0.0,0.0,-0.04488276599667447,0.0952380952380953,0.0,0
2025-02-05,TLKM.JK,0.5,2.0,0.16666666666666666,0.09133792550249414,0.5952380952380953,0.5,1
2025-02-06,TLKM.JK,-1.0,3.0,-0.16666666666666666,-0.1814965558731294,-1.0714285714285714,-1.5,-1
2025-02-07,TLKM.JK,0.0,3.0,-0.16666666666666666,-0.13612241690484705,0.0714285714285715,1.0,0
2025-02-10,TLKM.JK,-1.0,2.0,-0.6666666666666666,-0.3520918126786353,-0.9285714285714285,-1.0,-1
2025-02-11,TLKM.JK,0.0,1.0,-0.3333333333333333,-0.2640688595089765,0.21428571428571436,1.0,0
2025-02-12,TLKM.JK,0.0,3.0,-0.3333333333333333,-0.1980516446317324,0.21428571428571436,0.0,0
2025-02-13,TLKM.JK,0.0,2.0,0.0,-0.14853873347379928,0.21428571428571436,0.0,0
2025-02-14,TLKM.JK,0.0,2.0,0.0,-0.11140405010534946,0.21428571428571436,0.0,0
2025-02-17,TLKM.JK,0.0,0.0,0.0,-0.08355303757901208,0.28571428571428575,0.0,0
2025-02-18,TLKM.JK,0.0,0.0,0.0,-0.06266477818425906,0.14285714285714293,0.0,0
2025-02-19,TLKM.JK,0.0,0.0,0.0,-0.04699858363819429,0.14285714285714293,0.0,0
2025-02-20,TLKM.JK,0.0,0.0,0.0,-0.03524893772864572,0.0,0.0,0
2025-02-21,TLKM.JK,0.0,1.0,0.0,-0.02643670329648429,0.0,0.0,0
2025-02-24,TLKM.JK,0.0,2.0,0.0,-0.01982752747236322,0.0,0.0,0
2025-02-25,TLKM.JK,-0.3333333333333333,5.0,-0.1111111111111111,-0.09820397893760574,-0.3333333333333333,-0.3333333333333333,-1
2025-02-26,TLKM.JK,0.0,4.0,-0.1111111111111111,-0.0736529842032043,0.04761904761904768,0.3333333333333333,0
2025-02-27,TLKM.JK,0.0,3.0,-0.1111111111111111,-0.055239738152403225,0.04761904761904768,0.0,0
2025-02-28,TLKM.JK,-1.0,1.0,-0.3333333333333333,-0.29142980361430243,-0.9523809523809523,-1.0,-1
2025-03-03,TLKM.JK,-1.0,2.0,-0.6666666666666666,-0.46857235271072684,-0.8095238095238095,0.0,-1
2025-03-04,TLKM.JK,0.0,2.0,-0.6666666666666666,-0.3514292645330451,0.3333333333333334,1.0,0
2025-03-05,TLKM.JK,0.0,1.0,-0.3333333333333333,-0.2635719483997838,0.3333333333333334,0.0,0
2025-03-06,TLKM.JK,0.0,0.0,0.0,-0.19767896129983786,0.3333333333333334,0.0,0
2025-03-07,TLKM.JK,0.0,1.0,0.0,-0.1482592209748784,0.2857142857142857,0.0,0
2025-03-10,TLKM.JK,-0.25,5.0,-0.08333333333333333,-0.1736944157311588,0.0357142857142857,-0.25,-1
2025-03-11,TLKM.JK,1.0,6.0,0.25,0.11972918820163092,1.3214285714285714,1.25,1
2025-03-12,TLKM.JK,0.0,5.0,0.25,0.08979689115122319,0.035714285714285775,-1.0,0
2025-03-13,TLKM.JK,0.0,1.0,0.3333333333333333,0.06734766836341739,-0.10714285714285708,0.0,0
2025-03-14,TLKM.JK,0.0,0.0,0.0,0.05051075127256305,-0.10714285714285708,0.0,0
2025-03-17,TLKM.JK,0.0,0.0,0.0,0.037883063454422286,-0.10714285714285708,0.0,0
2025-03-18,TLKM.JK,-1.0,1.0,-0.3333333333333333,-0.2215877024091833,-1.107142857142857,-1.0,-1
2025-03-19,TLKM.JK,0.0,1.0,-0.3333333333333333,-0.16619077680688749,0.035714285714285775,1.0,0
2025-03-20,TLKM.JK,-1.0,2.0,-0.6666666666666666,-0.3746430826051656,-0.9999999999999999,-1.0,-1
2025-03-21,TLKM.JK,0.0,1.0,-0.3333333333333333,-0.2809823119538742,0.28571428571428575,1.0,0
2025-03-24,TLKM.JK,-0.5,5.0,-0.5,-0.33573673396540565,-0.21428571428571425,-0.5,-1
2025-03-25,TLKM.JK,-1.0,5.0,-0.5,-0.5018025504740542,-0.6428571428571428,-0.5,-1
2025-03-26,TLKM.JK,-1.0,6.0,-0.8333333333333334,-0.6263519128555406,-0.4999999999999999,0.0,-1
2025-03-27,TLKM.JK,0.0,2.0,-0.6666666666666666,-0.46976393464165545,0.6428571428571429,1.0,0
2025-03-28,TLKM.JK,0.0,1.0,-0.3333333333333333,-0.35232295098124156,0.5000000000000001,0.0,0
2025-03-31,TLKM.JK,-1.0,1.0,-0.3333333333333333,-0.5142422132359312,-0.4999999999999999,-1.0,-1
2025-04-01,TLKM.JK,0.0,1.0,-0.3333333333333333,-0.3856816599269484,0.5000000000000001,1.0,0
2025-04-02,TLKM.JK,0.0,1.0,-0.3333333333333333,-0.2892612449452113,0.5000000000000001,0.0,0
2025-04-03,TLKM.JK,0.0,0.0,0.0,-0.2169459337089085,0.42857142857142866,0.0,0
2025-04-04,TLKM.JK,0.0,0.0,0.0,-0.16270945028168138,0.28571428571428575,0.0,0
2025-04-07,TLKM.JK,0.0,0.0,0.0,-0.12203208771126103,0.14285714285714293,0.0,0
2025-04-08,TLKM.JK,0.0,0.0,0.0,-0.09152406578344577,0.14285714285714293,0.0,0
2025-04-09,TLKM.JK,0.0,0.0,0.0,-0.06864304933758433,0.14285714285714293,0.0,0
2025-04-10,TLKM.JK,0.0,0.0,0.0,-0.05148228700318825,0.0,0.0,0
2025-04-11,TLKM.JK,0.0,0.0,0.0,-0.03861171525239119,0.0,0.0,0
2025-04-14,TLKM.JK,0.0,2.0,0.0,-0.028958786439293394,0.0,0.0,0
2025-04-15,TLKM.JK,0.0,2.0,0.0,-0.021719089829470045,0.0,0.0,0
2025-04-16,TLKM.JK,0.0,2.0,0.0,-0.016289317372102534,0.0,0.0,0
2025-04-17,TLKM.JK,0.5,4.0,0.16666666666666666,0.1127830119709231,0.5,0.5,1
2025-04-18,TLKM.JK,-1.0,5.0,-0.16666666666666666,-0.1654127410218077,-1.0714285714285714,-1.5,-1
2025-04-21,TLKM.JK,0.14285714285714285,12.0,-0.11904761904761905,-0.08834527005207006,0.21428571428571436,1.1428571428571428,1
2025-04-22,TLKM.JK,0.0,9.0,-0.28571428571428575,-0.06625895253905255,0.05102040816326537,-0.14285714285714285,0
2025-04-23,TLKM.JK,1.0,9.0,0.38095238095238093,0.2003057855957106,1.0510204081632655,1.0,1
2025-04-24,TLKM.JK,0.0,2.0,0.3333333333333333,0.15022933919678294,-0.09183673469387747,-1.0,0
2025-04-25,TLKM.JK,0.5,3.0,0.5,0.2376720043975872,0.4081632653061225,0.5,1
2025-04-28,TLKM.JK,0.6,7.0,0.3666666666666667,0.32825400329819043,0.43673469387755104,0.09999999999999998,1
2025-04-29,TLKM.JK,0.0,7.0,0.3666666666666667,0.24619050247364282,-0.1775510204081632,-0.6,0
2025-04-30,TLKM.JK,1.0,6.0,0.5333333333333333,0.4346428768552321,0.6795918367346939,1.0,1
2025-05-01,TLKM.JK,0.0,1.0,0.3333333333333333,0.3259821576414241,-0.4428571428571428,-1.0,0
2025-05-02,TLKM.JK,1.0,2.0,0.6666666666666666,0.49448661823106804,0.5571428571428572,1.0,1
2025-05-05,TLKM.JK,-0.3333333333333333,4.0,0.22222222222222224,0.2875316303399677,-0.7761904761904761,-1.3333333333333333,-1
2025-05-06,TLKM.JK,0.0,4.0,0.22222222222222224,0.21564872275497576,-0.39523809523809517,0.3333333333333333,0
2025-05-07,TLKM.JK,-1.0,4.0,-0.4444444444444444,-0.08826345793376816,-1.3238095238095238,-1.0,-1
2025-05-08,TLKM.JK,0.0,1.0,-0.3333333333333333,-0.06619759345032612,-0.09523809523809515,1.0,0
2025-05-09,TLKM.JK,0.0,1.0,-0.3333333333333333,-0.049648195087744595,-0.09523809523809516,0.0,0
2025-05-12,TLKM.JK,0.0,1.0,0.0,-0.03723614631580845,0.047619047619047686,0.0,0
2025-05-13,TLKM.JK,0.0,1.0,0.0,-0.027927109736856335,0.047619047619047686,0.0,0
2025-05-14,TLKM.JK,0.0,1.0,0.0,-0.020945332302642252,0.19047619047619055,0.0,0
2025-05-15,TLKM.JK,0.0,1.0,0.0,-0.015708999226981688,0.14285714285714296,0.0,0
2025-05-16,TLKM.JK,0.0,1.0,0.0,-0.011781749420236267,0.14285714285714296,0.0,0
2025-05-19,TLKM.JK,-0.5,3.0,-0.16666666666666666,-0.1338363120651772,-0.5,-0.5,-1
2025-05-20,TLKM.JK,0.0,2.0,-0.16666666666666666,-0.10037723404888291,0.07142857142857152,0.5,0
2025-05-21,TLKM.JK,0.0,2.0,-0.16666666666666666,-0.07528292553666219,0.07142857142857152,0.0,0
2025-05-22,TLKM.JK,0.25,4.0,0.08333333333333333,0.006037805847503359,0.3214285714285715,0.25,1
2025-05-23,TLKM.JK,0.0,4.0,0.08333333333333333,0.0045283543856275196,0.03571428571428581,-0.25,0
2025-05-26,TLKM.JK,-0.5,6.0,-0.08333333333333333,-0.12160373421077936,-0.4642857142857142,-0.5,-1
2025-05-27,TLKM.JK,0.14285714285714285,30.0,-0.11904761904761905,-0.055488514943798806,0.2500000000000001,0.6428571428571428,1
2025-05-28,TLKM.JK,0.4444444444444444,48.0,0.02910052910052909,0.069494724903262,0.5311791383219956,0.30158730158730157,1
2025-05-29,TLKM.JK,0.0,50.0,0.19576719576719573,0.0521210436774465,-0.0481859410430838,-0.4444444444444444,0
2025-05-30,TLKM.JK,-0.5,24.0,-0.018518518518518528,-0.08590921724191512,-0.5481859410430838,-0.5,-1
2025-06-02,TLKM.JK,0.3333333333333333,12.0,-0.05555555555555556,0.01890142040189699,0.35657596371882094,0.8333333333333333,1
2025-06-03,TLKM.JK,0.6666666666666666,14.0,0.16666666666666666,0.1808427319680894,0.6780045351473923,0.3333333333333333,1
2025-06-04,TLKM.JK,0.0,13.0,0.3333333333333333,0.13563204897606704,-0.08390022675736951,-0.6666666666666666,0
2025-06-05,TLKM.JK,1.0,8.0,0.5555555555555556,0.35172403673205027,0.8446712018140591,1.0,1
2025-06-06,TLKM.JK,0.0,2.0,0.3333333333333333,0.2637930275490377,-0.2777777777777777,-1.0,0
2025-06-09,TLKM.JK,0.0,5.0,0.3333333333333333,0.1978447706617783,-0.2142857142857142,0.0,0
2025-06-10,TLKM.JK,-1.0,6.0,-0.3333333333333333,-0.10161642200366627,-1.2142857142857142,-1.0,-1
2025-06-11,TLKM.JK,0.0,6.0,-0.3333333333333333,-0.0762123165027497,-0.14285714285714277,1.0,0
2025-06-12,TLKM.JK,0.0,2.0,-0.3333333333333333,-0.05715923737706228,-0.09523809523809514,0.0,0
2025-06-13,TLKM.JK,-1.0,1.0,-0.3333333333333333,-0.2928694280327967,-0.9999999999999999,-1.0,-1
2025-06-16,TLKM.JK,0.0,1.0,-0.3333333333333333,-0.21965207102459752,0.14285714285714296,1.0,0
2025-06-17,TLKM.JK,0.0,3.0,-0.3333333333333333,-0.16473905326844815,0.28571428571428586,0.0,0
2025-06-18,TLKM.JK,-1.0,5.0,-0.3333333333333333,-0.3735542899513361,-0.7142857142857142,-1.0,-1
2025-06-19,TLKM.JK,0.0,7.0,-0.3333333333333333,-0.28016571746350205,0.4285714285714287,1.0,0
2025-06-20,TLKM.JK,0.0,6.0,-0.3333333333333333,-0.21012428809762654,0.28571428571428586,0.0,0
2025-06-23,TLKM.JK,-1.0,4.0,-0.3333333333333333,-0.4075932160732199,-0.7142857142857142,-1.0,-1
2025-06-24,TLKM.JK,1.0,3.0,0.0,-0.05569491205491495,1.4285714285714288,2.0,1
2025-06-25,TLKM.JK,-1.0,3.0,-0.3333333333333333,-0.2917711840411862,-0.857142857142857,-2.0,-1
2025-06-26,TLKM.JK,-1.0,3.0,-0.3333333333333333,-0.46882838803088966,-0.7142857142857142,0.0,-1
2025-06-27,TLKM.JK,0.0,2.0,-0.6666666666666666,-0.35162129102316725,0.4285714285714287,1.0,0
2025-06-30,TLKM.JK,0.0,2.0,-0.3333333333333333,-0.2637159682673754,0.28571428571428586,0.0,0
2025-07-01,TLKM.JK,0.0,1.0,0.0,-0.19778697620053157,0.28571428571428586,0.0,0
2025-07-02,TLKM.JK,-1.0,2.0,-0.3333333333333333,-0.3983402321503987,-0.7142857142857142,-1.0,-1
2025-07-03,TLKM.JK,-1.0,2.0,-0.6666666666666666,-0.5487551741127991,-0.7142857142857142,0.0,-1
2025-07-04,TLKM.JK,-1.0,4.0,-1.0,-0.6615663805845993,-0.4285714285714285,0.0,-1
2025-07-07,TLKM.JK,0.0,5.0,-0.6666666666666666,-0.49617478543844945,0.5714285714285715,1.0,0
2025-07-08,TLKM.JK,0.0,5.0,-0.3333333333333333,-0.3721310890788371,0.4285714285714287,0.0,0
2025-07-09,TLKM.JK,0.0,4.0,0.0,-0.2790983168091278,0.4285714285714287,0.0,0
2025-07-10,TLKM.JK,0.0,2.0,0.0,-0.20932373760684583,0.4285714285714287,0.0,0
2025-07-11,TLKM.JK,0.0,1.0,0.0,-0.15699280320513437,0.4285714285714287,0.0,0
2025-07-14,TLKM.JK,1.0,1.0,0.3333333333333333,0.13225539759614924,1.2857142857142858,1.0,1
2025-07-15,TLKM.JK,1.0,2.0,0.6666666666666666,0.34919154819711196,1.0,0.0,1
2025-07-16,TLKM.JK,0.0,2.0,0.6666666666666666,0.26189366114783397,-0.28571428571428564,-1.0,0
2025-07-17,TLKM.JK,1.0,2.0,0.6666666666666666,0.4464202458608755,0.7142857142857144,1.0,1
2025-07-18,TLKM.JK,0.0,1.0,0.3333333333333333,0.3348151843956566,-0.42857142857142844,-1.0,0
2025-07-21,TLKM.JK,0.6666666666666666,4.0,0.5555555555555555,0.41777805496340914,0.2380952380952382,0.6666666666666666,1
2025-07-22,TLKM.JK,1.0,4.0,0.5555555555555555,0.5633335412225569,0.4761904761904763,0.33333333333333337,1
2025-07-23,TLKM.JK,0.0,4.0,0.5555555555555555,0.42250015591691764,-0.6666666666666666,-1.0,0
2025-07-24,TLKM.JK,0.0,1.0,0.3333333333333333,0.3168751169376882,-0.5238095238095237,0.0,0
2025-07-25,TLKM.JK,-1.0,1.0,-0.3333333333333333,-0.012343662296733837,-1.380952380952381,-1.0,-1
2025-07-28,TLKM.JK,1.0,5.0,-3.700743415417188e-17,0.24074225327744964,0.761904761904762,2.0,1
2025-07-29,TLKM.JK,1.0,7.0,0.3333333333333333,0.4305566899580872,0.761904761904762,0.0,1
2025-07-30,TLKM.JK,1.0,7.0,1.0,0.5729175174685655,0.6190476190476191,0.0,1
2025-07-31,TLKM.JK,0.0,3.0,0.6666666666666666,0.4296881381014241,-0.4285714285714285,-1.0,0
2025-08-01,TLKM.JK,1.0,2.0,0.6666666666666666,0.5722661035760681,0.7142857142857144,1.0,1
2025-08-04,TLKM.JK,0.5,3.0,0.5,0.5541995776820511,0.07142857142857151,-0.5,1
2025-08-05,TLKM.JK,-1.0,4.0,0.16666666666666666,0.16564968326153828,-1.5,-1.5,-1
2025-08-06,TLKM.JK,0.0,3.0,-0.16666666666666666,0.12423726244615371,-0.5,1.0,0
2025-08-07,TLKM.JK,0.0,3.0,-0.3333333333333333,0.09317794683461528,-0.3571428571428571,0.0,0
2025-08-08,TLKM.JK,0.0,2.0,0.0,0.06988346012596146,-0.21428571428571422,0.0,0
2025-08-11,TLKM.JK,-0.42857142857142855,9.0,-0.14285714285714285,-0.05473026204838605,-0.4999999999999999,-0.42857142857142855,-1
2025-08-12,TLKM.JK,0.5555555555555556,16.0,0.042328042328042347,0.09784119235259936,0.5453514739229026,0.9841269841269842,1
2025-08-13,TLKM.JK,1.0,20.0,0.37566137566137564,0.3233808942644495,1.0532879818594105,0.4444444444444444,1
2025-08-14,TLKM.JK,-0.5,21.0,0.35185185185185186,0.11753567069833712,-0.518140589569161,-1.5,-1
2025-08-15,TLKM.JK,-0.3333333333333333,15.0,0.05555555555555556,0.004818419690419504,-0.4229024943310657,0.16666666666666669,-1
2025-08-18,TLKM.JK,-1.0,12.0,-0.611111111111111,-0.24638618523218536,-1.0419501133786848,-0.6666666666666667,-1
2025-08-19,TLKM.JK,1.0,5.0,-0.11111111111111109,0.06521036107586098,1.1009070294784582,2.0,1
2025-08-20,TLKM.JK,0.0,2.0,1.850371707708594e-17,0.048907770806895734,-0.041950113378684754,-1.0,0
2025-08-21,TLKM.JK,0.0,1.0,0.3333333333333333,0.0366808281051718,-0.10317460317460313,0.0,0
2025-08-22,TLKM.JK,0.0,0.0,0.0,0.02751062107887885,-0.023809523809523756,0.0,0
2025-08-25,TLKM.JK,-1.0,2.0,-0.3333333333333333,-0.22936703419084087,-0.8809523809523809,-1.0,-1
2025-08-26,TLKM.JK,0.0,2.0,-0.3333333333333333,-0.17202527564313064,0.19047619047619052,1.0,0
2025-08-27,TLKM.JK,0.0,2.0,-0.3333333333333333,-0.12901895673234798,0.14285714285714293,0.0,0
2025-08-28,TLKM.JK,0.0,1.0,0.0,-0.09676421754926098,6.344131569286608e-17,0.0,0
2025-08-29,TLKM.JK,0.0,1.0,0.0,-0.07257316316194573,0.14285714285714293,0.0,0
2025-09-01,TLKM.JK,0.5,5.0,0.16666666666666666,0.0705701276285407,0.6428571428571429,0.5,1
2025-09-02,TLKM.JK,-0.5,6.0,0.0,-0.07207240427859447,-0.4285714285714285,-1.0,-1
2025-09-03,TLKM.JK,-0.8,11.0,-0.26666666666666666,-0.25405430320894584,-0.6571428571428571,-0.30000000000000004,-1
2025-09-04,TLKM.JK,1.0,8.0,-0.10000000000000002,0.05945927259329062,1.1142857142857143,1.8,1
2025-09-05,TLKM.JK,0.0,6.0,0.06666666666666665,0.044594454444967964,-0.0285714285714285,-1.0,0
2025-09-08,TLKM.JK,-1.0,5.0,0.0,-0.21655415916627402,-1.0285714285714285,-1.0,-1
2025-09-09,TLKM.JK,0.0,4.0,-0.3333333333333333,-0.1624156193747055,0.11428571428571435,1.0,0
2025-09-10,TLKM.JK,0.5,6.0,-0.16666666666666666,0.003188285468970875,0.6142857142857143,0.5,1
2025-09-11,TLKM.JK,1.0,3.0,0.5,0.25239121410172816,1.1142857142857143,0.5,1
2025-09-12,TLKM.JK,1.0,5.0,0.8333333333333334,0.4392934105762961,0.9,0.0,1
2025-09-15,TLKM.JK,-0.25,7.0,0.5833333333333334,0.26697005793222206,-0.6071428571428571,-1.25,-1
2025-09-16,TLKM.JK,-0.45454545454545453,17.0,0.0984848484848485,0.08659117981280291,-0.6331168831168831,-0.20454545454545453,-1
2025-09-17,TLKM.JK,-0.375,23.0,-0.35984848484848486,-0.028806615140397812,-0.48863636363636354,0.07954545454545453,-1
2025-09-18,TLKM.JK,0.0,20.0,-0.27651515151515155,-0.02160496135529836,-0.20292207792207786,0.375,0
2025-09-19,TLKM.JK,0.0,10.0,-0.12500000000000003,-0.01620372101647377,-0.20292207792207786,0.0,0
2025-09-22,TLKM.JK,-0.5,4.0,-0.16666666666666666,-0.13715279076235531,-0.6314935064935064,-0.5,-1
2025-09-23,TLKM.JK,0.0,3.0,-0.16666666666666666,-0.10286459307176649,0.08279220779220786,0.5,0
2025-09-24,TLKM.JK,-1.0,3.0,-0.5,-0.3271484448038249,-0.7743506493506493,-1.0,-1
2025-09-25,TLKM.JK,0.0,1.0,-0.3333333333333333,-0.24536133360286866,0.33279220779220786,1.0,0
2025-09-26,TLKM.JK,0.0,1.0,-0.3333333333333333,-0.1840210002021515,0.2678571428571429,0.0,0
2025-09-29,TLKM.JK,0.0,0.0,0.0,-0.13801575015161363,0.21428571428571436,0.0,0
2025-09-30,TLKM.JK,0.0,0.0,0.0,-0.10351181261371023,0.21428571428571436,0.0,0
2025-10-01,TLKM.JK,0.0,0.0,0.0,-0.07763385946028267,0.21428571428571436,0.0,0
2025-10-02,TLKM.JK,0.0,0.0,0.0,-0.058225394595212004,0.14285714285714293,0.0,0
2025-10-03,TLKM.JK,0.0,0.0,0.0,-0.043669045946409,0.14285714285714293,0.0,0
2025-10-06,TLKM.JK,-1.0,2.0,-0.3333333333333333,-0.28275178445980675,-1.0,-1.0,-1
2025-10-07,TLKM.JK,0.0,2.0,-0.3333333333333333,-0.21206383834485507,0.14285714285714293,1.0,0
2025-10-08,TLKM.JK,0.0,2.0,-0.3333333333333333,-0.1590478787586413,0.14285714285714293,0.0,0
2025-10-09,TLKM.JK,0.0,0.0,0.0,-0.11928590906898097,0.14285714285714293,0.0,0
2025-10-10,TLKM.JK,0.0,0.0,0.0,-0.08946443180173573,0.14285714285714293,0.0,0
2025-10-13,TLKM.JK,0.0,3.0,0.0,-0.0670983238513018,0.14285714285714293,0.0,0
2025-10-14,TLKM.JK,0.0,3.0,0.0,-0.050323742888476346,0.14285714285714293,0.0,0
2025-10-15,TLKM.JK,-1.0,4.0,-0.3333333333333333,-0.28774280716635725,-0.8571428571428571,-1.0,-1
2025-10-16,TLKM.JK,0.2,6.0,-0.26666666666666666,-0.16580710537476795,0.34285714285714297,1.2,1
2025-10-17,TLKM.JK,0.0,8.0,-0.26666666666666666,-0.12435532903107596,0.11428571428571435,-0.2,0
2025-10-20,TLKM.JK,0.16666666666666666,13.0,0.12222222222222223,-0.051599830106640314,0.280952380952381,0.16666666666666666,1
2025-10-21,TLKM.JK,-0.875,24.0,-0.23611111111111108,-0.25744987257998025,-0.7845238095238095,-1.0416666666666667,-1
2025-10-22,TLKM.JK,-0.3333333333333333,28.0,-0.34722222222222215,-0.2764207377683185,-0.11785714285714277,0.5416666666666667,-1
2025-10-23,TLKM.JK,0.18181818181818182,33.0,-0.3421717171717171,-0.16186100787169339,0.44491341991342,0.5151515151515151,1
2025-10-24,TLKM.JK,0.6666666666666666,20.0,0.17171717171717174,0.04527091076289662,0.9037878787878788,0.4848484848484848,1
2025-10-27,TLKM.JK,-1.0,23.0,-0.05050505050505046,-0.21604681692782754,-1.0009740259740258,-1.6666666666666665,-1
2025-10-28,TLKM.JK,-1.0,15.0,-0.4444444444444444,-0.4120351126958707,-0.8295454545454545,0.0,-1
2025-10-29,TLKM.JK,0.16666666666666666,18.0,-0.611111111111111,-0.2673596678552363,0.47997835497835495,1.1666666666666667,1
2025-10-30,TLKM.JK,0.3333333333333333,12.0,-0.16666666666666666,-0.11718641755809388,0.6466450216450217,0.16666666666666666,1
2025-10-31,TLKM.JK,-0.5,15.0,0.0,-0.21288981316857042,-0.35930735930735924,-0.8333333333333333,-1
2025-11-03,TLKM.JK,0.2857142857142857,16.0,0.03968253968253968,-0.0882387884478564,0.45021645021645024,0.7857142857142857,1
2025-11-04,TLKM.JK,-0.25,17.0,-0.15476190476190477,-0.1286790913358923,-0.10034013605442174,-0.5357142857142857,-1
2025-11-05,TLKM.JK,-0.3333333333333333,14.0,-0.0992063492063492,-0.17984265183525255,-0.0527210884353741,-0.08333333333333331,-1
2025-11-06,TLKM.JK,-0.8,12.0,-0.4611111111111111,-0.33488198887643944,-0.6146258503401361,-0.46666666666666673,-1
2025-11-07,TLKM.JK,1.0,9.0,-0.04444444444444443,-0.0011614916573295941,1.1568027210884355,1.8,1
2025-11-10,TLKM.JK,-0.25,22.0,-0.01666666666666668,-0.0633711187429972,-0.2122448979591836,-1.25,-1
2025-11-11,TLKM.JK,-1.0,19.0,-0.08333333333333333,-0.2975283390572479,-0.8789115646258503,-0.75,-1
2025-11-12,TLKM.JK,0.0,22.0,-0.4166666666666667,-0.22314625429293594,0.19251700680272113,1.0,0
2025-11-13,TLKM.JK,0.0,8.0,-0.3333333333333333,-0.16735969071970197,0.2333333333333334,0.0,0
2025-11-14,TLKM.JK,0.0,8.0,0.0,-0.1255197680397765,0.19761904761904767,0.0,0
2025-11-17,TLKM.JK,0.25,8.0,0.08333333333333333,-0.03163982602983237,0.4,0.25,1
2025-11-18,TLKM.JK,0.0,10.0,0.08333333333333333,-0.023729869522374276,3.172065784643304e-17,-0.25,0
2025-11-19,TLKM.JK,-0.5,10.0,-0.08333333333333333,-0.14279740214178072,-0.3571428571428571,-0.5,-1
2025-11-20,TLKM.JK,-1.0,7.0,-0.5,-0.35709805160633556,-0.8214285714285714,-0.5,-1
2025-11-21,TLKM.JK,-0.5,11.0,-0.6666666666666666,-0.3928235387047517,-0.3214285714285714,0.5,-1
2025-11-24,TLKM.JK,0.25,17.0,-0.4166666666666667,-0.23211765402856377,0.5,0.75,1
2025-11-25,TLKM.JK,-0.3333333333333333,19.0,-0.19444444444444442,-0.25742157385475617,-0.11904761904761899,-0.5833333333333333,-1
2025-11-26,TLKM.JK,0.0,11.0,-0.027777777777777773,-0.19306618039106713,0.2619047619047619,0.3333333333333333,0
2025-11-27,TLKM.JK,-1.0,6.0,-0.4444444444444444,-0.3947996352933003,-0.7023809523809523,-1.0,-1
2025-11-28,TLKM.JK,-1.0,4.0,-0.6666666666666666,-0.5460997264699752,-0.5595238095238095,0.0,-1
2025-12-01,TLKM.JK,0.14285714285714285,11.0,-0.6190476190476191,-0.3738605091381957,0.6547619047619049,1.1428571428571428,1
2025-12-02,TLKM.JK,1.0,10.0,0.047619047619047596,-0.030395381853646763,1.348639455782313,0.8571428571428572,1
2025-12-03,TLKM.JK,0.0,11.0,0.38095238095238093,-0.022796536390235073,0.13435374149659868,-1.0,0
2025-12-04,TLKM.JK,0.6666666666666666,7.0,0.5555555555555555,0.14956926437399035,0.8367346938775511,0.6666666666666666,1
2025-12-05,TLKM.JK,-1.0,6.0,-0.11111111111111112,-0.13782305171950723,-0.9727891156462585,-1.6666666666666665,-1
2025-12-08,TLKM.JK,-0.42857142857142855,11.0,-0.25396825396825395,-0.21051014593248757,-0.25850340136054417,0.5714285714285714,-1
2025-12-09,TLKM.JK,0.0,8.0,-0.4761904761904761,-0.15788260944936566,0.08843537414965989,0.42857142857142855,0
2025-12-10,TLKM.JK,1.0,8.0,0.1904761904761905,0.13158804291297577,0.9455782312925171,1.0,1
2025-12-11,TLKM.JK,-1.0,3.0,0.0,-0.15130896781526817,-1.1768707482993197,-2.0,-1
2025-12-12,TLKM.JK,-0.75,19.0,-0.25,-0.3009817258614511,-0.641156462585034,0.25,-1
2025-12-15,TLKM.JK,-0.26666666666666666,33.0,-0.6722222222222222,-0.292402961062755,-0.050680272108843516,0.48333333333333334,-1
2025-12-16,TLKM.JK,0.3333333333333333,34.0,-0.22777777777777777,-0.13596888746373292,0.6826530612244899,0.6,1
2025-12-17,TLKM.JK,0.3333333333333333,21.0,0.13333333333333333,-0.018643332264466364,0.4921768707482993,0.0,1
2025-12-18,TLKM.JK,-0.125,14.0,0.18055555555555555,-0.045232499198349777,-0.07499999999999996,-0.4583333333333333,-1
2025-12-19,TLKM.JK,0.0,12.0,0.06944444444444443,-0.033924374398762336,0.06785714285714291,0.125,0
2025-12-22,TLKM.JK,0.14285714285714285,16.0,0.0059523809523809494,0.01027100491521396,0.35357142857142865,0.14285714285714285,1
2025-12-23,TLKM.JK,0.0,8.0,0.047619047619047616,0.00770325368641047,0.04744897959183678,-0.14285714285714285,0
2025-12-24,TLKM.JK,0.5,9.0,0.21428571428571427,0.13077744026480786,0.44030612244897965,0.5,1
2025-12-25,TLKM.JK,0.0,2.0,0.16666666666666666,0.0980830801986059,-0.1692176870748299,-0.5,0
2025-12-26,TLKM.JK,0.0,2.0,0.16666666666666666,0.07356231014895442,-0.12159863945578228,0.0,0
2025-12-29,TLKM.JK,0.6,5.0,0.19999999999999998,0.2051717326117158,0.5260204081632653,0.6,1
2025-12-30,TLKM.JK,0.0,8.0,0.19999999999999998,0.15387879945878685,-0.1775510204081632,-0.6,0
2025-12-31,TLKM.JK,0.0,8.0,0.19999999999999998,0.11540909959409014,-0.1775510204081632,0.0,0
2026-01-01,TLKM.JK,1.0,5.0,0.3333333333333333,0.3365568246955676,0.842857142857143,1.0,1
2026-01-02,TLKM.JK,1.0,4.0,0.6666666666666666,0.5024176185216757,0.7000000000000001,0.0,1
2026-01-05,TLKM.JK,0.2,9.0,0.7333333333333334,0.42681321389125676,-0.17142857142857137,-0.8,1
2026-01-06,TLKM.JK,0.2,12.0,0.4666666666666666,0.37010991041844254,-0.19999999999999996,0.0,1
2026-01-07,TLKM.JK,-0.25,18.0,0.05000000000000001,0.21508243281383188,-0.6785714285714285,-0.45,-1
2026-01-08,TLKM.JK,-0.42857142857142855,20.0,-0.1595238095238095,0.054168967467516774,-0.7357142857142855,-0.17857142857142855,-1
2026-01-09,TLKM.JK,0.5,23.0,-0.059523809523809534,0.16562672560063757,0.2540816326530613,0.9285714285714286,1
2026-01-12,TLKM.JK,-0.1111111111111111,24.0,-0.013227513227513218,0.0964422664227004,-0.4284580498866213,-0.6111111111111112,-1
2026-01-13,TLKM.JK,0.1111111111111111,26.0,0.16666666666666666,0.10010947759480308,-0.047505668934240325,0.2222222222222222,1
2026-01-14,TLKM.JK,0.0,32.0,0.0,0.07508210819610231,-0.031632653061224446,-0.1111111111111111,0
