Model,ticker,time_idx,horizon,y_true,y_pred,correct_dir
Baseline,ASII.JK,1820,H1,5125.0,5168.5693,1
Baseline,ASII.JK,1821,H2,5050.0,5157.303,1
Baseline,ASII.JK,1822,H3,5075.0,5158.379,1
Baseline,ASII.JK,1821,H1,5050.0,5125.9404,0
Baseline,ASII.JK,1822,H2,5075.0,5121.1113,1
Baseline,ASII.JK,1823,H3,5050.0,5117.2627,1
Baseline,ASII.JK,1822,H1,5075.0,5073.9404,1
Baseline,ASII.JK,1823,H2,5050.0,5061.121,0
Baseline,ASII.JK,1824,H3,5025.0,5054.0654,0
Baseline,ASII.JK,1823,H1,5050.0,5077.0605,0
Baseline,ASII.JK,1824,H2,5025.0,5062.6,1
Baseline,ASII.JK,1825,H3,5025.0,5056.6436,1
Baseline,ASII.JK,1824,H1,5025.0,5057.2144,0
Baseline,ASII.JK,1825,H2,5025.0,5042.03,1
Baseline,ASII.JK,1826,H3,5025.0,5036.333,1
Baseline,ASII.JK,1825,H1,5025.0,5023.13,1
Baseline,ASII.JK,1826,H2,5025.0,5009.0093,0
Baseline,ASII.JK,1827,H3,5025.0,5009.8955,0
Baseline,ASII.JK,1826,H1,5025.0,5004.631,0
Baseline,ASII.JK,1827,H2,5025.0,4999.577,0
Baseline,ASII.JK,1828,H3,5075.0,4996.4355,0
Baseline,ASII.JK,1827,H1,5025.0,5011.5176,0
Baseline,ASII.JK,1828,H2,5075.0,4999.538,0
Baseline,ASII.JK,1829,H3,5075.0,4991.7695,0
Baseline,ASII.JK,1828,H1,5075.0,5011.79,0
Baseline,ASII.JK,1829,H2,5075.0,4995.818,0
Baseline,ASII.JK,1830,H3,5250.0,4990.1396,0
Baseline,ASII.JK,1829,H1,5075.0,5047.777,0
Baseline,ASII.JK,1830,H2,5250.0,5033.379,0
Baseline,ASII.JK,1831,H3,5275.0,5034.516,0
Baseline,ASII.JK,1830,H1,5250.0,5041.5234,0
Baseline,ASII.JK,1831,H2,5275.0,5035.9907,0
Baseline,ASII.JK,1832,H3,5225.0,5032.9053,0
Baseline,ASII.JK,1831,H1,5275.0,5176.618,0
Baseline,ASII.JK,1832,H2,5225.0,5169.375,1
Baseline,ASII.JK,1833,H3,5225.0,5164.3066,1
Baseline,ASII.JK,1832,H1,5225.0,5227.6973,1
Baseline,ASII.JK,1833,H2,5225.0,5217.6035,1
Baseline,ASII.JK,1834,H3,5275.0,5214.2314,0
Baseline,ASII.JK,1833,H1,5225.0,5214.2383,0
Baseline,ASII.JK,1834,H2,5275.0,5203.5654,0
Baseline,ASII.JK,1835,H3,5225.0,5198.571,0
Baseline,ASII.JK,1834,H1,5275.0,5218.0522,0
Baseline,ASII.JK,1835,H2,5225.0,5206.4355,0
Baseline,ASII.JK,1836,H3,5250.0,5208.3984,0
Baseline,ASII.JK,1835,H1,5225.0,5256.1777,1
Baseline,ASII.JK,1836,H2,5250.0,5254.0244,1
Baseline,ASII.JK,1837,H3,5100.0,5251.1865,1
Baseline,ASII.JK,1836,H1,5250.0,5206.672,0
Baseline,ASII.JK,1837,H2,5100.0,5197.9307,1
Baseline,ASII.JK,1838,H3,5050.0,5195.33,1
Baseline,ASII.JK,1837,H1,5100.0,5223.3027,1
Baseline,ASII.JK,1838,H2,5050.0,5215.021,1
Baseline,ASII.JK,1839,H3,5175.0,5215.7656,1
Baseline,ASII.JK,1838,H1,5050.0,5132.481,0
Baseline,ASII.JK,1839,H2,5175.0,5118.4194,1
Baseline,ASII.JK,1840,H3,5150.0,5120.964,1
Baseline,ASII.JK,1839,H1,5175.0,5081.6333,1
Baseline,ASII.JK,1840,H2,5150.0,5078.01,1
Baseline,ASII.JK,1841,H3,5250.0,5082.281,1
Baseline,ASII.JK,1840,H1,5150.0,5186.505,0
Baseline,ASII.JK,1841,H2,5250.0,5189.3525,1
Baseline,ASII.JK,1842,H3,5150.0,5181.914,0
Baseline,ASII.JK,1841,H1,5250.0,5145.8926,0
Baseline,ASII.JK,1842,H2,5150.0,5134.3027,0
Baseline,ASII.JK,1843,H3,5100.0,5133.384,1
Baseline,ASII.JK,1842,H1,5150.0,5213.3677,1
Baseline,ASII.JK,1843,H2,5100.0,5209.761,1
Baseline,ASII.JK,1844,H3,5225.0,5213.722,1
Baseline,ASII.JK,1843,H1,5100.0,5141.6685,1
Baseline,ASII.JK,1844,H2,5225.0,5139.3506,0
Baseline,ASII.JK,1845,H3,5075.0,5143.594,1
Baseline,ASII.JK,1844,H1,5225.0,5100.867,1
Baseline,ASII.JK,1845,H2,5075.0,5098.904,1
Baseline,ASII.JK,1846,H3,5125.0,5102.854,1
Baseline,ASII.JK,1845,H1,5075.0,5189.745,1
Baseline,ASII.JK,1846,H2,5125.0,5193.0557,1
Baseline,ASII.JK,1847,H3,5075.0,5184.9585,1
Baseline,ASII.JK,1846,H1,5125.0,5077.9404,1
Baseline,ASII.JK,1847,H2,5075.0,5065.0767,0
Baseline,ASII.JK,1848,H3,4930.0,5063.0015,1
Baseline,ASII.JK,1847,H1,5075.0,5103.2983,1
Baseline,ASII.JK,1848,H2,4930.0,5096.544,1
Baseline,ASII.JK,1849,H3,4930.0,5097.226,1
Baseline,ASII.JK,1848,H1,4930.0,5064.0884,1
Baseline,ASII.JK,1849,H2,4930.0,5058.792,1
Baseline,ASII.JK,1850,H3,4960.0,5061.9844,1
Baseline,ASII.JK,1849,H1,4930.0,4943.77,0
Baseline,ASII.JK,1850,H2,4960.0,4942.365,1
Baseline,ASII.JK,1851,H3,4950.0,4945.2485,1
Baseline,ASII.JK,1850,H1,4960.0,4912.679,0
Baseline,ASII.JK,1851,H2,4950.0,4913.426,0
Baseline,ASII.JK,1852,H3,4920.0,4904.462,1
Baseline,ASII.JK,1851,H1,4950.0,4938.7764,1
Baseline,ASII.JK,1852,H2,4920.0,4925.7324,1
Baseline,ASII.JK,1853,H3,5100.0,4923.4272,0
Baseline,ASII.JK,1852,H1,4920.0,4932.836,1
Baseline,ASII.JK,1853,H2,5100.0,4924.7695,0
Baseline,ASII.JK,1854,H3,5275.0,4922.235,0
Baseline,ASII.JK,1853,H1,5100.0,4918.5376,0
Baseline,ASII.JK,1854,H2,5275.0,4910.5303,0
Baseline,ASII.JK,1855,H3,5300.0,4912.842,0
Baseline,ASII.JK,1854,H1,5275.0,5052.8037,0
Baseline,ASII.JK,1855,H2,5300.0,5051.7036,0
Baseline,ASII.JK,1856,H3,5275.0,5056.114,0
Baseline,ASII.JK,1855,H1,5300.0,5238.408,0
Baseline,ASII.JK,1856,H2,5275.0,5244.622,0
Baseline,ASII.JK,1857,H3,5225.0,5237.39,1
Baseline,ASII.JK,1856,H1,5275.0,5274.3965,1
Baseline,ASII.JK,1857,H2,5225.0,5265.5254,1
Baseline,ASII.JK,1858,H3,5250.0,5265.2925,1
Baseline,ASII.JK,1857,H1,5225.0,5258.6934,1
Baseline,ASII.JK,1858,H2,5250.0,5254.3774,1
Baseline,ASII.JK,1859,H3,5125.0,5257.926,1
Baseline,ASII.JK,1858,H1,5250.0,5228.8647,1
Baseline,ASII.JK,1859,H2,5125.0,5227.3184,0
Baseline,ASII.JK,1860,H3,5200.0,5230.883,0
Baseline,ASII.JK,1859,H1,5125.0,5248.6206,1
Baseline,ASII.JK,1860,H2,5200.0,5248.2256,1
Baseline,ASII.JK,1861,H3,5100.0,5241.5747,1
Baseline,ASII.JK,1860,H1,5200.0,5145.222,1
Baseline,ASII.JK,1861,H2,5100.0,5136.293,0
Baseline,ASII.JK,1862,H3,5075.0,5158.9155,0
Baseline,ASII.JK,1861,H1,5100.0,5186.522,1
Baseline,ASII.JK,1862,H2,5075.0,5202.283,0
Baseline,ASII.JK,1863,H3,5125.0,5207.6963,0
Baseline,ASII.JK,1862,H1,5075.0,5133.106,0
Baseline,ASII.JK,1863,H2,5125.0,5135.9966,1
Baseline,ASII.JK,1864,H3,5175.0,5145.9497,1
Baseline,ASII.JK,1863,H1,5125.0,5082.588,1
Baseline,ASII.JK,1864,H2,5175.0,5087.3545,1
Baseline,ASII.JK,1865,H3,5050.0,5100.326,0
Baseline,ASII.JK,1864,H1,5175.0,5100.6006,0
Baseline,ASII.JK,1865,H2,5050.0,5109.648,1
Baseline,ASII.JK,1866,H3,5000.0,5120.5293,1
Baseline,ASII.JK,1865,H1,5050.0,5140.3213,1
Baseline,ASII.JK,1866,H2,5000.0,5150.152,1
Baseline,ASII.JK,1867,H3,4960.0,5149.989,1
Baseline,ASII.JK,1866,H1,5000.0,5062.223,0
Baseline,ASII.JK,1867,H2,4960.0,5057.9766,0
Baseline,ASII.JK,1868,H3,4970.0,5063.092,0
Baseline,ASII.JK,1867,H1,4960.0,5009.7563,0
Baseline,ASII.JK,1868,H2,4970.0,5009.449,0
Baseline,ASII.JK,1869,H3,4970.0,5017.0693,0
Baseline,ASII.JK,1868,H1,4970.0,4966.8286,1
Baseline,ASII.JK,1869,H2,4970.0,4968.529,1
Baseline,ASII.JK,1870,H3,5025.0,4981.0503,1
Baseline,ASII.JK,1869,H1,4970.0,4950.578,0
Baseline,ASII.JK,1870,H2,5025.0,4957.9717,0
Baseline,ASII.JK,1871,H3,4950.0,4967.837,1
Baseline,ASII.JK,1870,H1,5025.0,4953.464,0
Baseline,ASII.JK,1871,H2,4950.0,4959.537,1
Baseline,ASII.JK,1872,H3,4940.0,4960.089,1
Baseline,ASII.JK,1871,H1,4950.0,5005.3076,1
Baseline,ASII.JK,1872,H2,4940.0,5000.613,1
Baseline,ASII.JK,1873,H3,4930.0,5006.0283,1
Baseline,ASII.JK,1872,H1,4940.0,4951.3203,0
Baseline,ASII.JK,1873,H2,4930.0,4951.409,0
Baseline,ASII.JK,1874,H3,4970.0,4958.5757,1
Baseline,ASII.JK,1873,H1,4930.0,4941.8945,0
Baseline,ASII.JK,1874,H2,4970.0,4942.2275,1
Baseline,ASII.JK,1875,H3,5000.0,4954.6377,1
Baseline,ASII.JK,1874,H1,4970.0,4936.071,1
Baseline,ASII.JK,1875,H2,5000.0,4941.4233,1
Baseline,ASII.JK,1876,H3,4890.0,4951.2734,0
Baseline,ASII.JK,1875,H1,5000.0,4953.816,0
Baseline,ASII.JK,1876,H2,4890.0,4959.742,1
Baseline,ASII.JK,1877,H3,4910.0,4960.8623,1
Baseline,ASII.JK,1876,H1,4890.0,4986.8877,1
Baseline,ASII.JK,1877,H2,4910.0,4981.804,1
Baseline,ASII.JK,1878,H3,5175.0,4987.497,0
Baseline,ASII.JK,1877,H1,4910.0,4912.7617,1
Baseline,ASII.JK,1878,H2,5175.0,4912.5557,1
Baseline,ASII.JK,1879,H3,5150.0,4919.397,1
Baseline,ASII.JK,1878,H1,5175.0,4904.034,0
Baseline,ASII.JK,1879,H2,5150.0,4905.052,0
Baseline,ASII.JK,1880,H3,5125.0,4918.521,1
Baseline,ASII.JK,1879,H1,5150.0,5111.4688,1
Baseline,ASII.JK,1880,H2,5125.0,5124.059,1
Baseline,ASII.JK,1881,H3,5100.0,5126.0,1
Baseline,ASII.JK,1880,H1,5125.0,5132.478,1
Baseline,ASII.JK,1881,H2,5100.0,5131.1133,1
Baseline,ASII.JK,1882,H3,4940.0,5136.9775,1
Baseline,ASII.JK,1881,H1,5100.0,5113.533,1
Baseline,ASII.JK,1882,H2,4940.0,5115.544,1
Baseline,ASII.JK,1883,H3,5125.0,5115.2705,0
Baseline,ASII.JK,1882,H1,4940.0,5093.454,1
Baseline,ASII.JK,1883,H2,5125.0,5087.2236,0
Baseline,ASII.JK,1884,H3,5225.0,5088.5693,0
Baseline,ASII.JK,1883,H1,5125.0,4977.8135,1
Baseline,ASII.JK,1884,H2,5225.0,4973.5903,1
Baseline,ASII.JK,1885,H3,5200.0,4978.029,1
Baseline,ASII.JK,1884,H1,5225.0,5107.77,0
Baseline,ASII.JK,1885,H2,5200.0,5110.1787,0
Baseline,ASII.JK,1886,H3,5150.0,5104.7427,0
Baseline,ASII.JK,1885,H1,5200.0,5188.096,1
Baseline,ASII.JK,1886,H2,5150.0,5179.126,1
Baseline,ASII.JK,1887,H3,5225.0,5176.187,0
Baseline,ASII.JK,1886,H1,5150.0,5183.1123,1
Baseline,ASII.JK,1887,H2,5225.0,5175.5293,0
Baseline,ASII.JK,1888,H3,5225.0,5175.767,0
Baseline,ASII.JK,1887,H1,5225.0,5145.8047,0
Baseline,ASII.JK,1888,H2,5225.0,5139.1235,0
Baseline,ASII.JK,1889,H3,5250.0,5140.3125,0
Baseline,ASII.JK,1888,H1,5225.0,5204.8916,0
Baseline,ASII.JK,1889,H2,5250.0,5201.606,0
Baseline,ASII.JK,1890,H3,5100.0,5206.658,1
Baseline,ASII.JK,1889,H1,5250.0,5213.646,0
Baseline,ASII.JK,1890,H2,5100.0,5215.4478,1
Baseline,ASII.JK,1891,H3,5125.0,5209.3223,1
Baseline,ASII.JK,1890,H1,5100.0,5239.012,1
Baseline,ASII.JK,1891,H2,5125.0,5228.708,1
Baseline,ASII.JK,1892,H3,5125.0,5226.455,1
Baseline,ASII.JK,1891,H1,5125.0,5115.752,1
Baseline,ASII.JK,1892,H2,5125.0,5106.3564,1
Baseline,ASII.JK,1893,H3,4980.0,5105.7407,0
Baseline,ASII.JK,1892,H1,5125.0,5121.1943,1
Baseline,ASII.JK,1893,H2,4980.0,5115.007,1
Baseline,ASII.JK,1894,H3,5000.0,5116.6533,1
Baseline,ASII.JK,1893,H1,4980.0,5103.866,1
Baseline,ASII.JK,1894,H2,5000.0,5098.8,1
Baseline,ASII.JK,1895,H3,4880.0,5103.889,1
Baseline,ASII.JK,1894,H1,5000.0,4992.6143,1
Baseline,ASII.JK,1895,H2,4880.0,4992.8193,0
Baseline,ASII.JK,1896,H3,4870.0,4987.371,0
Baseline,ASII.JK,1895,H1,4880.0,4994.7095,1
Baseline,ASII.JK,1896,H2,4870.0,4982.535,1
Baseline,ASII.JK,1897,H3,4950.0,4979.204,1
Baseline,ASII.JK,1896,H1,4870.0,4916.124,0
Baseline,ASII.JK,1897,H2,4950.0,4905.901,1
Baseline,ASII.JK,1898,H3,4880.0,4902.299,0
Baseline,ASII.JK,1897,H1,4950.0,4890.9688,1
Baseline,ASII.JK,1898,H2,4880.0,4880.662,1
Baseline,ASII.JK,1899,H3,4930.0,4879.1357,1
Baseline,ASII.JK,1898,H1,4880.0,4933.8926,1
Baseline,ASII.JK,1899,H2,4930.0,4925.7803,1
Baseline,ASII.JK,1900,H3,4900.0,4922.6763,1
Baseline,ASII.JK,1899,H1,4930.0,4890.415,1
Baseline,ASII.JK,1900,H2,4900.0,4881.471,1
Baseline,ASII.JK,1901,H3,4950.0,4858.777,0
Baseline,ASII.JK,1900,H1,4900.0,4920.9966,1
Baseline,ASII.JK,1901,H2,4950.0,4891.344,0
Baseline,ASII.JK,1902,H3,4950.0,4890.583,0
Baseline,ASII.JK,1901,H1,4950.0,4890.8203,0
Baseline,ASII.JK,1902,H2,4950.0,4883.2646,0
Baseline,ASII.JK,1903,H3,4860.0,4880.487,1
Baseline,ASII.JK,1902,H1,4950.0,4926.3037,0
Baseline,ASII.JK,1903,H2,4860.0,4918.1777,1
Baseline,ASII.JK,1904,H3,4920.0,4915.861,1
Baseline,ASII.JK,1903,H1,4860.0,4941.0166,1
Baseline,ASII.JK,1904,H2,4920.0,4931.819,1
Baseline,ASII.JK,1905,H3,4810.0,4935.2236,1
Baseline,ASII.JK,1904,H1,4920.0,4874.739,1
Baseline,ASII.JK,1905,H2,4810.0,4873.319,0
Baseline,ASII.JK,1906,H3,4930.0,4875.0547,1
Baseline,ASII.JK,1905,H1,4810.0,4912.14,1
Baseline,ASII.JK,1906,H2,4930.0,4909.824,0
Baseline,ASII.JK,1907,H3,4900.0,4909.8643,1
Baseline,ASII.JK,1906,H1,4930.0,4844.6416,1
Baseline,ASII.JK,1907,H2,4900.0,4840.506,1
Baseline,ASII.JK,1908,H3,4750.0,4838.483,0
Baseline,ASII.JK,1907,H1,4900.0,4911.3384,1
Baseline,ASII.JK,1908,H2,4750.0,4904.59,1
Baseline,ASII.JK,1909,H3,4750.0,4902.6294,1
Baseline,ASII.JK,1908,H1,4750.0,4904.1943,0
Baseline,ASII.JK,1909,H2,4750.0,4895.597,1
Baseline,ASII.JK,1910,H3,4940.0,4898.7227,0
Baseline,ASII.JK,1909,H1,4750.0,4790.638,0
Baseline,ASII.JK,1910,H2,4940.0,4792.8086,1
Baseline,ASII.JK,1911,H3,4880.0,4795.0024,1
Baseline,ASII.JK,1910,H1,4940.0,4768.0596,1
Baseline,ASII.JK,1911,H2,4880.0,4768.5522,1
Baseline,ASII.JK,1912,H3,4940.0,4770.2715,1
Baseline,ASII.JK,1911,H1,4880.0,4907.2314,1
Baseline,ASII.JK,1912,H2,4940.0,4904.2676,0
Baseline,ASII.JK,1913,H3,4910.0,4902.4424,1
Baseline,ASII.JK,1912,H1,4940.0,4881.011,1
Baseline,ASII.JK,1913,H2,4910.0,4874.0903,0
Baseline,ASII.JK,1914,H3,4910.0,4869.527,0
Baseline,ASII.JK,1913,H1,4910.0,4913.408,1
Baseline,ASII.JK,1914,H2,4910.0,4904.59,1
Baseline,ASII.JK,1915,H3,4960.0,4906.2754,0
Baseline,ASII.JK,1914,H1,4910.0,4900.4697,0
Baseline,ASII.JK,1915,H2,4960.0,4895.1914,0
Baseline,ASII.JK,1916,H3,4900.0,4894.514,1
Baseline,ASII.JK,1915,H1,4960.0,4896.7275,0
Baseline,ASII.JK,1916,H2,4900.0,4892.561,1
Baseline,ASII.JK,1917,H3,4870.0,4890.473,1
Baseline,ASII.JK,1916,H1,4900.0,4924.5264,1
Baseline,ASII.JK,1917,H2,4870.0,4917.6045,1
Baseline,ASII.JK,1918,H3,4780.0,4916.001,1
Baseline,ASII.JK,1917,H1,4870.0,4887.916,1
Baseline,ASII.JK,1918,H2,4780.0,4879.591,1
Baseline,ASII.JK,1919,H3,4800.0,4873.8735,1
Baseline,ASII.JK,1918,H1,4780.0,4861.7295,1
Baseline,ASII.JK,1919,H2,4800.0,4850.099,1
Baseline,ASII.JK,1920,H3,4760.0,4844.954,1
Baseline,ASII.JK,1919,H1,4800.0,4801.5635,1
Baseline,ASII.JK,1920,H2,4760.0,4787.621,0
Baseline,ASII.JK,1921,H3,4800.0,4786.5635,1
Baseline,ASII.JK,1920,H1,4760.0,4799.6284,1
Baseline,ASII.JK,1921,H2,4800.0,4791.182,0
Baseline,ASII.JK,1922,H3,4740.0,4798.92,1
Baseline,ASII.JK,1921,H1,4800.0,4754.1562,0
Baseline,ASII.JK,1922,H2,4740.0,4754.774,1
Baseline,ASII.JK,1923,H3,4550.0,4760.2285,0
Baseline,ASII.JK,1922,H1,4740.0,4761.3823,1
Baseline,ASII.JK,1923,H2,4550.0,4762.792,1
Baseline,ASII.JK,1924,H3,4650.0,4764.9014,1
Baseline,ASII.JK,1923,H1,4550.0,4725.185,1
Baseline,ASII.JK,1924,H2,4650.0,4722.624,1
Baseline,ASII.JK,1925,H3,4570.0,4727.227,1
Baseline,ASII.JK,1924,H1,4650.0,4587.134,1
Baseline,ASII.JK,1925,H2,4570.0,4596.708,1
Baseline,ASII.JK,1926,H3,4610.0,4600.2046,1
Baseline,ASII.JK,1925,H1,4570.0,4636.1143,1
Baseline,ASII.JK,1926,H2,4610.0,4636.4214,1
Baseline,ASII.JK,1927,H3,4640.0,4648.2227,1
Baseline,ASII.JK,1926,H1,4610.0,4577.534,1
Baseline,ASII.JK,1927,H2,4640.0,4587.4316,1
Baseline,ASII.JK,1928,H3,4660.0,4595.0415,1
Baseline,ASII.JK,1927,H1,4640.0,4594.032,0
Baseline,ASII.JK,1928,H2,4660.0,4598.6953,0
Baseline,ASII.JK,1929,H3,4680.0,4604.467,0
Baseline,ASII.JK,1928,H1,4660.0,4629.485,0
Baseline,ASII.JK,1929,H2,4680.0,4628.3213,0
Baseline,ASII.JK,1930,H3,4740.0,4633.22,0
Baseline,ASII.JK,1929,H1,4680.0,4637.263,0
Baseline,ASII.JK,1930,H2,4740.0,4636.501,0
Baseline,ASII.JK,1931,H3,4800.0,4636.2812,0
Baseline,ASII.JK,1930,H1,4740.0,4650.5835,0
Baseline,ASII.JK,1931,H2,4800.0,4644.587,0
Baseline,ASII.JK,1932,H3,4700.0,4653.5527,0
Baseline,ASII.JK,1931,H1,4800.0,4690.7627,0
Baseline,ASII.JK,1932,H2,4700.0,4692.533,1
Baseline,ASII.JK,1933,H3,4720.0,4698.076,1
Baseline,ASII.JK,1932,H1,4700.0,4744.166,1
Baseline,ASII.JK,1933,H2,4720.0,4744.462,1
Baseline,ASII.JK,1934,H3,4750.0,4745.88,1
Baseline,ASII.JK,1933,H1,4720.0,4682.826,0
Baseline,ASII.JK,1934,H2,4750.0,4684.4224,0
Baseline,ASII.JK,1935,H3,4700.0,4690.17,0
Baseline,ASII.JK,1934,H1,4750.0,4691.9263,0
Baseline,ASII.JK,1935,H2,4700.0,4690.2607,1
Baseline,ASII.JK,1936,H3,4560.0,4690.1865,1
Baseline,ASII.JK,1935,H1,4700.0,4712.478,1
Baseline,ASII.JK,1936,H2,4560.0,4708.349,1
Baseline,ASII.JK,1937,H3,4580.0,4717.476,1
Baseline,ASII.JK,1936,H1,4560.0,4685.6426,1
Baseline,ASII.JK,1937,H2,4580.0,4688.084,1
Baseline,ASII.JK,1938,H3,4590.0,4693.219,1
Baseline,ASII.JK,1937,H1,4580.0,4583.5786,1
Baseline,ASII.JK,1938,H2,4590.0,4590.9316,1
Baseline,ASII.JK,1939,H3,4530.0,4611.798,0
Baseline,ASII.JK,1938,H1,4590.0,4581.0903,1
Baseline,ASII.JK,1939,H2,4530.0,4596.5425,0
Baseline,ASII.JK,1940,H3,4680.0,4601.756,1
Baseline,ASII.JK,1939,H1,4530.0,4593.4775,0
Baseline,ASII.JK,1940,H2,4680.0,4591.454,1
Baseline,ASII.JK,1941,H3,4690.0,4587.855,0
Baseline,ASII.JK,1940,H1,4680.0,4550.325,1
Baseline,ASII.JK,1941,H2,4690.0,4550.8843,1
Baseline,ASII.JK,1942,H3,4900.0,4559.633,1
Baseline,ASII.JK,1941,H1,4690.0,4626.099,0
Baseline,ASII.JK,1942,H2,4900.0,4633.8154,0
Baseline,ASII.JK,1943,H3,4900.0,4637.8203,0
Baseline,ASII.JK,1942,H1,4900.0,4642.8745,0
Baseline,ASII.JK,1943,H2,4900.0,4645.9453,0
Baseline,ASII.JK,1944,H3,4930.0,4653.455,0
Baseline,ASII.JK,1943,H1,4900.0,4823.6167,0
Baseline,ASII.JK,1944,H2,4930.0,4826.486,0
Baseline,ASII.JK,1945,H3,4770.0,4826.584,1
Baseline,ASII.JK,1944,H1,4930.0,4861.9727,0
Baseline,ASII.JK,1945,H2,4770.0,4856.151,1
Baseline,ASII.JK,1946,H3,4800.0,4851.0923,1
Baseline,ASII.JK,1945,H1,4770.0,4899.163,1
Baseline,ASII.JK,1946,H2,4800.0,4890.9355,1
Baseline,ASII.JK,1947,H3,4810.0,4894.0347,1
Baseline,ASII.JK,1946,H1,4800.0,4799.158,1
Baseline,ASII.JK,1947,H2,4810.0,4799.055,1
Baseline,ASII.JK,1948,H3,4730.0,4796.7236,0
Baseline,ASII.JK,1947,H1,4810.0,4806.5356,1
Baseline,ASII.JK,1948,H2,4730.0,4801.214,0
Baseline,ASII.JK,1949,H3,4620.0,4802.794,0
Baseline,ASII.JK,1948,H1,4730.0,4804.306,1
Baseline,ASII.JK,1949,H2,4620.0,4800.8276,1
Baseline,ASII.JK,1950,H3,4620.0,4797.2524,1
Baseline,ASII.JK,1949,H1,4620.0,4739.9365,0
Baseline,ASII.JK,1950,H2,4620.0,4734.6416,0
Baseline,ASII.JK,1951,H3,4650.0,4728.64,1
Baseline,ASII.JK,1950,H1,4620.0,4657.5605,0
Baseline,ASII.JK,1951,H2,4650.0,4651.3384,1
Baseline,ASII.JK,1952,H3,4690.0,4656.8516,1
Baseline,ASII.JK,1951,H1,4650.0,4645.0947,1
Baseline,ASII.JK,1952,H2,4690.0,4648.611,1
Baseline,ASII.JK,1953,H3,4710.0,4648.6797,1
Baseline,ASII.JK,1952,H1,4690.0,4644.051,0
Baseline,ASII.JK,1953,H2,4710.0,4647.2476,0
Baseline,ASII.JK,1954,H3,4840.0,4655.1665,1
Baseline,ASII.JK,1953,H1,4710.0,4672.0005,0
Baseline,ASII.JK,1954,H2,4840.0,4677.257,0
Baseline,ASII.JK,1955,H3,4690.0,4677.5596,0
Baseline,ASII.JK,1954,H1,4840.0,4688.9033,0
Baseline,ASII.JK,1955,H2,4690.0,4686.6616,1
Baseline,ASII.JK,1956,H3,4650.0,4682.3213,1
Baseline,ASII.JK,1955,H1,4690.0,4792.288,1
Baseline,ASII.JK,1956,H2,4650.0,4787.0713,1
Baseline,ASII.JK,1957,H3,4800.0,4791.7905,1
Baseline,ASII.JK,1956,H1,4650.0,4696.08,0
Baseline,ASII.JK,1957,H2,4800.0,4701.232,1
Baseline,ASII.JK,1958,H3,4920.0,4701.4043,1
Baseline,ASII.JK,1957,H1,4800.0,4651.2505,1
Baseline,ASII.JK,1958,H2,4920.0,4650.435,1
Baseline,ASII.JK,1959,H3,4480.0,4669.6426,0
Baseline,ASII.JK,1958,H1,4920.0,4752.782,0
Baseline,ASII.JK,1959,H2,4480.0,4766.556,1
Baseline,ASII.JK,1960,H3,4620.0,4760.335,1
Baseline,ASII.JK,1959,H1,4480.0,4879.3564,1
Baseline,ASII.JK,1960,H2,4620.0,4866.5244,1
Baseline,ASII.JK,1961,H3,4710.0,4864.466,1
Baseline,ASII.JK,1960,H1,4620.0,4654.631,1
Baseline,ASII.JK,1961,H2,4710.0,4658.916,1
Baseline,ASII.JK,1962,H3,4710.0,4660.209,1
Baseline,ASII.JK,1961,H1,4710.0,4675.007,1
Baseline,ASII.JK,1962,H2,4710.0,4671.5166,1
Baseline,ASII.JK,1963,H3,4930.0,4666.666,1
Baseline,ASII.JK,1962,H1,4710.0,4757.2876,0
Baseline,ASII.JK,1963,H2,4930.0,4745.0312,1
Baseline,ASII.JK,1964,H3,4870.0,4734.6914,1
Baseline,ASII.JK,1963,H1,4930.0,4744.2827,1
Baseline,ASII.JK,1964,H2,4870.0,4728.951,1
Baseline,ASII.JK,1965,H3,4780.0,4719.717,1
Baseline,ASII.JK,1964,H1,4870.0,4906.569,1
Baseline,ASII.JK,1965,H2,4780.0,4893.0415,1
Baseline,ASII.JK,1966,H3,4750.0,4890.8228,1
Baseline,ASII.JK,1965,H1,4780.0,4870.5737,0
Baseline,ASII.JK,1966,H2,4750.0,4866.498,1
Baseline,ASII.JK,1967,H3,4790.0,4857.7856,1
Baseline,ASII.JK,1966,H1,4750.0,4802.1973,0
Baseline,ASII.JK,1967,H2,4790.0,4791.5527,1
Baseline,ASII.JK,1968,H3,4740.0,4779.8813,1
Baseline,ASII.JK,1967,H1,4790.0,4778.0146,1
Baseline,ASII.JK,1968,H2,4740.0,4762.6226,0
Baseline,ASII.JK,1969,H3,4820.0,4753.4263,1
Baseline,ASII.JK,1968,H1,4740.0,4805.861,0
Baseline,ASII.JK,1969,H2,4820.0,4791.7046,1
Baseline,ASII.JK,1970,H3,4770.0,4788.9756,1
Baseline,ASII.JK,1969,H1,4820.0,4761.125,1
Baseline,ASII.JK,1970,H2,4770.0,4756.871,1
Baseline,ASII.JK,1971,H3,4860.0,4749.6943,1
Baseline,ASII.JK,1970,H1,4770.0,4823.0054,0
Baseline,ASII.JK,1971,H2,4860.0,4811.9736,0
Baseline,ASII.JK,1972,H3,4890.0,4802.7837,0
Baseline,ASII.JK,1971,H1,4860.0,4789.9473,1
Baseline,ASII.JK,1972,H2,4890.0,4777.845,1
Baseline,ASII.JK,1973,H3,4800.0,4767.096,0
Baseline,ASII.JK,1972,H1,4890.0,4851.087,0
Baseline,ASII.JK,1973,H2,4800.0,4837.808,1
Baseline,ASII.JK,1974,H3,4800.0,4816.894,1
Baseline,ASII.JK,1973,H1,4800.0,4883.1016,1
Baseline,ASII.JK,1974,H2,4800.0,4855.503,1
Baseline,ASII.JK,1975,H3,4790.0,4852.646,1
Baseline,ASII.JK,1974,H1,4800.0,4817.3525,0
Baseline,ASII.JK,1975,H2,4790.0,4812.6455,0
Baseline,ASII.JK,1976,H3,4780.0,4800.7417,0
Baseline,ASII.JK,1975,H1,4790.0,4814.8374,0
Baseline,ASII.JK,1976,H2,4780.0,4800.7817,0
Baseline,ASII.JK,1977,H3,4750.0,4790.6284,1
Baseline,ASII.JK,1976,H1,4780.0,4800.105,0
Baseline,ASII.JK,1977,H2,4750.0,4787.3335,1
Baseline,ASII.JK,1978,H3,4830.0,4773.6934,0
Baseline,ASII.JK,1977,H1,4750.0,4790.3154,0
Baseline,ASII.JK,1978,H2,4830.0,4772.1553,0
Baseline,ASII.JK,1979,H3,4780.0,4767.7134,0
Baseline,ASII.JK,1978,H1,4830.0,4746.5854,0
Baseline,ASII.JK,1979,H2,4780.0,4742.138,0
Baseline,ASII.JK,1980,H3,4780.0,4740.56,0
Baseline,ASII.JK,1979,H1,4780.0,4812.981,1
Baseline,ASII.JK,1980,H2,4780.0,4807.018,1
Baseline,ASII.JK,1981,H3,4810.0,4791.7046,1
Baseline,ASII.JK,1980,H1,4780.0,4781.659,1
Baseline,ASII.JK,1981,H2,4810.0,4763.7114,0
Baseline,ASII.JK,1982,H3,4820.0,4759.802,0
Baseline,ASII.JK,1981,H1,4810.0,4772.5874,0
Baseline,ASII.JK,1982,H2,4820.0,4765.8965,0
Baseline,ASII.JK,1983,H3,4880.0,4763.375,0
Baseline,ASII.JK,1982,H1,4820.0,4802.87,0
Baseline,ASII.JK,1983,H2,4880.0,4796.8145,0
Baseline,ASII.JK,1984,H3,4940.0,4786.2524,0
Baseline,ASII.JK,1983,H1,4880.0,4809.004,0
Baseline,ASII.JK,1984,H2,4940.0,4794.5186,0
Baseline,ASII.JK,1985,H3,4860.0,4784.7725,0
Baseline,ASII.JK,1984,H1,4940.0,4857.0483,0
Baseline,ASII.JK,1985,H2,4860.0,4843.691,1
Baseline,ASII.JK,1986,H3,4670.0,4830.242,1
Baseline,ASII.JK,1985,H1,4860.0,4914.2754,1
Baseline,ASII.JK,1986,H2,4670.0,4895.3467,1
Baseline,ASII.JK,1987,H3,4630.0,4891.5674,1
Baseline,ASII.JK,1986,H1,4670.0,4855.434,1
Baseline,ASII.JK,1987,H2,4630.0,4849.8486,1
Baseline,ASII.JK,1988,H3,4740.0,4847.206,1
Baseline,ASII.JK,1987,H1,4630.0,4696.9805,0
Baseline,ASII.JK,1988,H2,4740.0,4698.1465,1
Baseline,ASII.JK,1989,H3,4730.0,4689.956,1
Baseline,ASII.JK,1988,H1,4740.0,4653.714,1
Baseline,ASII.JK,1989,H2,4730.0,4645.4243,1
Baseline,ASII.JK,1990,H3,4700.0,4636.945,1
Baseline,ASII.JK,1989,H1,4730.0,4746.6797,0
Baseline,ASII.JK,1990,H2,4700.0,4735.1885,1
Baseline,ASII.JK,1991,H3,4850.0,4722.8086,0
Baseline,ASII.JK,1990,H1,4700.0,4742.0415,0
Baseline,ASII.JK,1991,H2,4850.0,4725.893,0
Baseline,ASII.JK,1992,H3,4780.0,4758.3906,1
Baseline,ASII.JK,1991,H1,4850.0,4701.1963,1
Baseline,ASII.JK,1992,H2,4780.0,4732.3643,1
Baseline,ASII.JK,1993,H3,4700.0,4723.959,0
Baseline,ASII.JK,1992,H1,4780.0,4845.2285,1
Baseline,ASII.JK,1993,H2,4700.0,4834.2266,1
Baseline,ASII.JK,1994,H3,4610.0,4832.9785,1
Baseline,ASII.JK,1993,H1,4700.0,4788.875,0
Baseline,ASII.JK,1994,H2,4610.0,4781.123,0
Baseline,ASII.JK,1995,H3,4610.0,4783.8784,0
Baseline,ASII.JK,1994,H1,4610.0,4708.8604,0
Baseline,ASII.JK,1995,H2,4610.0,4709.288,0
Baseline,ASII.JK,1996,H3,4600.0,4698.4043,1
Baseline,ASII.JK,1995,H1,4610.0,4642.4893,0
Baseline,ASII.JK,1996,H2,4600.0,4631.079,0
Baseline,ASII.JK,1997,H3,4610.0,4632.485,0
Baseline,ASII.JK,1996,H1,4600.0,4620.7,0
Baseline,ASII.JK,1997,H2,4610.0,4618.09,0
Baseline,ASII.JK,1998,H3,4560.0,4623.56,0
Baseline,ASII.JK,1997,H1,4610.0,4609.5,1
Baseline,ASII.JK,1998,H2,4560.0,4613.456,0
Baseline,ASII.JK,1999,H3,4570.0,4608.0596,0
Baseline,ASII.JK,1998,H1,4560.0,4616.113,0
Baseline,ASII.JK,1999,H2,4570.0,4606.758,1
Baseline,ASII.JK,2000,H3,4610.0,4604.7275,0
Baseline,ASII.JK,1999,H1,4570.0,4585.768,1
Baseline,ASII.JK,2000,H2,4610.0,4581.659,1
Baseline,ASII.JK,2001,H3,4600.0,4574.289,1
Baseline,ASII.JK,2000,H1,4610.0,4586.3257,1
Baseline,ASII.JK,2001,H2,4600.0,4576.176,1
Baseline,ASII.JK,2002,H3,4590.0,4576.747,1
Baseline,ASII.JK,2001,H1,4600.0,4600.043,1
Baseline,ASII.JK,2002,H2,4590.0,4596.836,1
Baseline,ASII.JK,2003,H3,4530.0,4602.1514,1
Baseline,ASII.JK,2002,H1,4590.0,4600.8115,0
Baseline,ASII.JK,2003,H2,4530.0,4603.4106,0
Baseline,ASII.JK,2004,H3,4490.0,4597.701,1
Baseline,ASII.JK,2003,H1,4530.0,4603.8745,0
Baseline,ASII.JK,2004,H2,4490.0,4593.561,0
Baseline,ASII.JK,2005,H3,4430.0,4591.4204,0
Baseline,ASII.JK,2004,H1,4490.0,4563.791,0
Baseline,ASII.JK,2005,H2,4430.0,4560.8555,0
Baseline,ASII.JK,2006,H3,4470.0,4554.2524,0
Baseline,ASII.JK,2005,H1,4430.0,4539.4663,0
Baseline,ASII.JK,2006,H2,4470.0,4531.3438,0
Baseline,ASII.JK,2007,H3,4470.0,4533.475,0
Baseline,ASII.JK,2006,H1,4470.0,4494.2974,1
Baseline,ASII.JK,2007,H2,4470.0,4495.8594,1
Baseline,ASII.JK,2008,H3,4450.0,4503.836,1
Baseline,ASII.JK,2007,H1,4470.0,4499.3853,0
Baseline,ASII.JK,2008,H2,4450.0,4506.5737,0
Baseline,ASII.JK,2009,H3,4500.0,4501.4175,1
Baseline,ASII.JK,2008,H1,4450.0,4505.202,0
Baseline,ASII.JK,2009,H2,4500.0,4497.0776,1
Baseline,ASII.JK,2010,H3,4450.0,4496.526,0
Baseline,ASII.JK,2009,H1,4500.0,4497.3306,1
Baseline,ASII.JK,2010,H2,4450.0,4493.0464,0
Baseline,ASII.JK,2011,H3,4540.0,4493.5933,1
Baseline,ASII.JK,2010,H1,4450.0,4517.5938,0
Baseline,ASII.JK,2011,H2,4540.0,4515.3457,1
Baseline,ASII.JK,2012,H3,4570.0,4519.798,1
Baseline,ASII.JK,2011,H1,4540.0,4496.2,1
Baseline,ASII.JK,2012,H2,4570.0,4500.812,1
Baseline,ASII.JK,2013,H3,4620.0,4499.6245,1
Baseline,ASII.JK,2012,H1,4570.0,4539.334,0
Baseline,ASII.JK,2013,H2,4620.0,4535.631,0
Baseline,ASII.JK,2014,H3,4680.0,4535.1943,0
Baseline,ASII.JK,2013,H1,4620.0,4565.3955,0
Baseline,ASII.JK,2014,H2,4680.0,4560.864,0
Baseline,ASII.JK,2015,H3,4660.0,4554.1865,0
Baseline,ASII.JK,2014,H1,4680.0,4607.157,0
Baseline,ASII.JK,2015,H2,4660.0,4596.968,0
Baseline,ASII.JK,2016,H3,4720.0,4594.17,0
Baseline,ASII.JK,2015,H1,4660.0,4649.13,1
Baseline,ASII.JK,2016,H2,4720.0,4640.935,0
Baseline,ASII.JK,2017,H3,4680.0,4642.543,0
Baseline,ASII.JK,2016,H1,4720.0,4653.871,0
Baseline,ASII.JK,2017,H2,4680.0,4651.372,0
Baseline,ASII.JK,2018,H3,4710.0,4643.5522,0
Baseline,ASII.JK,2017,H1,4680.0,4707.217,1
Baseline,ASII.JK,2018,H2,4710.0,4693.446,1
Baseline,ASII.JK,2019,H3,4700.0,4688.204,1
Baseline,ASII.JK,2018,H1,4710.0,4693.2764,1
Baseline,ASII.JK,2019,H2,4700.0,4683.1216,1
Baseline,ASII.JK,2020,H3,4700.0,4674.2188,0
Baseline,ASII.JK,2019,H1,4700.0,4718.767,0
Baseline,ASII.JK,2020,H2,4700.0,4705.1885,1
Baseline,ASII.JK,2021,H3,4750.0,4700.7124,0
Baseline,ASII.JK,2020,H1,4700.0,4706.9326,0
Baseline,ASII.JK,2021,H2,4750.0,4699.0386,0
Baseline,ASII.JK,2022,H3,4790.0,4700.6025,1
Baseline,ASII.JK,2021,H1,4750.0,4707.327,1
Baseline,ASII.JK,2022,H2,4790.0,4706.689,1
Baseline,ASII.JK,2023,H3,4750.0,4698.8584,0
Baseline,ASII.JK,2022,H1,4790.0,4734.9756,0
Baseline,ASII.JK,2023,H2,4750.0,4724.2134,0
Baseline,ASII.JK,2024,H3,4760.0,4720.1016,0
Baseline,ASII.JK,2023,H1,4750.0,4766.085,1
Baseline,ASII.JK,2024,H2,4760.0,4756.663,1
Baseline,ASII.JK,2025,H3,4690.0,4749.0957,1
Baseline,ASII.JK,2024,H1,4760.0,4760.6836,1
Baseline,ASII.JK,2025,H2,4690.0,4747.6304,1
Baseline,ASII.JK,2026,H3,4950.0,4743.4033,0
Baseline,ASII.JK,2025,H1,4690.0,4769.2715,0
Baseline,ASII.JK,2026,H2,4950.0,4759.9307,0
Baseline,ASII.JK,2027,H3,5050.0,4760.842,1
Baseline,ASII.JK,2026,H1,4950.0,4730.0117,1
Baseline,ASII.JK,2027,H2,5050.0,4728.8555,1
Baseline,ASII.JK,2028,H3,5000.0,4720.345,1
Baseline,ASII.JK,2027,H1,5050.0,4935.2725,0
Baseline,ASII.JK,2028,H2,5000.0,4924.177,0
Baseline,ASII.JK,2029,H3,5100.0,4919.4487,0
Baseline,ASII.JK,2028,H1,5000.0,5032.445,1
Baseline,ASII.JK,2029,H2,5100.0,5023.1787,0
Baseline,ASII.JK,2030,H3,5100.0,5017.314,0
Baseline,ASII.JK,2029,H1,5100.0,5010.7217,1
Baseline,ASII.JK,2030,H2,5100.0,4997.04,0
Baseline,ASII.JK,2031,H3,5150.0,4992.2944,0
Baseline,ASII.JK,2030,H1,5100.0,5091.336,0
Baseline,ASII.JK,2031,H2,5150.0,5082.067,0
Baseline,ASII.JK,2032,H3,5100.0,5070.52,0
Baseline,ASII.JK,2031,H1,5150.0,5095.6797,0
Baseline,ASII.JK,2032,H2,5100.0,5080.2803,0
Baseline,ASII.JK,2033,H3,5000.0,5083.5693,1
Baseline,ASII.JK,2032,H1,5100.0,5135.4595,1
Baseline,ASII.JK,2033,H2,5000.0,5130.853,1
Baseline,ASII.JK,2034,H3,5025.0,5128.792,1
Baseline,ASII.JK,2033,H1,5000.0,5122.9443,0
Baseline,ASII.JK,2034,H2,5025.0,5114.905,0
Baseline,ASII.JK,2035,H3,5025.0,5113.341,0
Baseline,ASII.JK,2034,H1,5025.0,5033.841,1
Baseline,ASII.JK,2035,H2,5025.0,5025.76,1
Baseline,ASII.JK,2036,H3,4900.0,5031.558,0
Baseline,ASII.JK,2035,H1,5025.0,5033.7104,0
Baseline,ASII.JK,2036,H2,4900.0,5033.0073,0
Baseline,ASII.JK,2037,H3,4960.0,5035.3516,0
Baseline,ASII.JK,2036,H1,4900.0,5036.3486,0
Baseline,ASII.JK,2037,H2,4960.0,5033.899,0
Baseline,ASII.JK,2038,H3,4920.0,5028.3135,0
Baseline,ASII.JK,2037,H1,4960.0,4948.1265,1
Baseline,ASII.JK,2038,H2,4920.0,4936.8115,1
Baseline,ASII.JK,2039,H3,4900.0,4935.3003,0
Baseline,ASII.JK,2038,H1,4920.0,4959.478,1
Baseline,ASII.JK,2039,H2,4900.0,4952.692,1
Baseline,ASII.JK,2040,H3,4990.0,4950.278,0
Baseline,ASII.JK,2039,H1,4900.0,4933.992,0
Baseline,ASII.JK,2040,H2,4990.0,4923.9507,1
Baseline,ASII.JK,2041,H3,5175.0,4929.0806,1
Baseline,ASII.JK,2040,H1,4990.0,4908.9688,1
Baseline,ASII.JK,2041,H2,5175.0,4907.404,1
Baseline,ASII.JK,2042,H3,5100.0,4909.4106,1
Baseline,ASII.JK,2041,H1,5175.0,4957.6777,0
Baseline,ASII.JK,2042,H2,5100.0,4956.336,0
Baseline,ASII.JK,2043,H3,5025.0,4951.8374,0
Baseline,ASII.JK,2042,H1,5100.0,5145.3545,1
Baseline,ASII.JK,2043,H2,5025.0,5139.215,1
Baseline,ASII.JK,2044,H3,5525.0,5140.1763,0
Baseline,ASII.JK,2043,H1,5025.0,5110.392,0
Baseline,ASII.JK,2044,H2,5525.0,5104.1826,1
Baseline,ASII.JK,2045,H3,5525.0,5110.0796,1
Baseline,ASII.JK,2044,H1,5525.0,5044.708,1
Baseline,ASII.JK,2045,H2,5525.0,5043.1626,1
Baseline,ASII.JK,2046,H3,5625.0,5045.04,1
Baseline,ASII.JK,2045,H1,5525.0,5655.106,0
Baseline,ASII.JK,2046,H2,5625.0,5664.513,1
Baseline,ASII.JK,2047,H3,5700.0,5666.978,1
Baseline,ASII.JK,2046,H1,5625.0,5608.881,1
Baseline,ASII.JK,2047,H2,5700.0,5608.119,1
Baseline,ASII.JK,2048,H3,5750.0,5612.478,1
Baseline,ASII.JK,2047,H1,5700.0,5648.554,1
Baseline,ASII.JK,2048,H2,5750.0,5650.7227,1
Baseline,ASII.JK,2049,H3,5625.0,5657.9473,0
Baseline,ASII.JK,2048,H1,5750.0,5700.537,1
Baseline,ASII.JK,2049,H2,5625.0,5706.0312,0
Baseline,ASII.JK,2050,H3,5500.0,5713.9565,0
Baseline,ASII.JK,2049,H1,5625.0,5754.4937,0
Baseline,ASII.JK,2050,H2,5500.0,5760.4785,0
Baseline,ASII.JK,2051,H3,5575.0,5767.672,0
Baseline,ASII.JK,2050,H1,5500.0,5646.614,0
Baseline,ASII.JK,2051,H2,5575.0,5650.937,0
Baseline,ASII.JK,2052,H3,5500.0,5650.0034,0
Baseline,ASII.JK,2051,H1,5575.0,5519.02,1
Baseline,ASII.JK,2052,H2,5500.0,5513.0166,0
Baseline,ASII.JK,2053,H3,5450.0,5506.547,0
Baseline,ASII.JK,2052,H1,5500.0,5567.9497,1
Baseline,ASII.JK,2053,H2,5450.0,5559.4395,1
Baseline,ASII.JK,2054,H3,5475.0,5561.4126,1
Baseline,ASII.JK,2053,H1,5450.0,5480.589,1
Baseline,ASII.JK,2054,H2,5475.0,5476.881,1
Baseline,ASII.JK,2055,H3,5500.0,5474.007,0
Baseline,ASII.JK,2054,H1,5475.0,5415.1987,0
Baseline,ASII.JK,2055,H2,5500.0,5406.448,0
Baseline,ASII.JK,2056,H3,5500.0,5409.6772,0
Baseline,ASII.JK,2055,H1,5500.0,5435.193,0
Baseline,ASII.JK,2056,H2,5500.0,5436.1113,0
Baseline,ASII.JK,2057,H3,5425.0,5433.3,1
Baseline,ASII.JK,2056,H1,5500.0,5459.3535,0
Baseline,ASII.JK,2057,H2,5425.0,5454.0464,1
Baseline,ASII.JK,2058,H3,5525.0,5454.431,0
Baseline,ASII.JK,2057,H1,5425.0,5479.549,1
Baseline,ASII.JK,2058,H2,5525.0,5477.4185,0
Baseline,ASII.JK,2059,H3,5475.0,5474.503,1
Baseline,ASII.JK,2058,H1,5525.0,5410.4463,0
Baseline,ASII.JK,2059,H2,5475.0,5404.102,0
Baseline,ASII.JK,2060,H3,5550.0,5408.415,0
Baseline,ASII.JK,2059,H1,5475.0,5486.694,1
Baseline,ASII.JK,2060,H2,5550.0,5489.53,0
Baseline,ASII.JK,2061,H3,5675.0,5490.033,0
Baseline,ASII.JK,2060,H1,5550.0,5463.226,0
Baseline,ASII.JK,2061,H2,5675.0,5459.4224,0
Baseline,ASII.JK,2062,H3,5625.0,5456.831,0
Baseline,ASII.JK,2061,H1,5675.0,5518.0967,0
Baseline,ASII.JK,2062,H2,5625.0,5513.469,0
Baseline,ASII.JK,2063,H3,5650.0,5515.9375,0
Baseline,ASII.JK,2062,H1,5625.0,5653.0986,1
Baseline,ASII.JK,2063,H2,5650.0,5656.355,1
Baseline,ASII.JK,2064,H3,5700.0,5655.65,0
Baseline,ASII.JK,2063,H1,5650.0,5623.0005,0
Baseline,ASII.JK,2064,H2,5700.0,5620.9663,0
Baseline,ASII.JK,2065,H3,5575.0,5627.8115,0
Baseline,ASII.JK,2064,H1,5700.0,5640.7295,0
Baseline,ASII.JK,2065,H2,5575.0,5645.45,1
Baseline,ASII.JK,2066,H3,5725.0,5647.3457,0
Baseline,ASII.JK,2065,H1,5575.0,5694.534,1
Baseline,ASII.JK,2066,H2,5725.0,5694.827,0
Baseline,ASII.JK,2067,H3,5700.0,5694.3486,0
Baseline,ASII.JK,2066,H1,5725.0,5584.983,1
Baseline,ASII.JK,2067,H2,5700.0,5581.046,1
Baseline,ASII.JK,2068,H3,5900.0,5584.5996,1
Baseline,ASII.JK,2067,H1,5700.0,5715.1187,1
Baseline,ASII.JK,2068,H2,5900.0,5716.95,0
Baseline,ASII.JK,2069,H3,5900.0,5715.7783,0
Baseline,ASII.JK,2068,H1,5900.0,5706.8535,1
Baseline,ASII.JK,2069,H2,5900.0,5704.88,1
Baseline,ASII.JK,2070,H3,5775.0,5711.2744,1
Baseline,ASII.JK,2069,H1,5900.0,5907.2725,0
Baseline,ASII.JK,2070,H2,5775.0,5908.554,0
Baseline,ASII.JK,2071,H3,5875.0,5912.217,0
Baseline,ASII.JK,2070,H1,5775.0,5920.937,0
Baseline,ASII.JK,2071,H2,5875.0,5921.7964,0
Baseline,ASII.JK,2072,H3,5775.0,5924.051,0
Baseline,ASII.JK,2071,H1,5875.0,5805.6,1
Baseline,ASII.JK,2072,H2,5775.0,5803.8403,0
Baseline,ASII.JK,2073,H3,5775.0,5795.5054,0
Baseline,ASII.JK,2072,H1,5775.0,5904.865,0
Baseline,ASII.JK,2073,H2,5775.0,5890.063,0
Baseline,ASII.JK,2074,H3,5675.0,5916.117,0
Baseline,ASII.JK,2073,H1,5775.0,5804.2905,0
Baseline,ASII.JK,2074,H2,5675.0,5823.0635,0
Baseline,ASII.JK,2075,H3,5700.0,5834.3774,0
Baseline,ASII.JK,2074,H1,5675.0,5810.4424,0
Baseline,ASII.JK,2075,H2,5700.0,5819.2974,0
Baseline,ASII.JK,2076,H3,5825.0,5819.689,1
Baseline,ASII.JK,2075,H1,5700.0,5713.2715,1
Baseline,ASII.JK,2076,H2,5825.0,5711.634,1
Baseline,ASII.JK,2077,H3,5825.0,5718.425,1
Baseline,ASII.JK,2076,H1,5825.0,5733.008,1
Baseline,ASII.JK,2077,H2,5825.0,5736.89,1
Baseline,ASII.JK,2078,H3,5750.0,5752.092,1
Baseline,ASII.JK,2077,H1,5825.0,5865.9272,0
Baseline,ASII.JK,2078,H2,5750.0,5877.978,0
Baseline,ASII.JK,2079,H3,5725.0,5885.256,0
Baseline,ASII.JK,2078,H1,5750.0,5876.5547,0
Baseline,ASII.JK,2079,H2,5725.0,5883.273,0
Baseline,ASII.JK,2080,H3,5925.0,5895.215,1
Baseline,ASII.JK,2079,H1,5725.0,5822.398,0
Baseline,ASII.JK,2080,H2,5925.0,5833.1616,1
Baseline,ASII.JK,2081,H3,5900.0,5836.4434,1
Baseline,ASII.JK,2080,H1,5925.0,5786.042,1
Baseline,ASII.JK,2081,H2,5900.0,5785.4375,1
Baseline,ASII.JK,2082,H3,5800.0,5794.6562,1
Baseline,ASII.JK,2081,H1,5900.0,5981.351,0
Baseline,ASII.JK,2082,H2,5800.0,5986.1245,0
Baseline,ASII.JK,2083,H3,5825.0,6003.763,0
Baseline,ASII.JK,2082,H1,5800.0,5952.087,0
Baseline,ASII.JK,2083,H2,5825.0,5966.6587,0
Baseline,ASII.JK,2084,H3,5775.0,5977.87,0
Baseline,ASII.JK,2083,H1,5825.0,5838.878,1
Baseline,ASII.JK,2084,H2,5775.0,5849.028,0
Baseline,ASII.JK,2085,H3,5750.0,5864.244,0
Baseline,ASII.JK,2084,H1,5775.0,5851.163,0
Baseline,ASII.JK,2085,H2,5750.0,5862.344,0
Baseline,ASII.JK,2086,H3,5625.0,5866.0156,0
Baseline,ASII.JK,2085,H1,5750.0,5831.958,0
Baseline,ASII.JK,2086,H2,5625.0,5832.2275,0
Baseline,ASII.JK,2087,H3,5925.0,5842.534,1
Baseline,ASII.JK,2086,H1,5625.0,5792.2476,0
Baseline,ASII.JK,2087,H2,5925.0,5798.637,1
Baseline,ASII.JK,2088,H3,6000.0,5816.61,1
Baseline,ASII.JK,2087,H1,5925.0,5654.8228,1
Baseline,ASII.JK,2088,H2,6000.0,5667.2183,1
Baseline,ASII.JK,2089,H3,6175.0,5680.0,1
Baseline,ASII.JK,2088,H1,6000.0,5950.8037,1
Baseline,ASII.JK,2089,H2,6175.0,5959.2314,1
Baseline,ASII.JK,2090,H3,6325.0,5973.749,1
Baseline,ASII.JK,2089,H1,6175.0,6080.3325,1
Baseline,ASII.JK,2090,H2,6325.0,6089.699,1
Baseline,ASII.JK,2091,H3,6575.0,6095.1704,1
Baseline,ASII.JK,2090,H1,6325.0,6267.268,1
Baseline,ASII.JK,2091,H2,6575.0,6270.947,1
Baseline,ASII.JK,2092,H3,6600.0,6281.025,1
Baseline,ASII.JK,2091,H1,6575.0,6370.4736,1
Baseline,ASII.JK,2092,H2,6600.0,6375.228,1
Baseline,ASII.JK,2093,H3,6325.0,6391.51,0
Baseline,ASII.JK,2092,H1,6600.0,6625.135,1
Baseline,ASII.JK,2093,H2,6325.0,6635.9663,0
Baseline,ASII.JK,2094,H3,6475.0,6640.719,0
Baseline,ASII.JK,2093,H1,6325.0,6696.091,0
Baseline,ASII.JK,2094,H2,6475.0,6702.9116,0
Baseline,ASII.JK,2095,H3,6275.0,6712.3945,0
Baseline,ASII.JK,2094,H1,6475.0,6445.6445,1
Baseline,ASII.JK,2095,H2,6275.0,6460.919,0
Baseline,ASII.JK,2096,H3,6150.0,6448.141,0
Baseline,ASII.JK,2095,H1,6275.0,6532.195,0
Baseline,ASII.JK,2096,H2,6150.0,6514.651,0
Baseline,ASII.JK,2097,H3,6350.0,6555.214,0
Baseline,ASII.JK,2096,H1,6150.0,6325.8,0
Baseline,ASII.JK,2097,H2,6350.0,6365.9307,1
Baseline,ASII.JK,2098,H3,6300.0,6383.474,1
Baseline,ASII.JK,2097,H1,6350.0,6231.6284,1
Baseline,ASII.JK,2098,H2,6300.0,6246.784,1
Baseline,ASII.JK,2099,H3,6250.0,6259.1475,1
Baseline,ASII.JK,2098,H1,6300.0,6384.3535,0
Baseline,ASII.JK,2099,H2,6250.0,6389.44,0
Baseline,ASII.JK,2100,H3,6325.0,6402.2803,0
Baseline,ASII.JK,2099,H1,6250.0,6351.0786,0
Baseline,ASII.JK,2100,H2,6325.0,6360.8716,1
Baseline,ASII.JK,2101,H3,6425.0,6371.6616,1
Baseline,ASII.JK,2100,H1,6325.0,6292.6426,1
Baseline,ASII.JK,2101,H2,6425.0,6301.0933,1
Baseline,ASII.JK,2102,H3,6425.0,6312.0605,1
Baseline,ASII.JK,2101,H1,6425.0,6357.484,1
Baseline,ASII.JK,2102,H2,6425.0,6362.5664,1
Baseline,ASII.JK,2103,H3,6525.0,6377.964,1
Baseline,ASII.JK,2102,H1,6425.0,6451.399,0
Baseline,ASII.JK,2103,H2,6525.0,6459.594,1
Baseline,ASII.JK,2104,H3,6450.0,6463.607,1
Baseline,ASII.JK,2103,H1,6525.0,6460.765,1
Baseline,ASII.JK,2104,H2,6450.0,6463.536,1
Baseline,ASII.JK,2105,H3,6375.0,6475.2236,0
Baseline,ASII.JK,2104,H1,6450.0,6538.405,0
Baseline,ASII.JK,2105,H2,6375.0,6546.8345,0
Baseline,ASII.JK,2106,H3,6400.0,6556.8003,0
Baseline,ASII.JK,2105,H1,6375.0,6484.555,0
Baseline,ASII.JK,2106,H2,6400.0,6494.53,0
Baseline,ASII.JK,2107,H3,6450.0,6503.899,0
Baseline,ASII.JK,2106,H1,6400.0,6412.9326,1
Baseline,ASII.JK,2107,H2,6450.0,6419.7173,1
Baseline,ASII.JK,2108,H3,6425.0,6436.579,1
Baseline,ASII.JK,2107,H1,6450.0,6425.787,1
Baseline,ASII.JK,2108,H2,6425.0,6437.6523,1
Baseline,ASII.JK,2109,H3,6400.0,6444.2485,0
Baseline,ASII.JK,2108,H1,6425.0,6485.211,0
Baseline,ASII.JK,2109,H2,6400.0,6487.6035,0
Baseline,ASII.JK,2110,H3,6425.0,6498.948,0
Baseline,ASII.JK,2109,H1,6400.0,6462.4214,0
Baseline,ASII.JK,2110,H2,6425.0,6471.9736,0
Baseline,ASII.JK,2111,H3,6425.0,6483.2554,0
Baseline,ASII.JK,2110,H1,6425.0,6441.517,1
Baseline,ASII.JK,2111,H2,6425.0,6451.0947,1
Baseline,ASII.JK,2112,H3,6475.0,6460.754,1
Baseline,ASII.JK,2111,H1,6425.0,6480.953,0
Baseline,ASII.JK,2112,H2,6475.0,6484.9746,1
Baseline,ASII.JK,2113,H3,6450.0,6498.5225,1
Baseline,ASII.JK,2112,H1,6475.0,6469.366,1
Baseline,ASII.JK,2113,H2,6450.0,6478.7656,1
Baseline,ASII.JK,2114,H3,6600.0,6483.3438,1
Baseline,ASII.JK,2113,H1,6450.0,6539.92,0
Baseline,ASII.JK,2114,H2,6600.0,6539.9336,1
Baseline,ASII.JK,2115,H3,6575.0,6549.4463,1
Baseline,ASII.JK,2114,H1,6600.0,6502.068,1
Baseline,ASII.JK,2115,H2,6575.0,6508.144,1
Baseline,ASII.JK,2116,H3,6550.0,6517.5947,1
Baseline,ASII.JK,2115,H1,6575.0,6646.9077,0
Baseline,ASII.JK,2116,H2,6550.0,6651.6694,0
Baseline,ASII.JK,2117,H3,6375.0,6657.3633,0
Baseline,ASII.JK,2116,H1,6550.0,6623.5107,0
Baseline,ASII.JK,2117,H2,6375.0,6627.3623,0
Baseline,ASII.JK,2118,H3,6625.0,6641.366,1
Baseline,ASII.JK,2117,H1,6375.0,6607.6333,0
Baseline,ASII.JK,2118,H2,6625.0,6615.717,1
Baseline,ASII.JK,2119,H3,6600.0,6620.6196,1
Baseline,ASII.JK,2118,H1,6625.0,6412.7266,1
Baseline,ASII.JK,2119,H2,6600.0,6418.934,1
Baseline,ASII.JK,2120,H3,6725.0,6434.421,1
Baseline,ASII.JK,2119,H1,6600.0,6706.4863,0
Baseline,ASII.JK,2120,H2,6725.0,6710.692,1
Baseline,ASII.JK,2121,H3,6700.0,6718.131,1
Baseline,ASII.JK,2120,H1,6725.0,6643.048,1
Baseline,ASII.JK,2121,H2,6700.0,6646.045,1
Baseline,ASII.JK,2122,H3,6725.0,6652.917,1
Baseline,ASII.JK,2121,H1,6700.0,6737.4717,0
Baseline,ASII.JK,2122,H2,6725.0,6736.304,0
Baseline,ASII.JK,2123,H3,6600.0,6747.5938,0
Baseline,ASII.JK,2122,H1,6725.0,6724.8867,1
Baseline,ASII.JK,2123,H2,6600.0,6732.328,0
Baseline,ASII.JK,2124,H3,6625.0,6735.6885,0
Baseline,ASII.JK,2123,H1,6600.0,6776.7676,0
Baseline,ASII.JK,2124,H2,6625.0,6777.477,0
Baseline,ASII.JK,2125,H3,6450.0,6786.359,0
Baseline,ASII.JK,2124,H1,6625.0,6674.998,1
Baseline,ASII.JK,2125,H2,6450.0,6684.211,0
Baseline,ASII.JK,2126,H3,6600.0,6695.676,0
Baseline,ASII.JK,2125,H1,6450.0,6678.667,0
Baseline,ASII.JK,2126,H2,6600.0,6684.269,0
Baseline,ASII.JK,2127,H3,6600.0,6692.1016,0
Baseline,ASII.JK,2126,H1,6600.0,6509.6465,1
Baseline,ASII.JK,2127,H2,6600.0,6516.396,1
Baseline,ASII.JK,2128,H3,6600.0,6535.93,1
Baseline,ASII.JK,2127,H1,6600.0,6639.26,0
Baseline,ASII.JK,2128,H2,6600.0,6649.3423,0
Baseline,ASII.JK,2129,H3,6600.0,6653.839,0
Baseline,ASII.JK,2128,H1,6600.0,6645.9336,0
Baseline,ASII.JK,2129,H2,6600.0,6648.5713,0
Baseline,ASII.JK,2130,H3,6500.0,6660.3486,0
Baseline,ASII.JK,2129,H1,6600.0,6618.01,0
Baseline,ASII.JK,2130,H2,6500.0,6624.16,0
Baseline,ASII.JK,2131,H3,6525.0,6634.254,0
Baseline,ASII.JK,2130,H1,6500.0,6601.6377,0
Baseline,ASII.JK,2131,H2,6525.0,6605.811,0
Baseline,ASII.JK,2132,H3,6575.0,6613.791,0
Baseline,ASII.JK,2131,H1,6525.0,6519.5977,1
Baseline,ASII.JK,2132,H2,6575.0,6522.787,1
Baseline,ASII.JK,2133,H3,6500.0,6539.619,0
Baseline,ASII.JK,2132,H1,6575.0,6557.008,1
Baseline,ASII.JK,2133,H2,6500.0,6566.462,0
Baseline,ASII.JK,2134,H3,6625.0,6571.7407,1
Baseline,ASII.JK,2133,H1,6500.0,6568.531,1
Baseline,ASII.JK,2134,H2,6625.0,6570.3413,0
Baseline,ASII.JK,2135,H3,6675.0,6579.289,1
Baseline,ASII.JK,2134,H1,6625.0,6499.269,0
Baseline,ASII.JK,2135,H2,6675.0,6504.545,1
Baseline,ASII.JK,2136,H3,6700.0,6521.9,1
Baseline,ASII.JK,2135,H1,6675.0,6588.516,0
Baseline,ASII.JK,2136,H2,6700.0,6598.6157,0
Baseline,ASII.JK,2137,H3,6800.0,6603.8696,0
Baseline,ASII.JK,2136,H1,6700.0,6661.7046,0
Baseline,ASII.JK,2137,H2,6800.0,6664.134,0
Baseline,ASII.JK,2138,H3,6875.0,6671.441,0
Baseline,ASII.JK,2137,H1,6800.0,6694.5063,0
Baseline,ASII.JK,2138,H2,6875.0,6698.32,0
Baseline,ASII.JK,2139,H3,6900.0,6709.5166,1
Baseline,ASII.JK,2138,H1,6875.0,6780.5005,0
Baseline,ASII.JK,2139,H2,6900.0,6787.007,0
Baseline,ASII.JK,2140,H3,7025.0,6787.749,0
Baseline,ASII.JK,2139,H1,6900.0,6884.6025,1
Baseline,ASII.JK,2140,H2,7025.0,6884.105,1
Baseline,ASII.JK,2141,H3,7000.0,6889.7676,1
Baseline,ASII.JK,2140,H1,7025.0,6955.428,1
Baseline,ASII.JK,2141,H2,7000.0,6959.975,1
Baseline,ASII.JK,2142,H3,6875.0,6961.5596,0
Baseline,ASII.JK,2141,H1,7000.0,7042.4336,0
Baseline,ASII.JK,2142,H2,6875.0,7043.2305,0
Baseline,ASII.JK,2143,H3,7000.0,7043.2954,0
Baseline,ASII.JK,2142,H1,6875.0,7037.2466,0
Baseline,ASII.JK,2143,H2,7000.0,7035.734,0
Baseline,ASII.JK,2144,H3,7300.0,7039.82,1
Baseline,ASII.JK,2143,H1,7000.0,6939.371,1
Baseline,ASII.JK,2144,H2,7300.0,6946.558,1
Baseline,ASII.JK,2145,H3,7125.0,6947.199,1
Baseline,BBCA.JK,1820,H1,10175.0,10318.895,0
Baseline,BBCA.JK,1821,H2,10300.0,10319.411,1
Baseline,BBCA.JK,1822,H3,10250.0,10326.627,0
Baseline,BBCA.JK,1821,H1,10300.0,10252.682,1
Baseline,BBCA.JK,1822,H2,10250.0,10262.48,1
Baseline,BBCA.JK,1823,H3,10300.0,10260.215,1
Baseline,BBCA.JK,1822,H1,10250.0,10306.684,0
Baseline,BBCA.JK,1823,H2,10300.0,10300.353,1
Baseline,BBCA.JK,1824,H3,10275.0,10302.735,0
Baseline,BBCA.JK,1823,H1,10300.0,10286.458,1
Baseline,BBCA.JK,1824,H2,10275.0,10285.245,1
Baseline,BBCA.JK,1825,H3,10350.0,10300.057,1
Baseline,BBCA.JK,1824,H1,10275.0,10304.889,0
Baseline,BBCA.JK,1825,H2,10350.0,10313.254,1
Baseline,BBCA.JK,1826,H3,10425.0,10314.274,1
Baseline,BBCA.JK,1825,H1,10350.0,10305.359,1
Baseline,BBCA.JK,1826,H2,10425.0,10306.587,1
Baseline,BBCA.JK,1827,H3,10475.0,10313.547,1
Baseline,BBCA.JK,1826,H1,10425.0,10366.31,1
Baseline,BBCA.JK,1827,H2,10475.0,10370.29,1
Baseline,BBCA.JK,1828,H3,10425.0,10366.413,1
Baseline,BBCA.JK,1827,H1,10475.0,10435.324,1
Baseline,BBCA.JK,1828,H2,10425.0,10424.643,1
Baseline,BBCA.JK,1829,H3,10500.0,10435.845,1
Baseline,BBCA.JK,1828,H1,10425.0,10473.569,1
Baseline,BBCA.JK,1829,H2,10500.0,10474.929,0
Baseline,BBCA.JK,1830,H3,10625.0,10473.1875,0
Baseline,BBCA.JK,1829,H1,10500.0,10442.584,1
Baseline,BBCA.JK,1830,H2,10625.0,10438.767,1
Baseline,BBCA.JK,1831,H3,10900.0,10444.451,1
Baseline,BBCA.JK,1830,H1,10625.0,10515.398,1
Baseline,BBCA.JK,1831,H2,10900.0,10514.8545,1
Baseline,BBCA.JK,1832,H3,10775.0,10509.869,1
Baseline,BBCA.JK,1831,H1,10900.0,10602.965,0
Baseline,BBCA.JK,1832,H2,10775.0,10587.206,0
Baseline,BBCA.JK,1833,H3,10950.0,10587.474,0
Baseline,BBCA.JK,1832,H1,10775.0,10765.275,1
Baseline,BBCA.JK,1833,H2,10950.0,10748.545,0
Baseline,BBCA.JK,1834,H3,10800.0,10759.9,1
Baseline,BBCA.JK,1833,H1,10950.0,10747.237,0
Baseline,BBCA.JK,1834,H2,10800.0,10743.934,0
Baseline,BBCA.JK,1835,H3,10850.0,10737.407,0
Baseline,BBCA.JK,1834,H1,10800.0,10832.748,1
Baseline,BBCA.JK,1835,H2,10850.0,10812.4,1
Baseline,BBCA.JK,1836,H3,10700.0,10813.731,1
Baseline,BBCA.JK,1835,H1,10850.0,10761.015,0
Baseline,BBCA.JK,1836,H2,10700.0,10752.137,1
Baseline,BBCA.JK,1837,H3,10650.0,10743.985,1
Baseline,BBCA.JK,1836,H1,10700.0,10770.535,1
Baseline,BBCA.JK,1837,H2,10650.0,10749.8545,1
Baseline,BBCA.JK,1838,H3,10325.0,10768.774,1
Baseline,BBCA.JK,1837,H1,10650.0,10721.063,0
Baseline,BBCA.JK,1838,H2,10325.0,10732.752,0
Baseline,BBCA.JK,1839,H3,10550.0,10759.507,0
Baseline,BBCA.JK,1838,H1,10325.0,10668.988,0
Baseline,BBCA.JK,1839,H2,10550.0,10685.447,0
Baseline,BBCA.JK,1840,H3,10500.0,10672.608,0
Baseline,BBCA.JK,1839,H1,10550.0,10471.264,1
Baseline,BBCA.JK,1840,H2,10500.0,10470.645,1
Baseline,BBCA.JK,1841,H3,10450.0,10468.218,1
Baseline,BBCA.JK,1840,H1,10500.0,10588.497,0
Baseline,BBCA.JK,1841,H2,10450.0,10582.197,0
Baseline,BBCA.JK,1842,H3,10475.0,10588.232,0
Baseline,BBCA.JK,1841,H1,10450.0,10519.809,0
Baseline,BBCA.JK,1842,H2,10475.0,10522.047,0
Baseline,BBCA.JK,1843,H3,10300.0,10516.383,0
Baseline,BBCA.JK,1842,H1,10475.0,10509.016,1
Baseline,BBCA.JK,1843,H2,10300.0,10498.297,0
Baseline,BBCA.JK,1844,H3,10400.0,10499.668,0
Baseline,BBCA.JK,1843,H1,10300.0,10520.844,0
Baseline,BBCA.JK,1844,H2,10400.0,10514.504,0
Baseline,BBCA.JK,1845,H3,10425.0,10505.895,0
Baseline,BBCA.JK,1844,H1,10400.0,10389.232,1
Baseline,BBCA.JK,1845,H2,10425.0,10388.611,1
Baseline,BBCA.JK,1846,H3,10500.0,10385.957,1
Baseline,BBCA.JK,1845,H1,10425.0,10409.017,1
Baseline,BBCA.JK,1846,H2,10500.0,10406.15,1
Baseline,BBCA.JK,1847,H3,10375.0,10410.799,0
Baseline,BBCA.JK,1846,H1,10500.0,10458.716,1
Baseline,BBCA.JK,1847,H2,10375.0,10459.686,0
Baseline,BBCA.JK,1848,H3,10500.0,10452.788,1
Baseline,BBCA.JK,1847,H1,10375.0,10523.674,0
Baseline,BBCA.JK,1848,H2,10500.0,10507.644,0
Baseline,BBCA.JK,1849,H3,10625.0,10506.796,1
Baseline,BBCA.JK,1848,H1,10500.0,10473.059,1
Baseline,BBCA.JK,1849,H2,10625.0,10465.991,1
Baseline,BBCA.JK,1850,H3,10475.0,10456.009,1
Baseline,BBCA.JK,1849,H1,10625.0,10527.805,1
Baseline,BBCA.JK,1850,H2,10475.0,10514.398,0
Baseline,BBCA.JK,1851,H3,10725.0,10508.192,1
Baseline,BBCA.JK,1850,H1,10475.0,10618.316,1
Baseline,BBCA.JK,1851,H2,10725.0,10604.367,0
Baseline,BBCA.JK,1852,H3,10750.0,10607.458,0
Baseline,BBCA.JK,1851,H1,10725.0,10559.917,1
Baseline,BBCA.JK,1852,H2,10750.0,10558.145,1
Baseline,BBCA.JK,1853,H3,10675.0,10549.624,1
Baseline,BBCA.JK,1852,H1,10750.0,10701.012,0
Baseline,BBCA.JK,1853,H2,10675.0,10678.504,1
Baseline,BBCA.JK,1854,H3,10500.0,10676.009,1
Baseline,BBCA.JK,1853,H1,10675.0,10775.646,0
Baseline,BBCA.JK,1854,H2,10500.0,10758.779,0
Baseline,BBCA.JK,1855,H3,10650.0,10741.458,1
Baseline,BBCA.JK,1854,H1,10500.0,10755.735,0
Baseline,BBCA.JK,1855,H2,10650.0,10732.816,0
Baseline,BBCA.JK,1856,H3,10700.0,10723.744,1
Baseline,BBCA.JK,1855,H1,10650.0,10592.425,1
Baseline,BBCA.JK,1856,H2,10700.0,10583.302,1
Baseline,BBCA.JK,1857,H3,10750.0,10586.821,1
Baseline,BBCA.JK,1856,H1,10700.0,10668.184,1
Baseline,BBCA.JK,1857,H2,10750.0,10664.484,1
Baseline,BBCA.JK,1858,H3,10600.0,10656.253,0
Baseline,BBCA.JK,1857,H1,10750.0,10740.672,1
Baseline,BBCA.JK,1858,H2,10600.0,10720.521,0
Baseline,BBCA.JK,1859,H3,10500.0,10719.275,0
Baseline,BBCA.JK,1858,H1,10600.0,10775.49,0
Baseline,BBCA.JK,1859,H2,10500.0,10759.991,0
Baseline,BBCA.JK,1860,H3,10350.0,10743.444,1
Baseline,BBCA.JK,1859,H1,10500.0,10713.491,0
Baseline,BBCA.JK,1860,H2,10350.0,10694.276,0
Baseline,BBCA.JK,1861,H3,10250.0,10692.015,0
Baseline,BBCA.JK,1860,H1,10350.0,10612.654,0
Baseline,BBCA.JK,1861,H2,10250.0,10611.347,0
Baseline,BBCA.JK,1862,H3,10425.0,10598.927,0
Baseline,BBCA.JK,1861,H1,10250.0,10456.417,0
Baseline,BBCA.JK,1862,H2,10425.0,10448.1875,1
Baseline,BBCA.JK,1863,H3,10375.0,10445.758,1
Baseline,BBCA.JK,1862,H1,10425.0,10373.495,1
Baseline,BBCA.JK,1863,H2,10375.0,10378.573,1
Baseline,BBCA.JK,1864,H3,10500.0,10391.564,1
Baseline,BBCA.JK,1863,H1,10375.0,10445.955,0
Baseline,BBCA.JK,1864,H2,10500.0,10460.432,1
Baseline,BBCA.JK,1865,H3,10450.0,10444.868,1
Baseline,BBCA.JK,1864,H1,10500.0,10431.451,1
Baseline,BBCA.JK,1865,H2,10450.0,10425.382,1
Baseline,BBCA.JK,1866,H3,10175.0,10438.223,0
Baseline,BBCA.JK,1865,H1,10450.0,10471.92,1
Baseline,BBCA.JK,1866,H2,10175.0,10487.908,1
Baseline,BBCA.JK,1867,H3,10075.0,10484.795,1
Baseline,BBCA.JK,1866,H1,10175.0,10476.6455,0
Baseline,BBCA.JK,1867,H2,10075.0,10478.451,0
Baseline,BBCA.JK,1868,H3,10050.0,10472.746,0
Baseline,BBCA.JK,1867,H1,10075.0,10266.314,0
Baseline,BBCA.JK,1868,H2,10050.0,10272.43,0
Baseline,BBCA.JK,1869,H3,10150.0,10284.775,0
Baseline,BBCA.JK,1868,H1,10050.0,10178.591,0
Baseline,BBCA.JK,1869,H2,10150.0,10201.58,1
Baseline,BBCA.JK,1870,H3,10150.0,10190.2705,1
Baseline,BBCA.JK,1869,H1,10150.0,10079.674,1
Baseline,BBCA.JK,1870,H2,10150.0,10086.502,1
Baseline,BBCA.JK,1871,H3,10100.0,10102.133,1
Baseline,BBCA.JK,1870,H1,10150.0,10157.145,0
Baseline,BBCA.JK,1871,H2,10100.0,10181.662,0
Baseline,BBCA.JK,1872,H3,10175.0,10180.818,1
Baseline,BBCA.JK,1871,H1,10100.0,10182.855,0
Baseline,BBCA.JK,1872,H2,10175.0,10190.858,1
Baseline,BBCA.JK,1873,H3,10000.0,10185.903,0
Baseline,BBCA.JK,1872,H1,10175.0,10132.709,1
Baseline,BBCA.JK,1873,H2,10000.0,10134.463,0
Baseline,BBCA.JK,1874,H3,9925.0,10145.4,0
Baseline,BBCA.JK,1873,H1,10000.0,10151.963,1
Baseline,BBCA.JK,1874,H2,9925.0,10165.793,1
Baseline,BBCA.JK,1875,H3,10075.0,10149.814,1
Baseline,BBCA.JK,1874,H1,9925.0,10036.016,0
Baseline,BBCA.JK,1875,H2,10075.0,10037.5205,1
Baseline,BBCA.JK,1876,H3,9850.0,10051.24,0
Baseline,BBCA.JK,1875,H1,10075.0,9941.748,1
Baseline,BBCA.JK,1876,H2,9850.0,9969.727,0
Baseline,BBCA.JK,1877,H3,9850.0,9970.357,0
Baseline,BBCA.JK,1876,H1,9850.0,10062.062,1
Baseline,BBCA.JK,1877,H2,9850.0,10069.517,1
Baseline,BBCA.JK,1878,H3,10175.0,10064.297,0
Baseline,BBCA.JK,1877,H1,9850.0,9899.943,0
Baseline,BBCA.JK,1878,H2,10175.0,9904.869,1
Baseline,BBCA.JK,1879,H3,10000.0,9916.073,1
Baseline,BBCA.JK,1878,H1,10175.0,9886.525,1
Baseline,BBCA.JK,1879,H2,10000.0,9904.358,1
Baseline,BBCA.JK,1880,H3,10000.0,9902.47,1
Baseline,BBCA.JK,1879,H1,10000.0,10091.426,1
Baseline,BBCA.JK,1880,H2,10000.0,10088.729,1
Baseline,BBCA.JK,1881,H3,10000.0,10085.0205,1
Baseline,BBCA.JK,1880,H1,10000.0,10032.529,0
Baseline,BBCA.JK,1881,H2,10000.0,10039.523,0
Baseline,BBCA.JK,1882,H3,9750.0,10030.963,0
Baseline,BBCA.JK,1881,H1,10000.0,10008.854,0
Baseline,BBCA.JK,1882,H2,9750.0,10006.399,0
Baseline,BBCA.JK,1883,H3,10200.0,10020.281,1
Baseline,BBCA.JK,1882,H1,9750.0,10008.215,0
Baseline,BBCA.JK,1883,H2,10200.0,10022.859,1
Baseline,BBCA.JK,1884,H3,10200.0,10018.723,1
Baseline,BBCA.JK,1883,H1,10200.0,9829.866,1
Baseline,BBCA.JK,1884,H2,10200.0,9842.322,1
Baseline,BBCA.JK,1885,H3,10250.0,9854.153,1
Baseline,BBCA.JK,1884,H1,10200.0,10115.302,0
Baseline,BBCA.JK,1885,H2,10250.0,10123.023,0
Baseline,BBCA.JK,1886,H3,10075.0,10124.121,1
Baseline,BBCA.JK,1885,H1,10250.0,10154.759,0
Baseline,BBCA.JK,1886,H2,10075.0,10156.602,1
Baseline,BBCA.JK,1887,H3,10350.0,10154.852,0
Baseline,BBCA.JK,1886,H1,10075.0,10213.711,1
Baseline,BBCA.JK,1887,H2,10350.0,10209.989,0
Baseline,BBCA.JK,1888,H3,10350.0,10222.373,0
Baseline,BBCA.JK,1887,H1,10350.0,10067.78,0
Baseline,BBCA.JK,1888,H2,10350.0,10083.5625,1
Baseline,BBCA.JK,1889,H3,10425.0,10078.979,1
Baseline,BBCA.JK,1888,H1,10350.0,10242.088,0
Baseline,BBCA.JK,1889,H2,10425.0,10234.9795,0
Baseline,BBCA.JK,1890,H3,10175.0,10242.08,1
Baseline,BBCA.JK,1889,H1,10425.0,10300.876,0
Baseline,BBCA.JK,1890,H2,10175.0,10309.112,1
Baseline,BBCA.JK,1891,H3,10050.0,10309.557,1
Baseline,BBCA.JK,1890,H1,10175.0,10340.269,1
Baseline,BBCA.JK,1891,H2,10050.0,10340.619,1
Baseline,BBCA.JK,1892,H3,10100.0,10339.043,1
Baseline,BBCA.JK,1891,H1,10050.0,10188.557,0
Baseline,BBCA.JK,1892,H2,10100.0,10193.093,0
Baseline,BBCA.JK,1893,H3,9900.0,10207.131,0
Baseline,BBCA.JK,1892,H1,10100.0,10092.165,1
Baseline,BBCA.JK,1893,H2,9900.0,10112.87,0
Baseline,BBCA.JK,1894,H3,9800.0,10110.186,0
Baseline,BBCA.JK,1893,H1,9900.0,10104.208,0
Baseline,BBCA.JK,1894,H2,9800.0,10111.695,0
Baseline,BBCA.JK,1895,H3,9675.0,10121.902,0
Baseline,BBCA.JK,1894,H1,9800.0,9931.644,0
Baseline,BBCA.JK,1895,H2,9675.0,9957.102,0
Baseline,BBCA.JK,1896,H3,9650.0,9962.437,0
Baseline,BBCA.JK,1895,H1,9675.0,9856.584,0
Baseline,BBCA.JK,1896,H2,9650.0,9873.653,0
Baseline,BBCA.JK,1897,H3,9775.0,9877.239,0
Baseline,BBCA.JK,1896,H1,9650.0,9704.974,0
Baseline,BBCA.JK,1897,H2,9775.0,9716.109,1
Baseline,BBCA.JK,1898,H3,9750.0,9733.246,1
Baseline,BBCA.JK,1897,H1,9775.0,9666.023,1
Baseline,BBCA.JK,1898,H2,9750.0,9685.9795,1
Baseline,BBCA.JK,1899,H3,9800.0,9688.135,1
Baseline,BBCA.JK,1898,H1,9750.0,9747.796,1
Baseline,BBCA.JK,1899,H2,9800.0,9753.774,0
Baseline,BBCA.JK,1900,H3,9675.0,9755.602,1
Baseline,BBCA.JK,1899,H1,9800.0,9748.147,0
Baseline,BBCA.JK,1900,H2,9675.0,9751.765,0
Baseline,BBCA.JK,1901,H3,9900.0,9798.902,1
Baseline,BBCA.JK,1900,H1,9675.0,9775.024,1
Baseline,BBCA.JK,1901,H2,9900.0,9823.817,1
Baseline,BBCA.JK,1902,H3,9850.0,9818.992,1
Baseline,BBCA.JK,1901,H1,9900.0,9716.828,1
Baseline,BBCA.JK,1902,H2,9850.0,9720.2295,1
Baseline,BBCA.JK,1903,H3,9675.0,9719.1,0
Baseline,BBCA.JK,1902,H1,9850.0,9820.047,1
Baseline,BBCA.JK,1903,H2,9675.0,9818.838,1
Baseline,BBCA.JK,1904,H3,9525.0,9830.428,1
Baseline,BBCA.JK,1903,H1,9675.0,9805.628,1
Baseline,BBCA.JK,1904,H2,9525.0,9819.121,1
Baseline,BBCA.JK,1905,H3,9675.0,9809.826,1
Baseline,BBCA.JK,1904,H1,9525.0,9708.649,0
Baseline,BBCA.JK,1905,H2,9675.0,9712.567,0
Baseline,BBCA.JK,1906,H3,9850.0,9727.753,1
Baseline,BBCA.JK,1905,H1,9675.0,9576.272,1
Baseline,BBCA.JK,1906,H2,9850.0,9601.389,1
Baseline,BBCA.JK,1907,H3,9725.0,9598.209,1
Baseline,BBCA.JK,1906,H1,9850.0,9681.297,1
Baseline,BBCA.JK,1907,H2,9725.0,9681.418,1
Baseline,BBCA.JK,1908,H3,9675.0,9679.094,1
Baseline,BBCA.JK,1907,H1,9725.0,9793.098,1
Baseline,BBCA.JK,1908,H2,9675.0,9789.474,1
Baseline,BBCA.JK,1909,H3,9525.0,9799.909,1
Baseline,BBCA.JK,1908,H1,9675.0,9704.424,1
Baseline,BBCA.JK,1909,H2,9525.0,9717.499,1
Baseline,BBCA.JK,1910,H3,9800.0,9709.08,0
Baseline,BBCA.JK,1909,H1,9525.0,9652.596,1
Baseline,BBCA.JK,1910,H2,9800.0,9654.692,0
Baseline,BBCA.JK,1911,H3,9750.0,9669.115,0
Baseline,BBCA.JK,1910,H1,9800.0,9537.359,1
Baseline,BBCA.JK,1911,H2,9750.0,9560.713,1
Baseline,BBCA.JK,1912,H3,9900.0,9557.1455,1
Baseline,BBCA.JK,1911,H1,9750.0,9758.552,1
Baseline,BBCA.JK,1912,H2,9900.0,9752.898,0
Baseline,BBCA.JK,1913,H3,9625.0,9748.635,1
Baseline,BBCA.JK,1912,H1,9900.0,9752.816,1
Baseline,BBCA.JK,1913,H2,9625.0,9750.518,0
Baseline,BBCA.JK,1914,H3,9575.0,9760.629,0
Baseline,BBCA.JK,1913,H1,9625.0,9857.571,1
Baseline,BBCA.JK,1914,H2,9575.0,9865.416,1
Baseline,BBCA.JK,1915,H3,9600.0,9852.296,1
Baseline,BBCA.JK,1914,H1,9575.0,9667.716,0
Baseline,BBCA.JK,1915,H2,9600.0,9670.878,0
Baseline,BBCA.JK,1916,H3,9600.0,9685.123,0
Baseline,BBCA.JK,1915,H1,9600.0,9603.652,1
Baseline,BBCA.JK,1916,H2,9600.0,9626.513,1
Baseline,BBCA.JK,1917,H3,9350.0,9621.667,0
Baseline,BBCA.JK,1916,H1,9600.0,9628.628,0
Baseline,BBCA.JK,1917,H2,9350.0,9629.205,0
Baseline,BBCA.JK,1918,H3,9150.0,9639.148,0
Baseline,BBCA.JK,1917,H1,9350.0,9605.992,0
Baseline,BBCA.JK,1918,H2,9150.0,9619.545,0
Baseline,BBCA.JK,1919,H3,9450.0,9627.834,0
Baseline,BBCA.JK,1918,H1,9150.0,9430.059,0
Baseline,BBCA.JK,1919,H2,9450.0,9446.48,1
Baseline,BBCA.JK,1920,H3,9350.0,9458.574,0
Baseline,BBCA.JK,1919,H1,9450.0,9190.015,1
Baseline,BBCA.JK,1920,H2,9350.0,9208.781,1
Baseline,BBCA.JK,1921,H3,9175.0,9227.048,1
Baseline,BBCA.JK,1920,H1,9350.0,9419.013,1
Baseline,BBCA.JK,1921,H2,9175.0,9437.719,1
Baseline,BBCA.JK,1922,H3,9125.0,9422.906,1
Baseline,BBCA.JK,1921,H1,9175.0,9340.728,1
Baseline,BBCA.JK,1922,H2,9125.0,9339.423,1
Baseline,BBCA.JK,1923,H3,8950.0,9355.454,0
Baseline,BBCA.JK,1922,H1,9125.0,9203.401,0
Baseline,BBCA.JK,1923,H2,8950.0,9227.945,0
Baseline,BBCA.JK,1924,H3,9350.0,9230.859,1
Baseline,BBCA.JK,1923,H1,8950.0,9133.041,0
Baseline,BBCA.JK,1924,H2,9350.0,9142.178,1
Baseline,BBCA.JK,1925,H3,9150.0,9140.363,1
Baseline,BBCA.JK,1924,H1,9350.0,8987.353,1
Baseline,BBCA.JK,1925,H2,9150.0,8989.827,1
Baseline,BBCA.JK,1926,H3,9075.0,9006.982,1
Baseline,BBCA.JK,1925,H1,9150.0,9234.715,1
Baseline,BBCA.JK,1926,H2,9075.0,9250.352,1
Baseline,BBCA.JK,1927,H3,9150.0,9234.221,1
Baseline,BBCA.JK,1926,H1,9075.0,9097.5625,1
Baseline,BBCA.JK,1927,H2,9150.0,9095.835,0
Baseline,BBCA.JK,1928,H3,9000.0,9110.973,1
Baseline,BBCA.JK,1927,H1,9150.0,9033.512,0
Baseline,BBCA.JK,1928,H2,9000.0,9054.237,1
Baseline,BBCA.JK,1929,H3,8975.0,9056.775,1
Baseline,BBCA.JK,1928,H1,9000.0,9077.273,1
Baseline,BBCA.JK,1929,H2,8975.0,9084.426,1
Baseline,BBCA.JK,1930,H3,9325.0,9080.291,0
Baseline,BBCA.JK,1929,H1,8975.0,8985.333,1
Baseline,BBCA.JK,1930,H2,9325.0,8986.114,0
Baseline,BBCA.JK,1931,H3,9300.0,9000.367,1
Baseline,BBCA.JK,1930,H1,9325.0,8963.138,0
Baseline,BBCA.JK,1931,H2,9300.0,8978.99,1
Baseline,BBCA.JK,1932,H3,8950.0,8967.804,1
Baseline,BBCA.JK,1931,H1,9300.0,9208.422,1
Baseline,BBCA.JK,1932,H2,8950.0,9199.558,1
Baseline,BBCA.JK,1933,H3,9000.0,9212.586,1
Baseline,BBCA.JK,1932,H1,8950.0,9235.425,1
Baseline,BBCA.JK,1933,H2,9000.0,9256.058,1
Baseline,BBCA.JK,1934,H3,9000.0,9253.437,1
Baseline,BBCA.JK,1933,H1,9000.0,8964.249,1
Baseline,BBCA.JK,1934,H2,9000.0,8974.761,1
Baseline,BBCA.JK,1935,H3,8925.0,8973.205,0
Baseline,BBCA.JK,1934,H1,9000.0,8995.01,1
Baseline,BBCA.JK,1935,H2,8925.0,8994.901,1
Baseline,BBCA.JK,1936,H3,8825.0,9008.201,0
Baseline,BBCA.JK,1935,H1,8925.0,8971.055,1
Baseline,BBCA.JK,1936,H2,8825.0,8986.114,1
Baseline,BBCA.JK,1937,H3,8775.0,8973.979,1
Baseline,BBCA.JK,1936,H1,8825.0,8908.253,1
Baseline,BBCA.JK,1937,H2,8775.0,8904.986,1
Baseline,BBCA.JK,1938,H3,8525.0,8920.139,1
Baseline,BBCA.JK,1937,H1,8775.0,8826.028,0
Baseline,BBCA.JK,1938,H2,8525.0,8844.42,0
Baseline,BBCA.JK,1939,H3,8425.0,8832.459,0
Baseline,BBCA.JK,1938,H1,8525.0,8782.86,0
Baseline,BBCA.JK,1939,H2,8425.0,8774.355,1
Baseline,BBCA.JK,1940,H3,8800.0,8763.981,0
Baseline,BBCA.JK,1939,H1,8425.0,8575.331,0
Baseline,BBCA.JK,1940,H2,8800.0,8576.979,1
Baseline,BBCA.JK,1941,H3,8850.0,8590.29,1
Baseline,BBCA.JK,1940,H1,8800.0,8473.426,1
Baseline,BBCA.JK,1941,H2,8850.0,8484.911,1
Baseline,BBCA.JK,1942,H3,9000.0,8482.885,1
Baseline,BBCA.JK,1941,H1,8850.0,8770.083,0
Baseline,BBCA.JK,1942,H2,9000.0,8764.485,0
Baseline,BBCA.JK,1943,H3,8975.0,8771.551,0
Baseline,BBCA.JK,1942,H1,9000.0,8823.347,0
Baseline,BBCA.JK,1943,H2,8975.0,8834.776,0
Baseline,BBCA.JK,1944,H3,8925.0,8826.596,0
Baseline,BBCA.JK,1943,H1,8975.0,8930.242,1
Baseline,BBCA.JK,1944,H2,8925.0,8923.746,1
Baseline,BBCA.JK,1945,H3,8925.0,8913.726,1
Baseline,BBCA.JK,1944,H1,8925.0,8942.261,1
Baseline,BBCA.JK,1945,H2,8925.0,8936.477,1
Baseline,BBCA.JK,1946,H3,8925.0,8934.588,1
Baseline,BBCA.JK,1945,H1,8925.0,8892.434,0
Baseline,BBCA.JK,1946,H2,8925.0,8895.156,0
Baseline,BBCA.JK,1947,H3,9125.0,8878.849,0
Baseline,BBCA.JK,1946,H1,8925.0,8855.99,0
Baseline,BBCA.JK,1947,H2,9125.0,8849.976,0
Baseline,BBCA.JK,1948,H3,8975.0,8855.625,0
Baseline,BBCA.JK,1947,H1,9125.0,8892.352,0
Baseline,BBCA.JK,1948,H2,8975.0,8901.79,0
Baseline,BBCA.JK,1949,H3,8750.0,8893.639,1
Baseline,BBCA.JK,1948,H1,8975.0,9065.732,1
Baseline,BBCA.JK,1949,H2,8750.0,9056.418,1
Baseline,BBCA.JK,1950,H3,8600.0,9045.555,1
Baseline,BBCA.JK,1949,H1,8750.0,8956.935,1
Baseline,BBCA.JK,1950,H2,8600.0,8951.818,1
Baseline,BBCA.JK,1951,H3,8300.0,8952.82,1
Baseline,BBCA.JK,1950,H1,8600.0,8745.287,1
Baseline,BBCA.JK,1951,H2,8300.0,8752.454,0
Baseline,BBCA.JK,1952,H3,8325.0,8743.522,1
Baseline,BBCA.JK,1951,H1,8300.0,8641.201,0
Baseline,BBCA.JK,1952,H2,8325.0,8640.279,0
Baseline,BBCA.JK,1953,H3,8375.0,8651.902,0
Baseline,BBCA.JK,1952,H1,8325.0,8305.342,1
Baseline,BBCA.JK,1953,H2,8375.0,8329.402,1
Baseline,BBCA.JK,1954,H3,7900.0,8338.391,0
Baseline,BBCA.JK,1953,H1,8375.0,8353.3,1
Baseline,BBCA.JK,1954,H2,7900.0,8361.114,0
Baseline,BBCA.JK,1955,H3,7950.0,8363.868,0
Baseline,BBCA.JK,1954,H1,7900.0,8403.952,0
Baseline,BBCA.JK,1955,H2,7950.0,8405.367,0
Baseline,BBCA.JK,1956,H3,8050.0,8413.077,0
Baseline,BBCA.JK,1955,H1,7950.0,7943.903,1
Baseline,BBCA.JK,1956,H2,8050.0,7971.3984,1
Baseline,BBCA.JK,1957,H3,8525.0,7977.096,1
Baseline,BBCA.JK,1956,H1,8050.0,7988.7725,1
Baseline,BBCA.JK,1957,H2,8525.0,8000.5938,1
Baseline,BBCA.JK,1958,H3,8500.0,8015.7695,1
Baseline,BBCA.JK,1957,H1,8525.0,8085.6704,1
Baseline,BBCA.JK,1958,H2,8500.0,8100.6885,1
Baseline,BBCA.JK,1959,H3,7775.0,8104.26,0
Baseline,BBCA.JK,1958,H1,8500.0,8434.778,1
Baseline,BBCA.JK,1959,H2,7775.0,8434.338,1
Baseline,BBCA.JK,1960,H3,7925.0,8432.442,1
Baseline,BBCA.JK,1959,H1,7775.0,8425.79,1
Baseline,BBCA.JK,1960,H2,7925.0,8433.887,1
Baseline,BBCA.JK,1961,H3,8225.0,8438.726,1
Baseline,BBCA.JK,1960,H1,7925.0,7903.594,1
Baseline,BBCA.JK,1961,H2,8225.0,7941.744,1
Baseline,BBCA.JK,1962,H3,8275.0,7943.4224,1
Baseline,BBCA.JK,1961,H1,8225.0,8028.919,1
Baseline,BBCA.JK,1962,H2,8275.0,8043.462,1
Baseline,BBCA.JK,1963,H3,8400.0,8051.538,1
Baseline,BBCA.JK,1962,H1,8275.0,8234.739,1
Baseline,BBCA.JK,1963,H2,8400.0,8241.3,1
Baseline,BBCA.JK,1964,H3,8575.0,8252.254,1
Baseline,BBCA.JK,1963,H1,8400.0,8280.788,1
Baseline,BBCA.JK,1964,H2,8575.0,8292.255,1
Baseline,BBCA.JK,1965,H3,8475.0,8293.502,1
Baseline,BBCA.JK,1964,H1,8575.0,8379.275,0
Baseline,BBCA.JK,1965,H2,8475.0,8384.473,0
Baseline,BBCA.JK,1966,H3,8500.0,8389.812,0
Baseline,BBCA.JK,1965,H1,8475.0,8540.218,1
Baseline,BBCA.JK,1966,H2,8500.0,8545.072,1
Baseline,BBCA.JK,1967,H3,8300.0,8542.2295,1
Baseline,BBCA.JK,1966,H1,8500.0,8463.623,0
Baseline,BBCA.JK,1967,H2,8300.0,8462.799,1
Baseline,BBCA.JK,1968,H3,8500.0,8472.012,0
Baseline,BBCA.JK,1967,H1,8300.0,8495.854,1
Baseline,BBCA.JK,1968,H2,8500.0,8501.393,1
Baseline,BBCA.JK,1969,H3,8725.0,8502.74,1
Baseline,BBCA.JK,1968,H1,8500.0,8346.322,1
Baseline,BBCA.JK,1969,H2,8725.0,8356.158,1
Baseline,BBCA.JK,1970,H3,8475.0,8366.941,1
Baseline,BBCA.JK,1969,H1,8725.0,8524.059,1
Baseline,BBCA.JK,1970,H2,8475.0,8529.346,0
Baseline,BBCA.JK,1971,H3,8600.0,8533.482,1
Baseline,BBCA.JK,1970,H1,8475.0,8716.332,1
Baseline,BBCA.JK,1971,H2,8600.0,8714.533,1
Baseline,BBCA.JK,1972,H3,8775.0,8713.4375,0
Baseline,BBCA.JK,1971,H1,8600.0,8552.778,1
Baseline,BBCA.JK,1972,H2,8775.0,8555.564,1
Baseline,BBCA.JK,1973,H3,8725.0,8566.32,1
Baseline,BBCA.JK,1972,H1,8775.0,8614.805,1
Baseline,BBCA.JK,1973,H2,8725.0,8620.1,1
Baseline,BBCA.JK,1974,H3,8825.0,8613.51,1
Baseline,BBCA.JK,1973,H1,8725.0,8752.923,1
Baseline,BBCA.JK,1974,H2,8825.0,8753.175,0
Baseline,BBCA.JK,1975,H3,8975.0,8738.793,0
Baseline,BBCA.JK,1974,H1,8825.0,8742.173,1
Baseline,BBCA.JK,1975,H2,8975.0,8730.961,1
Baseline,BBCA.JK,1976,H3,8975.0,8730.373,1
Baseline,BBCA.JK,1975,H1,8975.0,8825.733,1
Baseline,BBCA.JK,1976,H2,8975.0,8821.901,0
Baseline,BBCA.JK,1977,H3,9025.0,8821.234,0
Baseline,BBCA.JK,1976,H1,8975.0,8944.803,0
Baseline,BBCA.JK,1977,H2,9025.0,8940.618,0
Baseline,BBCA.JK,1978,H3,9075.0,8938.897,0
Baseline,BBCA.JK,1977,H1,9025.0,8947.758,0
Baseline,BBCA.JK,1978,H2,9075.0,8953.971,0
Baseline,BBCA.JK,1979,H3,8975.0,8954.376,0
Baseline,BBCA.JK,1978,H1,9075.0,9010.738,0
Baseline,BBCA.JK,1979,H2,8975.0,9013.573,1
Baseline,BBCA.JK,1980,H3,9000.0,9001.202,1
Baseline,BBCA.JK,1979,H1,8975.0,9055.625,1
Baseline,BBCA.JK,1980,H2,9000.0,9044.163,1
Baseline,BBCA.JK,1981,H3,9275.0,9044.487,0
Baseline,BBCA.JK,1980,H1,9000.0,8978.796,1
Baseline,BBCA.JK,1981,H2,9275.0,8982.024,1
Baseline,BBCA.JK,1982,H3,9275.0,8985.708,1
Baseline,BBCA.JK,1981,H1,9275.0,8995.242,0
Baseline,BBCA.JK,1982,H2,9275.0,8999.029,0
Baseline,BBCA.JK,1983,H3,9300.0,8989.24,0
Baseline,BBCA.JK,1982,H1,9275.0,9208.746,0
Baseline,BBCA.JK,1983,H2,9300.0,9192.263,0
Baseline,BBCA.JK,1984,H3,9500.0,9185.737,0
Baseline,BBCA.JK,1983,H1,9300.0,9225.091,0
Baseline,BBCA.JK,1984,H2,9500.0,9215.408,0
Baseline,BBCA.JK,1985,H3,9475.0,9211.2705,0
Baseline,BBCA.JK,1984,H1,9500.0,9252.429,0
Baseline,BBCA.JK,1985,H2,9475.0,9244.57,0
Baseline,BBCA.JK,1986,H3,9700.0,9242.914,0
Baseline,BBCA.JK,1985,H1,9475.0,9407.748,1
Baseline,BBCA.JK,1986,H2,9700.0,9404.084,0
Baseline,BBCA.JK,1987,H3,9650.0,9402.139,0
Baseline,BBCA.JK,1986,H1,9700.0,9441.004,0
Baseline,BBCA.JK,1987,H2,9650.0,9439.541,0
Baseline,BBCA.JK,1988,H3,9675.0,9421.418,0
Baseline,BBCA.JK,1987,H1,9650.0,9615.143,1
Baseline,BBCA.JK,1988,H2,9675.0,9590.804,1
Baseline,BBCA.JK,1989,H3,9625.0,9580.799,1
Baseline,BBCA.JK,1988,H1,9675.0,9600.116,0
Baseline,BBCA.JK,1989,H2,9625.0,9587.26,1
Baseline,BBCA.JK,1990,H3,9450.0,9582.004,1
Baseline,BBCA.JK,1989,H1,9625.0,9618.408,1
Baseline,BBCA.JK,1990,H2,9450.0,9608.633,1
Baseline,BBCA.JK,1991,H3,9400.0,9603.735,1
Baseline,BBCA.JK,1990,H1,9450.0,9563.616,1
Baseline,BBCA.JK,1991,H2,9400.0,9565.521,1
Baseline,BBCA.JK,1992,H3,9100.0,9562.971,1
Baseline,BBCA.JK,1991,H1,9400.0,9439.182,1
Baseline,BBCA.JK,1992,H2,9100.0,9444.42,1
Baseline,BBCA.JK,1993,H3,9050.0,9451.66,0
Baseline,BBCA.JK,1992,H1,9100.0,9405.469,0
Baseline,BBCA.JK,1993,H2,9050.0,9407.823,0
Baseline,BBCA.JK,1994,H3,8975.0,9404.654,0
Baseline,BBCA.JK,1993,H1,9050.0,9127.91,0
Baseline,BBCA.JK,1994,H2,8975.0,9133.523,0
Baseline,BBCA.JK,1995,H3,8925.0,9140.1455,0
Baseline,BBCA.JK,1994,H1,8975.0,9079.894,0
Baseline,BBCA.JK,1995,H2,8925.0,9083.397,0
Baseline,BBCA.JK,1996,H3,9100.0,9093.264,1
Baseline,BBCA.JK,1995,H1,8925.0,9015.689,0
Baseline,BBCA.JK,1996,H2,9100.0,9017.707,1
Baseline,BBCA.JK,1997,H3,9050.0,9019.879,1
Baseline,BBCA.JK,1996,H1,9100.0,8952.726,1
Baseline,BBCA.JK,1997,H2,9050.0,8953.287,1
Baseline,BBCA.JK,1998,H3,9125.0,8960.139,1
Baseline,BBCA.JK,1997,H1,9050.0,9072.224,1
Baseline,BBCA.JK,1998,H2,9125.0,9071.501,0
Baseline,BBCA.JK,1999,H3,9025.0,9077.693,1
Baseline,BBCA.JK,1998,H1,9125.0,9035.864,0
Baseline,BBCA.JK,1999,H2,9025.0,9034.945,1
Baseline,BBCA.JK,2000,H3,8925.0,9034.364,1
Baseline,BBCA.JK,1999,H1,9025.0,9077.059,1
Baseline,BBCA.JK,2000,H2,8925.0,9064.474,1
Baseline,BBCA.JK,2001,H3,9075.0,9073.673,1
Baseline,BBCA.JK,2000,H1,8925.0,9010.463,1
Baseline,BBCA.JK,2001,H2,9075.0,9010.541,0
Baseline,BBCA.JK,2002,H3,8900.0,9009.5,1
Baseline,BBCA.JK,2001,H1,9075.0,8920.798,0
Baseline,BBCA.JK,2002,H2,8900.0,8919.605,1
Baseline,BBCA.JK,2003,H3,8775.0,8925.315,0
Baseline,BBCA.JK,2002,H1,8900.0,9037.627,1
Baseline,BBCA.JK,2003,H2,8775.0,9036.849,1
Baseline,BBCA.JK,2004,H3,8700.0,9042.337,1
Baseline,BBCA.JK,2003,H1,8775.0,8891.043,1
Baseline,BBCA.JK,2004,H2,8700.0,8891.177,1
Baseline,BBCA.JK,2005,H3,8625.0,8892.705,1
Baseline,BBCA.JK,2004,H1,8700.0,8811.231,0
Baseline,BBCA.JK,2005,H2,8625.0,8802.589,0
Baseline,BBCA.JK,2006,H3,8775.0,8816.973,0
Baseline,BBCA.JK,2005,H1,8625.0,8696.288,1
Baseline,BBCA.JK,2006,H2,8775.0,8701.903,1
Baseline,BBCA.JK,2007,H3,8600.0,8705.006,0
Baseline,BBCA.JK,2006,H1,8775.0,8638.908,1
Baseline,BBCA.JK,2007,H2,8600.0,8638.162,0
Baseline,BBCA.JK,2008,H3,8650.0,8648.259,1
Baseline,BBCA.JK,2007,H1,8600.0,8762.944,1
Baseline,BBCA.JK,2008,H2,8650.0,8764.403,1
Baseline,BBCA.JK,2009,H3,8675.0,8752.723,1
Baseline,BBCA.JK,2008,H1,8650.0,8625.274,1
Baseline,BBCA.JK,2009,H2,8675.0,8608.489,1
Baseline,BBCA.JK,2010,H3,8700.0,8645.847,1
Baseline,BBCA.JK,2009,H1,8675.0,8626.523,0
Baseline,BBCA.JK,2010,H2,8700.0,8649.02,0
Baseline,BBCA.JK,2011,H3,8675.0,8653.831,1
Baseline,BBCA.JK,2010,H1,8700.0,8660.35,0
Baseline,BBCA.JK,2011,H2,8675.0,8660.561,0
Baseline,BBCA.JK,2012,H3,8600.0,8668.539,1
Baseline,BBCA.JK,2011,H1,8675.0,8693.15,1
Baseline,BBCA.JK,2012,H2,8600.0,8694.287,1
Baseline,BBCA.JK,2013,H3,8650.0,8702.792,0
Baseline,BBCA.JK,2012,H1,8600.0,8643.811,1
Baseline,BBCA.JK,2013,H2,8650.0,8643.698,1
Baseline,BBCA.JK,2014,H3,8625.0,8648.105,1
Baseline,BBCA.JK,2013,H1,8650.0,8613.33,1
Baseline,BBCA.JK,2014,H2,8625.0,8606.407,1
Baseline,BBCA.JK,2015,H3,8500.0,8620.458,0
Baseline,BBCA.JK,2014,H1,8625.0,8641.321,1
Baseline,BBCA.JK,2015,H2,8500.0,8643.146,1
Baseline,BBCA.JK,2016,H3,8500.0,8646.756,1
Baseline,BBCA.JK,2015,H1,8500.0,8613.838,1
Baseline,BBCA.JK,2016,H2,8500.0,8614.252,1
Baseline,BBCA.JK,2017,H3,8600.0,8622.498,1
Baseline,BBCA.JK,2016,H1,8500.0,8505.688,0
Baseline,BBCA.JK,2017,H2,8600.0,8508.747,1
Baseline,BBCA.JK,2018,H3,8625.0,8521.461,1
Baseline,BBCA.JK,2017,H1,8600.0,8503.6875,1
Baseline,BBCA.JK,2018,H2,8625.0,8504.638,1
Baseline,BBCA.JK,2019,H3,8525.0,8511.689,1
Baseline,BBCA.JK,2018,H1,8625.0,8577.146,0
Baseline,BBCA.JK,2019,H2,8525.0,8569.829,1
Baseline,BBCA.JK,2020,H3,8550.0,8583.176,1
Baseline,BBCA.JK,2019,H1,8525.0,8589.666,1
Baseline,BBCA.JK,2020,H2,8550.0,8590.056,1
Baseline,BBCA.JK,2021,H3,8525.0,8594.277,1
Baseline,BBCA.JK,2020,H1,8550.0,8527.678,1
Baseline,BBCA.JK,2021,H2,8525.0,8529.871,1
Baseline,BBCA.JK,2022,H3,8525.0,8540.096,0
Baseline,BBCA.JK,2021,H1,8525.0,8546.501,1
Baseline,BBCA.JK,2022,H2,8525.0,8548.193,1
Baseline,BBCA.JK,2023,H3,8425.0,8558.366,0
Baseline,BBCA.JK,2022,H1,8525.0,8519.519,0
Baseline,BBCA.JK,2023,H2,8425.0,8519.172,1
Baseline,BBCA.JK,2024,H3,8450.0,8525.536,0
Baseline,BBCA.JK,2023,H1,8425.0,8515.855,1
Baseline,BBCA.JK,2024,H2,8450.0,8508.448,1
Baseline,BBCA.JK,2025,H3,8400.0,8522.57,1
Baseline,BBCA.JK,2024,H1,8450.0,8442.218,1
Baseline,BBCA.JK,2025,H2,8400.0,8446.156,0
Baseline,BBCA.JK,2026,H3,8425.0,8453.3545,0
Baseline,BBCA.JK,2025,H1,8400.0,8451.447,0
Baseline,BBCA.JK,2026,H2,8425.0,8453.184,0
Baseline,BBCA.JK,2027,H3,8500.0,8464.106,1
Baseline,BBCA.JK,2026,H1,8425.0,8410.764,1
Baseline,BBCA.JK,2027,H2,8500.0,8413.212,1
Baseline,BBCA.JK,2028,H3,8450.0,8425.461,1
Baseline,BBCA.JK,2027,H1,8500.0,8423.166,0
Baseline,BBCA.JK,2028,H2,8450.0,8423.982,0
Baseline,BBCA.JK,2029,H3,8500.0,8431.589,1
Baseline,BBCA.JK,2028,H1,8450.0,8482.146,1
Baseline,BBCA.JK,2029,H2,8500.0,8475.36,0
Baseline,BBCA.JK,2030,H3,8400.0,8489.453,1
Baseline,BBCA.JK,2029,H1,8500.0,8442.051,0
Baseline,BBCA.JK,2030,H2,8400.0,8444.6045,1
Baseline,BBCA.JK,2031,H3,8375.0,8450.621,0
Baseline,BBCA.JK,2030,H1,8400.0,8486.238,1
Baseline,BBCA.JK,2031,H2,8375.0,8487.736,1
Baseline,BBCA.JK,2032,H3,8275.0,8482.201,1
Baseline,BBCA.JK,2031,H1,8375.0,8410.896,0
Baseline,BBCA.JK,2032,H2,8275.0,8399.018,1
Baseline,BBCA.JK,2033,H3,8300.0,8437.063,0
Baseline,BBCA.JK,2032,H1,8275.0,8374.104,1
Baseline,BBCA.JK,2033,H2,8300.0,8401.143,0
Baseline,BBCA.JK,2034,H3,8275.0,8409.32,0
Baseline,BBCA.JK,2033,H1,8300.0,8317.863,1
Baseline,BBCA.JK,2034,H2,8275.0,8314.958,0
Baseline,BBCA.JK,2035,H3,8425.0,8334.105,1
Baseline,BBCA.JK,2034,H1,8275.0,8317.501,0
Baseline,BBCA.JK,2035,H2,8425.0,8326.21,1
Baseline,BBCA.JK,2036,H3,8300.0,8323.672,0
Baseline,BBCA.JK,2035,H1,8425.0,8299.127,1
Baseline,BBCA.JK,2036,H2,8300.0,8292.374,1
Baseline,BBCA.JK,2037,H3,8300.0,8308.186,1
Baseline,BBCA.JK,2036,H1,8300.0,8393.635,1
Baseline,BBCA.JK,2037,H2,8300.0,8400.834,1
Baseline,BBCA.JK,2038,H3,8300.0,8411.856,1
Baseline,BBCA.JK,2037,H1,8300.0,8308.3955,0
Baseline,BBCA.JK,2038,H2,8300.0,8312.769,0
Baseline,BBCA.JK,2039,H3,8550.0,8320.161,1
Baseline,BBCA.JK,2038,H1,8300.0,8309.299,0
Baseline,BBCA.JK,2039,H2,8550.0,8305.75,1
Baseline,BBCA.JK,2040,H3,8850.0,8323.166,1
Baseline,BBCA.JK,2039,H1,8550.0,8303.374,1
Baseline,BBCA.JK,2040,H2,8850.0,8311.346,1
Baseline,BBCA.JK,2041,H3,8925.0,8308.264,1
Baseline,BBCA.JK,2040,H1,8850.0,8506.365,0
Baseline,BBCA.JK,2041,H2,8925.0,8496.784,0
Baseline,BBCA.JK,2042,H3,8775.0,8508.077,0
Baseline,BBCA.JK,2041,H1,8925.0,8784.171,0
Baseline,BBCA.JK,2042,H2,8775.0,8790.737,1
Baseline,BBCA.JK,2043,H3,8700.0,8795.758,1
Baseline,BBCA.JK,2042,H1,8775.0,8886.074,1
Baseline,BBCA.JK,2043,H2,8700.0,8888.638,1
Baseline,BBCA.JK,2044,H3,8500.0,8892.175,1
Baseline,BBCA.JK,2043,H1,8700.0,8765.254,1
Baseline,BBCA.JK,2044,H2,8500.0,8765.33,1
Baseline,BBCA.JK,2045,H3,8525.0,8755.46,1
Baseline,BBCA.JK,2044,H1,8500.0,8700.28,0
Baseline,BBCA.JK,2045,H2,8525.0,8691.875,1
Baseline,BBCA.JK,2046,H3,8550.0,8702.31,0
Baseline,BBCA.JK,2045,H1,8525.0,8518.486,1
Baseline,BBCA.JK,2046,H2,8550.0,8526.043,1
Baseline,BBCA.JK,2047,H3,8450.0,8537.721,0
Baseline,BBCA.JK,2046,H1,8550.0,8508.951,0
Baseline,BBCA.JK,2047,H2,8450.0,8512.886,1
Baseline,BBCA.JK,2048,H3,8475.0,8518.838,1
Baseline,BBCA.JK,2047,H1,8450.0,8549.112,1
Baseline,BBCA.JK,2048,H2,8475.0,8543.69,1
Baseline,BBCA.JK,2049,H3,8250.0,8558.595,0
Baseline,BBCA.JK,2048,H1,8475.0,8469.344,1
Baseline,BBCA.JK,2049,H2,8250.0,8476.884,0
Baseline,BBCA.JK,2050,H3,8300.0,8473.756,0
Baseline,BBCA.JK,2049,H1,8250.0,8487.818,0
Baseline,BBCA.JK,2050,H2,8300.0,8480.4,0
Baseline,BBCA.JK,2051,H3,8325.0,8494.232,0
Baseline,BBCA.JK,2050,H1,8300.0,8292.615,1
Baseline,BBCA.JK,2051,H2,8325.0,8304.615,1
Baseline,BBCA.JK,2052,H3,8075.0,8321.907,0
Baseline,BBCA.JK,2051,H1,8325.0,8318.008,1
Baseline,BBCA.JK,2052,H2,8075.0,8323.48,0
Baseline,BBCA.JK,2053,H3,8000.0,8305.442,0
Baseline,BBCA.JK,2052,H1,8075.0,8338.407,0
Baseline,BBCA.JK,2053,H2,8000.0,8310.265,1
Baseline,BBCA.JK,2054,H3,8000.0,8327.77,0
Baseline,BBCA.JK,2053,H1,8000.0,8104.646,0
Baseline,BBCA.JK,2054,H2,8000.0,8117.76,0
Baseline,BBCA.JK,2055,H3,7975.0,8132.531,0
Baseline,BBCA.JK,2054,H1,8000.0,7971.917,0
Baseline,BBCA.JK,2055,H2,7975.0,7986.9673,1
Baseline,BBCA.JK,2056,H3,8000.0,8008.585,0
Baseline,BBCA.JK,2055,H1,7975.0,8013.6924,0
Baseline,BBCA.JK,2056,H2,8000.0,8024.048,0
Baseline,BBCA.JK,2057,H3,7700.0,8035.5254,0
Baseline,BBCA.JK,2056,H1,8000.0,7988.501,1
Baseline,BBCA.JK,2057,H2,7700.0,7990.54,0
Baseline,BBCA.JK,2058,H3,7525.0,8012.4277,0
Baseline,BBCA.JK,2057,H1,7700.0,8011.2725,0
Baseline,BBCA.JK,2058,H2,7525.0,8021.884,0
Baseline,BBCA.JK,2059,H3,7800.0,8032.35,0
Baseline,BBCA.JK,2058,H1,7525.0,7781.1816,0
Baseline,BBCA.JK,2059,H2,7800.0,7795.0894,1
Baseline,BBCA.JK,2060,H3,7850.0,7817.6694,1
Baseline,BBCA.JK,2059,H1,7800.0,7590.0474,1
Baseline,BBCA.JK,2060,H2,7850.0,7609.0815,1
Baseline,BBCA.JK,2061,H3,7925.0,7634.36,1
Baseline,BBCA.JK,2060,H1,7850.0,7808.633,1
Baseline,BBCA.JK,2061,H2,7925.0,7818.497,1
Baseline,BBCA.JK,2062,H3,8025.0,7833.8345,1
Baseline,BBCA.JK,2061,H1,7925.0,7873.569,1
Baseline,BBCA.JK,2062,H2,8025.0,7877.2305,1
Baseline,BBCA.JK,2063,H3,7925.0,7898.735,1
Baseline,BBCA.JK,2062,H1,8025.0,7935.3374,1
Baseline,BBCA.JK,2063,H2,7925.0,7946.2827,0
Baseline,BBCA.JK,2064,H3,7850.0,7956.132,0
Baseline,BBCA.JK,2063,H1,7925.0,8017.448,1
Baseline,BBCA.JK,2064,H2,7850.0,8021.342,1
Baseline,BBCA.JK,2065,H3,7700.0,8034.8506,0
Baseline,BBCA.JK,2064,H1,7850.0,7944.0527,0
Baseline,BBCA.JK,2065,H2,7700.0,7952.494,0
Baseline,BBCA.JK,2066,H3,7800.0,7968.1836,0
Baseline,BBCA.JK,2065,H1,7700.0,7874.4775,0
Baseline,BBCA.JK,2066,H2,7800.0,7881.75,0
Baseline,BBCA.JK,2067,H3,7725.0,7895.8247,0
Baseline,BBCA.JK,2066,H1,7800.0,7751.2373,1
Baseline,BBCA.JK,2067,H2,7725.0,7758.7397,1
Baseline,BBCA.JK,2068,H3,7875.0,7784.8345,1
Baseline,BBCA.JK,2067,H1,7725.0,7811.8247,0
Baseline,BBCA.JK,2068,H2,7875.0,7824.3457,1
Baseline,BBCA.JK,2069,H3,7775.0,7835.291,0
Baseline,BBCA.JK,2068,H1,7875.0,7758.037,1
Baseline,BBCA.JK,2069,H2,7775.0,7763.7837,1
Baseline,BBCA.JK,2070,H3,7700.0,7781.298,0
Baseline,BBCA.JK,2069,H1,7775.0,7863.9907,1
Baseline,BBCA.JK,2070,H2,7700.0,7870.377,1
Baseline,BBCA.JK,2071,H3,7625.0,7884.8633,0
Baseline,BBCA.JK,2070,H1,7700.0,7790.12,0
Baseline,BBCA.JK,2071,H2,7625.0,7798.404,0
Baseline,BBCA.JK,2072,H3,7775.0,7813.372,0
Baseline,BBCA.JK,2071,H1,7625.0,7726.7764,0
Baseline,BBCA.JK,2072,H2,7775.0,7731.114,1
Baseline,BBCA.JK,2073,H3,7625.0,7732.214,0
Baseline,BBCA.JK,2072,H1,7775.0,7644.917,1
Baseline,BBCA.JK,2073,H2,7625.0,7636.079,0
Baseline,BBCA.JK,2074,H3,7500.0,7671.0693,0
Baseline,BBCA.JK,2073,H1,7625.0,7761.9614,1
Baseline,BBCA.JK,2074,H2,7500.0,7783.6714,0
Baseline,BBCA.JK,2075,H3,7500.0,7799.7803,0
Baseline,BBCA.JK,2074,H1,7500.0,7654.995,0
Baseline,BBCA.JK,2075,H2,7500.0,7667.1313,0
Baseline,BBCA.JK,2076,H3,7525.0,7683.332,0
Baseline,BBCA.JK,2075,H1,7500.0,7539.5713,0
Baseline,BBCA.JK,2076,H2,7525.0,7552.3574,1
Baseline,BBCA.JK,2077,H3,7500.0,7568.38,0
Baseline,BBCA.JK,2076,H1,7525.0,7537.6636,1
Baseline,BBCA.JK,2077,H2,7500.0,7544.005,0
Baseline,BBCA.JK,2078,H3,7575.0,7568.815,1
Baseline,BBCA.JK,2077,H1,7500.0,7545.468,0
Baseline,BBCA.JK,2078,H2,7575.0,7561.804,1
Baseline,BBCA.JK,2079,H3,7375.0,7567.4785,0
Baseline,BBCA.JK,2078,H1,7575.0,7528.717,1
Baseline,BBCA.JK,2079,H2,7375.0,7533.461,0
Baseline,BBCA.JK,2080,H3,7550.0,7554.2227,1
Baseline,BBCA.JK,2079,H1,7375.0,7583.3687,0
Baseline,BBCA.JK,2080,H2,7550.0,7594.971,0
Baseline,BBCA.JK,2081,H3,7400.0,7609.0967,0
Baseline,BBCA.JK,2080,H1,7550.0,7425.236,1
Baseline,BBCA.JK,2081,H2,7400.0,7435.9854,1
Baseline,BBCA.JK,2082,H3,7325.0,7452.881,0
Baseline,BBCA.JK,2081,H1,7400.0,7577.3525,0
Baseline,BBCA.JK,2082,H2,7325.0,7584.7007,0
Baseline,BBCA.JK,2083,H3,7250.0,7608.6064,0
Baseline,BBCA.JK,2082,H1,7325.0,7439.6494,0
Baseline,BBCA.JK,2083,H2,7250.0,7460.215,0
Baseline,BBCA.JK,2084,H3,7250.0,7470.4404,0
Baseline,BBCA.JK,2083,H1,7250.0,7368.127,0
Baseline,BBCA.JK,2084,H2,7250.0,7376.8574,0
Baseline,BBCA.JK,2085,H3,7300.0,7401.681,0
Baseline,BBCA.JK,2084,H1,7250.0,7297.006,0
Baseline,BBCA.JK,2085,H2,7300.0,7314.9067,1
Baseline,BBCA.JK,2086,H3,7500.0,7332.1333,1
Baseline,BBCA.JK,2085,H1,7300.0,7289.5996,1
Baseline,BBCA.JK,2086,H2,7500.0,7298.23,1
Baseline,BBCA.JK,2087,H3,7875.0,7315.39,1
Baseline,BBCA.JK,2086,H1,7500.0,7333.9375,1
Baseline,BBCA.JK,2087,H2,7875.0,7338.9556,1
Baseline,BBCA.JK,2088,H3,8475.0,7365.613,1
Baseline,BBCA.JK,2087,H1,7875.0,7492.4033,0
Baseline,BBCA.JK,2088,H2,8475.0,7507.4165,1
Baseline,BBCA.JK,2089,H3,8200.0,7513.3867,1
Baseline,BBCA.JK,2088,H1,8475.0,7869.7456,0
Baseline,BBCA.JK,2089,H2,8200.0,7870.9316,0
Baseline,BBCA.JK,2090,H3,8325.0,7884.165,1
Baseline,BBCA.JK,2089,H1,8200.0,8354.785,1
Baseline,BBCA.JK,2090,H2,8325.0,8361.945,1
Baseline,BBCA.JK,2091,H3,8275.0,8364.051,1
Baseline,BBCA.JK,2090,H1,8325.0,8251.482,1
Baseline,BBCA.JK,2091,H2,8275.0,8263.428,1
Baseline,BBCA.JK,2092,H3,8350.0,8261.881,1
Baseline,BBCA.JK,2091,H1,8275.0,8347.682,0
Baseline,BBCA.JK,2092,H2,8350.0,8339.451,1
Baseline,BBCA.JK,2093,H3,8275.0,8338.075,0
Baseline,BBCA.JK,2092,H1,8350.0,8287.41,1
Baseline,BBCA.JK,2093,H2,8275.0,8285.737,0
Baseline,BBCA.JK,2094,H3,8600.0,8276.511,1
Baseline,BBCA.JK,2093,H1,8275.0,8364.143,0
Baseline,BBCA.JK,2094,H2,8600.0,8358.889,1
Baseline,BBCA.JK,2095,H3,8525.0,8360.536,1
Baseline,BBCA.JK,2094,H1,8600.0,8309.937,1
Baseline,BBCA.JK,2095,H2,8525.0,8311.965,1
Baseline,BBCA.JK,2096,H3,8525.0,8294.392,1
Baseline,BBCA.JK,2095,H1,8525.0,8586.76,1
Baseline,BBCA.JK,2096,H2,8525.0,8566.599,1
Baseline,BBCA.JK,2097,H3,8650.0,8579.765,0
Baseline,BBCA.JK,2096,H1,8525.0,8533.619,0
Baseline,BBCA.JK,2097,H2,8650.0,8544.789,1
Baseline,BBCA.JK,2098,H3,8650.0,8549.972,1
Baseline,BBCA.JK,2097,H1,8650.0,8541.433,1
Baseline,BBCA.JK,2098,H2,8650.0,8545.597,1
Baseline,BBCA.JK,2099,H3,8700.0,8532.211,1
Baseline,BBCA.JK,2098,H1,8650.0,8627.451,0
Baseline,BBCA.JK,2099,H2,8700.0,8620.951,0
Baseline,BBCA.JK,2100,H3,8550.0,8627.283,1
Baseline,BBCA.JK,2099,H1,8700.0,8636.472,0
Baseline,BBCA.JK,2100,H2,8550.0,8646.663,1
Baseline,BBCA.JK,2101,H3,8675.0,8649.26,0
Baseline,BBCA.JK,2100,H1,8550.0,8679.337,1
Baseline,BBCA.JK,2101,H2,8675.0,8684.528,1
Baseline,BBCA.JK,2102,H3,8575.0,8680.868,1
Baseline,BBCA.JK,2101,H1,8675.0,8564.295,1
Baseline,BBCA.JK,2102,H2,8575.0,8563.258,1
Baseline,BBCA.JK,2103,H3,8400.0,8571.276,0
Baseline,BBCA.JK,2102,H1,8575.0,8655.994,1
Baseline,BBCA.JK,2103,H2,8400.0,8661.872,1
Baseline,BBCA.JK,2104,H3,8500.0,8650.494,1
Baseline,BBCA.JK,2103,H1,8400.0,8576.035,0
Baseline,BBCA.JK,2104,H2,8500.0,8573.388,1
Baseline,BBCA.JK,2105,H3,8375.0,8584.218,0
Baseline,BBCA.JK,2104,H1,8500.0,8443.213,1
Baseline,BBCA.JK,2105,H2,8375.0,8457.341,0
Baseline,BBCA.JK,2106,H3,8425.0,8467.668,1
Baseline,BBCA.JK,2105,H1,8375.0,8508.355,0
Baseline,BBCA.JK,2106,H2,8425.0,8516.452,0
Baseline,BBCA.JK,2107,H3,8575.0,8517.983,1
Baseline,BBCA.JK,2106,H1,8425.0,8394.779,1
Baseline,BBCA.JK,2107,H2,8575.0,8396.719,1
Baseline,BBCA.JK,2108,H3,8400.0,8409.516,1
Baseline,BBCA.JK,2107,H1,8575.0,8429.826,1
Baseline,BBCA.JK,2108,H2,8400.0,8438.72,0
Baseline,BBCA.JK,2109,H3,8475.0,8432.228,1
Baseline,BBCA.JK,2108,H1,8400.0,8559.033,1
Baseline,BBCA.JK,2109,H2,8475.0,8554.013,1
Baseline,BBCA.JK,2110,H3,8425.0,8564.155,1
Baseline,BBCA.JK,2109,H1,8475.0,8411.232,1
Baseline,BBCA.JK,2110,H2,8425.0,8424.517,1
Baseline,BBCA.JK,2111,H3,8400.0,8434.564,0
Baseline,BBCA.JK,2110,H1,8425.0,8455.934,1
Baseline,BBCA.JK,2111,H2,8400.0,8462.945,1
Baseline,BBCA.JK,2112,H3,8475.0,8464.945,0
Baseline,BBCA.JK,2111,H1,8400.0,8432.845,0
Baseline,BBCA.JK,2112,H2,8475.0,8432.809,1
Baseline,BBCA.JK,2113,H3,8500.0,8444.125,1
Baseline,BBCA.JK,2112,H1,8475.0,8400.69,1
Baseline,BBCA.JK,2113,H2,8500.0,8408.502,1
Baseline,BBCA.JK,2114,H3,8425.0,8402.557,1
Baseline,BBCA.JK,2113,H1,8500.0,8455.46,0
Baseline,BBCA.JK,2114,H2,8425.0,8450.834,1
Baseline,BBCA.JK,2115,H3,8325.0,8462.953,1
Baseline,BBCA.JK,2114,H1,8425.0,8474.529,1
Baseline,BBCA.JK,2115,H2,8325.0,8485.321,1
Baseline,BBCA.JK,2116,H3,8275.0,8492.566,1
Baseline,BBCA.JK,2115,H1,8325.0,8413.299,1
Baseline,BBCA.JK,2116,H2,8275.0,8419.758,1
Baseline,BBCA.JK,2117,H3,8400.0,8426.6875,0
Baseline,BBCA.JK,2116,H1,8275.0,8353.643,0
Baseline,BBCA.JK,2117,H2,8400.0,8356.991,1
Baseline,BBCA.JK,2118,H3,8375.0,8374.559,1
Baseline,BBCA.JK,2117,H1,8400.0,8312.473,1
Baseline,BBCA.JK,2118,H2,8375.0,8322.493,1
Baseline,BBCA.JK,2119,H3,8300.0,8325.782,1
Baseline,BBCA.JK,2118,H1,8375.0,8399.729,1
Baseline,BBCA.JK,2119,H2,8300.0,8399.133,1
Baseline,BBCA.JK,2120,H3,8225.0,8412.848,0
Baseline,BBCA.JK,2119,H1,8300.0,8367.574,1
Baseline,BBCA.JK,2120,H2,8225.0,8375.691,0
Baseline,BBCA.JK,2121,H3,8300.0,8387.666,0
Baseline,BBCA.JK,2120,H1,8225.0,8313.814,0
Baseline,BBCA.JK,2121,H2,8300.0,8318.754,0
Baseline,BBCA.JK,2122,H3,8300.0,8327.391,0
Baseline,BBCA.JK,2121,H1,8300.0,8260.039,1
Baseline,BBCA.JK,2122,H2,8300.0,8260.07,1
Baseline,BBCA.JK,2123,H3,8100.0,8279.754,0
Baseline,BBCA.JK,2122,H1,8300.0,8296.564,1
Baseline,BBCA.JK,2123,H2,8100.0,8305.516,0
Baseline,BBCA.JK,2124,H3,8075.0,8307.443,0
Baseline,BBCA.JK,2123,H1,8100.0,8304.4375,0
Baseline,BBCA.JK,2124,H2,8075.0,8303.773,0
Baseline,BBCA.JK,2125,H3,8000.0,8318.847,0
Baseline,BBCA.JK,2124,H1,8075.0,8150.162,0
Baseline,BBCA.JK,2125,H2,8000.0,8161.9614,0
Baseline,BBCA.JK,2126,H3,8000.0,8178.4043,0
Baseline,BBCA.JK,2125,H1,8000.0,8115.656,0
Baseline,BBCA.JK,2126,H2,8000.0,8123.163,0
Baseline,BBCA.JK,2127,H3,8300.0,8134.526,1
Baseline,BBCA.JK,2126,H1,8000.0,8059.4717,0
Baseline,BBCA.JK,2127,H2,8300.0,8064.397,1
Baseline,BBCA.JK,2128,H3,8075.0,8088.032,1
Baseline,BBCA.JK,2127,H1,8300.0,8025.1387,1
Baseline,BBCA.JK,2128,H2,8075.0,8038.843,1
Baseline,BBCA.JK,2129,H3,8025.0,8043.6006,1
Baseline,BBCA.JK,2128,H1,8075.0,8221.892,1
Baseline,BBCA.JK,2129,H2,8025.0,8223.162,1
Baseline,BBCA.JK,2130,H3,8175.0,8238.264,1
Baseline,BBCA.JK,2129,H1,8025.0,8093.225,0
Baseline,BBCA.JK,2130,H2,8175.0,8108.3105,1
Baseline,BBCA.JK,2131,H3,8050.0,8123.8,0
Baseline,BBCA.JK,2130,H1,8175.0,8036.4404,1
Baseline,BBCA.JK,2131,H2,8050.0,8044.663,1
Baseline,BBCA.JK,2132,H3,8175.0,8055.5693,1
Baseline,BBCA.JK,2131,H1,8050.0,8149.7354,1
Baseline,BBCA.JK,2132,H2,8175.0,8150.2476,0
Baseline,BBCA.JK,2133,H3,8025.0,8168.164,1
Baseline,BBCA.JK,2132,H1,8175.0,8061.463,1
Baseline,BBCA.JK,2133,H2,8025.0,8074.598,0
Baseline,BBCA.JK,2134,H3,8025.0,8078.3594,0
Baseline,BBCA.JK,2133,H1,8025.0,8147.3584,1
Baseline,BBCA.JK,2134,H2,8025.0,8146.6777,1
Baseline,BBCA.JK,2135,H3,8025.0,8158.7373,1
Baseline,BBCA.JK,2134,H1,8025.0,8026.2124,1
Baseline,BBCA.JK,2135,H2,8025.0,8034.7754,0
Baseline,BBCA.JK,2136,H3,8075.0,8056.32,1
Baseline,BBCA.JK,2135,H1,8025.0,8026.241,1
Baseline,BBCA.JK,2136,H2,8075.0,8038.0215,1
Baseline,BBCA.JK,2137,H3,8025.0,8053.966,0
Baseline,BBCA.JK,2136,H1,8075.0,8027.0693,1
Baseline,BBCA.JK,2137,H2,8025.0,8039.7256,0
Baseline,BBCA.JK,2138,H3,8075.0,8048.964,1
Baseline,BBCA.JK,2137,H1,8025.0,8054.3574,1
Baseline,BBCA.JK,2138,H2,8075.0,8059.4126,0
Baseline,BBCA.JK,2139,H3,8175.0,8077.4453,1
Baseline,BBCA.JK,2138,H1,8075.0,8033.9214,1
Baseline,BBCA.JK,2139,H2,8175.0,8046.102,1
Baseline,BBCA.JK,2140,H3,8150.0,8047.8086,1
Baseline,BBCA.JK,2139,H1,8175.0,8071.352,0
Baseline,BBCA.JK,2140,H2,8150.0,8071.299,0
Baseline,BBCA.JK,2141,H3,8050.0,8087.7275,0
Baseline,BBCA.JK,2140,H1,8150.0,8163.306,1
Baseline,BBCA.JK,2141,H2,8050.0,8173.1685,1
Baseline,BBCA.JK,2142,H3,8125.0,8179.682,0
Baseline,BBCA.JK,2141,H1,8050.0,8139.751,1
Baseline,BBCA.JK,2142,H2,8125.0,8143.0405,1
Baseline,BBCA.JK,2143,H3,8025.0,8150.2627,0
Baseline,BBCA.JK,2142,H1,8125.0,8058.743,1
Baseline,BBCA.JK,2143,H2,8025.0,8062.4644,0
Baseline,BBCA.JK,2144,H3,8075.0,8080.3643,1
Baseline,BBCA.JK,2143,H1,8025.0,8125.096,0
Baseline,BBCA.JK,2144,H2,8075.0,8134.848,0
Baseline,BBCA.JK,2145,H3,8000.0,8134.4634,0
Baseline,BBRI.JK,1820,H1,5175.0,5149.6685,0
Baseline,BBRI.JK,1821,H2,5100.0,5152.8545,1
Baseline,BBRI.JK,1822,H3,5150.0,5149.785,1
Baseline,BBRI.JK,1821,H1,5100.0,5174.953,1
Baseline,BBRI.JK,1822,H2,5150.0,5173.128,1
Baseline,BBRI.JK,1823,H3,5225.0,5168.011,0
Baseline,BBRI.JK,1822,H1,5150.0,5086.0835,0
Baseline,BBRI.JK,1823,H2,5225.0,5086.141,0
Baseline,BBRI.JK,1824,H3,5175.0,5083.782,0
Baseline,BBRI.JK,1823,H1,5225.0,5132.4883,0
Baseline,BBRI.JK,1824,H2,5175.0,5129.4834,0
Baseline,BBRI.JK,1825,H3,5250.0,5130.966,0
Baseline,BBRI.JK,1824,H1,5175.0,5203.4277,1
Baseline,BBRI.JK,1825,H2,5250.0,5202.714,0
Baseline,BBRI.JK,1826,H3,5175.0,5202.9463,1
Baseline,BBRI.JK,1825,H1,5250.0,5188.6167,1
Baseline,BBRI.JK,1826,H2,5175.0,5191.5996,0
Baseline,BBRI.JK,1827,H3,5175.0,5188.7935,0
Baseline,BBRI.JK,1826,H1,5175.0,5253.9688,0
Baseline,BBRI.JK,1827,H2,5175.0,5249.727,1
Baseline,BBRI.JK,1828,H3,5300.0,5243.614,0
Baseline,BBRI.JK,1827,H1,5175.0,5178.112,1
Baseline,BBRI.JK,1828,H2,5300.0,5176.0845,1
Baseline,BBRI.JK,1829,H3,5300.0,5174.784,0
Baseline,BBRI.JK,1828,H1,5300.0,5169.911,0
Baseline,BBRI.JK,1829,H2,5300.0,5169.4194,0
Baseline,BBRI.JK,1830,H3,5350.0,5171.802,0
Baseline,BBRI.JK,1829,H1,5300.0,5272.951,0
Baseline,BBRI.JK,1830,H2,5350.0,5272.044,0
Baseline,BBRI.JK,1831,H3,5400.0,5268.466,0
Baseline,BBRI.JK,1830,H1,5350.0,5326.4414,1
Baseline,BBRI.JK,1831,H2,5400.0,5321.193,1
Baseline,BBRI.JK,1832,H3,5375.0,5314.285,1
Baseline,BBRI.JK,1831,H1,5400.0,5373.582,1
Baseline,BBRI.JK,1832,H2,5375.0,5364.9756,1
Baseline,BBRI.JK,1833,H3,5500.0,5359.6953,1
Baseline,BBRI.JK,1832,H1,5375.0,5435.053,0
Baseline,BBRI.JK,1833,H2,5500.0,5425.6553,1
Baseline,BBRI.JK,1834,H3,5525.0,5425.6123,1
Baseline,BBRI.JK,1833,H1,5500.0,5415.239,1
Baseline,BBRI.JK,1834,H2,5525.0,5412.899,1
Baseline,BBRI.JK,1835,H3,5325.0,5411.3257,0
Baseline,BBRI.JK,1834,H1,5525.0,5491.665,0
Baseline,BBRI.JK,1835,H2,5325.0,5485.874,1
Baseline,BBRI.JK,1836,H3,5050.0,5481.1655,1
Baseline,BBRI.JK,1835,H1,5325.0,5543.966,0
Baseline,BBRI.JK,1836,H2,5050.0,5536.536,0
Baseline,BBRI.JK,1837,H3,5100.0,5528.34,0
Baseline,BBRI.JK,1836,H1,5050.0,5326.9473,0
Baseline,BBRI.JK,1837,H2,5100.0,5323.613,1
Baseline,BBRI.JK,1838,H3,4950.0,5304.3296,1
Baseline,BBRI.JK,1837,H1,5100.0,5079.718,1
Baseline,BBRI.JK,1838,H2,4950.0,5066.1836,0
Baseline,BBRI.JK,1839,H3,5075.0,5098.059,1
Baseline,BBRI.JK,1838,H1,4950.0,5114.6694,0
Baseline,BBRI.JK,1839,H2,5075.0,5152.6665,0
Baseline,BBRI.JK,1840,H3,4940.0,5142.7134,0
Baseline,BBRI.JK,1839,H1,5075.0,4959.6562,1
Baseline,BBRI.JK,1840,H2,4940.0,4960.9844,0
Baseline,BBRI.JK,1841,H3,4920.0,4959.866,0
Baseline,BBRI.JK,1840,H1,4940.0,5060.6387,1
Baseline,BBRI.JK,1841,H2,4920.0,5060.7256,1
Baseline,BBRI.JK,1842,H3,4860.0,5049.624,1
Baseline,BBRI.JK,1841,H1,4920.0,4898.9688,1
Baseline,BBRI.JK,1842,H2,4860.0,4896.001,1
Baseline,BBRI.JK,1843,H3,4820.0,4889.6436,1
Baseline,BBRI.JK,1842,H1,4860.0,4881.435,1
Baseline,BBRI.JK,1843,H2,4820.0,4877.578,1
Baseline,BBRI.JK,1844,H3,5000.0,4873.971,0
Baseline,BBRI.JK,1843,H1,4820.0,4822.48,1
Baseline,BBRI.JK,1844,H2,5000.0,4822.283,0
Baseline,BBRI.JK,1845,H3,4930.0,4814.2954,0
Baseline,BBRI.JK,1844,H1,5000.0,4798.0205,0
Baseline,BBRI.JK,1845,H2,4930.0,4795.479,0
Baseline,BBRI.JK,1846,H3,4860.0,4793.611,0
Baseline,BBRI.JK,1845,H1,4930.0,4895.936,1
Baseline,BBRI.JK,1846,H2,4860.0,4895.3057,1
Baseline,BBRI.JK,1847,H3,4900.0,4883.9126,1
Baseline,BBRI.JK,1846,H1,4860.0,4869.9414,1
Baseline,BBRI.JK,1847,H2,4900.0,4864.268,1
Baseline,BBRI.JK,1848,H3,4900.0,4855.2485,1
Baseline,BBRI.JK,1847,H1,4900.0,4826.4395,0
Baseline,BBRI.JK,1848,H2,4900.0,4822.3267,0
Baseline,BBRI.JK,1849,H3,4920.0,4817.632,0
Baseline,BBRI.JK,1848,H1,4900.0,4871.8125,0
Baseline,BBRI.JK,1849,H2,4920.0,4869.619,0
Baseline,BBRI.JK,1850,H3,4950.0,4858.5703,0
Baseline,BBRI.JK,1849,H1,4920.0,4869.834,0
Baseline,BBRI.JK,1850,H2,4950.0,4865.931,0
Baseline,BBRI.JK,1851,H3,4980.0,4861.4243,0
Baseline,BBRI.JK,1850,H1,4950.0,4894.0977,0
Baseline,BBRI.JK,1851,H2,4980.0,4893.8027,0
Baseline,BBRI.JK,1852,H3,4970.0,4883.526,0
Baseline,BBRI.JK,1851,H1,4980.0,4925.5625,0
Baseline,BBRI.JK,1852,H2,4970.0,4919.077,0
Baseline,BBRI.JK,1853,H3,4990.0,4910.373,0
Baseline,BBRI.JK,1852,H1,4970.0,4949.8784,1
Baseline,BBRI.JK,1853,H2,4990.0,4943.1426,0
Baseline,BBRI.JK,1854,H3,4900.0,4937.4365,1
Baseline,BBRI.JK,1853,H1,4990.0,4959.662,0
Baseline,BBRI.JK,1854,H2,4900.0,4956.477,1
Baseline,BBRI.JK,1855,H3,4860.0,4945.7246,1
Baseline,BBRI.JK,1854,H1,4900.0,4971.4976,1
Baseline,BBRI.JK,1855,H2,4860.0,4966.7085,1
Baseline,BBRI.JK,1856,H3,4820.0,4961.9795,1
Baseline,BBRI.JK,1855,H1,4860.0,4895.265,1
Baseline,BBRI.JK,1856,H2,4820.0,4896.1953,1
Baseline,BBRI.JK,1857,H3,4770.0,4887.8887,1
Baseline,BBRI.JK,1856,H1,4820.0,4848.4263,1
Baseline,BBRI.JK,1857,H2,4770.0,4845.0376,1
Baseline,BBRI.JK,1858,H3,4760.0,4839.537,1
Baseline,BBRI.JK,1857,H1,4770.0,4816.5635,1
Baseline,BBRI.JK,1858,H2,4760.0,4813.223,1
Baseline,BBRI.JK,1859,H3,4700.0,4811.2686,1
Baseline,BBRI.JK,1858,H1,4760.0,4786.7075,0
Baseline,BBRI.JK,1859,H2,4700.0,4786.632,0
Baseline,BBRI.JK,1860,H3,4710.0,4781.2163,0
Baseline,BBRI.JK,1859,H1,4700.0,4773.2095,0
Baseline,BBRI.JK,1860,H2,4710.0,4771.705,0
Baseline,BBRI.JK,1861,H3,4800.0,4757.4287,0
Baseline,BBRI.JK,1860,H1,4710.0,4712.007,1
Baseline,BBRI.JK,1861,H2,4800.0,4700.6685,1
Baseline,BBRI.JK,1862,H3,4700.0,4716.744,0
Baseline,BBRI.JK,1861,H1,4800.0,4682.8916,0
Baseline,BBRI.JK,1862,H2,4700.0,4700.8286,1
Baseline,BBRI.JK,1863,H3,4720.0,4691.4775,0
Baseline,BBRI.JK,1862,H1,4700.0,4776.76,1
Baseline,BBRI.JK,1863,H2,4720.0,4772.631,1
Baseline,BBRI.JK,1864,H3,4710.0,4761.8027,1
Baseline,BBRI.JK,1863,H1,4720.0,4687.066,0
Baseline,BBRI.JK,1864,H2,4710.0,4685.6353,0
Baseline,BBRI.JK,1865,H3,4600.0,4674.767,1
Baseline,BBRI.JK,1864,H1,4710.0,4709.648,1
Baseline,BBRI.JK,1865,H2,4600.0,4707.4106,1
Baseline,BBRI.JK,1866,H3,4550.0,4702.4854,1
Baseline,BBRI.JK,1865,H1,4600.0,4692.0337,1
Baseline,BBRI.JK,1866,H2,4550.0,4692.9077,1
Baseline,BBRI.JK,1867,H3,4520.0,4694.7236,1
Baseline,BBRI.JK,1866,H1,4550.0,4605.947,0
Baseline,BBRI.JK,1867,H2,4520.0,4617.168,0
Baseline,BBRI.JK,1868,H3,4460.0,4611.4893,0
Baseline,BBRI.JK,1867,H1,4520.0,4568.985,0
Baseline,BBRI.JK,1868,H2,4460.0,4568.4663,0
Baseline,BBRI.JK,1869,H3,4500.0,4565.805,0
Baseline,BBRI.JK,1868,H1,4460.0,4543.1724,0
Baseline,BBRI.JK,1869,H2,4500.0,4544.7485,0
Baseline,BBRI.JK,1870,H3,4580.0,4537.813,1
Baseline,BBRI.JK,1869,H1,4500.0,4458.1343,0
Baseline,BBRI.JK,1870,H2,4580.0,4459.405,0
Baseline,BBRI.JK,1871,H3,4500.0,4463.6816,1
Baseline,BBRI.JK,1870,H1,4580.0,4486.4844,0
Baseline,BBRI.JK,1871,H2,4500.0,4488.575,0
Baseline,BBRI.JK,1872,H3,4470.0,4494.655,1
Baseline,BBRI.JK,1871,H1,4500.0,4540.434,1
Baseline,BBRI.JK,1872,H2,4470.0,4549.981,1
Baseline,BBRI.JK,1873,H3,4350.0,4543.4795,1
Baseline,BBRI.JK,1872,H1,4470.0,4499.3945,1
Baseline,BBRI.JK,1873,H2,4350.0,4498.2124,1
Baseline,BBRI.JK,1874,H3,4360.0,4496.4043,1
Baseline,BBRI.JK,1873,H1,4350.0,4466.4697,1
Baseline,BBRI.JK,1874,H2,4360.0,4466.877,1
Baseline,BBRI.JK,1875,H3,4330.0,4460.445,1
Baseline,BBRI.JK,1874,H1,4360.0,4368.968,1
Baseline,BBRI.JK,1875,H2,4330.0,4369.9355,0
Baseline,BBRI.JK,1876,H3,4250.0,4376.224,0
Baseline,BBRI.JK,1875,H1,4330.0,4368.151,0
Baseline,BBRI.JK,1876,H2,4250.0,4371.713,0
Baseline,BBRI.JK,1877,H3,4400.0,4380.8647,1
Baseline,BBRI.JK,1876,H1,4250.0,4341.542,0
Baseline,BBRI.JK,1877,H2,4400.0,4353.5205,1
Baseline,BBRI.JK,1878,H3,4470.0,4355.429,1
Baseline,BBRI.JK,1877,H1,4400.0,4271.5728,1
Baseline,BBRI.JK,1878,H2,4470.0,4276.1865,1
Baseline,BBRI.JK,1879,H3,4400.0,4285.3857,1
Baseline,BBRI.JK,1878,H1,4470.0,4376.8906,0
Baseline,BBRI.JK,1879,H2,4400.0,4380.2896,0
Baseline,BBRI.JK,1880,H3,4330.0,4377.5166,1
Baseline,BBRI.JK,1879,H1,4400.0,4437.397,1
Baseline,BBRI.JK,1880,H2,4330.0,4436.108,1
Baseline,BBRI.JK,1881,H3,4250.0,4442.9976,1
Baseline,BBRI.JK,1880,H1,4330.0,4385.159,1
Baseline,BBRI.JK,1881,H2,4250.0,4395.502,1
Baseline,BBRI.JK,1882,H3,4170.0,4399.476,1
Baseline,BBRI.JK,1881,H1,4250.0,4330.4253,0
Baseline,BBRI.JK,1882,H2,4170.0,4337.4873,0
Baseline,BBRI.JK,1883,H3,4240.0,4348.77,0
Baseline,BBRI.JK,1882,H1,4170.0,4267.081,0
Baseline,BBRI.JK,1883,H2,4240.0,4276.704,0
Baseline,BBRI.JK,1884,H3,4350.0,4281.5146,1
Baseline,BBRI.JK,1883,H1,4240.0,4200.445,1
Baseline,BBRI.JK,1884,H2,4350.0,4205.6177,1
Baseline,BBRI.JK,1885,H3,4260.0,4218.6045,1
Baseline,BBRI.JK,1884,H1,4350.0,4253.914,1
Baseline,BBRI.JK,1885,H2,4260.0,4260.5654,1
Baseline,BBRI.JK,1886,H3,4310.0,4270.479,1
Baseline,BBRI.JK,1885,H1,4260.0,4334.198,1
Baseline,BBRI.JK,1886,H2,4310.0,4341.44,1
Baseline,BBRI.JK,1887,H3,4390.0,4345.624,0
Baseline,BBRI.JK,1886,H1,4310.0,4270.8955,1
Baseline,BBRI.JK,1887,H2,4390.0,4273.336,1
Baseline,BBRI.JK,1888,H3,4360.0,4285.0557,1
Baseline,BBRI.JK,1887,H1,4390.0,4308.7793,0
Baseline,BBRI.JK,1888,H2,4360.0,4314.6504,1
Baseline,BBRI.JK,1889,H3,4380.0,4316.8164,1
Baseline,BBRI.JK,1888,H1,4360.0,4381.6323,1
Baseline,BBRI.JK,1889,H2,4380.0,4380.533,1
Baseline,BBRI.JK,1890,H3,4260.0,4386.453,1
Baseline,BBRI.JK,1889,H1,4380.0,4359.054,0
Baseline,BBRI.JK,1890,H2,4260.0,4362.8706,0
Baseline,BBRI.JK,1891,H3,4170.0,4371.1025,0
Baseline,BBRI.JK,1890,H1,4260.0,4378.06,1
Baseline,BBRI.JK,1891,H2,4170.0,4383.266,0
Baseline,BBRI.JK,1892,H3,4250.0,4385.9062,0
Baseline,BBRI.JK,1891,H1,4170.0,4285.2803,0
Baseline,BBRI.JK,1892,H2,4250.0,4287.2007,0
Baseline,BBRI.JK,1893,H3,4150.0,4298.428,0
Baseline,BBRI.JK,1892,H1,4250.0,4200.1353,1
Baseline,BBRI.JK,1893,H2,4150.0,4209.5723,0
Baseline,BBRI.JK,1894,H3,4150.0,4215.58,0
Baseline,BBRI.JK,1893,H1,4150.0,4258.4746,0
Baseline,BBRI.JK,1894,H2,4150.0,4260.324,0
Baseline,BBRI.JK,1895,H3,4090.0,4269.6387,0
Baseline,BBRI.JK,1894,H1,4150.0,4177.6304,0
Baseline,BBRI.JK,1895,H2,4090.0,4186.8857,0
Baseline,BBRI.JK,1896,H3,4060.0,4198.6685,0
Baseline,BBRI.JK,1895,H1,4090.0,4176.075,0
Baseline,BBRI.JK,1896,H2,4060.0,4182.975,0
Baseline,BBRI.JK,1897,H3,4210.0,4190.1353,1
Baseline,BBRI.JK,1896,H1,4060.0,4115.4717,0
Baseline,BBRI.JK,1897,H2,4210.0,4119.723,1
Baseline,BBRI.JK,1898,H3,4200.0,4134.163,1
Baseline,BBRI.JK,1897,H1,4210.0,4088.3992,1
Baseline,BBRI.JK,1898,H2,4200.0,4097.3975,1
Baseline,BBRI.JK,1899,H3,4100.0,4106.3506,1
Baseline,BBRI.JK,1898,H1,4200.0,4215.4863,0
Baseline,BBRI.JK,1899,H2,4100.0,4219.491,0
Baseline,BBRI.JK,1900,H3,4080.0,4224.351,0
Baseline,BBRI.JK,1899,H1,4100.0,4215.4243,0
Baseline,BBRI.JK,1900,H2,4080.0,4216.659,0
Baseline,BBRI.JK,1901,H3,4210.0,4222.7515,1
Baseline,BBRI.JK,1900,H1,4080.0,4120.957,0
Baseline,BBRI.JK,1901,H2,4210.0,4122.3164,1
Baseline,BBRI.JK,1902,H3,4150.0,4134.509,1
Baseline,BBRI.JK,1901,H1,4210.0,4093.5364,1
Baseline,BBRI.JK,1902,H2,4150.0,4103.5054,1
Baseline,BBRI.JK,1903,H3,4100.0,4112.7236,1
Baseline,BBRI.JK,1902,H1,4150.0,4211.4473,0
Baseline,BBRI.JK,1903,H2,4100.0,4215.9043,0
Baseline,BBRI.JK,1904,H3,4030.0,4224.9004,0
Baseline,BBRI.JK,1903,H1,4100.0,4165.66,0
Baseline,BBRI.JK,1904,H2,4030.0,4175.5117,0
Baseline,BBRI.JK,1905,H3,4080.0,4181.647,0
Baseline,BBRI.JK,1904,H1,4030.0,4124.7183,0
Baseline,BBRI.JK,1905,H2,4080.0,4132.0176,0
Baseline,BBRI.JK,1906,H3,4030.0,4143.6895,0
Baseline,BBRI.JK,1905,H1,4080.0,4060.1223,1
Baseline,BBRI.JK,1906,H2,4030.0,4070.7913,0
Baseline,BBRI.JK,1907,H3,4010.0,4082.9153,0
Baseline,BBRI.JK,1906,H1,4030.0,4096.4243,0
Baseline,BBRI.JK,1907,H2,4010.0,4105.108,0
Baseline,BBRI.JK,1908,H3,3850.0,4113.1963,0
Baseline,BBRI.JK,1907,H1,4010.0,4050.8992,0
Baseline,BBRI.JK,1908,H2,3850.0,4058.2808,0
Baseline,BBRI.JK,1909,H3,3800.0,4071.7183,0
Baseline,BBRI.JK,1908,H1,3850.0,4033.4775,0
Baseline,BBRI.JK,1909,H2,3800.0,4043.809,0
Baseline,BBRI.JK,1910,H3,4090.0,4051.3179,1
Baseline,BBRI.JK,1909,H1,3800.0,3891.0195,0
Baseline,BBRI.JK,1910,H2,4090.0,3903.1387,1
Baseline,BBRI.JK,1911,H3,4160.0,3920.5232,1
Baseline,BBRI.JK,1910,H1,4090.0,3839.2017,1
Baseline,BBRI.JK,1911,H2,4160.0,3854.639,1
Baseline,BBRI.JK,1912,H3,4090.0,3867.2207,1
Baseline,BBRI.JK,1911,H1,4160.0,4106.4395,1
Baseline,BBRI.JK,1912,H2,4090.0,4117.2583,0
Baseline,BBRI.JK,1913,H3,4220.0,4125.5205,1
Baseline,BBRI.JK,1912,H1,4090.0,4186.923,0
Baseline,BBRI.JK,1913,H2,4220.0,4193.3276,1
Baseline,BBRI.JK,1914,H3,4260.0,4203.161,1
Baseline,BBRI.JK,1913,H1,4220.0,4119.057,1
Baseline,BBRI.JK,1914,H2,4260.0,4131.493,1
Baseline,BBRI.JK,1915,H3,4260.0,4139.1616,1
Baseline,BBRI.JK,1914,H1,4260.0,4240.0737,1
Baseline,BBRI.JK,1915,H2,4260.0,4243.5845,1
Baseline,BBRI.JK,1916,H3,4300.0,4249.857,1
Baseline,BBRI.JK,1915,H1,4260.0,4301.3765,0
Baseline,BBRI.JK,1916,H2,4300.0,4306.6255,1
Baseline,BBRI.JK,1917,H3,4190.0,4313.425,0
Baseline,BBRI.JK,1916,H1,4300.0,4286.709,1
Baseline,BBRI.JK,1917,H2,4190.0,4294.6826,0
Baseline,BBRI.JK,1918,H3,4120.0,4298.73,0
Baseline,BBRI.JK,1917,H1,4190.0,4322.2617,0
Baseline,BBRI.JK,1918,H2,4120.0,4322.626,0
Baseline,BBRI.JK,1919,H3,4220.0,4303.6797,0
Baseline,BBRI.JK,1918,H1,4120.0,4236.089,0
Baseline,BBRI.JK,1919,H2,4220.0,4223.271,1
Baseline,BBRI.JK,1920,H3,4250.0,4246.377,1
Baseline,BBRI.JK,1919,H1,4220.0,4137.623,1
Baseline,BBRI.JK,1920,H2,4250.0,4156.484,1
Baseline,BBRI.JK,1921,H3,4260.0,4169.2964,1
Baseline,BBRI.JK,1920,H1,4250.0,4234.283,1
Baseline,BBRI.JK,1921,H2,4260.0,4238.257,1
Baseline,BBRI.JK,1922,H3,4140.0,4245.009,0
Baseline,BBRI.JK,1921,H1,4260.0,4256.488,1
Baseline,BBRI.JK,1922,H2,4140.0,4260.977,0
Baseline,BBRI.JK,1923,H3,3970.0,4265.2603,0
Baseline,BBRI.JK,1922,H1,4140.0,4274.438,0
Baseline,BBRI.JK,1923,H2,3970.0,4274.3804,0
Baseline,BBRI.JK,1924,H3,4030.0,4284.109,0
Baseline,BBRI.JK,1923,H1,3970.0,4167.1616,0
Baseline,BBRI.JK,1924,H2,4030.0,4177.786,0
Baseline,BBRI.JK,1925,H3,3970.0,4187.652,0
Baseline,BBRI.JK,1924,H1,4030.0,4015.1216,1
Baseline,BBRI.JK,1925,H2,3970.0,4028.3179,0
Baseline,BBRI.JK,1926,H3,4010.0,4045.8303,1
Baseline,BBRI.JK,1925,H1,3970.0,4049.2778,0
Baseline,BBRI.JK,1926,H2,4010.0,4060.1663,0
Baseline,BBRI.JK,1927,H3,4030.0,4070.0215,0
Baseline,BBRI.JK,1926,H1,4010.0,3986.2036,1
Baseline,BBRI.JK,1927,H2,4030.0,3997.4673,1
Baseline,BBRI.JK,1928,H3,3990.0,4012.7798,1
Baseline,BBRI.JK,1927,H1,4030.0,4015.1592,1
Baseline,BBRI.JK,1928,H2,3990.0,4025.4866,0
Baseline,BBRI.JK,1929,H3,3860.0,4039.6602,0
Baseline,BBRI.JK,1928,H1,3990.0,4021.2236,1
Baseline,BBRI.JK,1929,H2,3860.0,4033.8486,0
Baseline,BBRI.JK,1930,H3,4030.0,4046.529,0
Baseline,BBRI.JK,1929,H1,3860.0,3994.9856,0
Baseline,BBRI.JK,1930,H2,4030.0,4006.4058,1
Baseline,BBRI.JK,1931,H3,4150.0,4023.387,1
Baseline,BBRI.JK,1930,H1,4030.0,3880.0398,1
Baseline,BBRI.JK,1931,H2,4150.0,3900.9905,1
Baseline,BBRI.JK,1932,H3,4020.0,3916.1716,1
Baseline,BBRI.JK,1931,H1,4150.0,4030.267,1
Baseline,BBRI.JK,1932,H2,4020.0,4040.8835,0
Baseline,BBRI.JK,1933,H3,3910.0,4054.1765,0
Baseline,BBRI.JK,1932,H1,4020.0,4137.0483,1
Baseline,BBRI.JK,1933,H2,3910.0,4143.049,1
Baseline,BBRI.JK,1934,H3,3890.0,4155.342,0
Baseline,BBRI.JK,1933,H1,3910.0,4031.2512,0
Baseline,BBRI.JK,1934,H2,3890.0,4047.586,0
Baseline,BBRI.JK,1935,H3,3920.0,4062.001,0
Baseline,BBRI.JK,1934,H1,3890.0,3929.1926,0
Baseline,BBRI.JK,1935,H2,3920.0,3944.0417,1
Baseline,BBRI.JK,1936,H3,3800.0,3964.2673,0
Baseline,BBRI.JK,1935,H1,3920.0,3908.528,1
Baseline,BBRI.JK,1936,H2,3800.0,3924.7637,0
Baseline,BBRI.JK,1937,H3,3820.0,3937.5002,0
Baseline,BBRI.JK,1936,H1,3800.0,3928.5876,0
Baseline,BBRI.JK,1937,H2,3820.0,3938.6125,0
Baseline,BBRI.JK,1938,H3,3630.0,3953.5793,0
Baseline,BBRI.JK,1937,H1,3820.0,3817.651,1
Baseline,BBRI.JK,1938,H2,3630.0,3835.773,0
Baseline,BBRI.JK,1939,H3,3360.0,3839.2334,0
Baseline,BBRI.JK,1938,H1,3630.0,3839.662,0
Baseline,BBRI.JK,1939,H2,3360.0,3839.5876,0
Baseline,BBRI.JK,1940,H3,3670.0,3856.058,0
Baseline,BBRI.JK,1939,H1,3360.0,3653.4448,0
Baseline,BBRI.JK,1940,H2,3670.0,3660.3132,1
Baseline,BBRI.JK,1941,H3,3670.0,3677.945,1
Baseline,BBRI.JK,1940,H1,3670.0,3395.1177,1
Baseline,BBRI.JK,1941,H2,3670.0,3402.8647,1
Baseline,BBRI.JK,1942,H3,3840.0,3415.465,1
Baseline,BBRI.JK,1941,H1,3670.0,3656.3447,0
Baseline,BBRI.JK,1942,H2,3840.0,3673.7998,1
Baseline,BBRI.JK,1943,H3,3950.0,3694.383,1
Baseline,BBRI.JK,1942,H1,3840.0,3689.7815,1
Baseline,BBRI.JK,1943,H2,3950.0,3707.6685,1
Baseline,BBRI.JK,1944,H3,3810.0,3722.3188,1
Baseline,BBRI.JK,1943,H1,3950.0,3847.5881,1
Baseline,BBRI.JK,1944,H2,3810.0,3863.1638,0
Baseline,BBRI.JK,1945,H3,3760.0,3873.9075,0
Baseline,BBRI.JK,1944,H1,3810.0,3949.6663,1
Baseline,BBRI.JK,1945,H2,3760.0,3959.7095,0
Baseline,BBRI.JK,1946,H3,3790.0,3970.3408,0
Baseline,BBRI.JK,1945,H1,3760.0,3815.5225,0
Baseline,BBRI.JK,1946,H2,3790.0,3832.533,0
Baseline,BBRI.JK,1947,H3,3890.0,3843.2441,1
Baseline,BBRI.JK,1946,H1,3790.0,3765.4192,1
Baseline,BBRI.JK,1947,H2,3890.0,3777.5547,1
Baseline,BBRI.JK,1948,H3,3800.0,3794.003,1
Baseline,BBRI.JK,1947,H1,3890.0,3777.5786,0
Baseline,BBRI.JK,1948,H2,3800.0,3791.6345,1
Baseline,BBRI.JK,1949,H3,3750.0,3804.739,0
Baseline,BBRI.JK,1948,H1,3800.0,3879.3992,1
Baseline,BBRI.JK,1949,H2,3750.0,3891.23,0
Baseline,BBRI.JK,1950,H3,3830.0,3900.467,0
Baseline,BBRI.JK,1949,H1,3750.0,3802.9644,0
Baseline,BBRI.JK,1950,H2,3830.0,3816.4824,1
Baseline,BBRI.JK,1951,H3,3680.0,3832.5632,0
Baseline,BBRI.JK,1950,H1,3830.0,3751.9434,1
Baseline,BBRI.JK,1951,H2,3680.0,3767.5298,0
Baseline,BBRI.JK,1952,H3,3710.0,3778.955,0
Baseline,BBRI.JK,1951,H1,3680.0,3826.8462,1
Baseline,BBRI.JK,1952,H2,3710.0,3836.2915,0
Baseline,BBRI.JK,1953,H3,3660.0,3849.6663,0
Baseline,BBRI.JK,1952,H1,3710.0,3700.564,1
Baseline,BBRI.JK,1953,H2,3660.0,3717.6812,0
Baseline,BBRI.JK,1954,H3,3700.0,3732.2104,1
Baseline,BBRI.JK,1953,H1,3660.0,3733.9246,0
Baseline,BBRI.JK,1954,H2,3700.0,3746.964,0
Baseline,BBRI.JK,1955,H3,3610.0,3757.9873,0
Baseline,BBRI.JK,1954,H1,3700.0,3675.7173,1
Baseline,BBRI.JK,1955,H2,3610.0,3686.6853,0
Baseline,BBRI.JK,1956,H3,3800.0,3702.116,1
Baseline,BBRI.JK,1955,H1,3610.0,3695.9895,1
Baseline,BBRI.JK,1956,H2,3800.0,3709.2883,1
Baseline,BBRI.JK,1957,H3,4000.0,3719.747,1
Baseline,BBRI.JK,1956,H1,3800.0,3599.822,0
Baseline,BBRI.JK,1957,H2,4000.0,3609.163,0
Baseline,BBRI.JK,1958,H3,4050.0,3625.9382,1
Baseline,BBRI.JK,1957,H1,4000.0,3818.1462,1
Baseline,BBRI.JK,1958,H2,4050.0,3832.2656,1
Baseline,BBRI.JK,1959,H3,3640.0,3845.2634,0
Baseline,BBRI.JK,1958,H1,4050.0,3998.822,0
Baseline,BBRI.JK,1959,H2,3640.0,4013.0767,0
Baseline,BBRI.JK,1960,H3,3630.0,4020.4844,0
Baseline,BBRI.JK,1959,H1,3640.0,4067.7668,0
Baseline,BBRI.JK,1960,H2,3630.0,4075.863,0
Baseline,BBRI.JK,1961,H3,3800.0,4084.923,0
Baseline,BBRI.JK,1960,H1,3630.0,3789.4365,0
Baseline,BBRI.JK,1961,H2,3800.0,3792.8967,1
Baseline,BBRI.JK,1962,H3,3630.0,3797.6287,0
Baseline,BBRI.JK,1961,H1,3800.0,3682.5295,1
Baseline,BBRI.JK,1962,H2,3630.0,3686.4463,0
Baseline,BBRI.JK,1963,H3,3690.0,3692.3801,1
Baseline,BBRI.JK,1962,H1,3630.0,3853.9382,0
Baseline,BBRI.JK,1963,H2,3690.0,3862.6555,0
Baseline,BBRI.JK,1964,H3,3690.0,3874.7969,0
Baseline,BBRI.JK,1963,H1,3690.0,3663.6934,1
Baseline,BBRI.JK,1964,H2,3690.0,3671.776,1
Baseline,BBRI.JK,1965,H3,3650.0,3680.442,1
Baseline,BBRI.JK,1964,H1,3690.0,3720.6387,0
Baseline,BBRI.JK,1965,H2,3650.0,3726.4817,0
Baseline,BBRI.JK,1966,H3,3640.0,3736.9539,0
Baseline,BBRI.JK,1965,H1,3650.0,3719.6016,0
Baseline,BBRI.JK,1966,H2,3640.0,3727.8577,0
Baseline,BBRI.JK,1967,H3,3620.0,3736.8916,0
Baseline,BBRI.JK,1966,H1,3640.0,3682.6902,0
Baseline,BBRI.JK,1967,H2,3620.0,3689.0527,0
Baseline,BBRI.JK,1968,H3,3630.0,3699.2766,0
Baseline,BBRI.JK,1967,H1,3620.0,3670.6675,0
Baseline,BBRI.JK,1968,H2,3630.0,3677.9656,0
Baseline,BBRI.JK,1969,H3,3760.0,3684.4946,1
Baseline,BBRI.JK,1968,H1,3630.0,3649.286,1
Baseline,BBRI.JK,1969,H2,3760.0,3653.6438,1
Baseline,BBRI.JK,1970,H3,3730.0,3662.1086,1
Baseline,BBRI.JK,1969,H1,3760.0,3660.5938,1
Baseline,BBRI.JK,1970,H2,3730.0,3666.1304,1
Baseline,BBRI.JK,1971,H3,3740.0,3674.613,1
Baseline,BBRI.JK,1970,H1,3730.0,3793.1433,0
Baseline,BBRI.JK,1971,H2,3740.0,3800.112,0
Baseline,BBRI.JK,1972,H3,3840.0,3806.6304,1
Baseline,BBRI.JK,1971,H1,3740.0,3765.4954,1
Baseline,BBRI.JK,1972,H2,3840.0,3770.4922,1
Baseline,BBRI.JK,1973,H3,3850.0,3781.475,1
Baseline,BBRI.JK,1972,H1,3840.0,3768.0461,1
Baseline,BBRI.JK,1973,H2,3850.0,3776.0522,1
Baseline,BBRI.JK,1974,H3,3850.0,3767.2593,1
Baseline,BBRI.JK,1973,H1,3850.0,3868.2715,1
Baseline,BBRI.JK,1974,H2,3850.0,3854.6038,1
Baseline,BBRI.JK,1975,H3,3880.0,3859.5054,1
Baseline,BBRI.JK,1974,H1,3850.0,3875.1384,0
Baseline,BBRI.JK,1975,H2,3880.0,3878.8992,1
Baseline,BBRI.JK,1976,H3,3860.0,3888.1619,1
Baseline,BBRI.JK,1975,H1,3880.0,3865.2827,1
Baseline,BBRI.JK,1976,H2,3860.0,3873.8481,1
Baseline,BBRI.JK,1977,H3,3880.0,3882.7505,1
Baseline,BBRI.JK,1976,H1,3860.0,3902.9307,0
Baseline,BBRI.JK,1977,H2,3880.0,3911.3943,0
Baseline,BBRI.JK,1978,H3,3910.0,3922.6973,1
Baseline,BBRI.JK,1977,H1,3880.0,3891.0288,1
Baseline,BBRI.JK,1978,H2,3910.0,3902.1301,1
Baseline,BBRI.JK,1979,H3,3790.0,3911.08,0
Baseline,BBRI.JK,1978,H1,3910.0,3907.2065,1
Baseline,BBRI.JK,1979,H2,3790.0,3913.5193,0
Baseline,BBRI.JK,1980,H3,3840.0,3922.3115,0
Baseline,BBRI.JK,1979,H1,3790.0,3929.485,0
Baseline,BBRI.JK,1980,H2,3840.0,3937.3777,0
Baseline,BBRI.JK,1981,H3,4090.0,3947.8826,1
Baseline,BBRI.JK,1980,H1,3840.0,3839.2527,1
Baseline,BBRI.JK,1981,H2,4090.0,3850.9348,1
Baseline,BBRI.JK,1982,H3,4270.0,3861.0522,1
Baseline,BBRI.JK,1981,H1,4090.0,3871.2698,1
Baseline,BBRI.JK,1982,H2,4270.0,3878.437,1
Baseline,BBRI.JK,1983,H3,4250.0,3887.653,1
Baseline,BBRI.JK,1982,H1,4270.0,4085.59,0
Baseline,BBRI.JK,1983,H2,4250.0,4094.0068,1
Baseline,BBRI.JK,1984,H3,4230.0,4100.9707,1
Baseline,BBRI.JK,1983,H1,4250.0,4270.4155,0
Baseline,BBRI.JK,1984,H2,4230.0,4277.961,0
Baseline,BBRI.JK,1985,H3,4210.0,4272.8555,0
Baseline,BBRI.JK,1984,H1,4230.0,4276.436,0
Baseline,BBRI.JK,1985,H2,4210.0,4279.6943,0
Baseline,BBRI.JK,1986,H3,4260.0,4286.841,1
Baseline,BBRI.JK,1985,H1,4210.0,4234.1323,0
Baseline,BBRI.JK,1986,H2,4260.0,4247.572,1
Baseline,BBRI.JK,1987,H3,4300.0,4247.679,1
Baseline,BBRI.JK,1986,H1,4260.0,4230.5195,1
Baseline,BBRI.JK,1987,H2,4300.0,4234.725,1
Baseline,BBRI.JK,1988,H3,4350.0,4236.0522,1
Baseline,BBRI.JK,1987,H1,4300.0,4267.8564,1
Baseline,BBRI.JK,1988,H2,4350.0,4272.0786,1
Baseline,BBRI.JK,1989,H3,4320.0,4274.403,1
Baseline,BBRI.JK,1988,H1,4350.0,4302.193,1
Baseline,BBRI.JK,1989,H2,4320.0,4306.6826,1
Baseline,BBRI.JK,1990,H3,4370.0,4302.5205,1
Baseline,BBRI.JK,1989,H1,4320.0,4333.3896,1
Baseline,BBRI.JK,1990,H2,4370.0,4332.4214,0
Baseline,BBRI.JK,1991,H3,4450.0,4338.423,0
Baseline,BBRI.JK,1990,H1,4370.0,4315.367,0
Baseline,BBRI.JK,1991,H2,4450.0,4327.657,1
Baseline,BBRI.JK,1992,H3,4200.0,4341.8477,0
Baseline,BBRI.JK,1991,H1,4450.0,4373.883,1
Baseline,BBRI.JK,1992,H2,4200.0,4388.5703,0
Baseline,BBRI.JK,1993,H3,4200.0,4395.13,0
Baseline,BBRI.JK,1992,H1,4200.0,4465.279,0
Baseline,BBRI.JK,1993,H2,4200.0,4468.865,0
Baseline,BBRI.JK,1994,H3,4080.0,4468.2563,0
Baseline,BBRI.JK,1993,H1,4200.0,4241.204,0
Baseline,BBRI.JK,1994,H2,4080.0,4245.9824,0
Baseline,BBRI.JK,1995,H3,4100.0,4256.0664,0
Baseline,BBRI.JK,1994,H1,4080.0,4237.0977,0
Baseline,BBRI.JK,1995,H2,4100.0,4241.9062,0
Baseline,BBRI.JK,1996,H3,4150.0,4250.747,0
Baseline,BBRI.JK,1995,H1,4100.0,4126.023,1
Baseline,BBRI.JK,1996,H2,4150.0,4133.347,1
Baseline,BBRI.JK,1997,H3,4070.0,4141.721,0
Baseline,BBRI.JK,1996,H1,4150.0,4127.8643,1
Baseline,BBRI.JK,1997,H2,4070.0,4131.2666,0
Baseline,BBRI.JK,1998,H3,4070.0,4141.5933,0
Baseline,BBRI.JK,1997,H1,4070.0,4157.7163,0
Baseline,BBRI.JK,1998,H2,4070.0,4161.86,0
Baseline,BBRI.JK,1999,H3,4000.0,4170.232,0
Baseline,BBRI.JK,1998,H1,4070.0,4086.641,0
Baseline,BBRI.JK,1999,H2,4000.0,4091.446,0
Baseline,BBRI.JK,2000,H3,3990.0,4100.6953,0
Baseline,BBRI.JK,1999,H1,4000.0,4084.5217,0
Baseline,BBRI.JK,2000,H2,3990.0,4086.9116,0
Baseline,BBRI.JK,2001,H3,3960.0,4099.5293,0
Baseline,BBRI.JK,2000,H1,3990.0,4018.5378,0
Baseline,BBRI.JK,2001,H2,3960.0,4026.743,0
Baseline,BBRI.JK,2002,H3,3940.0,4036.0225,0
Baseline,BBRI.JK,2001,H1,3960.0,4011.7292,0
Baseline,BBRI.JK,2002,H2,3940.0,4015.417,0
Baseline,BBRI.JK,2003,H3,3800.0,4026.66,0
Baseline,BBRI.JK,2002,H1,3940.0,3980.9507,0
Baseline,BBRI.JK,2003,H2,3800.0,3986.8462,0
Baseline,BBRI.JK,2004,H3,3790.0,3996.7847,0
Baseline,BBRI.JK,2003,H1,3800.0,3963.463,0
Baseline,BBRI.JK,2004,H2,3790.0,3966.9705,0
Baseline,BBRI.JK,2005,H3,3720.0,3976.1052,0
Baseline,BBRI.JK,2004,H1,3790.0,3829.8264,0
Baseline,BBRI.JK,2005,H2,3720.0,3834.5044,0
Baseline,BBRI.JK,2006,H3,3780.0,3849.7795,0
Baseline,BBRI.JK,2005,H1,3720.0,3811.954,0
Baseline,BBRI.JK,2006,H2,3780.0,3820.0151,0
Baseline,BBRI.JK,2007,H3,3760.0,3831.3484,0
Baseline,BBRI.JK,2006,H1,3780.0,3756.1418,1
Baseline,BBRI.JK,2007,H2,3760.0,3762.2073,1
Baseline,BBRI.JK,2008,H3,3830.0,3774.9695,1
Baseline,BBRI.JK,2007,H1,3760.0,3795.3147,0
Baseline,BBRI.JK,2008,H2,3830.0,3803.1204,1
Baseline,BBRI.JK,2009,H3,3740.0,3797.6577,0
Baseline,BBRI.JK,2008,H1,3830.0,3789.3887,1
Baseline,BBRI.JK,2009,H2,3740.0,3779.1284,0
Baseline,BBRI.JK,2010,H3,3700.0,3803.4092,0
Baseline,BBRI.JK,2009,H1,3740.0,3839.607,0
Baseline,BBRI.JK,2010,H2,3700.0,3856.9766,0
Baseline,BBRI.JK,2011,H3,3680.0,3866.1072,0
Baseline,BBRI.JK,2010,H1,3700.0,3784.4487,0
Baseline,BBRI.JK,2011,H2,3680.0,3790.0151,0
Baseline,BBRI.JK,2012,H3,3680.0,3801.8594,0
Baseline,BBRI.JK,2011,H1,3680.0,3735.3276,0
Baseline,BBRI.JK,2012,H2,3680.0,3743.2468,0
Baseline,BBRI.JK,2013,H3,3670.0,3753.2253,0
Baseline,BBRI.JK,2012,H1,3680.0,3719.4849,0
Baseline,BBRI.JK,2013,H2,3670.0,3724.1797,0
Baseline,BBRI.JK,2014,H3,3700.0,3732.0579,1
Baseline,BBRI.JK,2013,H1,3670.0,3719.934,0
Baseline,BBRI.JK,2014,H2,3700.0,3722.9207,1
Baseline,BBRI.JK,2015,H3,3670.0,3733.096,0
Baseline,BBRI.JK,2014,H1,3700.0,3707.7996,1
Baseline,BBRI.JK,2015,H2,3670.0,3713.749,0
Baseline,BBRI.JK,2016,H3,3680.0,3719.4407,1
Baseline,BBRI.JK,2015,H1,3670.0,3732.4001,0
Baseline,BBRI.JK,2016,H2,3680.0,3734.815,0
Baseline,BBRI.JK,2017,H3,3870.0,3742.4238,1
Baseline,BBRI.JK,2016,H1,3680.0,3706.7307,1
Baseline,BBRI.JK,2017,H2,3870.0,3711.4272,1
Baseline,BBRI.JK,2018,H3,3880.0,3717.545,1
Baseline,BBRI.JK,2017,H1,3870.0,3709.7407,1
Baseline,BBRI.JK,2018,H2,3880.0,3712.3281,1
Baseline,BBRI.JK,2019,H3,3780.0,3716.7002,1
Baseline,BBRI.JK,2018,H1,3880.0,3879.9226,1
Baseline,BBRI.JK,2019,H2,3780.0,3879.7522,0
Baseline,BBRI.JK,2020,H3,3880.0,3888.5107,1
Baseline,BBRI.JK,2019,H1,3780.0,3906.1694,0
Baseline,BBRI.JK,2020,H2,3880.0,3909.8005,0
Baseline,BBRI.JK,2021,H3,3880.0,3915.5764,0
Baseline,BBRI.JK,2020,H1,3880.0,3815.6802,1
Baseline,BBRI.JK,2021,H2,3880.0,3819.7463,1
Baseline,BBRI.JK,2022,H3,3890.0,3829.8672,1
Baseline,BBRI.JK,2021,H1,3880.0,3914.551,0
Baseline,BBRI.JK,2022,H2,3890.0,3917.8752,1
Baseline,BBRI.JK,2023,H3,3860.0,3925.0835,0
Baseline,BBRI.JK,2022,H1,3890.0,3919.8125,1
Baseline,BBRI.JK,2023,H2,3860.0,3922.182,0
Baseline,BBRI.JK,2024,H3,3830.0,3928.959,0
Baseline,BBRI.JK,2023,H1,3860.0,3918.8503,0
Baseline,BBRI.JK,2024,H2,3830.0,3919.5022,0
Baseline,BBRI.JK,2025,H3,3840.0,3929.4067,0
Baseline,BBRI.JK,2024,H1,3830.0,3889.6167,0
Baseline,BBRI.JK,2025,H2,3840.0,3894.0972,0
Baseline,BBRI.JK,2026,H3,3800.0,3900.4143,0
Baseline,BBRI.JK,2025,H1,3840.0,3862.0515,1
Baseline,BBRI.JK,2026,H2,3800.0,3863.9138,0
Baseline,BBRI.JK,2027,H3,3950.0,3871.8796,1
Baseline,BBRI.JK,2026,H1,3800.0,3871.0137,0
Baseline,BBRI.JK,2027,H2,3950.0,3873.4521,1
Baseline,BBRI.JK,2028,H3,3880.0,3879.3718,1
Baseline,BBRI.JK,2027,H1,3950.0,3830.637,1
Baseline,BBRI.JK,2028,H2,3880.0,3832.3904,1
Baseline,BBRI.JK,2029,H3,3940.0,3837.9058,1
Baseline,BBRI.JK,2028,H1,3880.0,3977.062,0
Baseline,BBRI.JK,2029,H2,3940.0,3975.9333,0
Baseline,BBRI.JK,2030,H3,3920.0,3983.9695,0
Baseline,BBRI.JK,2029,H1,3940.0,3907.7227,1
Baseline,BBRI.JK,2030,H2,3920.0,3912.0242,1
Baseline,BBRI.JK,2031,H3,3780.0,3918.6548,0
Baseline,BBRI.JK,2030,H1,3920.0,3962.75,0
Baseline,BBRI.JK,2031,H2,3780.0,3962.863,0
Baseline,BBRI.JK,2032,H3,3710.0,3950.312,0
Baseline,BBRI.JK,2031,H1,3780.0,3945.6594,0
Baseline,BBRI.JK,2032,H2,3710.0,3928.4067,0
Baseline,BBRI.JK,2033,H3,3740.0,3956.382,0
Baseline,BBRI.JK,2032,H1,3710.0,3800.3892,0
Baseline,BBRI.JK,2033,H2,3740.0,3822.6807,0
Baseline,BBRI.JK,2034,H3,3710.0,3832.9937,0
Baseline,BBRI.JK,2033,H1,3740.0,3748.242,1
Baseline,BBRI.JK,2034,H2,3710.0,3753.2637,0
Baseline,BBRI.JK,2035,H3,3740.0,3765.7673,1
Baseline,BBRI.JK,2034,H1,3710.0,3763.909,0
Baseline,BBRI.JK,2035,H2,3740.0,3770.8584,0
Baseline,BBRI.JK,2036,H3,3710.0,3778.7493,0
Baseline,BBRI.JK,2035,H1,3740.0,3729.4148,1
Baseline,BBRI.JK,2036,H2,3710.0,3735.364,0
Baseline,BBRI.JK,2037,H3,3710.0,3745.9717,0
Baseline,BBRI.JK,2036,H1,3710.0,3753.095,0
Baseline,BBRI.JK,2037,H2,3710.0,3759.6543,0
Baseline,BBRI.JK,2038,H3,3700.0,3767.1924,0
Baseline,BBRI.JK,2037,H1,3710.0,3727.1814,0
Baseline,BBRI.JK,2038,H2,3700.0,3731.9548,0
Baseline,BBRI.JK,2039,H3,3810.0,3740.2222,1
Baseline,BBRI.JK,2038,H1,3700.0,3726.4177,0
Baseline,BBRI.JK,2039,H2,3810.0,3730.416,1
Baseline,BBRI.JK,2040,H3,4050.0,3741.1914,1
Baseline,BBRI.JK,2039,H1,3810.0,3719.5928,1
Baseline,BBRI.JK,2040,H2,4050.0,3726.3494,1
Baseline,BBRI.JK,2041,H3,4080.0,3733.9966,1
Baseline,BBRI.JK,2040,H1,4050.0,3819.0771,1
Baseline,BBRI.JK,2041,H2,4080.0,3821.4468,1
Baseline,BBRI.JK,2042,H3,4060.0,3829.1553,1
Baseline,BBRI.JK,2041,H1,4080.0,4057.4773,1
Baseline,BBRI.JK,2042,H2,4060.0,4057.9465,1
Baseline,BBRI.JK,2043,H3,4120.0,4065.6792,1
Baseline,BBRI.JK,2042,H1,4060.0,4091.1797,0
Baseline,BBRI.JK,2043,H2,4120.0,4095.2942,1
Baseline,BBRI.JK,2044,H3,4040.0,4103.9106,0
Baseline,BBRI.JK,2043,H1,4120.0,4078.3982,1
Baseline,BBRI.JK,2044,H2,4040.0,4081.6487,0
Baseline,BBRI.JK,2045,H3,4150.0,4087.0203,1
Baseline,BBRI.JK,2044,H1,4040.0,4135.571,0
Baseline,BBRI.JK,2045,H2,4150.0,4134.9917,1
Baseline,BBRI.JK,2046,H3,4150.0,4140.4556,1
Baseline,BBRI.JK,2045,H1,4150.0,4065.6702,1
Baseline,BBRI.JK,2046,H2,4150.0,4068.8284,1
Baseline,BBRI.JK,2047,H3,4100.0,4078.5098,1
Baseline,BBRI.JK,2046,H1,4150.0,4159.7744,0
Baseline,BBRI.JK,2047,H2,4100.0,4162.0747,0
Baseline,BBRI.JK,2048,H3,4210.0,4165.8765,1
Baseline,BBRI.JK,2047,H1,4100.0,4165.4365,0
Baseline,BBRI.JK,2048,H2,4210.0,4164.546,1
Baseline,BBRI.JK,2049,H3,4170.0,4171.4727,1
Baseline,BBRI.JK,2048,H1,4210.0,4120.4487,1
Baseline,BBRI.JK,2049,H2,4170.0,4123.4937,1
Baseline,BBRI.JK,2050,H3,4130.0,4127.4946,1
Baseline,BBRI.JK,2049,H1,4170.0,4212.441,0
Baseline,BBRI.JK,2050,H2,4130.0,4210.4067,0
Baseline,BBRI.JK,2051,H3,4140.0,4213.9863,0
Baseline,BBRI.JK,2050,H1,4130.0,4194.1367,0
Baseline,BBRI.JK,2051,H2,4140.0,4193.6265,0
Baseline,BBRI.JK,2052,H3,4050.0,4200.962,0
Baseline,BBRI.JK,2051,H1,4140.0,4147.9585,1
Baseline,BBRI.JK,2052,H2,4050.0,4151.821,0
Baseline,BBRI.JK,2053,H3,3980.0,4137.043,0
Baseline,BBRI.JK,2052,H1,4050.0,4157.4243,0
Baseline,BBRI.JK,2053,H2,3980.0,4139.1387,1
Baseline,BBRI.JK,2054,H3,3960.0,4144.9546,0
Baseline,BBRI.JK,2053,H1,3980.0,4067.0059,0
Baseline,BBRI.JK,2054,H2,3960.0,4069.1172,0
Baseline,BBRI.JK,2055,H3,4030.0,4079.2349,0
Baseline,BBRI.JK,2054,H1,3960.0,3989.7383,0
Baseline,BBRI.JK,2055,H2,4030.0,3995.8733,1
Baseline,BBRI.JK,2056,H3,4000.0,4005.5913,1
Baseline,BBRI.JK,2055,H1,4030.0,3967.875,1
Baseline,BBRI.JK,2056,H2,4000.0,3971.1672,1
Baseline,BBRI.JK,2057,H3,3900.0,3981.2036,0
Baseline,BBRI.JK,2056,H1,4000.0,4023.5405,1
Baseline,BBRI.JK,2057,H2,3900.0,4025.548,1
Baseline,BBRI.JK,2058,H3,3790.0,4035.2688,0
Baseline,BBRI.JK,2057,H1,3900.0,3997.5242,1
Baseline,BBRI.JK,2058,H2,3790.0,4000.7043,0
Baseline,BBRI.JK,2059,H3,3880.0,4011.5828,0
Baseline,BBRI.JK,2058,H1,3790.0,3916.6135,0
Baseline,BBRI.JK,2059,H2,3880.0,3924.9683,0
Baseline,BBRI.JK,2060,H3,4080.0,3937.0762,1
Baseline,BBRI.JK,2059,H1,3880.0,3815.4167,1
Baseline,BBRI.JK,2060,H2,4080.0,3823.7073,1
Baseline,BBRI.JK,2061,H3,4180.0,3837.3105,1
Baseline,BBRI.JK,2060,H1,4080.0,3888.9888,1
Baseline,BBRI.JK,2061,H2,4180.0,3894.8286,1
Baseline,BBRI.JK,2062,H3,4140.0,3905.0576,1
Baseline,BBRI.JK,2061,H1,4180.0,4071.504,0
Baseline,BBRI.JK,2062,H2,4140.0,4073.5332,0
Baseline,BBRI.JK,2063,H3,4130.0,4083.0117,1
Baseline,BBRI.JK,2062,H1,4140.0,4174.324,1
Baseline,BBRI.JK,2063,H2,4130.0,4175.4414,1
Baseline,BBRI.JK,2064,H3,4220.0,4184.7314,1
Baseline,BBRI.JK,2063,H1,4130.0,4139.505,1
Baseline,BBRI.JK,2064,H2,4220.0,4145.048,1
Baseline,BBRI.JK,2065,H3,4250.0,4152.402,1
Baseline,BBRI.JK,2064,H1,4220.0,4136.2295,1
Baseline,BBRI.JK,2065,H2,4250.0,4137.5864,1
Baseline,BBRI.JK,2066,H3,4250.0,4147.626,1
Baseline,BBRI.JK,2065,H1,4250.0,4218.214,0
Baseline,BBRI.JK,2066,H2,4250.0,4220.29,1
Baseline,BBRI.JK,2067,H3,4160.0,4226.1294,0
Baseline,BBRI.JK,2066,H1,4250.0,4254.6953,1
Baseline,BBRI.JK,2067,H2,4160.0,4253.7026,0
Baseline,BBRI.JK,2068,H3,4140.0,4260.009,0
Baseline,BBRI.JK,2067,H1,4160.0,4252.303,0
Baseline,BBRI.JK,2068,H2,4140.0,4252.0967,0
Baseline,BBRI.JK,2069,H3,4170.0,4260.3457,0
Baseline,BBRI.JK,2068,H1,4140.0,4177.5176,0
Baseline,BBRI.JK,2069,H2,4170.0,4182.8374,1
Baseline,BBRI.JK,2070,H3,4070.0,4189.4785,0
Baseline,BBRI.JK,2069,H1,4170.0,4153.9155,1
Baseline,BBRI.JK,2070,H2,4070.0,4153.716,0
Baseline,BBRI.JK,2071,H3,4040.0,4162.766,0
Baseline,BBRI.JK,2070,H1,4070.0,4173.7783,0
Baseline,BBRI.JK,2071,H2,4040.0,4175.467,0
Baseline,BBRI.JK,2072,H3,3980.0,4181.637,0
Baseline,BBRI.JK,2071,H1,4040.0,4088.4753,0
Baseline,BBRI.JK,2072,H2,3980.0,4090.6785,0
Baseline,BBRI.JK,2073,H3,3900.0,4082.1653,0
Baseline,BBRI.JK,2072,H1,3980.0,4057.9275,0
Baseline,BBRI.JK,2073,H2,3900.0,4042.493,0
Baseline,BBRI.JK,2074,H3,3810.0,4080.5437,0
Baseline,BBRI.JK,2073,H1,3900.0,3988.2341,0
Baseline,BBRI.JK,2074,H2,3810.0,4017.725,0
Baseline,BBRI.JK,2075,H3,3710.0,4028.9763,0
Baseline,BBRI.JK,2074,H1,3810.0,3939.035,0
Baseline,BBRI.JK,2075,H2,3710.0,3946.6313,0
Baseline,BBRI.JK,2076,H3,3690.0,3957.6787,0
Baseline,BBRI.JK,2075,H1,3710.0,3830.9563,0
Baseline,BBRI.JK,2076,H2,3690.0,3842.0933,0
Baseline,BBRI.JK,2077,H3,3660.0,3854.7927,0
Baseline,BBRI.JK,2076,H1,3690.0,3736.2932,0
Baseline,BBRI.JK,2077,H2,3660.0,3745.0476,0
Baseline,BBRI.JK,2078,H3,3710.0,3761.5828,0
Baseline,BBRI.JK,2077,H1,3660.0,3723.5845,0
Baseline,BBRI.JK,2078,H2,3710.0,3736.6443,1
Baseline,BBRI.JK,2079,H3,3720.0,3749.2383,1
Baseline,BBRI.JK,2078,H1,3710.0,3695.2778,1
Baseline,BBRI.JK,2079,H2,3720.0,3706.2422,1
Baseline,BBRI.JK,2080,H3,3860.0,3720.3506,1
Baseline,BBRI.JK,2079,H1,3720.0,3740.448,1
Baseline,BBRI.JK,2080,H2,3860.0,3750.779,1
Baseline,BBRI.JK,2081,H3,3730.0,3762.5085,1
Baseline,BBRI.JK,2080,H1,3860.0,3746.7615,1
Baseline,BBRI.JK,2081,H2,3730.0,3756.3843,1
Baseline,BBRI.JK,2082,H3,3660.0,3767.0059,0
Baseline,BBRI.JK,2081,H1,3730.0,3867.6162,0
Baseline,BBRI.JK,2082,H2,3660.0,3875.1526,0
Baseline,BBRI.JK,2083,H3,3550.0,3889.2698,0
Baseline,BBRI.JK,2082,H1,3660.0,3756.676,0
Baseline,BBRI.JK,2083,H2,3550.0,3769.6016,0
Baseline,BBRI.JK,2084,H3,3500.0,3782.9475,0
Baseline,BBRI.JK,2083,H1,3550.0,3698.7048,0
Baseline,BBRI.JK,2084,H2,3500.0,3708.8733,0
Baseline,BBRI.JK,2085,H3,3530.0,3723.069,0
Baseline,BBRI.JK,2084,H1,3500.0,3582.17,0
Baseline,BBRI.JK,2085,H2,3530.0,3592.615,0
Baseline,BBRI.JK,2086,H3,3500.0,3605.129,0
Baseline,BBRI.JK,2085,H1,3530.0,3519.1018,1
Baseline,BBRI.JK,2086,H2,3500.0,3526.0115,0
Baseline,BBRI.JK,2087,H3,3680.0,3536.738,1
Baseline,BBRI.JK,2086,H1,3500.0,3565.0525,0
Baseline,BBRI.JK,2087,H2,3680.0,3572.4155,1
Baseline,BBRI.JK,2088,H3,3760.0,3586.5505,1
Baseline,BBRI.JK,2087,H1,3680.0,3540.1326,1
Baseline,BBRI.JK,2088,H2,3760.0,3551.2722,1
Baseline,BBRI.JK,2089,H3,3700.0,3562.4019,1
Baseline,BBRI.JK,2088,H1,3760.0,3701.189,1
Baseline,BBRI.JK,2089,H2,3700.0,3711.79,1
Baseline,BBRI.JK,2090,H3,3820.0,3725.0664,1
Baseline,BBRI.JK,2089,H1,3700.0,3779.7952,0
Baseline,BBRI.JK,2090,H2,3820.0,3790.2021,1
Baseline,BBRI.JK,2091,H3,3850.0,3802.0981,1
Baseline,BBRI.JK,2090,H1,3820.0,3731.2688,1
Baseline,BBRI.JK,2091,H2,3850.0,3742.206,1
Baseline,BBRI.JK,2092,H3,3860.0,3754.2427,1
Baseline,BBRI.JK,2091,H1,3850.0,3846.9204,1
Baseline,BBRI.JK,2092,H2,3860.0,3854.0696,1
Baseline,BBRI.JK,2093,H3,3850.0,3867.575,1
Baseline,BBRI.JK,2092,H1,3860.0,3885.1104,1
Baseline,BBRI.JK,2093,H2,3850.0,3894.43,0
Baseline,BBRI.JK,2094,H3,3890.0,3903.1814,1
Baseline,BBRI.JK,2093,H1,3850.0,3907.993,0
Baseline,BBRI.JK,2094,H2,3890.0,3915.6572,1
Baseline,BBRI.JK,2095,H3,3910.0,3926.8696,1
Baseline,BBRI.JK,2094,H1,3890.0,3896.4812,1
Baseline,BBRI.JK,2095,H2,3910.0,3904.2576,1
Baseline,BBRI.JK,2096,H3,3980.0,3891.6548,1
Baseline,BBRI.JK,2095,H1,3910.0,3918.606,1
Baseline,BBRI.JK,2096,H2,3980.0,3902.607,1
Baseline,BBRI.JK,2097,H3,4040.0,3943.9392,1
Baseline,BBRI.JK,2096,H1,3980.0,3923.7698,1
Baseline,BBRI.JK,2097,H2,4040.0,3956.788,1
Baseline,BBRI.JK,2098,H3,3970.0,3968.1604,1
Baseline,BBRI.JK,2097,H1,4040.0,4011.2817,1
Baseline,BBRI.JK,2098,H2,3970.0,4015.1016,0
Baseline,BBRI.JK,2099,H3,3980.0,4019.7744,0
Baseline,BBRI.JK,2098,H1,3970.0,4045.8052,0
Baseline,BBRI.JK,2099,H2,3980.0,4045.6719,0
Baseline,BBRI.JK,2100,H3,4000.0,4052.1099,0
Baseline,BBRI.JK,2099,H1,3980.0,3996.294,1
Baseline,BBRI.JK,2100,H2,4000.0,4001.0625,1
Baseline,BBRI.JK,2101,H3,3980.0,4011.302,1
Baseline,BBRI.JK,2100,H1,4000.0,3993.0725,1
Baseline,BBRI.JK,2101,H2,3980.0,3999.3298,0
Baseline,BBRI.JK,2102,H3,3930.0,4005.7126,0
Baseline,BBRI.JK,2101,H1,3980.0,4013.0503,0
Baseline,BBRI.JK,2102,H2,3930.0,4013.9624,0
Baseline,BBRI.JK,2103,H3,3890.0,4022.156,0
Baseline,BBRI.JK,2102,H1,3930.0,3993.0369,0
Baseline,BBRI.JK,2103,H2,3890.0,3997.0684,0
Baseline,BBRI.JK,2104,H3,3900.0,4001.5771,0
Baseline,BBRI.JK,2103,H1,3890.0,3950.622,0
Baseline,BBRI.JK,2104,H2,3900.0,3955.0254,0
Baseline,BBRI.JK,2105,H3,3870.0,3965.905,0
Baseline,BBRI.JK,2104,H1,3900.0,3917.4294,1
Baseline,BBRI.JK,2105,H2,3870.0,3925.4106,0
Baseline,BBRI.JK,2106,H3,3900.0,3936.275,1
Baseline,BBRI.JK,2105,H1,3870.0,3918.2046,0
Baseline,BBRI.JK,2106,H2,3900.0,3925.4658,0
Baseline,BBRI.JK,2107,H3,3940.0,3933.788,1
Baseline,BBRI.JK,2106,H1,3900.0,3888.4683,1
Baseline,BBRI.JK,2107,H2,3940.0,3894.6724,1
Baseline,BBRI.JK,2108,H3,3970.0,3908.662,1
Baseline,BBRI.JK,2107,H1,3940.0,3911.3193,1
Baseline,BBRI.JK,2108,H2,3970.0,3919.2947,1
Baseline,BBRI.JK,2109,H3,4000.0,3926.1802,1
Baseline,BBRI.JK,2108,H1,3970.0,3952.252,1
Baseline,BBRI.JK,2109,H2,4000.0,3954.7288,1
Baseline,BBRI.JK,2110,H3,3990.0,3963.8262,1
Baseline,BBRI.JK,2109,H1,4000.0,3987.768,1
Baseline,BBRI.JK,2110,H2,3990.0,3989.827,1
Baseline,BBRI.JK,2111,H3,3960.0,3998.264,0
Baseline,BBRI.JK,2110,H1,3990.0,4008.6848,0
Baseline,BBRI.JK,2111,H2,3960.0,4012.9534,0
Baseline,BBRI.JK,2112,H3,3980.0,4017.828,0
Baseline,BBRI.JK,2111,H1,3960.0,4007.0247,0
Baseline,BBRI.JK,2112,H2,3980.0,4008.6472,0
Baseline,BBRI.JK,2113,H3,3830.0,4017.7546,0
Baseline,BBRI.JK,2112,H1,3980.0,3974.6782,1
Baseline,BBRI.JK,2113,H2,3830.0,3981.3152,0
Baseline,BBRI.JK,2114,H3,3790.0,3987.6626,0
Baseline,BBRI.JK,2113,H1,3830.0,4003.9414,0
Baseline,BBRI.JK,2114,H2,3790.0,4005.9304,0
Baseline,BBRI.JK,2115,H3,3740.0,4014.3284,0
Baseline,BBRI.JK,2114,H1,3790.0,3877.1833,0
Baseline,BBRI.JK,2115,H2,3740.0,3892.0076,0
Baseline,BBRI.JK,2116,H3,3680.0,3906.5933,0
Baseline,BBRI.JK,2115,H1,3740.0,3828.7634,0
Baseline,BBRI.JK,2116,H2,3680.0,3841.558,0
Baseline,BBRI.JK,2117,H3,3670.0,3855.3076,0
Baseline,BBRI.JK,2116,H1,3680.0,3776.3657,0
Baseline,BBRI.JK,2117,H2,3670.0,3790.5447,0
Baseline,BBRI.JK,2118,H3,3710.0,3804.9077,0
Baseline,BBRI.JK,2117,H1,3670.0,3723.3933,0
Baseline,BBRI.JK,2118,H2,3710.0,3735.4844,1
Baseline,BBRI.JK,2119,H3,3660.0,3745.0776,0
Baseline,BBRI.JK,2118,H1,3710.0,3712.7905,1
Baseline,BBRI.JK,2119,H2,3660.0,3721.2747,0
Baseline,BBRI.JK,2120,H3,3690.0,3732.6165,1
Baseline,BBRI.JK,2119,H1,3660.0,3745.2898,0
Baseline,BBRI.JK,2120,H2,3690.0,3754.4033,0
Baseline,BBRI.JK,2121,H3,3650.0,3760.9006,0
Baseline,BBRI.JK,2120,H1,3690.0,3704.4924,1
Baseline,BBRI.JK,2121,H2,3650.0,3710.1304,0
Baseline,BBRI.JK,2122,H3,3670.0,3717.6968,1
Baseline,BBRI.JK,2121,H1,3650.0,3722.24,0
Baseline,BBRI.JK,2122,H2,3670.0,3727.5938,0
Baseline,BBRI.JK,2123,H3,3680.0,3738.4685,0
Baseline,BBRI.JK,2122,H1,3670.0,3686.6772,1
Baseline,BBRI.JK,2123,H2,3680.0,3696.7166,1
Baseline,BBRI.JK,2124,H3,3660.0,3703.1309,1
Baseline,BBRI.JK,2123,H1,3680.0,3700.9504,1
Baseline,BBRI.JK,2124,H2,3660.0,3706.879,0
Baseline,BBRI.JK,2125,H3,3620.0,3715.2007,0
Baseline,BBRI.JK,2124,H1,3660.0,3707.808,0
Baseline,BBRI.JK,2125,H2,3620.0,3715.5374,0
Baseline,BBRI.JK,2126,H3,3630.0,3720.0178,0
Baseline,BBRI.JK,2125,H1,3620.0,3691.7117,0
Baseline,BBRI.JK,2126,H2,3630.0,3695.7903,0
Baseline,BBRI.JK,2127,H3,3780.0,3701.4036,1
Baseline,BBRI.JK,2126,H1,3630.0,3644.6821,1
Baseline,BBRI.JK,2127,H2,3780.0,3651.3262,1
Baseline,BBRI.JK,2128,H3,3690.0,3663.1692,1
Baseline,BBRI.JK,2127,H1,3780.0,3658.763,1
Baseline,BBRI.JK,2128,H2,3690.0,3668.9087,1
Baseline,BBRI.JK,2129,H3,3750.0,3675.121,1
Baseline,BBRI.JK,2128,H1,3690.0,3788.4438,0
Baseline,BBRI.JK,2129,H2,3750.0,3792.9749,0
Baseline,BBRI.JK,2130,H3,3780.0,3801.8445,0
Baseline,BBRI.JK,2129,H1,3750.0,3719.4944,1
Baseline,BBRI.JK,2130,H2,3780.0,3729.5095,1
Baseline,BBRI.JK,2131,H3,3770.0,3736.9534,1
Baseline,BBRI.JK,2130,H1,3780.0,3772.465,1
Baseline,BBRI.JK,2131,H2,3770.0,3777.5454,1
Baseline,BBRI.JK,2132,H3,3760.0,3784.6316,1
Baseline,BBRI.JK,2131,H1,3770.0,3805.5725,0
Baseline,BBRI.JK,2132,H2,3760.0,3809.0464,0
Baseline,BBRI.JK,2133,H3,3770.0,3819.4187,0
Baseline,BBRI.JK,2132,H1,3760.0,3799.8503,0
Baseline,BBRI.JK,2133,H2,3770.0,3807.167,0
Baseline,BBRI.JK,2134,H3,3770.0,3812.1719,0
Baseline,BBRI.JK,2133,H1,3770.0,3788.4646,1
Baseline,BBRI.JK,2134,H2,3770.0,3791.9927,1
Baseline,BBRI.JK,2135,H3,3780.0,3796.9587,1
Baseline,BBRI.JK,2134,H1,3770.0,3798.0737,0
Baseline,BBRI.JK,2135,H2,3780.0,3800.531,1
Baseline,BBRI.JK,2136,H3,3660.0,3808.9192,0
Baseline,BBRI.JK,2135,H1,3780.0,3792.5024,1
Baseline,BBRI.JK,2136,H2,3660.0,3798.1982,0
Baseline,BBRI.JK,2137,H3,3640.0,3786.7656,0
Baseline,BBRI.JK,2136,H1,3660.0,3811.329,0
Baseline,BBRI.JK,2137,H2,3640.0,3798.4824,0
Baseline,BBRI.JK,2138,H3,3630.0,3803.5977,0
Baseline,BBRI.JK,2137,H1,3640.0,3679.7307,0
Baseline,BBRI.JK,2138,H2,3630.0,3685.775,0
Baseline,BBRI.JK,2139,H3,3680.0,3696.288,1
Baseline,BBRI.JK,2138,H1,3630.0,3663.7205,0
Baseline,BBRI.JK,2139,H2,3680.0,3673.0005,1
Baseline,BBRI.JK,2140,H3,3700.0,3679.6167,1
Baseline,BBRI.JK,2139,H1,3680.0,3655.941,1
Baseline,BBRI.JK,2140,H2,3700.0,3663.3862,1
Baseline,BBRI.JK,2141,H3,3710.0,3672.2295,1
Baseline,BBRI.JK,2140,H1,3700.0,3705.7583,1
Baseline,BBRI.JK,2141,H2,3710.0,3712.2974,1
Baseline,BBRI.JK,2142,H3,3680.0,3717.8591,0
Baseline,BBRI.JK,2141,H1,3710.0,3720.2163,1
Baseline,BBRI.JK,2142,H2,3680.0,3725.9072,0
Baseline,BBRI.JK,2143,H3,3700.0,3731.5322,0
Baseline,BBRI.JK,2142,H1,3680.0,3722.0085,0
Baseline,BBRI.JK,2143,H2,3700.0,3727.3816,0
Baseline,BBRI.JK,2144,H3,3720.0,3736.6824,1
Baseline,BBRI.JK,2143,H1,3700.0,3698.4019,1
Baseline,BBRI.JK,2144,H2,3720.0,3707.504,1
Baseline,BBRI.JK,2145,H3,3720.0,3714.0942,1
Baseline,BMRI.JK,1820,H1,7075.0,7136.414,1
Baseline,BMRI.JK,1821,H2,7175.0,7137.173,1
Baseline,BMRI.JK,1822,H3,7175.0,7141.9194,1
Baseline,BMRI.JK,1821,H1,7175.0,7098.458,1
Baseline,BMRI.JK,1822,H2,7175.0,7093.4434,1
Baseline,BMRI.JK,1823,H3,7250.0,7087.6333,1
Baseline,BMRI.JK,1822,H1,7175.0,7102.879,0
Baseline,BMRI.JK,1823,H2,7250.0,7088.3125,0
Baseline,BMRI.JK,1824,H3,7250.0,7089.876,0
Baseline,BMRI.JK,1823,H1,7250.0,7096.788,0
Baseline,BMRI.JK,1824,H2,7250.0,7090.037,0
Baseline,BMRI.JK,1825,H3,7250.0,7106.323,0
Baseline,BMRI.JK,1824,H1,7250.0,7126.7607,0
Baseline,BMRI.JK,1825,H2,7250.0,7135.4263,0
Baseline,BMRI.JK,1826,H3,7375.0,7143.516,0
Baseline,BMRI.JK,1825,H1,7250.0,7150.9756,0
Baseline,BMRI.JK,1826,H2,7375.0,7151.8916,0
Baseline,BMRI.JK,1827,H3,7300.0,7156.555,0
Baseline,BMRI.JK,1826,H1,7375.0,7159.2344,0
Baseline,BMRI.JK,1827,H2,7300.0,7157.2637,0
Baseline,BMRI.JK,1828,H3,7275.0,7152.675,0
Baseline,BMRI.JK,1827,H1,7300.0,7193.1807,1
Baseline,BMRI.JK,1828,H2,7275.0,7182.4736,1
Baseline,BMRI.JK,1829,H3,7425.0,7198.2812,0
Baseline,BMRI.JK,1828,H1,7275.0,7176.8286,1
Baseline,BMRI.JK,1829,H2,7425.0,7185.1924,0
Baseline,BMRI.JK,1830,H3,7400.0,7194.175,0
Baseline,BMRI.JK,1829,H1,7425.0,7186.582,0
Baseline,BMRI.JK,1830,H2,7400.0,7188.6973,0
Baseline,BMRI.JK,1831,H3,7400.0,7193.475,0
Baseline,BMRI.JK,1830,H1,7400.0,7216.755,1
Baseline,BMRI.JK,1831,H2,7400.0,7215.21,1
Baseline,BMRI.JK,1832,H3,7300.0,7210.4873,1
Baseline,BMRI.JK,1831,H1,7400.0,7211.1055,0
Baseline,BMRI.JK,1832,H2,7300.0,7200.467,1
Baseline,BMRI.JK,1833,H3,7450.0,7203.709,0
Baseline,BMRI.JK,1832,H1,7300.0,7208.9385,1
Baseline,BMRI.JK,1833,H2,7450.0,7205.757,0
Baseline,BMRI.JK,1834,H3,7425.0,7224.7373,0
Baseline,BMRI.JK,1833,H1,7450.0,7192.3643,0
Baseline,BMRI.JK,1834,H2,7425.0,7203.427,0
Baseline,BMRI.JK,1835,H3,7200.0,7212.4395,1
Baseline,BMRI.JK,1834,H1,7425.0,7224.465,1
Baseline,BMRI.JK,1835,H2,7200.0,7226.611,1
Baseline,BMRI.JK,1836,H3,7175.0,7230.7725,1
Baseline,BMRI.JK,1835,H1,7200.0,7226.587,1
Baseline,BMRI.JK,1836,H2,7175.0,7224.455,1
Baseline,BMRI.JK,1837,H3,7050.0,7219.67,1
Baseline,BMRI.JK,1836,H1,7175.0,7142.9023,1
Baseline,BMRI.JK,1837,H2,7050.0,7128.551,1
Baseline,BMRI.JK,1838,H3,6925.0,7140.389,1
Baseline,BMRI.JK,1837,H1,7050.0,7115.169,1
Baseline,BMRI.JK,1838,H2,6925.0,7119.1816,1
Baseline,BMRI.JK,1839,H3,7050.0,7168.242,1
Baseline,BMRI.JK,1838,H1,6925.0,7055.538,0
Baseline,BMRI.JK,1839,H2,7050.0,7087.6465,0
Baseline,BMRI.JK,1840,H3,6975.0,7081.239,0
Baseline,BMRI.JK,1839,H1,7050.0,6997.802,1
Baseline,BMRI.JK,1840,H2,6975.0,6977.492,1
Baseline,BMRI.JK,1841,H3,7050.0,6975.246,1
Baseline,BMRI.JK,1840,H1,6975.0,7059.515,0
Baseline,BMRI.JK,1841,H2,7050.0,7053.177,1
Baseline,BMRI.JK,1842,H3,6950.0,7046.2295,1
Baseline,BMRI.JK,1841,H1,7050.0,7018.577,1
Baseline,BMRI.JK,1842,H2,6950.0,6997.069,0
Baseline,BMRI.JK,1843,H3,6875.0,6989.527,0
Baseline,BMRI.JK,1842,H1,6950.0,7043.424,1
Baseline,BMRI.JK,1843,H2,6875.0,7027.8574,1
Baseline,BMRI.JK,1844,H3,7075.0,7037.1934,0
Baseline,BMRI.JK,1843,H1,6875.0,6995.481,0
Baseline,BMRI.JK,1844,H2,7075.0,6989.561,1
Baseline,BMRI.JK,1845,H3,6950.0,6981.373,0
Baseline,BMRI.JK,1844,H1,7075.0,6954.607,1
Baseline,BMRI.JK,1845,H2,6950.0,6935.6733,1
Baseline,BMRI.JK,1846,H3,6950.0,6932.4434,1
Baseline,BMRI.JK,1845,H1,6950.0,6967.2656,1
Baseline,BMRI.JK,1846,H2,6950.0,6954.969,1
Baseline,BMRI.JK,1847,H3,6950.0,6940.958,1
Baseline,BMRI.JK,1846,H1,6950.0,6950.373,1
Baseline,BMRI.JK,1847,H2,6950.0,6926.1895,0
Baseline,BMRI.JK,1848,H3,6925.0,6915.1787,1
Baseline,BMRI.JK,1847,H1,6950.0,6958.1924,0
Baseline,BMRI.JK,1848,H2,6925.0,6938.7344,1
Baseline,BMRI.JK,1849,H3,7050.0,6942.004,0
Baseline,BMRI.JK,1848,H1,6925.0,6986.459,0
Baseline,BMRI.JK,1849,H2,7050.0,6981.493,1
Baseline,BMRI.JK,1850,H3,7000.0,6973.6045,1
Baseline,BMRI.JK,1849,H1,7050.0,6981.9287,1
Baseline,BMRI.JK,1850,H2,7000.0,6963.603,1
Baseline,BMRI.JK,1851,H3,7225.0,6962.6885,1
Baseline,BMRI.JK,1850,H1,7000.0,7037.385,1
Baseline,BMRI.JK,1851,H2,7225.0,7031.2656,0
Baseline,BMRI.JK,1852,H3,7175.0,7023.3975,0
Baseline,BMRI.JK,1851,H1,7225.0,7019.6953,1
Baseline,BMRI.JK,1852,H2,7175.0,6999.284,0
Baseline,BMRI.JK,1853,H3,7200.0,6992.7754,0
Baseline,BMRI.JK,1852,H1,7175.0,7096.2773,1
Baseline,BMRI.JK,1853,H2,7200.0,7084.458,1
Baseline,BMRI.JK,1854,H3,7075.0,7099.4756,1
Baseline,BMRI.JK,1853,H1,7200.0,7118.5513,0
Baseline,BMRI.JK,1854,H2,7075.0,7124.699,1
Baseline,BMRI.JK,1855,H3,7075.0,7123.1094,1
Baseline,BMRI.JK,1854,H1,7075.0,7157.915,1
Baseline,BMRI.JK,1855,H2,7075.0,7147.9937,1
Baseline,BMRI.JK,1856,H3,6975.0,7158.794,1
Baseline,BMRI.JK,1855,H1,7075.0,7103.895,0
Baseline,BMRI.JK,1856,H2,6975.0,7103.673,0
Baseline,BMRI.JK,1857,H3,7050.0,7100.29,0
Baseline,BMRI.JK,1856,H1,6975.0,7104.2686,0
Baseline,BMRI.JK,1857,H2,7050.0,7091.2383,0
Baseline,BMRI.JK,1858,H3,6825.0,7091.297,0
Baseline,BMRI.JK,1857,H1,7050.0,7026.577,1
Baseline,BMRI.JK,1858,H2,6825.0,7010.9775,0
Baseline,BMRI.JK,1859,H3,6825.0,7020.758,0
Baseline,BMRI.JK,1858,H1,6825.0,7067.489,0
Baseline,BMRI.JK,1859,H2,6825.0,7070.613,0
Baseline,BMRI.JK,1860,H3,6750.0,7068.1816,0
Baseline,BMRI.JK,1859,H1,6825.0,6959.439,0
Baseline,BMRI.JK,1860,H2,6750.0,6938.5938,0
Baseline,BMRI.JK,1861,H3,6700.0,6957.6064,0
Baseline,BMRI.JK,1860,H1,6750.0,6926.7363,0
Baseline,BMRI.JK,1861,H2,6700.0,6938.281,0
Baseline,BMRI.JK,1862,H3,6650.0,6920.9883,0
Baseline,BMRI.JK,1861,H1,6700.0,6838.544,0
Baseline,BMRI.JK,1862,H2,6650.0,6813.9004,0
Baseline,BMRI.JK,1863,H3,6750.0,6798.3174,0
Baseline,BMRI.JK,1862,H1,6650.0,6806.133,0
Baseline,BMRI.JK,1863,H2,6750.0,6792.4253,1
Baseline,BMRI.JK,1864,H3,6925.0,6793.208,1
Baseline,BMRI.JK,1863,H1,6750.0,6773.4004,1
Baseline,BMRI.JK,1864,H2,6925.0,6775.2617,1
Baseline,BMRI.JK,1865,H3,6550.0,6760.4756,0
Baseline,BMRI.JK,1864,H1,6925.0,6792.977,1
Baseline,BMRI.JK,1865,H2,6550.0,6777.348,0
Baseline,BMRI.JK,1866,H3,6425.0,6777.501,0
Baseline,BMRI.JK,1865,H1,6550.0,6876.584,1
Baseline,BMRI.JK,1866,H2,6425.0,6873.866,1
Baseline,BMRI.JK,1867,H3,6325.0,6862.801,1
Baseline,BMRI.JK,1866,H1,6425.0,6658.1846,0
Baseline,BMRI.JK,1867,H2,6325.0,6653.3916,0
Baseline,BMRI.JK,1868,H3,6350.0,6641.0625,0
Baseline,BMRI.JK,1867,H1,6325.0,6525.927,0
Baseline,BMRI.JK,1868,H2,6350.0,6527.8506,0
Baseline,BMRI.JK,1869,H3,6375.0,6533.3555,0
Baseline,BMRI.JK,1868,H1,6350.0,6412.032,1
Baseline,BMRI.JK,1869,H2,6375.0,6428.9414,1
Baseline,BMRI.JK,1870,H3,6425.0,6422.5713,1
Baseline,BMRI.JK,1869,H1,6375.0,6401.968,1
Baseline,BMRI.JK,1870,H2,6425.0,6406.5576,1
Baseline,BMRI.JK,1871,H3,6375.0,6413.6924,1
Baseline,BMRI.JK,1870,H1,6425.0,6429.7812,1
Baseline,BMRI.JK,1871,H2,6375.0,6446.049,0
Baseline,BMRI.JK,1872,H3,6350.0,6442.1694,0
Baseline,BMRI.JK,1871,H1,6375.0,6479.2617,0
Baseline,BMRI.JK,1872,H2,6350.0,6481.954,0
Baseline,BMRI.JK,1873,H3,6325.0,6472.445,0
Baseline,BMRI.JK,1872,H1,6350.0,6420.3613,0
Baseline,BMRI.JK,1873,H2,6325.0,6419.714,0
Baseline,BMRI.JK,1874,H3,6250.0,6422.959,0
Baseline,BMRI.JK,1873,H1,6325.0,6379.5815,0
Baseline,BMRI.JK,1874,H2,6250.0,6391.0947,0
Baseline,BMRI.JK,1875,H3,6225.0,6379.452,0
Baseline,BMRI.JK,1874,H1,6250.0,6372.191,0
Baseline,BMRI.JK,1875,H2,6225.0,6371.7407,0
Baseline,BMRI.JK,1876,H3,6150.0,6376.627,0
Baseline,BMRI.JK,1875,H1,6225.0,6325.422,0
Baseline,BMRI.JK,1876,H2,6150.0,6343.1055,0
Baseline,BMRI.JK,1877,H3,6250.0,6339.212,0
Baseline,BMRI.JK,1876,H1,6150.0,6310.76,0
Baseline,BMRI.JK,1877,H2,6250.0,6320.2646,1
Baseline,BMRI.JK,1878,H3,6575.0,6312.126,1
Baseline,BMRI.JK,1877,H1,6250.0,6230.8438,1
Baseline,BMRI.JK,1878,H2,6575.0,6236.1777,1
Baseline,BMRI.JK,1879,H3,6400.0,6239.427,1
Baseline,BMRI.JK,1878,H1,6575.0,6264.727,1
Baseline,BMRI.JK,1879,H2,6400.0,6274.5996,1
Baseline,BMRI.JK,1880,H3,6450.0,6268.5166,1
Baseline,BMRI.JK,1879,H1,6400.0,6449.7314,1
Baseline,BMRI.JK,1880,H2,6450.0,6438.5225,1
Baseline,BMRI.JK,1881,H3,6150.0,6428.4927,1
Baseline,BMRI.JK,1880,H1,6450.0,6398.4375,0
Baseline,BMRI.JK,1881,H2,6150.0,6395.9453,1
Baseline,BMRI.JK,1882,H3,6000.0,6374.925,1
Baseline,BMRI.JK,1881,H1,6150.0,6438.1084,1
Baseline,BMRI.JK,1882,H2,6000.0,6419.2534,1
Baseline,BMRI.JK,1883,H3,6275.0,6427.7812,1
Baseline,BMRI.JK,1882,H1,6000.0,6197.166,0
Baseline,BMRI.JK,1883,H2,6275.0,6214.9053,1
Baseline,BMRI.JK,1884,H3,6375.0,6215.63,1
Baseline,BMRI.JK,1883,H1,6275.0,6086.5103,1
Baseline,BMRI.JK,1884,H2,6375.0,6102.068,1
Baseline,BMRI.JK,1885,H3,6150.0,6111.0215,1
Baseline,BMRI.JK,1884,H1,6375.0,6260.7295,0
Baseline,BMRI.JK,1885,H2,6150.0,6270.4756,1
Baseline,BMRI.JK,1886,H3,6225.0,6267.101,1
Baseline,BMRI.JK,1885,H1,6150.0,6359.9033,1
Baseline,BMRI.JK,1886,H2,6225.0,6355.6396,1
Baseline,BMRI.JK,1887,H3,6375.0,6352.364,0
Baseline,BMRI.JK,1886,H1,6225.0,6197.6797,1
Baseline,BMRI.JK,1887,H2,6375.0,6202.777,1
Baseline,BMRI.JK,1888,H3,6300.0,6212.8057,1
Baseline,BMRI.JK,1887,H1,6375.0,6261.296,1
Baseline,BMRI.JK,1888,H2,6300.0,6273.6763,1
Baseline,BMRI.JK,1889,H3,6300.0,6269.961,1
Baseline,BMRI.JK,1888,H1,6300.0,6346.582,1
Baseline,BMRI.JK,1889,H2,6300.0,6343.4893,1
Baseline,BMRI.JK,1890,H3,6125.0,6347.7397,1
Baseline,BMRI.JK,1889,H1,6300.0,6290.635,0
Baseline,BMRI.JK,1890,H2,6125.0,6301.5674,0
Baseline,BMRI.JK,1891,H3,6025.0,6298.43,1
Baseline,BMRI.JK,1890,H1,6125.0,6320.541,0
Baseline,BMRI.JK,1891,H2,6025.0,6322.1387,0
Baseline,BMRI.JK,1892,H3,6075.0,6320.6807,0
Baseline,BMRI.JK,1891,H1,6025.0,6167.5234,0
Baseline,BMRI.JK,1892,H2,6075.0,6175.8545,0
Baseline,BMRI.JK,1893,H3,5950.0,6187.0244,0
Baseline,BMRI.JK,1892,H1,6075.0,6057.959,1
Baseline,BMRI.JK,1893,H2,5950.0,6078.0654,0
Baseline,BMRI.JK,1894,H3,5825.0,6080.032,0
Baseline,BMRI.JK,1893,H1,5950.0,6066.5503,1
Baseline,BMRI.JK,1894,H2,5825.0,6077.6685,0
Baseline,BMRI.JK,1895,H3,5675.0,6085.7935,0
Baseline,BMRI.JK,1894,H1,5825.0,5986.1826,0
Baseline,BMRI.JK,1895,H2,5675.0,6005.772,0
Baseline,BMRI.JK,1896,H3,5675.0,6006.6797,0
Baseline,BMRI.JK,1895,H1,5675.0,5855.79,0
Baseline,BMRI.JK,1896,H2,5675.0,5867.745,0
Baseline,BMRI.JK,1897,H3,5825.0,5870.0728,0
Baseline,BMRI.JK,1896,H1,5675.0,5667.2524,0
Baseline,BMRI.JK,1897,H2,5825.0,5675.6797,1
Baseline,BMRI.JK,1898,H3,5750.0,5687.8677,1
Baseline,BMRI.JK,1897,H1,5825.0,5673.121,0
Baseline,BMRI.JK,1898,H2,5750.0,5687.3086,1
Baseline,BMRI.JK,1899,H3,5800.0,5688.1724,1
Baseline,BMRI.JK,1898,H1,5750.0,5789.7607,1
Baseline,BMRI.JK,1899,H2,5800.0,5793.3853,1
Baseline,BMRI.JK,1900,H3,5700.0,5792.584,1
Baseline,BMRI.JK,1899,H1,5800.0,5733.043,0
Baseline,BMRI.JK,1900,H2,5700.0,5736.8477,1
Baseline,BMRI.JK,1901,H3,5850.0,5767.6367,1
Baseline,BMRI.JK,1900,H1,5700.0,5762.902,1
Baseline,BMRI.JK,1901,H2,5850.0,5797.5566,0
Baseline,BMRI.JK,1902,H3,5800.0,5791.6245,0
Baseline,BMRI.JK,1901,H1,5850.0,5679.213,0
Baseline,BMRI.JK,1902,H2,5800.0,5683.7417,0
Baseline,BMRI.JK,1903,H3,5675.0,5679.8647,1
Baseline,BMRI.JK,1902,H1,5800.0,5788.7607,1
Baseline,BMRI.JK,1903,H2,5675.0,5788.044,1
Baseline,BMRI.JK,1904,H3,5600.0,5789.7856,1
Baseline,BMRI.JK,1903,H1,5675.0,5769.013,1
Baseline,BMRI.JK,1904,H2,5600.0,5777.169,1
Baseline,BMRI.JK,1905,H3,5750.0,5768.5293,1
Baseline,BMRI.JK,1904,H1,5600.0,5682.6973,0
Baseline,BMRI.JK,1905,H2,5750.0,5686.943,1
Baseline,BMRI.JK,1906,H3,5750.0,5690.772,1
Baseline,BMRI.JK,1905,H1,5750.0,5587.4595,0
Baseline,BMRI.JK,1906,H2,5750.0,5599.578,0
Baseline,BMRI.JK,1907,H3,5600.0,5596.283,1
Baseline,BMRI.JK,1906,H1,5750.0,5703.177,0
Baseline,BMRI.JK,1907,H2,5600.0,5703.2075,1
Baseline,BMRI.JK,1908,H3,5525.0,5697.718,1
Baseline,BMRI.JK,1907,H1,5600.0,5710.3325,1
Baseline,BMRI.JK,1908,H2,5525.0,5709.917,1
Baseline,BMRI.JK,1909,H3,5400.0,5711.448,1
Baseline,BMRI.JK,1908,H1,5525.0,5603.9565,0
Baseline,BMRI.JK,1909,H2,5400.0,5612.954,0
Baseline,BMRI.JK,1910,H3,5750.0,5606.7915,1
Baseline,BMRI.JK,1909,H1,5400.0,5515.671,1
Baseline,BMRI.JK,1910,H2,5750.0,5518.7725,0
Baseline,BMRI.JK,1911,H3,5875.0,5523.661,0
Baseline,BMRI.JK,1910,H1,5750.0,5397.4023,0
Baseline,BMRI.JK,1911,H2,5875.0,5408.5186,1
Baseline,BMRI.JK,1912,H3,5875.0,5409.657,1
Baseline,BMRI.JK,1911,H1,5875.0,5689.8716,0
Baseline,BMRI.JK,1912,H2,5875.0,5687.1455,0
Baseline,BMRI.JK,1913,H3,6000.0,5680.083,0
Baseline,BMRI.JK,1912,H1,5875.0,5863.5947,0
Baseline,BMRI.JK,1913,H2,6000.0,5856.5713,0
Baseline,BMRI.JK,1914,H3,6050.0,5854.9507,0
Baseline,BMRI.JK,1913,H1,6000.0,5820.251,0
Baseline,BMRI.JK,1914,H2,6050.0,5823.7764,0
Baseline,BMRI.JK,1915,H3,6150.0,5810.01,0
Baseline,BMRI.JK,1914,H1,6050.0,5984.25,0
Baseline,BMRI.JK,1915,H2,6150.0,5975.254,0
Baseline,BMRI.JK,1916,H3,6175.0,5974.6104,0
Baseline,BMRI.JK,1915,H1,6150.0,6080.95,1
Baseline,BMRI.JK,1916,H2,6175.0,6084.2837,1
Baseline,BMRI.JK,1917,H3,6125.0,6070.6924,1
Baseline,BMRI.JK,1916,H1,6175.0,6161.712,1
Baseline,BMRI.JK,1917,H2,6125.0,6151.3022,0
Baseline,BMRI.JK,1918,H3,6100.0,6149.3203,1
Baseline,BMRI.JK,1917,H1,6125.0,6180.657,0
Baseline,BMRI.JK,1918,H2,6100.0,6181.9453,0
Baseline,BMRI.JK,1919,H3,6025.0,6173.4517,1
Baseline,BMRI.JK,1918,H1,6100.0,6158.291,0
Baseline,BMRI.JK,1919,H2,6025.0,6157.2773,0
Baseline,BMRI.JK,1920,H3,5800.0,6165.6865,0
Baseline,BMRI.JK,1919,H1,6025.0,6113.7095,0
Baseline,BMRI.JK,1920,H2,5800.0,6133.3203,0
Baseline,BMRI.JK,1921,H3,5675.0,6136.305,0
Baseline,BMRI.JK,1920,H1,5800.0,6077.17,0
Baseline,BMRI.JK,1921,H2,5675.0,6093.4355,0
Baseline,BMRI.JK,1922,H3,5525.0,6081.549,0
Baseline,BMRI.JK,1921,H1,5675.0,5839.7866,0
Baseline,BMRI.JK,1922,H2,5525.0,5852.369,0
Baseline,BMRI.JK,1923,H3,5100.0,5855.175,0
Baseline,BMRI.JK,1922,H1,5525.0,5738.5835,0
Baseline,BMRI.JK,1923,H2,5100.0,5757.635,0
Baseline,BMRI.JK,1924,H3,5150.0,5760.703,0
Baseline,BMRI.JK,1923,H1,5100.0,5554.5312,0
Baseline,BMRI.JK,1924,H2,5150.0,5571.9023,0
Baseline,BMRI.JK,1925,H3,5000.0,5569.0244,0
Baseline,BMRI.JK,1924,H1,5150.0,5124.4526,1
Baseline,BMRI.JK,1925,H2,5000.0,5136.237,0
Baseline,BMRI.JK,1926,H3,4880.0,5148.463,0
Baseline,BMRI.JK,1925,H1,5000.0,5126.111,1
Baseline,BMRI.JK,1926,H2,4880.0,5138.762,1
Baseline,BMRI.JK,1927,H3,4940.0,5134.9985,1
Baseline,BMRI.JK,1926,H1,4880.0,5022.088,0
Baseline,BMRI.JK,1927,H2,4940.0,5026.8633,0
Baseline,BMRI.JK,1928,H3,5025.0,5034.5723,1
Baseline,BMRI.JK,1927,H1,4940.0,4876.11,0
Baseline,BMRI.JK,1928,H2,5025.0,4890.3687,1
Baseline,BMRI.JK,1929,H3,5125.0,4906.3867,1
Baseline,BMRI.JK,1928,H1,5025.0,4942.8594,1
Baseline,BMRI.JK,1929,H2,5125.0,4958.847,1
Baseline,BMRI.JK,1930,H3,5425.0,4961.9893,1
Baseline,BMRI.JK,1929,H1,5125.0,5014.849,0
Baseline,BMRI.JK,1930,H2,5425.0,5018.985,0
Baseline,BMRI.JK,1931,H3,5450.0,5026.024,1
Baseline,BMRI.JK,1930,H1,5425.0,5101.0947,0
Baseline,BMRI.JK,1931,H2,5450.0,5112.3906,0
Baseline,BMRI.JK,1932,H3,5175.0,5105.515,0
Baseline,BMRI.JK,1931,H1,5450.0,5335.0347,0
Baseline,BMRI.JK,1932,H2,5175.0,5334.6465,1
Baseline,BMRI.JK,1933,H3,5150.0,5332.047,1
Baseline,BMRI.JK,1932,H1,5175.0,5378.5547,1
Baseline,BMRI.JK,1933,H2,5150.0,5385.3306,1
Baseline,BMRI.JK,1934,H3,5075.0,5385.2656,1
Baseline,BMRI.JK,1933,H1,5150.0,5101.9453,1
Baseline,BMRI.JK,1934,H2,5075.0,5117.785,1
Baseline,BMRI.JK,1935,H3,5025.0,5116.6504,1
Baseline,BMRI.JK,1934,H1,5075.0,5107.061,1
Baseline,BMRI.JK,1935,H2,5025.0,5109.493,1
Baseline,BMRI.JK,1936,H3,4870.0,5113.68,1
Baseline,BMRI.JK,1935,H1,5025.0,5035.852,1
Baseline,BMRI.JK,1936,H2,4870.0,5044.8643,1
Baseline,BMRI.JK,1937,H3,4920.0,5041.404,1
Baseline,BMRI.JK,1936,H1,4870.0,5009.3335,1
Baseline,BMRI.JK,1937,H2,4920.0,5011.2505,1
Baseline,BMRI.JK,1938,H3,4660.0,5016.0083,1
Baseline,BMRI.JK,1937,H1,4920.0,4874.268,1
Baseline,BMRI.JK,1938,H2,4660.0,4885.3843,0
Baseline,BMRI.JK,1939,H3,4600.0,4863.423,1
Baseline,BMRI.JK,1938,H1,4660.0,4914.754,1
Baseline,BMRI.JK,1939,H2,4600.0,4892.3887,1
Baseline,BMRI.JK,1940,H3,4900.0,4916.174,1
Baseline,BMRI.JK,1939,H1,4600.0,4655.128,1
Baseline,BMRI.JK,1940,H2,4900.0,4689.6562,1
Baseline,BMRI.JK,1941,H3,4840.0,4701.71,1
Baseline,BMRI.JK,1940,H1,4900.0,4622.72,1
Baseline,BMRI.JK,1941,H2,4840.0,4636.6553,1
Baseline,BMRI.JK,1942,H3,4860.0,4639.9814,1
Baseline,BMRI.JK,1941,H1,4840.0,4854.326,1
Baseline,BMRI.JK,1942,H2,4860.0,4858.013,1
Baseline,BMRI.JK,1943,H3,4870.0,4860.3916,1
Baseline,BMRI.JK,1942,H1,4860.0,4838.6465,0
Baseline,BMRI.JK,1943,H2,4870.0,4848.0137,1
Baseline,BMRI.JK,1944,H3,4840.0,4849.7134,0
Baseline,BMRI.JK,1943,H1,4870.0,4868.6904,1
Baseline,BMRI.JK,1944,H2,4840.0,4877.074,0
Baseline,BMRI.JK,1945,H3,4710.0,4875.959,0
Baseline,BMRI.JK,1944,H1,4840.0,4880.247,0
Baseline,BMRI.JK,1945,H2,4710.0,4884.214,0
Baseline,BMRI.JK,1946,H3,4740.0,4886.1562,0
Baseline,BMRI.JK,1945,H1,4710.0,4843.846,0
Baseline,BMRI.JK,1946,H2,4740.0,4851.335,0
Baseline,BMRI.JK,1947,H3,4880.0,4846.4375,1
Baseline,BMRI.JK,1946,H1,4740.0,4712.3955,1
Baseline,BMRI.JK,1947,H2,4880.0,4720.1807,1
Baseline,BMRI.JK,1948,H3,4740.0,4728.3784,1
Baseline,BMRI.JK,1947,H1,4880.0,4732.153,0
Baseline,BMRI.JK,1948,H2,4740.0,4741.92,1
Baseline,BMRI.JK,1949,H3,4740.0,4747.623,0
Baseline,BMRI.JK,1948,H1,4740.0,4857.9243,1
Baseline,BMRI.JK,1949,H2,4740.0,4864.481,1
Baseline,BMRI.JK,1950,H3,4680.0,4863.043,1
Baseline,BMRI.JK,1949,H1,4740.0,4757.5107,0
Baseline,BMRI.JK,1950,H2,4680.0,4768.353,0
Baseline,BMRI.JK,1951,H3,4530.0,4775.5186,0
Baseline,BMRI.JK,1950,H1,4680.0,4734.3564,1
Baseline,BMRI.JK,1951,H2,4530.0,4745.911,0
Baseline,BMRI.JK,1952,H3,4680.0,4744.7144,0
Baseline,BMRI.JK,1951,H1,4530.0,4694.9917,0
Baseline,BMRI.JK,1952,H2,4680.0,4701.833,0
Baseline,BMRI.JK,1953,H3,4620.0,4709.2646,0
Baseline,BMRI.JK,1952,H1,4680.0,4551.3916,1
Baseline,BMRI.JK,1953,H2,4620.0,4569.725,1
Baseline,BMRI.JK,1954,H3,4410.0,4579.3955,0
Baseline,BMRI.JK,1953,H1,4620.0,4708.6978,0
Baseline,BMRI.JK,1954,H2,4410.0,4719.7046,0
Baseline,BMRI.JK,1955,H3,4460.0,4721.9604,0
Baseline,BMRI.JK,1954,H1,4410.0,4660.1797,0
Baseline,BMRI.JK,1955,H2,4460.0,4669.306,0
Baseline,BMRI.JK,1956,H3,4740.0,4677.5347,1
Baseline,BMRI.JK,1955,H1,4460.0,4446.15,1
Baseline,BMRI.JK,1956,H2,4740.0,4465.4023,1
Baseline,BMRI.JK,1957,H3,5150.0,4475.2563,1
Baseline,BMRI.JK,1956,H1,4740.0,4477.2905,1
Baseline,BMRI.JK,1957,H2,5150.0,4489.9033,1
Baseline,BMRI.JK,1958,H3,5200.0,4501.0713,1
Baseline,BMRI.JK,1957,H1,5150.0,4751.363,1
Baseline,BMRI.JK,1958,H2,5200.0,4762.278,1
Baseline,BMRI.JK,1959,H3,4670.0,4760.3604,0
Baseline,BMRI.JK,1958,H1,5200.0,4974.084,0
Baseline,BMRI.JK,1959,H2,4670.0,4970.478,1
Baseline,BMRI.JK,1960,H3,4710.0,4969.915,1
Baseline,BMRI.JK,1959,H1,4670.0,5141.181,1
Baseline,BMRI.JK,1960,H2,4710.0,5146.466,1
Baseline,BMRI.JK,1961,H3,5025.0,5147.029,1
Baseline,BMRI.JK,1960,H1,4710.0,4827.457,1
Baseline,BMRI.JK,1961,H2,5025.0,4848.9263,1
Baseline,BMRI.JK,1962,H3,5100.0,4846.217,1
Baseline,BMRI.JK,1961,H1,5025.0,4788.0103,1
Baseline,BMRI.JK,1962,H2,5100.0,4795.9575,1
Baseline,BMRI.JK,1963,H3,4750.0,4801.966,1
Baseline,BMRI.JK,1962,H1,5100.0,4869.2686,0
Baseline,BMRI.JK,1963,H2,4750.0,4881.2007,1
Baseline,BMRI.JK,1964,H3,4710.0,4889.2812,1
Baseline,BMRI.JK,1963,H1,4750.0,5067.104,1
Baseline,BMRI.JK,1964,H2,4710.0,5074.268,1
Baseline,BMRI.JK,1965,H3,4630.0,5073.5034,1
Baseline,BMRI.JK,1964,H1,4710.0,4777.7534,0
Baseline,BMRI.JK,1965,H2,4630.0,4790.966,0
Baseline,BMRI.JK,1966,H3,4600.0,4802.0312,0
Baseline,BMRI.JK,1965,H1,4630.0,4767.1733,0
Baseline,BMRI.JK,1966,H2,4600.0,4778.6743,0
Baseline,BMRI.JK,1967,H3,4610.0,4783.334,0
Baseline,BMRI.JK,1966,H1,4600.0,4696.2695,0
Baseline,BMRI.JK,1967,H2,4610.0,4703.942,0
Baseline,BMRI.JK,1968,H3,4720.0,4719.1772,1
Baseline,BMRI.JK,1967,H1,4610.0,4656.298,1
Baseline,BMRI.JK,1968,H2,4720.0,4669.884,1
Baseline,BMRI.JK,1969,H3,4900.0,4678.9497,1
Baseline,BMRI.JK,1968,H1,4720.0,4655.8687,1
Baseline,BMRI.JK,1969,H2,4900.0,4664.9004,1
Baseline,BMRI.JK,1970,H3,4890.0,4676.4536,1
Baseline,BMRI.JK,1969,H1,4900.0,4756.732,1
Baseline,BMRI.JK,1970,H2,4890.0,4764.8853,1
Baseline,BMRI.JK,1971,H3,4900.0,4771.466,1
Baseline,BMRI.JK,1970,H1,4890.0,4920.584,0
Baseline,BMRI.JK,1971,H2,4900.0,4924.8525,0
Baseline,BMRI.JK,1972,H3,4920.0,4928.943,1
Baseline,BMRI.JK,1971,H1,4900.0,4923.54,1
Baseline,BMRI.JK,1972,H2,4920.0,4929.5693,1
Baseline,BMRI.JK,1973,H3,4940.0,4938.889,1
Baseline,BMRI.JK,1972,H1,4920.0,4921.4263,1
Baseline,BMRI.JK,1973,H2,4940.0,4930.777,1
Baseline,BMRI.JK,1974,H3,4890.0,4917.037,0
Baseline,BMRI.JK,1973,H1,4940.0,4939.3784,1
Baseline,BMRI.JK,1974,H2,4890.0,4930.326,0
Baseline,BMRI.JK,1975,H3,4960.0,4934.6743,1
Baseline,BMRI.JK,1974,H1,4890.0,4959.2295,0
Baseline,BMRI.JK,1975,H2,4960.0,4965.443,1
Baseline,BMRI.JK,1976,H3,4980.0,4966.096,1
Baseline,BMRI.JK,1975,H1,4960.0,4903.6523,1
Baseline,BMRI.JK,1976,H2,4980.0,4908.267,1
Baseline,BMRI.JK,1977,H3,4980.0,4909.7383,1
Baseline,BMRI.JK,1976,H1,4980.0,4972.334,1
Baseline,BMRI.JK,1977,H2,4980.0,4975.635,1
Baseline,BMRI.JK,1978,H3,4950.0,4979.409,0
Baseline,BMRI.JK,1977,H1,4980.0,4996.455,0
Baseline,BMRI.JK,1978,H2,4950.0,5008.6523,0
Baseline,BMRI.JK,1979,H3,4790.0,5009.25,0
Baseline,BMRI.JK,1978,H1,4950.0,5019.6733,0
Baseline,BMRI.JK,1979,H2,4790.0,5024.663,0
Baseline,BMRI.JK,1980,H3,4770.0,5020.0273,0
Baseline,BMRI.JK,1979,H1,4790.0,4993.8813,0
Baseline,BMRI.JK,1980,H2,4770.0,4996.7236,0
Baseline,BMRI.JK,1981,H3,5050.0,5000.2935,1
Baseline,BMRI.JK,1980,H1,4770.0,4864.848,0
Baseline,BMRI.JK,1981,H2,5050.0,4876.7134,1
Baseline,BMRI.JK,1982,H3,5325.0,4882.8716,1
Baseline,BMRI.JK,1981,H1,5050.0,4823.537,1
Baseline,BMRI.JK,1982,H2,5325.0,4832.874,1
Baseline,BMRI.JK,1983,H3,5475.0,4836.22,1
Baseline,BMRI.JK,1982,H1,5325.0,5078.885,1
Baseline,BMRI.JK,1983,H2,5475.0,5077.6943,1
Baseline,BMRI.JK,1984,H3,5525.0,5074.772,1
Baseline,BMRI.JK,1983,H1,5475.0,5332.9087,1
Baseline,BMRI.JK,1984,H2,5525.0,5326.9033,1
Baseline,BMRI.JK,1985,H3,5400.0,5313.138,0
Baseline,BMRI.JK,1984,H1,5525.0,5478.6616,1
Baseline,BMRI.JK,1985,H2,5400.0,5464.8164,1
Baseline,BMRI.JK,1986,H3,5450.0,5455.044,1
Baseline,BMRI.JK,1985,H1,5400.0,5489.0815,1
Baseline,BMRI.JK,1986,H2,5450.0,5489.3633,1
Baseline,BMRI.JK,1987,H3,5450.0,5476.7383,1
Baseline,BMRI.JK,1986,H1,5450.0,5383.068,0
Baseline,BMRI.JK,1987,H2,5450.0,5381.4497,0
Baseline,BMRI.JK,1988,H3,5425.0,5363.465,0
Baseline,BMRI.JK,1987,H1,5450.0,5433.185,0
Baseline,BMRI.JK,1988,H2,5425.0,5420.282,1
Baseline,BMRI.JK,1989,H3,5475.0,5409.847,0
Baseline,BMRI.JK,1988,H1,5425.0,5419.3906,1
Baseline,BMRI.JK,1989,H2,5475.0,5413.6704,0
Baseline,BMRI.JK,1990,H3,5400.0,5402.8345,1
Baseline,BMRI.JK,1989,H1,5475.0,5395.4097,0
Baseline,BMRI.JK,1990,H2,5400.0,5389.672,1
Baseline,BMRI.JK,1991,H3,5300.0,5388.252,1
Baseline,BMRI.JK,1990,H1,5400.0,5445.4473,1
Baseline,BMRI.JK,1991,H2,5300.0,5450.157,1
Baseline,BMRI.JK,1992,H3,5075.0,5435.069,1
Baseline,BMRI.JK,1991,H1,5300.0,5398.859,1
Baseline,BMRI.JK,1992,H2,5075.0,5393.8916,1
Baseline,BMRI.JK,1993,H3,5050.0,5399.9326,1
Baseline,BMRI.JK,1992,H1,5075.0,5319.551,0
Baseline,BMRI.JK,1993,H2,5050.0,5324.5654,0
Baseline,BMRI.JK,1994,H3,5025.0,5323.7954,0
Baseline,BMRI.JK,1993,H1,5050.0,5097.003,0
Baseline,BMRI.JK,1994,H2,5025.0,5100.1826,0
Baseline,BMRI.JK,1995,H3,5075.0,5110.31,0
Baseline,BMRI.JK,1994,H1,5025.0,5089.1016,0
Baseline,BMRI.JK,1995,H2,5075.0,5095.72,1
Baseline,BMRI.JK,1996,H3,5250.0,5106.3594,1
Baseline,BMRI.JK,1995,H1,5075.0,5058.128,1
Baseline,BMRI.JK,1996,H2,5250.0,5064.3613,1
Baseline,BMRI.JK,1997,H3,5200.0,5066.451,1
Baseline,BMRI.JK,1996,H1,5250.0,5075.1284,1
Baseline,BMRI.JK,1997,H2,5200.0,5074.9746,0
Baseline,BMRI.JK,1998,H3,5175.0,5082.31,1
Baseline,BMRI.JK,1997,H1,5200.0,5198.7783,1
Baseline,BMRI.JK,1998,H2,5175.0,5203.0376,1
Baseline,BMRI.JK,1999,H3,5150.0,5207.137,1
Baseline,BMRI.JK,1998,H1,5175.0,5174.199,1
Baseline,BMRI.JK,1999,H2,5150.0,5177.9653,1
Baseline,BMRI.JK,2000,H3,5150.0,5180.215,1
Baseline,BMRI.JK,1999,H1,5150.0,5156.214,1
Baseline,BMRI.JK,2000,H2,5150.0,5155.6836,1
Baseline,BMRI.JK,2001,H3,5100.0,5165.6436,1
Baseline,BMRI.JK,2000,H1,5150.0,5131.6523,0
Baseline,BMRI.JK,2001,H2,5100.0,5139.1978,1
Baseline,BMRI.JK,2002,H3,5075.0,5139.1406,1
Baseline,BMRI.JK,2001,H1,5100.0,5131.9214,1
Baseline,BMRI.JK,2002,H2,5075.0,5132.111,1
Baseline,BMRI.JK,2003,H3,4970.0,5138.377,1
Baseline,BMRI.JK,2002,H1,5075.0,5091.6562,1
Baseline,BMRI.JK,2003,H2,4970.0,5097.2705,1
Baseline,BMRI.JK,2004,H3,4930.0,5104.4023,0
Baseline,BMRI.JK,2003,H1,4970.0,5063.1304,1
Baseline,BMRI.JK,2004,H2,4930.0,5066.207,1
Baseline,BMRI.JK,2005,H3,4920.0,5070.871,1
Baseline,BMRI.JK,2004,H1,4930.0,4979.7197,0
Baseline,BMRI.JK,2005,H2,4920.0,4981.0874,0
Baseline,BMRI.JK,2006,H3,5025.0,4995.386,1
Baseline,BMRI.JK,2005,H1,4920.0,4931.372,0
Baseline,BMRI.JK,2006,H2,5025.0,4941.746,1
Baseline,BMRI.JK,2007,H3,4880.0,4945.533,0
Baseline,BMRI.JK,2006,H1,5025.0,4917.081,0
Baseline,BMRI.JK,2007,H2,4880.0,4918.5703,1
Baseline,BMRI.JK,2008,H3,5025.0,4928.532,1
Baseline,BMRI.JK,2007,H1,4880.0,5013.7725,1
Baseline,BMRI.JK,2008,H2,5025.0,5018.1875,0
Baseline,BMRI.JK,2009,H3,4880.0,5008.792,1
Baseline,BMRI.JK,2008,H1,5025.0,4897.353,1
Baseline,BMRI.JK,2009,H2,4880.0,4885.743,0
Baseline,BMRI.JK,2010,H3,4750.0,4916.7036,0
Baseline,BMRI.JK,2009,H1,4880.0,5003.6416,1
Baseline,BMRI.JK,2010,H2,4750.0,5023.74,1
Baseline,BMRI.JK,2011,H3,4770.0,5027.6167,0
Baseline,BMRI.JK,2010,H1,4750.0,4912.939,0
Baseline,BMRI.JK,2011,H2,4770.0,4917.792,0
Baseline,BMRI.JK,2012,H3,4740.0,4929.1616,0
Baseline,BMRI.JK,2011,H1,4770.0,4787.641,1
Baseline,BMRI.JK,2012,H2,4740.0,4799.198,0
Baseline,BMRI.JK,2013,H3,4740.0,4811.903,0
Baseline,BMRI.JK,2012,H1,4740.0,4790.545,0
Baseline,BMRI.JK,2013,H2,4740.0,4795.0566,0
Baseline,BMRI.JK,2014,H3,4740.0,4804.5264,0
Baseline,BMRI.JK,2013,H1,4740.0,4761.8516,0
Baseline,BMRI.JK,2014,H2,4740.0,4765.7744,0
Baseline,BMRI.JK,2015,H3,4720.0,4782.245,0
Baseline,BMRI.JK,2014,H1,4740.0,4756.888,0
Baseline,BMRI.JK,2015,H2,4720.0,4766.4937,0
Baseline,BMRI.JK,2016,H3,4710.0,4774.274,0
Baseline,BMRI.JK,2015,H1,4720.0,4755.8374,0
Baseline,BMRI.JK,2016,H2,4710.0,4759.6533,0
Baseline,BMRI.JK,2017,H3,4820.0,4771.666,1
Baseline,BMRI.JK,2016,H1,4710.0,4731.9473,0
Baseline,BMRI.JK,2017,H2,4820.0,4738.317,1
Baseline,BMRI.JK,2018,H3,4970.0,4748.592,1
Baseline,BMRI.JK,2017,H1,4820.0,4723.0522,1
Baseline,BMRI.JK,2018,H2,4970.0,4727.0796,1
Baseline,BMRI.JK,2019,H3,4690.0,4736.74,0
Baseline,BMRI.JK,2018,H1,4970.0,4814.302,0
Baseline,BMRI.JK,2019,H2,4690.0,4815.511,1
Baseline,BMRI.JK,2020,H3,4700.0,4829.1953,0
Baseline,BMRI.JK,2019,H1,4690.0,4943.9995,1
Baseline,BMRI.JK,2020,H2,4700.0,4950.7485,1
Baseline,BMRI.JK,2021,H3,4690.0,4955.094,1
Baseline,BMRI.JK,2020,H1,4700.0,4718.3374,1
Baseline,BMRI.JK,2021,H2,4690.0,4729.8594,0
Baseline,BMRI.JK,2022,H3,4720.0,4745.9272,1
Baseline,BMRI.JK,2021,H1,4690.0,4719.099,0
Baseline,BMRI.JK,2022,H2,4720.0,4727.35,1
Baseline,BMRI.JK,2023,H3,4740.0,4737.462,1
Baseline,BMRI.JK,2022,H1,4720.0,4708.9243,1
Baseline,BMRI.JK,2023,H2,4740.0,4713.7847,1
Baseline,BMRI.JK,2024,H3,4680.0,4724.2915,0
Baseline,BMRI.JK,2023,H1,4740.0,4728.9165,1
Baseline,BMRI.JK,2024,H2,4680.0,4731.1904,0
Baseline,BMRI.JK,2025,H3,4660.0,4746.125,0
Baseline,BMRI.JK,2024,H1,4680.0,4747.5537,0
Baseline,BMRI.JK,2025,H2,4660.0,4756.002,0
Baseline,BMRI.JK,2026,H3,4680.0,4763.123,0
Baseline,BMRI.JK,2025,H1,4660.0,4699.789,0
Baseline,BMRI.JK,2026,H2,4680.0,4704.338,0
Baseline,BMRI.JK,2027,H3,4800.0,4717.2236,1
Baseline,BMRI.JK,2026,H1,4680.0,4677.553,1
Baseline,BMRI.JK,2027,H2,4800.0,4684.282,1
Baseline,BMRI.JK,2028,H3,4690.0,4694.9375,1
Baseline,BMRI.JK,2027,H1,4800.0,4692.0303,1
Baseline,BMRI.JK,2028,H2,4690.0,4695.0337,1
Baseline,BMRI.JK,2029,H3,4700.0,4704.0293,1
Baseline,BMRI.JK,2028,H1,4690.0,4804.309,0
Baseline,BMRI.JK,2029,H2,4700.0,4805.6997,0
Baseline,BMRI.JK,2030,H3,4710.0,4819.2065,0
Baseline,BMRI.JK,2029,H1,4700.0,4705.778,1
Baseline,BMRI.JK,2030,H2,4710.0,4715.4453,1
Baseline,BMRI.JK,2031,H3,4620.0,4723.7744,0
Baseline,BMRI.JK,2030,H1,4710.0,4722.0923,1
Baseline,BMRI.JK,2031,H2,4620.0,4725.3105,0
Baseline,BMRI.JK,2032,H3,4510.0,4720.0884,0
Baseline,BMRI.JK,2031,H1,4620.0,4725.4116,0
Baseline,BMRI.JK,2032,H2,4510.0,4713.397,0
Baseline,BMRI.JK,2033,H3,4530.0,4747.4165,0
Baseline,BMRI.JK,2032,H1,4510.0,4627.8833,0
Baseline,BMRI.JK,2033,H2,4530.0,4655.942,0
Baseline,BMRI.JK,2034,H3,4620.0,4665.2905,0
Baseline,BMRI.JK,2033,H1,4530.0,4553.2183,1
Baseline,BMRI.JK,2034,H2,4620.0,4557.1113,1
Baseline,BMRI.JK,2035,H3,4750.0,4573.87,1
Baseline,BMRI.JK,2034,H1,4620.0,4558.9463,1
Baseline,BMRI.JK,2035,H2,4750.0,4568.1797,1
Baseline,BMRI.JK,2036,H3,4700.0,4573.2607,1
Baseline,BMRI.JK,2035,H1,4750.0,4632.649,1
Baseline,BMRI.JK,2036,H2,4700.0,4631.416,1
Baseline,BMRI.JK,2037,H3,4680.0,4642.684,1
Baseline,BMRI.JK,2036,H1,4700.0,4771.5986,0
Baseline,BMRI.JK,2037,H2,4680.0,4776.2974,0
Baseline,BMRI.JK,2038,H3,4670.0,4784.128,0
Baseline,BMRI.JK,2037,H1,4680.0,4707.325,0
Baseline,BMRI.JK,2038,H2,4670.0,4711.698,0
Baseline,BMRI.JK,2039,H3,4720.0,4718.3623,1
Baseline,BMRI.JK,2038,H1,4670.0,4693.2793,0
Baseline,BMRI.JK,2039,H2,4720.0,4694.4004,1
Baseline,BMRI.JK,2040,H3,4910.0,4707.8833,1
Baseline,BMRI.JK,2039,H1,4720.0,4685.6274,1
Baseline,BMRI.JK,2040,H2,4910.0,4692.4014,1
Baseline,BMRI.JK,2041,H3,4870.0,4693.7573,1
Baseline,BMRI.JK,2040,H1,4910.0,4742.2695,1
Baseline,BMRI.JK,2041,H2,4870.0,4737.877,1
Baseline,BMRI.JK,2042,H3,4850.0,4746.6006,1
Baseline,BMRI.JK,2041,H1,4870.0,4953.696,0
Baseline,BMRI.JK,2042,H2,4850.0,4958.4443,0
Baseline,BMRI.JK,2043,H3,4850.0,4963.4756,0
Baseline,BMRI.JK,2042,H1,4850.0,4885.9424,0
Baseline,BMRI.JK,2043,H2,4850.0,4889.0117,0
Baseline,BMRI.JK,2044,H3,4800.0,4897.4023,0
Baseline,BMRI.JK,2043,H1,4850.0,4871.659,0
Baseline,BMRI.JK,2044,H2,4800.0,4874.393,0
Baseline,BMRI.JK,2045,H3,4950.0,4872.0557,1
Baseline,BMRI.JK,2044,H1,4800.0,4873.202,0
Baseline,BMRI.JK,2045,H2,4950.0,4868.1846,1
Baseline,BMRI.JK,2046,H3,4900.0,4876.0947,1
Baseline,BMRI.JK,2045,H1,4950.0,4824.617,1
Baseline,BMRI.JK,2046,H2,4900.0,4828.516,1
Baseline,BMRI.JK,2047,H3,4890.0,4836.65,1
Baseline,BMRI.JK,2046,H1,4900.0,4955.507,0
Baseline,BMRI.JK,2047,H2,4890.0,4957.297,0
Baseline,BMRI.JK,2048,H3,4950.0,4959.1284,0
Baseline,BMRI.JK,2047,H1,4890.0,4921.1016,0
Baseline,BMRI.JK,2048,H2,4950.0,4919.2144,1
Baseline,BMRI.JK,2049,H3,4900.0,4929.0234,0
Baseline,BMRI.JK,2048,H1,4950.0,4910.7964,1
Baseline,BMRI.JK,2049,H2,4900.0,4915.299,1
Baseline,BMRI.JK,2050,H3,4800.0,4912.072,0
Baseline,BMRI.JK,2049,H1,4900.0,4970.37,0
Baseline,BMRI.JK,2050,H2,4800.0,4963.6904,0
Baseline,BMRI.JK,2051,H3,4770.0,4969.747,0
Baseline,BMRI.JK,2050,H1,4800.0,4924.9043,0
Baseline,BMRI.JK,2051,H2,4770.0,4928.283,0
Baseline,BMRI.JK,2052,H3,4730.0,4935.342,0
Baseline,BMRI.JK,2051,H1,4770.0,4822.4023,0
Baseline,BMRI.JK,2052,H2,4730.0,4826.701,0
Baseline,BMRI.JK,2053,H3,4600.0,4811.617,0
Baseline,BMRI.JK,2052,H1,4730.0,4800.839,0
Baseline,BMRI.JK,2053,H2,4600.0,4781.513,0
Baseline,BMRI.JK,2054,H3,4570.0,4793.0825,0
Baseline,BMRI.JK,2053,H1,4600.0,4740.2266,0
Baseline,BMRI.JK,2054,H2,4570.0,4745.4927,0
Baseline,BMRI.JK,2055,H3,4620.0,4754.388,0
Baseline,BMRI.JK,2054,H1,4570.0,4601.471,0
Baseline,BMRI.JK,2055,H2,4620.0,4610.3667,1
Baseline,BMRI.JK,2056,H3,4680.0,4624.282,1
Baseline,BMRI.JK,2055,H1,4620.0,4589.6055,1
Baseline,BMRI.JK,2056,H2,4680.0,4595.454,1
Baseline,BMRI.JK,2057,H3,4490.0,4605.928,0
Baseline,BMRI.JK,2056,H1,4680.0,4632.562,1
Baseline,BMRI.JK,2057,H2,4490.0,4634.099,0
Baseline,BMRI.JK,2058,H3,4310.0,4648.3013,0
Baseline,BMRI.JK,2057,H1,4490.0,4678.4575,1
Baseline,BMRI.JK,2058,H2,4310.0,4683.4517,0
Baseline,BMRI.JK,2059,H3,4400.0,4691.904,0
Baseline,BMRI.JK,2058,H1,4310.0,4539.949,0
Baseline,BMRI.JK,2059,H2,4400.0,4550.8755,0
Baseline,BMRI.JK,2060,H3,4480.0,4566.465,0
Baseline,BMRI.JK,2059,H1,4400.0,4355.5024,1
Baseline,BMRI.JK,2060,H2,4480.0,4367.7646,1
Baseline,BMRI.JK,2061,H3,4520.0,4386.404,1
Baseline,BMRI.JK,2060,H1,4480.0,4429.336,1
Baseline,BMRI.JK,2061,H2,4520.0,4437.449,1
Baseline,BMRI.JK,2062,H3,4530.0,4450.304,1
Baseline,BMRI.JK,2061,H1,4520.0,4493.923,1
Baseline,BMRI.JK,2062,H2,4530.0,4498.223,1
Baseline,BMRI.JK,2063,H3,4480.0,4514.882,0
Baseline,BMRI.JK,2062,H1,4530.0,4531.8423,1
Baseline,BMRI.JK,2063,H2,4480.0,4539.354,0
Baseline,BMRI.JK,2064,H3,4510.0,4550.5386,0
Baseline,BMRI.JK,2063,H1,4480.0,4539.346,0
Baseline,BMRI.JK,2064,H2,4510.0,4545.426,0
Baseline,BMRI.JK,2065,H3,4420.0,4557.911,0
Baseline,BMRI.JK,2064,H1,4510.0,4496.633,1
Baseline,BMRI.JK,2065,H2,4420.0,4503.0493,0
Baseline,BMRI.JK,2066,H3,4380.0,4517.4834,0
Baseline,BMRI.JK,2065,H1,4420.0,4519.7773,0
Baseline,BMRI.JK,2066,H2,4380.0,4525.467,0
Baseline,BMRI.JK,2067,H3,4420.0,4536.1504,0
Baseline,BMRI.JK,2066,H1,4380.0,4444.6714,0
Baseline,BMRI.JK,2067,H2,4420.0,4449.2153,0
Baseline,BMRI.JK,2068,H3,4410.0,4466.7705,0
Baseline,BMRI.JK,2067,H1,4420.0,4398.889,1
Baseline,BMRI.JK,2068,H2,4410.0,4407.7554,1
Baseline,BMRI.JK,2069,H3,4390.0,4420.586,1
Baseline,BMRI.JK,2068,H1,4410.0,4434.9985,0
Baseline,BMRI.JK,2069,H2,4390.0,4438.906,0
Baseline,BMRI.JK,2070,H3,4360.0,4450.5664,0
Baseline,BMRI.JK,2069,H1,4390.0,4422.2935,0
Baseline,BMRI.JK,2070,H2,4360.0,4425.907,0
Baseline,BMRI.JK,2071,H3,4420.0,4438.7173,1
Baseline,BMRI.JK,2070,H1,4360.0,4400.9717,0
Baseline,BMRI.JK,2071,H2,4420.0,4405.5176,1
Baseline,BMRI.JK,2072,H3,4400.0,4415.587,1
Baseline,BMRI.JK,2071,H1,4420.0,4374.855,1
Baseline,BMRI.JK,2072,H2,4400.0,4376.0215,1
Baseline,BMRI.JK,2073,H3,4400.0,4368.7266,1
Baseline,BMRI.JK,2072,H1,4400.0,4424.3037,0
Baseline,BMRI.JK,2073,H2,4400.0,4405.8677,1
Baseline,BMRI.JK,2074,H3,4380.0,4441.008,0
Baseline,BMRI.JK,2073,H1,4400.0,4396.6694,1
Baseline,BMRI.JK,2074,H2,4380.0,4422.208,0
Baseline,BMRI.JK,2075,H3,4360.0,4435.1514,0
Baseline,BMRI.JK,2074,H1,4380.0,4422.2734,0
Baseline,BMRI.JK,2075,H2,4360.0,4428.2764,0
Baseline,BMRI.JK,2076,H3,4310.0,4437.678,0
Baseline,BMRI.JK,2075,H1,4360.0,4390.209,0
Baseline,BMRI.JK,2076,H2,4310.0,4396.084,0
Baseline,BMRI.JK,2077,H3,4260.0,4405.6714,0
Baseline,BMRI.JK,2076,H1,4310.0,4377.814,0
Baseline,BMRI.JK,2077,H2,4260.0,4382.667,0
Baseline,BMRI.JK,2078,H3,4290.0,4398.5728,0
Baseline,BMRI.JK,2077,H1,4260.0,4332.05,0
Baseline,BMRI.JK,2078,H2,4290.0,4343.8086,0
Baseline,BMRI.JK,2079,H3,4250.0,4352.9165,0
Baseline,BMRI.JK,2078,H1,4290.0,4288.9395,1
Baseline,BMRI.JK,2079,H2,4250.0,4295.671,0
Baseline,BMRI.JK,2080,H3,4390.0,4310.4067,1
Baseline,BMRI.JK,2079,H1,4250.0,4311.032,0
Baseline,BMRI.JK,2080,H2,4390.0,4319.206,1
Baseline,BMRI.JK,2081,H3,4250.0,4329.708,0
Baseline,BMRI.JK,2080,H1,4390.0,4273.8926,1
Baseline,BMRI.JK,2081,H2,4250.0,4280.1836,0
Baseline,BMRI.JK,2082,H3,4230.0,4291.55,0
Baseline,BMRI.JK,2081,H1,4250.0,4419.0034,0
Baseline,BMRI.JK,2082,H2,4230.0,4422.836,0
Baseline,BMRI.JK,2083,H3,4090.0,4436.928,0
Baseline,BMRI.JK,2082,H1,4230.0,4290.1055,0
Baseline,BMRI.JK,2083,H2,4090.0,4305.0605,0
Baseline,BMRI.JK,2084,H3,4050.0,4317.4756,0
Baseline,BMRI.JK,2083,H1,4090.0,4260.061,0
Baseline,BMRI.JK,2084,H2,4050.0,4268.031,0
Baseline,BMRI.JK,2085,H3,4090.0,4283.329,0
Baseline,BMRI.JK,2084,H1,4050.0,4134.148,0
Baseline,BMRI.JK,2085,H2,4090.0,4148.3306,0
Baseline,BMRI.JK,2086,H3,4050.0,4162.74,0
Baseline,BMRI.JK,2085,H1,4090.0,4094.1553,1
Baseline,BMRI.JK,2086,H2,4050.0,4103.981,0
Baseline,BMRI.JK,2087,H3,4300.0,4119.3276,1
Baseline,BMRI.JK,2086,H1,4050.0,4122.384,0
Baseline,BMRI.JK,2087,H2,4300.0,4130.5186,1
Baseline,BMRI.JK,2088,H3,4350.0,4149.954,1
Baseline,BMRI.JK,2087,H1,4300.0,4089.2864,1
Baseline,BMRI.JK,2088,H2,4350.0,4104.347,1
Baseline,BMRI.JK,2089,H3,4330.0,4118.168,1
Baseline,BMRI.JK,2088,H1,4350.0,4333.6313,1
Baseline,BMRI.JK,2089,H2,4330.0,4342.4663,1
Baseline,BMRI.JK,2090,H3,4430.0,4357.6,1
Baseline,BMRI.JK,2089,H1,4330.0,4385.119,0
Baseline,BMRI.JK,2090,H2,4430.0,4395.164,1
Baseline,BMRI.JK,2091,H3,4550.0,4406.7764,1
Baseline,BMRI.JK,2090,H1,4430.0,4357.249,1
Baseline,BMRI.JK,2091,H2,4550.0,4367.256,1
Baseline,BMRI.JK,2092,H3,4470.0,4380.3325,1
Baseline,BMRI.JK,2091,H1,4550.0,4455.0786,1
Baseline,BMRI.JK,2092,H2,4470.0,4460.2344,1
Baseline,BMRI.JK,2093,H3,4510.0,4474.7446,1
Baseline,BMRI.JK,2092,H1,4470.0,4576.4893,0
Baseline,BMRI.JK,2093,H2,4510.0,4584.768,0
Baseline,BMRI.JK,2094,H3,4650.0,4589.102,1
Baseline,BMRI.JK,2093,H1,4510.0,4530.8574,1
Baseline,BMRI.JK,2094,H2,4650.0,4538.513,1
Baseline,BMRI.JK,2095,H3,4800.0,4551.9136,1
Baseline,BMRI.JK,2094,H1,4650.0,4566.9463,1
Baseline,BMRI.JK,2095,H2,4800.0,4573.783,1
Baseline,BMRI.JK,2096,H3,4720.0,4559.302,1
Baseline,BMRI.JK,2095,H1,4800.0,4682.9546,1
Baseline,BMRI.JK,2096,H2,4720.0,4664.7515,1
Baseline,BMRI.JK,2097,H3,4760.0,4695.27,1
Baseline,BMRI.JK,2096,H1,4720.0,4810.912,0
Baseline,BMRI.JK,2097,H2,4760.0,4832.946,0
Baseline,BMRI.JK,2098,H3,4730.0,4835.2534,0
Baseline,BMRI.JK,2097,H1,4760.0,4757.0073,1
Baseline,BMRI.JK,2098,H2,4730.0,4759.4053,1
Baseline,BMRI.JK,2099,H3,4770.0,4754.3257,1
Baseline,BMRI.JK,2098,H1,4730.0,4776.863,0
Baseline,BMRI.JK,2099,H2,4770.0,4771.0166,1
Baseline,BMRI.JK,2100,H3,4750.0,4774.8457,0
Baseline,BMRI.JK,2099,H1,4770.0,4753.1133,1
Baseline,BMRI.JK,2100,H2,4750.0,4755.2236,1
Baseline,BMRI.JK,2101,H3,4750.0,4761.2715,1
Baseline,BMRI.JK,2100,H1,4750.0,4777.27,0
Baseline,BMRI.JK,2101,H2,4750.0,4781.4463,0
Baseline,BMRI.JK,2102,H3,4730.0,4780.346,0
Baseline,BMRI.JK,2101,H1,4750.0,4771.854,0
Baseline,BMRI.JK,2102,H2,4730.0,4769.5596,0
Baseline,BMRI.JK,2103,H3,4680.0,4773.7207,0
Baseline,BMRI.JK,2102,H1,4730.0,4769.046,0
Baseline,BMRI.JK,2103,H2,4680.0,4770.868,0
Baseline,BMRI.JK,2104,H3,4760.0,4765.131,1
Baseline,BMRI.JK,2103,H1,4680.0,4753.0923,0
Baseline,BMRI.JK,2104,H2,4760.0,4749.2837,1
Baseline,BMRI.JK,2105,H3,4700.0,4754.771,0
Baseline,BMRI.JK,2104,H1,4760.0,4715.205,1
Baseline,BMRI.JK,2105,H2,4700.0,4720.2764,1
Baseline,BMRI.JK,2106,H3,4750.0,4728.5596,1
Baseline,BMRI.JK,2105,H1,4700.0,4776.5864,0
Baseline,BMRI.JK,2106,H2,4750.0,4781.6655,0
Baseline,BMRI.JK,2107,H3,4820.0,4781.285,1
Baseline,BMRI.JK,2106,H1,4750.0,4729.2393,1
Baseline,BMRI.JK,2107,H2,4820.0,4729.1274,1
Baseline,BMRI.JK,2108,H3,4790.0,4735.9404,1
Baseline,BMRI.JK,2107,H1,4820.0,4767.087,1
Baseline,BMRI.JK,2108,H2,4790.0,4769.186,1
Baseline,BMRI.JK,2109,H3,4850.0,4763.838,1
Baseline,BMRI.JK,2108,H1,4790.0,4832.292,0
Baseline,BMRI.JK,2109,H2,4850.0,4826.135,1
Baseline,BMRI.JK,2110,H3,4940.0,4829.753,1
Baseline,BMRI.JK,2109,H1,4850.0,4804.9604,1
Baseline,BMRI.JK,2110,H2,4940.0,4807.5215,1
Baseline,BMRI.JK,2111,H3,4950.0,4813.817,1
Baseline,BMRI.JK,2110,H1,4940.0,4851.095,1
Baseline,BMRI.JK,2111,H2,4950.0,4855.5723,1
Baseline,BMRI.JK,2112,H3,5100.0,4854.076,1
Baseline,BMRI.JK,2111,H1,4950.0,4957.327,1
Baseline,BMRI.JK,2112,H2,5100.0,4953.0435,1
Baseline,BMRI.JK,2113,H3,5025.0,4953.6523,1
Baseline,BMRI.JK,2112,H1,5100.0,4957.099,1
Baseline,BMRI.JK,2113,H2,5025.0,4957.0405,1
Baseline,BMRI.JK,2114,H3,5025.0,4947.8716,0
Baseline,BMRI.JK,2113,H1,5025.0,5085.143,1
Baseline,BMRI.JK,2114,H2,5025.0,5078.2773,1
Baseline,BMRI.JK,2115,H3,4860.0,5079.3145,1
Baseline,BMRI.JK,2114,H1,5025.0,5024.902,1
Baseline,BMRI.JK,2115,H2,4860.0,5029.283,0
Baseline,BMRI.JK,2116,H3,4830.0,5032.3564,0
Baseline,BMRI.JK,2115,H1,4860.0,5024.8877,1
Baseline,BMRI.JK,2116,H2,4830.0,5029.45,0
Baseline,BMRI.JK,2117,H3,4860.0,5029.09,0
Baseline,BMRI.JK,2116,H1,4830.0,4899.5063,0
Baseline,BMRI.JK,2117,H2,4860.0,4903.522,0
Baseline,BMRI.JK,2118,H3,4850.0,4915.7,0
Baseline,BMRI.JK,2117,H1,4860.0,4859.484,1
Baseline,BMRI.JK,2118,H2,4850.0,4866.7617,1
Baseline,BMRI.JK,2119,H3,4880.0,4869.048,1
Baseline,BMRI.JK,2118,H1,4850.0,4882.0557,0
Baseline,BMRI.JK,2119,H2,4880.0,4881.189,1
Baseline,BMRI.JK,2120,H3,4920.0,4890.119,1
Baseline,BMRI.JK,2119,H1,4880.0,4874.9507,1
Baseline,BMRI.JK,2120,H2,4920.0,4880.545,1
Baseline,BMRI.JK,2121,H3,4900.0,4888.956,1
Baseline,BMRI.JK,2120,H1,4920.0,4894.7666,1
Baseline,BMRI.JK,2121,H2,4900.0,4897.949,1
Baseline,BMRI.JK,2122,H3,4950.0,4902.471,1
Baseline,BMRI.JK,2121,H1,4900.0,4931.225,0
Baseline,BMRI.JK,2122,H2,4950.0,4929.812,1
Baseline,BMRI.JK,2123,H3,4890.0,4939.836,0
Baseline,BMRI.JK,2122,H1,4950.0,4910.2173,1
Baseline,BMRI.JK,2123,H2,4890.0,4916.0747,0
Baseline,BMRI.JK,2124,H3,4970.0,4917.0747,1
Baseline,BMRI.JK,2123,H1,4890.0,4956.8223,0
Baseline,BMRI.JK,2124,H2,4970.0,4955.1562,1
Baseline,BMRI.JK,2125,H3,4950.0,4962.867,0
Baseline,BMRI.JK,2124,H1,4970.0,4908.062,1
Baseline,BMRI.JK,2125,H2,4950.0,4913.6167,1
Baseline,BMRI.JK,2126,H3,4820.0,4922.0396,0
Baseline,BMRI.JK,2125,H1,4950.0,4974.466,0
Baseline,BMRI.JK,2126,H2,4820.0,4977.751,0
Baseline,BMRI.JK,2127,H3,4990.0,4981.486,1
Baseline,BMRI.JK,2126,H1,4820.0,4970.32,0
Baseline,BMRI.JK,2127,H2,4990.0,4972.1045,1
Baseline,BMRI.JK,2128,H3,5000.0,4984.133,1
Baseline,BMRI.JK,2127,H1,4990.0,4853.5547,1
Baseline,BMRI.JK,2128,H2,5000.0,4864.3154,1
Baseline,BMRI.JK,2129,H3,5025.0,4868.4355,1
Baseline,BMRI.JK,2128,H1,5000.0,4991.9336,1
Baseline,BMRI.JK,2129,H2,5025.0,4993.6006,1
Baseline,BMRI.JK,2130,H3,5150.0,5002.582,1
Baseline,BMRI.JK,2129,H1,5025.0,5007.6167,1
Baseline,BMRI.JK,2130,H2,5150.0,5014.379,1
Baseline,BMRI.JK,2131,H3,5175.0,5020.626,1
Baseline,BMRI.JK,2130,H1,5150.0,5024.2817,0
Baseline,BMRI.JK,2131,H2,5175.0,5026.7686,1
Baseline,BMRI.JK,2132,H3,5100.0,5029.2695,1
Baseline,BMRI.JK,2131,H1,5175.0,5143.157,0
Baseline,BMRI.JK,2132,H2,5100.0,5141.2534,1
Baseline,BMRI.JK,2133,H3,5050.0,5148.611,1
Baseline,BMRI.JK,2132,H1,5100.0,5174.3794,1
Baseline,BMRI.JK,2133,H2,5050.0,5178.952,0
Baseline,BMRI.JK,2134,H3,5050.0,5176.504,0
Baseline,BMRI.JK,2133,H1,5050.0,5114.642,0
Baseline,BMRI.JK,2134,H2,5050.0,5115.262,0
Baseline,BMRI.JK,2135,H3,5075.0,5119.991,0
Baseline,BMRI.JK,2134,H1,5050.0,5055.6816,0
Baseline,BMRI.JK,2135,H2,5075.0,5058.6343,1
Baseline,BMRI.JK,2136,H3,5100.0,5068.4795,1
Baseline,BMRI.JK,2135,H1,5075.0,5050.7803,1
Baseline,BMRI.JK,2136,H2,5100.0,5055.9243,1
Baseline,BMRI.JK,2137,H3,5075.0,5065.334,1
Baseline,BMRI.JK,2136,H1,5100.0,5082.3027,1
Baseline,BMRI.JK,2137,H2,5075.0,5090.2725,0
Baseline,BMRI.JK,2138,H3,5050.0,5091.198,0
Baseline,BMRI.JK,2137,H1,5075.0,5109.3945,0
Baseline,BMRI.JK,2138,H2,5050.0,5108.399,0
Baseline,BMRI.JK,2139,H3,4880.0,5113.48,0
Baseline,BMRI.JK,2138,H1,5050.0,5095.946,0
Baseline,BMRI.JK,2139,H2,4880.0,5100.309,0
Baseline,BMRI.JK,2140,H3,4810.0,5097.4966,0
Baseline,BMRI.JK,2139,H1,4880.0,5068.494,0
Baseline,BMRI.JK,2140,H2,4810.0,5067.5327,0
Baseline,BMRI.JK,2141,H3,4810.0,5073.7305,0
Baseline,BMRI.JK,2140,H1,4810.0,4914.04,0
Baseline,BMRI.JK,2141,H2,4810.0,4922.5293,0
Baseline,BMRI.JK,2142,H3,4760.0,4930.657,0
Baseline,BMRI.JK,2141,H1,4810.0,4855.118,0
Baseline,BMRI.JK,2142,H2,4760.0,4863.061,0
Baseline,BMRI.JK,2143,H3,4770.0,4870.2344,0
Baseline,BMRI.JK,2142,H1,4760.0,4841.8643,0
Baseline,BMRI.JK,2143,H2,4770.0,4845.91,0
Baseline,BMRI.JK,2144,H3,4820.0,4856.5347,1
Baseline,BMRI.JK,2143,H1,4770.0,4792.3115,1
Baseline,BMRI.JK,2144,H2,4820.0,4802.042,1
Baseline,BMRI.JK,2145,H3,4840.0,4805.3364,1
Baseline,TLKM.JK,1820,H1,3080.0,3113.5762,1
Baseline,TLKM.JK,1821,H2,3080.0,3103.6416,1
Baseline,TLKM.JK,1822,H3,3020.0,3109.0894,1
Baseline,TLKM.JK,1821,H1,3080.0,3082.7976,1
Baseline,TLKM.JK,1822,H2,3020.0,3083.4214,0
Baseline,TLKM.JK,1823,H3,3040.0,3082.7065,0
Baseline,TLKM.JK,1822,H1,3020.0,3083.438,0
Baseline,TLKM.JK,1823,H2,3040.0,3076.2246,1
Baseline,TLKM.JK,1824,H3,3030.0,3075.6567,1
Baseline,TLKM.JK,1823,H1,3040.0,3043.4463,1
Baseline,TLKM.JK,1824,H2,3030.0,3036.941,1
Baseline,TLKM.JK,1825,H3,3030.0,3039.7336,1
Baseline,TLKM.JK,1824,H1,3030.0,3045.294,0
Baseline,TLKM.JK,1825,H2,3030.0,3041.3748,0
Baseline,TLKM.JK,1826,H3,3040.0,3037.6443,1
Baseline,TLKM.JK,1825,H1,3030.0,3035.7815,0
Baseline,TLKM.JK,1826,H2,3040.0,3025.708,0
Baseline,TLKM.JK,1827,H3,3050.0,3031.7341,1
Baseline,TLKM.JK,1826,H1,3040.0,3028.3086,0
Baseline,TLKM.JK,1827,H2,3050.0,3028.1885,0
Baseline,TLKM.JK,1828,H3,3110.0,3028.1743,0
Baseline,TLKM.JK,1827,H1,3050.0,3038.141,0
Baseline,TLKM.JK,1828,H2,3110.0,3031.0115,0
Baseline,TLKM.JK,1829,H3,3090.0,3033.2588,0
Baseline,TLKM.JK,1828,H1,3110.0,3042.6064,0
Baseline,TLKM.JK,1829,H2,3090.0,3038.2634,0
Baseline,TLKM.JK,1830,H3,3120.0,3034.6814,0
Baseline,TLKM.JK,1829,H1,3090.0,3090.009,1
Baseline,TLKM.JK,1830,H2,3120.0,3079.803,0
Baseline,TLKM.JK,1831,H3,3140.0,3086.0398,0
Baseline,TLKM.JK,1830,H1,3120.0,3078.1973,0
Baseline,TLKM.JK,1831,H2,3140.0,3078.7896,0
Baseline,TLKM.JK,1832,H3,3150.0,3078.6938,0
Baseline,TLKM.JK,1831,H1,3140.0,3108.6294,0
Baseline,TLKM.JK,1832,H2,3150.0,3101.7852,0
Baseline,TLKM.JK,1833,H3,3170.0,3101.7344,0
Baseline,TLKM.JK,1832,H1,3150.0,3127.139,0
Baseline,TLKM.JK,1833,H2,3170.0,3121.2034,0
Baseline,TLKM.JK,1834,H3,3160.0,3125.0266,0
Baseline,TLKM.JK,1833,H1,3170.0,3139.7544,0
Baseline,TLKM.JK,1834,H2,3160.0,3138.1897,0
Baseline,TLKM.JK,1835,H3,3190.0,3134.7156,0
Baseline,TLKM.JK,1834,H1,3160.0,3162.0813,1
Baseline,TLKM.JK,1835,H2,3190.0,3153.1716,0
Baseline,TLKM.JK,1836,H3,3170.0,3160.3525,0
Baseline,TLKM.JK,1835,H1,3190.0,3153.8445,0
Baseline,TLKM.JK,1836,H2,3170.0,3156.0796,0
Baseline,TLKM.JK,1837,H3,3050.0,3156.3467,1
Baseline,TLKM.JK,1836,H1,3170.0,3172.4578,1
Baseline,TLKM.JK,1837,H2,3050.0,3167.8906,1
Baseline,TLKM.JK,1838,H3,2990.0,3178.63,1
Baseline,TLKM.JK,1837,H1,3050.0,3165.0996,1
Baseline,TLKM.JK,1838,H2,2990.0,3170.6233,0
Baseline,TLKM.JK,1839,H3,3020.0,3166.6216,1
Baseline,TLKM.JK,1838,H1,2990.0,3096.141,0
Baseline,TLKM.JK,1839,H2,3020.0,3083.8828,0
Baseline,TLKM.JK,1840,H3,2920.0,3084.9055,0
Baseline,TLKM.JK,1839,H1,3020.0,3029.271,1
Baseline,TLKM.JK,1840,H2,2920.0,3027.721,0
Baseline,TLKM.JK,1841,H3,2890.0,3034.6768,0
Baseline,TLKM.JK,1840,H1,2920.0,3021.9075,0
Baseline,TLKM.JK,1841,H2,2890.0,3026.4307,0
Baseline,TLKM.JK,1842,H3,2880.0,3030.5312,0
Baseline,TLKM.JK,1841,H1,2890.0,2947.0996,0
Baseline,TLKM.JK,1842,H2,2880.0,2953.0054,0
Baseline,TLKM.JK,1843,H3,2900.0,2955.397,0
Baseline,TLKM.JK,1842,H1,2880.0,2912.0396,0
Baseline,TLKM.JK,1843,H2,2900.0,2914.053,1
Baseline,TLKM.JK,1844,H3,2990.0,2917.857,1
Baseline,TLKM.JK,1843,H1,2900.0,2893.192,1
Baseline,TLKM.JK,1844,H2,2990.0,2896.0647,1
Baseline,TLKM.JK,1845,H3,2960.0,2898.917,1
Baseline,TLKM.JK,1844,H1,2990.0,2905.102,1
Baseline,TLKM.JK,1845,H2,2960.0,2905.7292,1
Baseline,TLKM.JK,1846,H3,2950.0,2911.8884,1
Baseline,TLKM.JK,1845,H1,2960.0,2957.3164,1
Baseline,TLKM.JK,1846,H2,2950.0,2961.0833,1
Baseline,TLKM.JK,1847,H3,2940.0,2965.2925,1
Baseline,TLKM.JK,1846,H1,2950.0,2953.9917,1
Baseline,TLKM.JK,1847,H2,2940.0,2956.361,1
Baseline,TLKM.JK,1848,H3,2900.0,2957.2178,1
Baseline,TLKM.JK,1847,H1,2940.0,2947.5474,1
Baseline,TLKM.JK,1848,H2,2900.0,2946.2444,1
Baseline,TLKM.JK,1849,H3,2940.0,2948.8535,1
Baseline,TLKM.JK,1848,H1,2900.0,2941.7756,0
Baseline,TLKM.JK,1849,H2,2940.0,2942.629,1
Baseline,TLKM.JK,1850,H3,3000.0,2943.9893,1
Baseline,TLKM.JK,1849,H1,2940.0,2911.5566,1
Baseline,TLKM.JK,1850,H2,3000.0,2913.1404,1
Baseline,TLKM.JK,1851,H3,3040.0,2919.6023,1
Baseline,TLKM.JK,1850,H1,3000.0,2929.0264,0
Baseline,TLKM.JK,1851,H2,3040.0,2933.5586,0
Baseline,TLKM.JK,1852,H3,3100.0,2938.3252,0
Baseline,TLKM.JK,1851,H1,3040.0,2983.0776,0
Baseline,TLKM.JK,1852,H2,3100.0,2983.6997,0
Baseline,TLKM.JK,1853,H3,3100.0,2983.9849,0
Baseline,TLKM.JK,1852,H1,3100.0,3018.118,0
Baseline,TLKM.JK,1853,H2,3100.0,3014.9395,0
Baseline,TLKM.JK,1854,H3,3010.0,3017.6453,1
Baseline,TLKM.JK,1853,H1,3100.0,3073.4255,0
Baseline,TLKM.JK,1854,H2,3010.0,3074.1074,1
Baseline,TLKM.JK,1855,H3,2940.0,3074.345,1
Baseline,TLKM.JK,1854,H1,3010.0,3090.009,1
Baseline,TLKM.JK,1855,H2,2940.0,3087.319,1
Baseline,TLKM.JK,1856,H3,2900.0,3093.568,1
Baseline,TLKM.JK,1855,H1,2940.0,3030.095,0
Baseline,TLKM.JK,1856,H2,2900.0,3034.567,0
Baseline,TLKM.JK,1857,H3,2910.0,3038.011,0
Baseline,TLKM.JK,1856,H1,2900.0,2971.4407,0
Baseline,TLKM.JK,1857,H2,2910.0,2974.0627,0
Baseline,TLKM.JK,1858,H3,2920.0,2974.818,0
Baseline,TLKM.JK,1857,H1,2910.0,2929.5608,1
Baseline,TLKM.JK,1858,H2,2920.0,2929.8442,1
Baseline,TLKM.JK,1859,H3,2900.0,2932.807,0
Baseline,TLKM.JK,1858,H1,2920.0,2922.4426,1
Baseline,TLKM.JK,1859,H2,2900.0,2923.4995,0
Baseline,TLKM.JK,1860,H3,2900.0,2924.8225,0
Baseline,TLKM.JK,1859,H1,2900.0,2924.3018,0
Baseline,TLKM.JK,1860,H2,2900.0,2923.182,0
Baseline,TLKM.JK,1861,H3,2820.0,2928.1975,0
Baseline,TLKM.JK,1860,H1,2900.0,2902.1682,1
Baseline,TLKM.JK,1861,H2,2820.0,2906.1162,0
Baseline,TLKM.JK,1862,H3,2780.0,2925.1123,0
Baseline,TLKM.JK,1861,H1,2820.0,2897.959,1
Baseline,TLKM.JK,1862,H2,2780.0,2913.774,0
Baseline,TLKM.JK,1863,H3,2800.0,2933.9026,0
Baseline,TLKM.JK,1862,H1,2780.0,2867.143,0
Baseline,TLKM.JK,1863,H2,2800.0,2883.047,0
Baseline,TLKM.JK,1864,H3,2770.0,2905.7053,0
Baseline,TLKM.JK,1863,H1,2800.0,2823.6184,1
Baseline,TLKM.JK,1864,H2,2770.0,2837.79,0
Baseline,TLKM.JK,1865,H3,2740.0,2853.3428,0
Baseline,TLKM.JK,1864,H1,2770.0,2821.659,0
Baseline,TLKM.JK,1865,H2,2740.0,2831.9792,0
Baseline,TLKM.JK,1866,H3,2760.0,2851.0774,0
Baseline,TLKM.JK,1865,H1,2740.0,2789.6167,0
Baseline,TLKM.JK,1866,H2,2760.0,2801.2505,0
Baseline,TLKM.JK,1867,H3,2750.0,2812.025,0
Baseline,TLKM.JK,1866,H1,2760.0,2772.9438,1
Baseline,TLKM.JK,1867,H2,2750.0,2777.9443,1
Baseline,TLKM.JK,1868,H3,2690.0,2788.085,0
Baseline,TLKM.JK,1867,H1,2750.0,2776.1147,0
Baseline,TLKM.JK,1868,H2,2690.0,2782.1733,0
Baseline,TLKM.JK,1869,H3,2600.0,2793.4822,0
Baseline,TLKM.JK,1868,H1,2690.0,2773.0825,0
Baseline,TLKM.JK,1869,H2,2600.0,2778.4648,0
Baseline,TLKM.JK,1870,H3,2580.0,2787.24,0
Baseline,TLKM.JK,1869,H1,2600.0,2738.6401,0
Baseline,TLKM.JK,1870,H2,2580.0,2742.31,0
Baseline,TLKM.JK,1871,H3,2530.0,2750.9937,0
Baseline,TLKM.JK,1870,H1,2580.0,2699.5059,0
Baseline,TLKM.JK,1871,H2,2530.0,2705.3196,0
Baseline,TLKM.JK,1872,H3,2540.0,2711.2412,0
Baseline,TLKM.JK,1871,H1,2530.0,2688.4165,0
Baseline,TLKM.JK,1872,H2,2540.0,2693.0608,0
Baseline,TLKM.JK,1873,H3,2590.0,2700.1057,1
Baseline,TLKM.JK,1872,H1,2540.0,2674.6943,1
Baseline,TLKM.JK,1873,H2,2590.0,2681.044,1
Baseline,TLKM.JK,1874,H3,2780.0,2686.9856,1
Baseline,TLKM.JK,1873,H1,2590.0,2673.9084,1
Baseline,TLKM.JK,1874,H2,2780.0,2678.8223,1
Baseline,TLKM.JK,1875,H3,2680.0,2686.0654,1
Baseline,TLKM.JK,1874,H1,2780.0,2679.8176,1
Baseline,TLKM.JK,1875,H2,2680.0,2685.2097,1
Baseline,TLKM.JK,1876,H3,2770.0,2693.443,1
Baseline,TLKM.JK,1875,H1,2680.0,2730.6006,1
Baseline,TLKM.JK,1876,H2,2770.0,2740.9795,1
Baseline,TLKM.JK,1877,H3,2750.0,2753.1694,1
Baseline,TLKM.JK,1876,H1,2770.0,2701.2383,1
Baseline,TLKM.JK,1877,H2,2750.0,2708.5132,1
Baseline,TLKM.JK,1878,H3,2740.0,2720.2573,1
Baseline,TLKM.JK,1877,H1,2750.0,2739.9968,1
Baseline,TLKM.JK,1878,H2,2740.0,2748.1387,1
Baseline,TLKM.JK,1879,H3,2710.0,2762.7336,1
Baseline,TLKM.JK,1878,H1,2740.0,2739.2803,1
Baseline,TLKM.JK,1879,H2,2710.0,2746.652,1
Baseline,TLKM.JK,1880,H3,2720.0,2760.063,0
Baseline,TLKM.JK,1879,H1,2710.0,2736.4875,1
Baseline,TLKM.JK,1880,H2,2720.0,2745.7183,0
Baseline,TLKM.JK,1881,H3,2710.0,2756.6907,0
Baseline,TLKM.JK,1880,H1,2720.0,2721.981,1
Baseline,TLKM.JK,1881,H2,2710.0,2728.3257,0
Baseline,TLKM.JK,1882,H3,2680.0,2750.208,0
Baseline,TLKM.JK,1881,H1,2710.0,2720.6895,0
Baseline,TLKM.JK,1882,H2,2680.0,2738.1067,0
Baseline,TLKM.JK,1883,H3,2820.0,2744.1624,1
Baseline,TLKM.JK,1882,H1,2680.0,2723.7769,0
Baseline,TLKM.JK,1883,H2,2820.0,2726.2349,1
Baseline,TLKM.JK,1884,H3,2840.0,2729.257,1
Baseline,TLKM.JK,1883,H1,2820.0,2705.0864,1
Baseline,TLKM.JK,1884,H2,2840.0,2704.7092,1
Baseline,TLKM.JK,1885,H3,2770.0,2710.2007,1
Baseline,TLKM.JK,1884,H1,2840.0,2778.6648,0
Baseline,TLKM.JK,1885,H2,2770.0,2787.7092,1
Baseline,TLKM.JK,1886,H3,2760.0,2794.3787,1
Baseline,TLKM.JK,1885,H1,2770.0,2817.4475,1
Baseline,TLKM.JK,1886,H2,2760.0,2818.022,1
Baseline,TLKM.JK,1887,H3,2740.0,2823.9163,1
Baseline,TLKM.JK,1886,H1,2760.0,2775.813,0
Baseline,TLKM.JK,1887,H2,2740.0,2781.4001,0
Baseline,TLKM.JK,1888,H3,2770.0,2789.3242,0
Baseline,TLKM.JK,1887,H1,2740.0,2763.6782,0
Baseline,TLKM.JK,1888,H2,2770.0,2767.1724,1
Baseline,TLKM.JK,1889,H3,2860.0,2771.1606,1
Baseline,TLKM.JK,1888,H1,2770.0,2750.836,1
Baseline,TLKM.JK,1889,H2,2860.0,2751.582,1
Baseline,TLKM.JK,1890,H3,2820.0,2760.2056,1
Baseline,TLKM.JK,1889,H1,2860.0,2757.361,0
Baseline,TLKM.JK,1890,H2,2820.0,2764.809,0
Baseline,TLKM.JK,1891,H3,2790.0,2770.0757,1
Baseline,TLKM.JK,1890,H1,2820.0,2817.6943,1
Baseline,TLKM.JK,1891,H2,2790.0,2818.8652,1
Baseline,TLKM.JK,1892,H3,2660.0,2825.106,1
Baseline,TLKM.JK,1891,H1,2790.0,2805.6511,1
Baseline,TLKM.JK,1892,H2,2660.0,2808.3474,1
Baseline,TLKM.JK,1893,H3,2620.0,2814.9102,1
Baseline,TLKM.JK,1892,H1,2660.0,2791.0176,0
Baseline,TLKM.JK,1893,H2,2620.0,2793.189,0
Baseline,TLKM.JK,1894,H3,2570.0,2796.9734,0
Baseline,TLKM.JK,1893,H1,2620.0,2731.3606,0
Baseline,TLKM.JK,1894,H2,2570.0,2735.2756,0
Baseline,TLKM.JK,1895,H3,2530.0,2742.978,0
Baseline,TLKM.JK,1894,H1,2570.0,2699.6245,0
Baseline,TLKM.JK,1895,H2,2530.0,2704.987,0
Baseline,TLKM.JK,1896,H3,2550.0,2708.9727,0
Baseline,TLKM.JK,1895,H1,2530.0,2673.972,0
Baseline,TLKM.JK,1896,H2,2550.0,2679.4614,0
Baseline,TLKM.JK,1897,H3,2650.0,2684.1416,1
Baseline,TLKM.JK,1896,H1,2550.0,2659.1685,1
Baseline,TLKM.JK,1897,H2,2650.0,2665.5564,1
Baseline,TLKM.JK,1898,H3,2740.0,2667.031,1
Baseline,TLKM.JK,1897,H1,2650.0,2660.1687,1
Baseline,TLKM.JK,1898,H2,2740.0,2663.901,1
Baseline,TLKM.JK,1899,H3,2750.0,2668.941,1
Baseline,TLKM.JK,1898,H1,2740.0,2680.379,1
Baseline,TLKM.JK,1899,H2,2750.0,2686.7695,1
Baseline,TLKM.JK,1900,H3,2710.0,2692.0679,1
Baseline,TLKM.JK,1899,H1,2750.0,2720.2275,0
Baseline,TLKM.JK,1900,H2,2710.0,2725.4421,1
Baseline,TLKM.JK,1901,H3,2700.0,2713.7212,1
Baseline,TLKM.JK,1900,H1,2710.0,2736.8325,1
Baseline,TLKM.JK,1901,H2,2700.0,2722.873,1
Baseline,TLKM.JK,1902,H3,2750.0,2726.1306,0
Baseline,TLKM.JK,1901,H1,2700.0,2703.0356,1
Baseline,TLKM.JK,1902,H2,2750.0,2705.19,0
Baseline,TLKM.JK,1903,H3,2690.0,2707.5547,1
Baseline,TLKM.JK,1902,H1,2750.0,2700.7124,1
Baseline,TLKM.JK,1903,H2,2690.0,2701.6816,0
Baseline,TLKM.JK,1904,H3,2570.0,2702.9136,0
Baseline,TLKM.JK,1903,H1,2690.0,2733.9082,1
Baseline,TLKM.JK,1904,H2,2570.0,2734.5913,1
Baseline,TLKM.JK,1905,H3,2650.0,2736.877,1
Baseline,TLKM.JK,1904,H1,2570.0,2705.534,0
Baseline,TLKM.JK,1905,H2,2650.0,2707.1946,0
Baseline,TLKM.JK,1906,H3,2620.0,2712.1125,0
Baseline,TLKM.JK,1905,H1,2650.0,2659.93,1
Baseline,TLKM.JK,1906,H2,2620.0,2664.1594,1
Baseline,TLKM.JK,1907,H3,2680.0,2668.7905,1
Baseline,TLKM.JK,1906,H1,2620.0,2680.6296,0
Baseline,TLKM.JK,1907,H2,2680.0,2686.6553,1
Baseline,TLKM.JK,1908,H3,2670.0,2692.1172,1
Baseline,TLKM.JK,1907,H1,2680.0,2675.7158,1
Baseline,TLKM.JK,1908,H2,2670.0,2679.9316,1
Baseline,TLKM.JK,1909,H3,2620.0,2683.1077,0
Baseline,TLKM.JK,1908,H1,2670.0,2701.1797,0
Baseline,TLKM.JK,1909,H2,2620.0,2704.2476,0
Baseline,TLKM.JK,1910,H3,2630.0,2708.5598,0
Baseline,TLKM.JK,1909,H1,2620.0,2690.8726,0
Baseline,TLKM.JK,1910,H2,2630.0,2694.1611,0
Baseline,TLKM.JK,1911,H3,2590.0,2699.8076,0
Baseline,TLKM.JK,1910,H1,2630.0,2671.62,1
Baseline,TLKM.JK,1911,H2,2590.0,2675.9727,0
Baseline,TLKM.JK,1912,H3,2660.0,2681.0718,1
Baseline,TLKM.JK,1911,H1,2590.0,2676.138,0
Baseline,TLKM.JK,1912,H2,2660.0,2680.8994,1
Baseline,TLKM.JK,1913,H3,2610.0,2684.734,0
Baseline,TLKM.JK,1912,H1,2660.0,2664.0945,1
Baseline,TLKM.JK,1913,H2,2610.0,2667.9663,1
Baseline,TLKM.JK,1914,H3,2630.0,2669.8088,1
Baseline,TLKM.JK,1913,H1,2610.0,2692.2075,0
Baseline,TLKM.JK,1914,H2,2630.0,2695.9116,0
Baseline,TLKM.JK,1915,H3,2730.0,2700.889,1
Baseline,TLKM.JK,1914,H1,2630.0,2671.8564,1
Baseline,TLKM.JK,1915,H2,2730.0,2675.9866,1
Baseline,TLKM.JK,1916,H3,2710.0,2680.8694,1
Baseline,TLKM.JK,1915,H1,2730.0,2675.2188,1
Baseline,TLKM.JK,1916,H2,2710.0,2680.3496,1
Baseline,TLKM.JK,1917,H3,2690.0,2686.1528,1
Baseline,TLKM.JK,1916,H1,2710.0,2729.139,1
Baseline,TLKM.JK,1917,H2,2690.0,2735.6833,0
Baseline,TLKM.JK,1918,H3,2640.0,2741.6377,0
Baseline,TLKM.JK,1917,H1,2690.0,2723.5752,0
Baseline,TLKM.JK,1918,H2,2640.0,2726.526,0
Baseline,TLKM.JK,1919,H3,2660.0,2737.6934,0
Baseline,TLKM.JK,1918,H1,2640.0,2703.6685,0
Baseline,TLKM.JK,1919,H2,2660.0,2711.252,0
Baseline,TLKM.JK,1920,H3,2630.0,2702.9253,0
Baseline,TLKM.JK,1919,H1,2660.0,2668.852,1
Baseline,TLKM.JK,1920,H2,2630.0,2645.795,0
Baseline,TLKM.JK,1921,H3,2640.0,2635.8096,1
Baseline,TLKM.JK,1920,H1,2630.0,2625.1357,1
Baseline,TLKM.JK,1921,H2,2640.0,2611.9622,1
Baseline,TLKM.JK,1922,H3,2620.0,2606.5474,1
Baseline,TLKM.JK,1921,H1,2640.0,2600.3374,0
Baseline,TLKM.JK,1922,H2,2620.0,2579.8833,1
Baseline,TLKM.JK,1923,H3,2560.0,2573.587,1
Baseline,TLKM.JK,1922,H1,2620.0,2593.204,1
Baseline,TLKM.JK,1923,H2,2560.0,2575.345,1
Baseline,TLKM.JK,1924,H3,2590.0,2567.9858,1
Baseline,TLKM.JK,1923,H1,2560.0,2585.1514,1
Baseline,TLKM.JK,1924,H2,2590.0,2560.5762,1
Baseline,TLKM.JK,1925,H3,2440.0,2552.008,1
Baseline,TLKM.JK,1924,H1,2590.0,2563.722,1
Baseline,TLKM.JK,1925,H2,2440.0,2537.4685,1
Baseline,TLKM.JK,1926,H3,2320.0,2525.2432,1
Baseline,TLKM.JK,1925,H1,2440.0,2568.8442,1
Baseline,TLKM.JK,1926,H2,2320.0,2542.2988,1
Baseline,TLKM.JK,1927,H3,2480.0,2531.5225,1
Baseline,TLKM.JK,1926,H1,2320.0,2511.129,0
Baseline,TLKM.JK,1927,H2,2480.0,2496.501,1
Baseline,TLKM.JK,1928,H3,2420.0,2491.5981,0
Baseline,TLKM.JK,1927,H1,2480.0,2462.6794,1
Baseline,TLKM.JK,1928,H2,2420.0,2464.8472,1
Baseline,TLKM.JK,1929,H3,2530.0,2463.9639,1
Baseline,TLKM.JK,1928,H1,2420.0,2503.1943,0
Baseline,TLKM.JK,1929,H2,2530.0,2499.5874,1
Baseline,TLKM.JK,1930,H3,2650.0,2500.4717,1
Baseline,TLKM.JK,1929,H1,2530.0,2482.8643,1
Baseline,TLKM.JK,1930,H2,2650.0,2478.1294,1
Baseline,TLKM.JK,1931,H3,2680.0,2476.3242,1
Baseline,TLKM.JK,1930,H1,2650.0,2511.0212,0
Baseline,TLKM.JK,1931,H2,2680.0,2506.5254,0
Baseline,TLKM.JK,1932,H3,2670.0,2505.335,0
Baseline,TLKM.JK,1931,H1,2680.0,2564.4617,0
Baseline,TLKM.JK,1932,H2,2670.0,2562.1729,0
Baseline,TLKM.JK,1933,H3,2670.0,2569.7036,0
Baseline,TLKM.JK,1932,H1,2670.0,2577.7446,1
Baseline,TLKM.JK,1933,H2,2670.0,2581.8594,1
Baseline,TLKM.JK,1934,H3,2650.0,2585.1313,1
Baseline,TLKM.JK,1933,H1,2670.0,2567.349,0
Baseline,TLKM.JK,1934,H2,2650.0,2566.1243,1
Baseline,TLKM.JK,1935,H3,2600.0,2568.526,1
Baseline,TLKM.JK,1934,H1,2650.0,2569.3452,1
Baseline,TLKM.JK,1935,H2,2600.0,2566.6624,1
Baseline,TLKM.JK,1936,H3,2460.0,2567.0986,1
Baseline,TLKM.JK,1935,H1,2600.0,2563.8977,1
Baseline,TLKM.JK,1936,H2,2460.0,2558.9912,1
Baseline,TLKM.JK,1937,H3,2520.0,2555.6646,1
Baseline,TLKM.JK,1936,H1,2460.0,2539.8342,1
Baseline,TLKM.JK,1937,H2,2520.0,2530.4146,1
Baseline,TLKM.JK,1938,H3,2490.0,2530.495,1
Baseline,TLKM.JK,1937,H1,2520.0,2487.7988,1
Baseline,TLKM.JK,1938,H2,2490.0,2485.3074,1
Baseline,TLKM.JK,1939,H3,2350.0,2499.0964,0
Baseline,TLKM.JK,1938,H1,2490.0,2499.937,1
Baseline,TLKM.JK,1939,H2,2350.0,2512.4717,1
Baseline,TLKM.JK,1940,H3,2400.0,2488.4019,1
Baseline,TLKM.JK,1939,H1,2350.0,2498.919,0
Baseline,TLKM.JK,1940,H2,2400.0,2472.004,1
Baseline,TLKM.JK,1941,H3,2380.0,2466.7358,1
Baseline,TLKM.JK,1940,H1,2400.0,2450.504,1
Baseline,TLKM.JK,1941,H2,2380.0,2441.8901,1
Baseline,TLKM.JK,1942,H3,2450.0,2440.42,1
Baseline,TLKM.JK,1941,H1,2380.0,2455.2397,0
Baseline,TLKM.JK,1942,H2,2450.0,2447.1233,1
Baseline,TLKM.JK,1943,H3,2400.0,2449.3623,0
Baseline,TLKM.JK,1942,H1,2450.0,2441.2256,1
Baseline,TLKM.JK,1943,H2,2400.0,2434.767,1
Baseline,TLKM.JK,1944,H3,2410.0,2437.011,1
Baseline,TLKM.JK,1943,H1,2400.0,2455.6714,0
Baseline,TLKM.JK,1944,H2,2410.0,2450.7812,0
Baseline,TLKM.JK,1945,H3,2390.0,2451.5,0
Baseline,TLKM.JK,1944,H1,2410.0,2443.649,1
Baseline,TLKM.JK,1945,H2,2390.0,2433.6694,0
Baseline,TLKM.JK,1946,H3,2370.0,2433.0054,0
Baseline,TLKM.JK,1945,H1,2390.0,2440.9922,0
Baseline,TLKM.JK,1946,H2,2370.0,2428.1768,0
Baseline,TLKM.JK,1947,H3,2450.0,2428.369,1
Baseline,TLKM.JK,1946,H1,2370.0,2430.935,0
Baseline,TLKM.JK,1947,H2,2450.0,2416.5378,1
Baseline,TLKM.JK,1948,H3,2430.0,2419.7375,1
Baseline,TLKM.JK,1947,H1,2450.0,2424.375,1
Baseline,TLKM.JK,1948,H2,2430.0,2411.96,1
Baseline,TLKM.JK,1949,H3,2420.0,2414.8516,1
Baseline,TLKM.JK,1948,H1,2430.0,2435.1035,1
Baseline,TLKM.JK,1949,H2,2420.0,2424.1433,1
Baseline,TLKM.JK,1950,H3,2420.0,2424.1362,1
Baseline,TLKM.JK,1949,H1,2420.0,2432.5352,0
Baseline,TLKM.JK,1950,H2,2420.0,2417.2153,1
Baseline,TLKM.JK,1951,H3,2420.0,2415.5044,1
Baseline,TLKM.JK,1950,H1,2420.0,2424.565,1
Baseline,TLKM.JK,1951,H2,2420.0,2407.788,0
Baseline,TLKM.JK,1952,H3,2430.0,2406.0508,0
Baseline,TLKM.JK,1951,H1,2420.0,2422.483,1
Baseline,TLKM.JK,1952,H2,2430.0,2404.3652,0
Baseline,TLKM.JK,1953,H3,2390.0,2406.5903,1
Baseline,TLKM.JK,1952,H1,2430.0,2415.7827,0
Baseline,TLKM.JK,1953,H2,2390.0,2401.5303,1
Baseline,TLKM.JK,1954,H3,2310.0,2406.8262,1
Baseline,TLKM.JK,1953,H1,2390.0,2419.3726,1
Baseline,TLKM.JK,1954,H2,2310.0,2405.1433,1
Baseline,TLKM.JK,1955,H3,2330.0,2407.233,1
Baseline,TLKM.JK,1954,H1,2310.0,2416.5933,0
Baseline,TLKM.JK,1955,H2,2330.0,2397.4287,0
Baseline,TLKM.JK,1956,H3,2340.0,2399.7207,0
Baseline,TLKM.JK,1955,H1,2330.0,2406.2917,1
Baseline,TLKM.JK,1956,H2,2340.0,2383.6592,1
Baseline,TLKM.JK,1957,H3,2440.0,2385.6558,1
Baseline,TLKM.JK,1956,H1,2340.0,2405.8142,1
Baseline,TLKM.JK,1957,H2,2440.0,2381.7598,1
Baseline,TLKM.JK,1958,H3,2410.0,2389.669,1
Baseline,TLKM.JK,1957,H1,2440.0,2405.8735,1
Baseline,TLKM.JK,1958,H2,2410.0,2384.308,1
Baseline,TLKM.JK,1959,H3,2290.0,2431.1736,0
Baseline,TLKM.JK,1958,H1,2410.0,2427.643,1
Baseline,TLKM.JK,1959,H2,2290.0,2455.1167,0
Baseline,TLKM.JK,1960,H3,2320.0,2461.808,0
Baseline,TLKM.JK,1959,H1,2290.0,2454.6748,0
Baseline,TLKM.JK,1960,H2,2320.0,2452.4543,0
Baseline,TLKM.JK,1961,H3,2350.0,2461.6611,0
Baseline,TLKM.JK,1960,H1,2320.0,2429.7754,1
Baseline,TLKM.JK,1961,H2,2350.0,2434.7122,1
Baseline,TLKM.JK,1962,H3,2330.0,2450.5144,1
Baseline,TLKM.JK,1961,H1,2350.0,2442.6055,1
Baseline,TLKM.JK,1962,H2,2330.0,2454.475,1
Baseline,TLKM.JK,1963,H3,2430.0,2466.316,1
Baseline,TLKM.JK,1962,H1,2330.0,2459.1265,0
Baseline,TLKM.JK,1963,H2,2430.0,2468.2908,1
Baseline,TLKM.JK,1964,H3,2450.0,2479.2485,1
Baseline,TLKM.JK,1963,H1,2430.0,2444.4072,1
Baseline,TLKM.JK,1964,H2,2450.0,2449.0532,1
Baseline,TLKM.JK,1965,H3,2480.0,2454.112,1
Baseline,TLKM.JK,1964,H1,2450.0,2458.3557,1
Baseline,TLKM.JK,1965,H2,2480.0,2462.0127,1
Baseline,TLKM.JK,1966,H3,2550.0,2472.835,1
Baseline,TLKM.JK,1965,H1,2480.0,2461.6318,1
Baseline,TLKM.JK,1966,H2,2550.0,2470.9775,1
Baseline,TLKM.JK,1967,H3,2570.0,2483.9878,1
Baseline,TLKM.JK,1966,H1,2550.0,2473.8237,0
Baseline,TLKM.JK,1967,H2,2570.0,2488.107,1
Baseline,TLKM.JK,1968,H3,2550.0,2494.5095,1
Baseline,TLKM.JK,1967,H1,2570.0,2531.6006,0
Baseline,TLKM.JK,1968,H2,2550.0,2544.165,0
Baseline,TLKM.JK,1969,H3,2630.0,2547.2212,0
Baseline,TLKM.JK,1968,H1,2550.0,2551.5312,1
Baseline,TLKM.JK,1969,H2,2630.0,2558.4585,0
Baseline,TLKM.JK,1970,H3,2630.0,2566.9019,0
Baseline,TLKM.JK,1969,H1,2630.0,2538.3179,0
Baseline,TLKM.JK,1970,H2,2630.0,2549.0342,0
Baseline,TLKM.JK,1971,H3,2600.0,2558.4863,1
Baseline,TLKM.JK,1970,H1,2630.0,2609.1929,0
Baseline,TLKM.JK,1971,H2,2600.0,2621.7236,1
Baseline,TLKM.JK,1972,H3,2560.0,2626.1343,1
Baseline,TLKM.JK,1971,H1,2600.0,2616.9966,1
Baseline,TLKM.JK,1972,H2,2560.0,2622.8228,1
Baseline,TLKM.JK,1973,H3,2590.0,2625.1064,1
Baseline,TLKM.JK,1972,H1,2560.0,2599.1582,1
Baseline,TLKM.JK,1973,H2,2590.0,2603.398,0
Baseline,TLKM.JK,1974,H3,2640.0,2607.3022,1
Baseline,TLKM.JK,1973,H1,2590.0,2580.9106,1
Baseline,TLKM.JK,1974,H2,2640.0,2584.0244,1
Baseline,TLKM.JK,1975,H3,2680.0,2577.389,1
Baseline,TLKM.JK,1974,H1,2640.0,2593.8354,1
Baseline,TLKM.JK,1975,H2,2680.0,2588.595,0
Baseline,TLKM.JK,1976,H3,2700.0,2594.0605,1
Baseline,TLKM.JK,1975,H1,2680.0,2623.7842,0
Baseline,TLKM.JK,1976,H2,2700.0,2627.4722,0
Baseline,TLKM.JK,1977,H3,2680.0,2635.7925,0
Baseline,TLKM.JK,1976,H1,2700.0,2645.5464,0
Baseline,TLKM.JK,1977,H2,2680.0,2652.821,0
Baseline,TLKM.JK,1978,H3,2620.0,2651.099,1
Baseline,TLKM.JK,1977,H1,2680.0,2667.4163,1
Baseline,TLKM.JK,1978,H2,2620.0,2662.3264,1
Baseline,TLKM.JK,1979,H3,2570.0,2670.8274,1
Baseline,TLKM.JK,1978,H1,2620.0,2652.084,1
Baseline,TLKM.JK,1979,H2,2570.0,2659.114,1
Baseline,TLKM.JK,1980,H3,2600.0,2665.7188,1
Baseline,TLKM.JK,1979,H1,2570.0,2631.0352,0
Baseline,TLKM.JK,1980,H2,2600.0,2637.3281,0
Baseline,TLKM.JK,1981,H3,2590.0,2637.0093,0
Baseline,TLKM.JK,1980,H1,2600.0,2612.9106,1
Baseline,TLKM.JK,1981,H2,2590.0,2611.0098,1
Baseline,TLKM.JK,1982,H3,2660.0,2619.605,1
Baseline,TLKM.JK,1981,H1,2590.0,2612.1099,0
Baseline,TLKM.JK,1982,H2,2660.0,2619.1592,1
Baseline,TLKM.JK,1983,H3,2740.0,2627.2769,1
Baseline,TLKM.JK,1982,H1,2660.0,2601.6455,1
Baseline,TLKM.JK,1983,H2,2740.0,2608.314,1
Baseline,TLKM.JK,1984,H3,2820.0,2613.8582,1
Baseline,TLKM.JK,1983,H1,2740.0,2627.9214,0
Baseline,TLKM.JK,1984,H2,2820.0,2633.0933,0
Baseline,TLKM.JK,1985,H3,2740.0,2641.88,0
Baseline,TLKM.JK,1984,H1,2820.0,2688.0698,0
Baseline,TLKM.JK,1985,H2,2740.0,2695.07,0
Baseline,TLKM.JK,1986,H3,2750.0,2693.1492,0
Baseline,TLKM.JK,1985,H1,2740.0,2772.125,1
Baseline,TLKM.JK,1986,H2,2750.0,2764.3442,1
Baseline,TLKM.JK,1987,H3,2800.0,2773.0015,1
Baseline,TLKM.JK,1986,H1,2750.0,2733.3447,0
Baseline,TLKM.JK,1987,H2,2800.0,2743.4065,1
Baseline,TLKM.JK,1988,H3,2690.0,2751.3574,0
Baseline,TLKM.JK,1987,H1,2800.0,2732.288,0
Baseline,TLKM.JK,1988,H2,2690.0,2738.4875,1
Baseline,TLKM.JK,1989,H3,2800.0,2743.109,0
Baseline,TLKM.JK,1988,H1,2690.0,2766.7437,1
Baseline,TLKM.JK,1989,H2,2800.0,2767.5073,0
Baseline,TLKM.JK,1990,H3,2830.0,2774.754,0
Baseline,TLKM.JK,1989,H1,2800.0,2722.5586,1
Baseline,TLKM.JK,1990,H2,2830.0,2727.661,1
Baseline,TLKM.JK,1991,H3,2820.0,2725.3599,1
Baseline,TLKM.JK,1990,H1,2830.0,2795.4453,0
Baseline,TLKM.JK,1991,H2,2820.0,2788.496,0
Baseline,TLKM.JK,1992,H3,2780.0,2824.4048,0
Baseline,TLKM.JK,1991,H1,2820.0,2825.6755,1
Baseline,TLKM.JK,1992,H2,2780.0,2855.4082,0
Baseline,TLKM.JK,1993,H3,2800.0,2855.0376,0
Baseline,TLKM.JK,1992,H1,2780.0,2858.1692,0
Baseline,TLKM.JK,1993,H2,2800.0,2856.824,0
Baseline,TLKM.JK,1994,H3,2820.0,2856.9272,0
Baseline,TLKM.JK,1993,H1,2800.0,2815.5886,1
Baseline,TLKM.JK,1994,H2,2820.0,2815.9695,1
Baseline,TLKM.JK,1995,H3,2840.0,2819.329,1
Baseline,TLKM.JK,1994,H1,2820.0,2803.1182,1
Baseline,TLKM.JK,1995,H2,2840.0,2806.1304,1
Baseline,TLKM.JK,1996,H3,2910.0,2808.584,1
Baseline,TLKM.JK,1995,H1,2840.0,2811.6492,0
Baseline,TLKM.JK,1996,H2,2910.0,2811.9824,0
Baseline,TLKM.JK,1997,H3,2800.0,2812.5393,1
Baseline,TLKM.JK,1996,H1,2910.0,2824.1743,0
Baseline,TLKM.JK,1997,H2,2800.0,2821.8032,1
Baseline,TLKM.JK,1998,H3,2780.0,2823.3013,1
Baseline,TLKM.JK,1997,H1,2800.0,2890.125,1
Baseline,TLKM.JK,1998,H2,2780.0,2888.3125,1
Baseline,TLKM.JK,1999,H3,2740.0,2888.5005,1
Baseline,TLKM.JK,1998,H1,2780.0,2839.5732,0
Baseline,TLKM.JK,1999,H2,2740.0,2841.567,0
Baseline,TLKM.JK,2000,H3,2740.0,2842.2812,0
Baseline,TLKM.JK,1999,H1,2740.0,2813.232,0
Baseline,TLKM.JK,2000,H2,2740.0,2813.8584,0
Baseline,TLKM.JK,2001,H3,2760.0,2813.709,0
Baseline,TLKM.JK,2000,H1,2740.0,2789.796,0
Baseline,TLKM.JK,2001,H2,2760.0,2788.642,1
Baseline,TLKM.JK,2002,H3,2770.0,2790.506,1
Baseline,TLKM.JK,2001,H1,2760.0,2777.2122,1
Baseline,TLKM.JK,2002,H2,2770.0,2778.0784,1
Baseline,TLKM.JK,2003,H3,2690.0,2780.646,0
Baseline,TLKM.JK,2002,H1,2770.0,2780.6045,1
Baseline,TLKM.JK,2003,H2,2690.0,2782.2585,0
Baseline,TLKM.JK,2004,H3,2640.0,2786.2246,0
Baseline,TLKM.JK,2003,H1,2690.0,2781.6616,0
Baseline,TLKM.JK,2004,H2,2640.0,2785.018,0
Baseline,TLKM.JK,2005,H3,2580.0,2786.4683,0
Baseline,TLKM.JK,2004,H1,2640.0,2749.221,0
Baseline,TLKM.JK,2005,H2,2580.0,2752.4807,0
Baseline,TLKM.JK,2006,H3,2590.0,2752.6638,0
Baseline,TLKM.JK,2005,H1,2580.0,2726.4692,0
Baseline,TLKM.JK,2006,H2,2590.0,2728.9048,0
Baseline,TLKM.JK,2007,H3,2620.0,2732.1472,0
Baseline,TLKM.JK,2006,H1,2590.0,2705.9402,1
Baseline,TLKM.JK,2007,H2,2620.0,2712.3179,1
Baseline,TLKM.JK,2008,H3,2710.0,2714.7593,1
Baseline,TLKM.JK,2007,H1,2620.0,2700.7798,1
Baseline,TLKM.JK,2008,H2,2710.0,2707.1511,1
Baseline,TLKM.JK,2009,H3,2780.0,2710.0435,1
Baseline,TLKM.JK,2008,H1,2710.0,2707.3997,1
Baseline,TLKM.JK,2009,H2,2780.0,2713.2073,1
Baseline,TLKM.JK,2010,H3,2810.0,2711.594,1
Baseline,TLKM.JK,2009,H1,2780.0,2734.4597,1
Baseline,TLKM.JK,2010,H2,2810.0,2733.8528,1
Baseline,TLKM.JK,2011,H3,2780.0,2737.3796,1
Baseline,TLKM.JK,2010,H1,2810.0,2768.567,0
Baseline,TLKM.JK,2011,H2,2780.0,2770.472,0
Baseline,TLKM.JK,2012,H3,2710.0,2772.999,1
Baseline,TLKM.JK,2011,H1,2780.0,2793.8083,1
Baseline,TLKM.JK,2012,H2,2710.0,2794.5686,1
Baseline,TLKM.JK,2013,H3,2630.0,2796.816,1
Baseline,TLKM.JK,2012,H1,2710.0,2788.39,0
Baseline,TLKM.JK,2013,H2,2630.0,2792.0508,0
Baseline,TLKM.JK,2014,H3,2700.0,2792.914,0
Baseline,TLKM.JK,2013,H1,2630.0,2765.9282,0
Baseline,TLKM.JK,2014,H2,2700.0,2769.248,0
Baseline,TLKM.JK,2015,H3,2650.0,2769.77,0
Baseline,TLKM.JK,2014,H1,2700.0,2738.7505,1
Baseline,TLKM.JK,2015,H2,2650.0,2741.017,1
Baseline,TLKM.JK,2016,H3,2670.0,2743.6313,1
Baseline,TLKM.JK,2015,H1,2650.0,2751.0684,0
Baseline,TLKM.JK,2016,H2,2670.0,2754.753,0
Baseline,TLKM.JK,2017,H3,2690.0,2758.244,0
Baseline,TLKM.JK,2016,H1,2670.0,2735.5342,1
Baseline,TLKM.JK,2017,H2,2690.0,2739.686,1
Baseline,TLKM.JK,2018,H3,2730.0,2745.1604,1
Baseline,TLKM.JK,2017,H1,2690.0,2737.4966,1
Baseline,TLKM.JK,2018,H2,2730.0,2743.9824,1
Baseline,TLKM.JK,2019,H3,2690.0,2746.4375,1
Baseline,TLKM.JK,2018,H1,2730.0,2745.4297,1
Baseline,TLKM.JK,2019,H2,2690.0,2748.7437,0
Baseline,TLKM.JK,2020,H3,2640.0,2749.107,0
Baseline,TLKM.JK,2019,H1,2690.0,2761.3623,0
Baseline,TLKM.JK,2020,H2,2640.0,2761.8584,0
Baseline,TLKM.JK,2021,H3,2650.0,2763.432,0
Baseline,TLKM.JK,2020,H1,2640.0,2745.9934,0
Baseline,TLKM.JK,2021,H2,2650.0,2748.584,0
Baseline,TLKM.JK,2022,H3,2770.0,2751.2422,1
Baseline,TLKM.JK,2021,H1,2650.0,2729.813,1
Baseline,TLKM.JK,2022,H2,2770.0,2733.563,1
Baseline,TLKM.JK,2023,H3,2770.0,2738.5857,1
Baseline,TLKM.JK,2022,H1,2770.0,2729.7979,1
Baseline,TLKM.JK,2023,H2,2770.0,2736.167,1
Baseline,TLKM.JK,2024,H3,2800.0,2738.4907,1
Baseline,TLKM.JK,2023,H1,2770.0,2774.4858,1
Baseline,TLKM.JK,2024,H2,2800.0,2777.136,1
Baseline,TLKM.JK,2025,H3,2850.0,2777.4263,1
Baseline,TLKM.JK,2024,H1,2800.0,2785.8535,1
Baseline,TLKM.JK,2025,H2,2850.0,2785.2466,1
Baseline,TLKM.JK,2026,H3,2850.0,2785.557,1
Baseline,TLKM.JK,2025,H1,2850.0,2793.8225,0
Baseline,TLKM.JK,2026,H2,2850.0,2791.7756,0
Baseline,TLKM.JK,2027,H3,2840.0,2792.2793,0
Baseline,TLKM.JK,2026,H1,2850.0,2817.6738,0
Baseline,TLKM.JK,2027,H2,2840.0,2816.3796,1
Baseline,TLKM.JK,2028,H3,2820.0,2816.621,1
Baseline,TLKM.JK,2027,H1,2840.0,2831.9104,1
Baseline,TLKM.JK,2028,H2,2820.0,2829.728,1
Baseline,TLKM.JK,2029,H3,2860.0,2827.5964,0
Baseline,TLKM.JK,2028,H1,2820.0,2828.2852,1
Baseline,TLKM.JK,2029,H2,2860.0,2825.687,0
Baseline,TLKM.JK,2030,H3,2880.0,2823.149,0
Baseline,TLKM.JK,2029,H1,2860.0,2819.067,0
Baseline,TLKM.JK,2030,H2,2880.0,2815.3606,0
Baseline,TLKM.JK,2031,H3,2880.0,2813.9258,0
Baseline,TLKM.JK,2030,H1,2880.0,2846.0557,0
Baseline,TLKM.JK,2031,H2,2880.0,2841.2048,0
Baseline,TLKM.JK,2032,H3,2880.0,2843.1567,0
Baseline,TLKM.JK,2031,H1,2880.0,2860.9436,0
Baseline,TLKM.JK,2032,H2,2880.0,2860.6377,0
Baseline,TLKM.JK,2033,H3,2980.0,2853.7612,0
Baseline,TLKM.JK,2032,H1,2880.0,2873.126,0
Baseline,TLKM.JK,2033,H2,2980.0,2861.5564,0
Baseline,TLKM.JK,2034,H3,3030.0,2862.7112,0
Baseline,TLKM.JK,2033,H1,2980.0,2867.8298,0
Baseline,TLKM.JK,2034,H2,3030.0,2866.899,0
Baseline,TLKM.JK,2035,H3,3030.0,2870.0547,0
Baseline,TLKM.JK,2034,H1,3030.0,2947.8284,0
Baseline,TLKM.JK,2035,H2,3030.0,2947.84,0
Baseline,TLKM.JK,2036,H3,2990.0,2950.5583,0
Baseline,TLKM.JK,2035,H1,3030.0,3007.0542,0
Baseline,TLKM.JK,2036,H2,2990.0,3004.165,1
Baseline,TLKM.JK,2037,H3,2950.0,3010.5525,1
Baseline,TLKM.JK,2036,H1,2990.0,3013.3054,1
Baseline,TLKM.JK,2037,H2,2950.0,3016.5464,1
Baseline,TLKM.JK,2038,H3,2940.0,3017.851,1
Baseline,TLKM.JK,2037,H1,2950.0,2995.6682,0
Baseline,TLKM.JK,2038,H2,2940.0,2993.3765,0
Baseline,TLKM.JK,2039,H3,2990.0,2995.545,0
Baseline,TLKM.JK,2038,H1,2940.0,2963.193,0
Baseline,TLKM.JK,2039,H2,2990.0,2962.2188,1
Baseline,TLKM.JK,2040,H3,3180.0,2966.7012,1
Baseline,TLKM.JK,2039,H1,2990.0,2949.9897,1
Baseline,TLKM.JK,2040,H2,3180.0,2950.2593,1
Baseline,TLKM.JK,2041,H3,3360.0,2953.8455,1
Baseline,TLKM.JK,2040,H1,3180.0,2982.3645,0
Baseline,TLKM.JK,2041,H2,3360.0,2980.6882,0
Baseline,TLKM.JK,2042,H3,3420.0,2988.21,0
Baseline,TLKM.JK,2041,H1,3360.0,3137.297,0
Baseline,TLKM.JK,2042,H2,3420.0,3145.9705,0
Baseline,TLKM.JK,2043,H3,3310.0,3148.2964,0
Baseline,TLKM.JK,2042,H1,3420.0,3329.6328,0
Baseline,TLKM.JK,2043,H2,3310.0,3335.1274,1
Baseline,TLKM.JK,2044,H3,3250.0,3342.261,1
Baseline,TLKM.JK,2043,H1,3310.0,3408.4426,1
Baseline,TLKM.JK,2044,H2,3250.0,3415.3333,1
Baseline,TLKM.JK,2045,H3,3220.0,3419.484,1
Baseline,TLKM.JK,2044,H1,3250.0,3330.015,0
Baseline,TLKM.JK,2045,H2,3220.0,3333.4805,0
Baseline,TLKM.JK,2046,H3,3250.0,3342.8457,0
Baseline,TLKM.JK,2045,H1,3220.0,3266.1,0
Baseline,TLKM.JK,2046,H2,3250.0,3273.653,0
Baseline,TLKM.JK,2047,H3,3240.0,3276.5122,0
Baseline,TLKM.JK,2046,H1,3250.0,3235.63,1
Baseline,TLKM.JK,2047,H2,3240.0,3235.3513,1
Baseline,TLKM.JK,2048,H3,3310.0,3238.788,1
Baseline,TLKM.JK,2047,H1,3240.0,3248.3977,1
Baseline,TLKM.JK,2048,H2,3310.0,3249.701,0
Baseline,TLKM.JK,2049,H3,3260.0,3256.601,1
Baseline,TLKM.JK,2048,H1,3310.0,3239.8958,0
Baseline,TLKM.JK,2049,H2,3260.0,3244.7622,1
Baseline,TLKM.JK,2050,H3,3170.0,3249.0334,0
Baseline,TLKM.JK,2049,H1,3260.0,3293.7568,1
Baseline,TLKM.JK,2050,H2,3170.0,3297.1968,1
Baseline,TLKM.JK,2051,H3,3180.0,3306.281,1
Baseline,TLKM.JK,2050,H1,3170.0,3264.3003,0
Baseline,TLKM.JK,2051,H2,3180.0,3272.8809,0
Baseline,TLKM.JK,2052,H3,3130.0,3276.1445,0
Baseline,TLKM.JK,2051,H1,3180.0,3185.019,1
Baseline,TLKM.JK,2052,H2,3130.0,3185.071,0
Baseline,TLKM.JK,2053,H3,3110.0,3183.4236,0
Baseline,TLKM.JK,2052,H1,3130.0,3177.7039,1
Baseline,TLKM.JK,2053,H2,3110.0,3173.0962,1
Baseline,TLKM.JK,2054,H3,3070.0,3176.9646,1
Baseline,TLKM.JK,2053,H1,3110.0,3134.2852,0
Baseline,TLKM.JK,2054,H2,3070.0,3133.491,0
Baseline,TLKM.JK,2055,H3,3110.0,3129.929,1
Baseline,TLKM.JK,2054,H1,3070.0,3106.0588,1
Baseline,TLKM.JK,2055,H2,3110.0,3096.904,0
Baseline,TLKM.JK,2056,H3,3150.0,3103.2688,0
Baseline,TLKM.JK,2055,H1,3110.0,3063.4626,0
Baseline,TLKM.JK,2056,H2,3150.0,3064.5278,0
Baseline,TLKM.JK,2057,H3,3090.0,3064.424,0
Baseline,TLKM.JK,2056,H1,3150.0,3089.5532,0
Baseline,TLKM.JK,2057,H2,3090.0,3083.3745,1
Baseline,TLKM.JK,2058,H3,3050.0,3085.9885,1
Baseline,TLKM.JK,2057,H1,3090.0,3124.1167,1
Baseline,TLKM.JK,2058,H2,3050.0,3121.9333,1
Baseline,TLKM.JK,2059,H3,3150.0,3118.212,0
Baseline,TLKM.JK,2058,H1,3050.0,3107.915,0
Baseline,TLKM.JK,2059,H2,3150.0,3099.9949,1
Baseline,TLKM.JK,2060,H3,3080.0,3107.2312,0
Baseline,TLKM.JK,2059,H1,3150.0,3055.7524,1
Baseline,TLKM.JK,2060,H2,3080.0,3058.1802,1
Baseline,TLKM.JK,2061,H3,3100.0,3059.0615,1
Baseline,TLKM.JK,2060,H1,3080.0,3127.3557,1
Baseline,TLKM.JK,2061,H2,3100.0,3122.7175,1
Baseline,TLKM.JK,2062,H3,3260.0,3122.7444,0
Baseline,TLKM.JK,2061,H1,3100.0,3086.89,1
Baseline,TLKM.JK,2062,H2,3260.0,3081.7332,1
Baseline,TLKM.JK,2063,H3,3300.0,3084.5676,1
Baseline,TLKM.JK,2062,H1,3260.0,3097.1318,0
Baseline,TLKM.JK,2063,H2,3300.0,3094.092,0
Baseline,TLKM.JK,2064,H3,3340.0,3089.8281,0
Baseline,TLKM.JK,2063,H1,3300.0,3224.7803,0
Baseline,TLKM.JK,2064,H2,3340.0,3220.622,0
Baseline,TLKM.JK,2065,H3,3250.0,3228.5676,1
Baseline,TLKM.JK,2064,H1,3340.0,3284.633,0
Baseline,TLKM.JK,2065,H2,3250.0,3292.047,1
Baseline,TLKM.JK,2066,H3,3230.0,3293.8652,1
Baseline,TLKM.JK,2065,H1,3250.0,3323.828,1
Baseline,TLKM.JK,2066,H2,3230.0,3324.9734,1
Baseline,TLKM.JK,2067,H3,3220.0,3327.3342,1
Baseline,TLKM.JK,2066,H1,3230.0,3265.7668,0
Baseline,TLKM.JK,2067,H2,3220.0,3265.4456,0
Baseline,TLKM.JK,2068,H3,3190.0,3271.2368,0
Baseline,TLKM.JK,2067,H1,3220.0,3235.157,0
Baseline,TLKM.JK,2068,H2,3190.0,3236.5435,0
Baseline,TLKM.JK,2069,H3,3160.0,3233.8198,0
Baseline,TLKM.JK,2068,H1,3190.0,3228.9192,0
Baseline,TLKM.JK,2069,H2,3160.0,3222.7097,0
Baseline,TLKM.JK,2070,H3,3120.0,3230.055,0
Baseline,TLKM.JK,2069,H1,3160.0,3190.1843,0
Baseline,TLKM.JK,2070,H2,3120.0,3194.1135,0
Baseline,TLKM.JK,2071,H3,3110.0,3194.6252,0
Baseline,TLKM.JK,2070,H1,3120.0,3172.9219,0
Baseline,TLKM.JK,2071,H2,3110.0,3167.921,0
Baseline,TLKM.JK,2072,H3,3080.0,3167.9238,0
Baseline,TLKM.JK,2071,H1,3110.0,3126.1848,0
Baseline,TLKM.JK,2072,H2,3080.0,3120.7114,0
Baseline,TLKM.JK,2073,H3,3060.0,3133.0083,0
Baseline,TLKM.JK,2072,H1,3080.0,3107.9512,1
Baseline,TLKM.JK,2073,H2,3060.0,3114.5283,0
Baseline,TLKM.JK,2074,H3,3060.0,3105.0723,1
Baseline,TLKM.JK,2073,H1,3060.0,3094.3767,0
Baseline,TLKM.JK,2074,H2,3060.0,3077.38,1
Baseline,TLKM.JK,2075,H3,3130.0,3081.822,1
Baseline,TLKM.JK,2074,H1,3060.0,3056.5957,1
Baseline,TLKM.JK,2075,H2,3130.0,3059.834,0
Baseline,TLKM.JK,2076,H3,3070.0,3063.3206,1
Baseline,TLKM.JK,2075,H1,3130.0,3052.31,0
Baseline,TLKM.JK,2076,H2,3070.0,3052.441,0
Baseline,TLKM.JK,2077,H3,3010.0,3052.2668,1
Baseline,TLKM.JK,2076,H1,3070.0,3099.6558,1
Baseline,TLKM.JK,2077,H2,3010.0,3097.7114,1
Baseline,TLKM.JK,2078,H3,3010.0,3101.523,1
Baseline,TLKM.JK,2077,H1,3010.0,3065.0793,1
Baseline,TLKM.JK,2078,H2,3010.0,3065.7124,1
Baseline,TLKM.JK,2079,H3,2990.0,3066.583,1
Baseline,TLKM.JK,2078,H1,3010.0,3011.9126,1
Baseline,TLKM.JK,2079,H2,2990.0,3011.9841,0
Baseline,TLKM.JK,2080,H3,3010.0,3017.3318,0
Baseline,TLKM.JK,2079,H1,2990.0,3006.5093,1
Baseline,TLKM.JK,2080,H2,3010.0,3009.44,1
Baseline,TLKM.JK,2081,H3,3040.0,3013.2283,1
Baseline,TLKM.JK,2080,H1,3010.0,2987.5671,0
Baseline,TLKM.JK,2081,H2,3040.0,2990.2288,1
Baseline,TLKM.JK,2082,H3,3020.0,2990.1243,1
Baseline,TLKM.JK,2081,H1,3040.0,2997.2915,0
Baseline,TLKM.JK,2082,H2,3020.0,2994.05,0
Baseline,TLKM.JK,2083,H3,2960.0,2995.32,1
Baseline,TLKM.JK,2082,H1,3020.0,3022.819,1
Baseline,TLKM.JK,2083,H2,2960.0,3021.5994,1
Baseline,TLKM.JK,2084,H3,3080.0,3021.6638,0
Baseline,TLKM.JK,2083,H1,2960.0,3013.338,1
Baseline,TLKM.JK,2084,H2,3080.0,3010.9055,0
Baseline,TLKM.JK,2085,H3,2950.0,3015.317,1
Baseline,TLKM.JK,2084,H1,3080.0,2970.6763,1
Baseline,TLKM.JK,2085,H2,2950.0,2974.7559,0
Baseline,TLKM.JK,2086,H3,2880.0,2979.4807,0
Baseline,TLKM.JK,2085,H1,2950.0,3058.443,1
Baseline,TLKM.JK,2086,H2,2880.0,3059.2861,1
Baseline,TLKM.JK,2087,H3,2940.0,3059.1624,1
Baseline,TLKM.JK,2086,H1,2880.0,2968.755,0
Baseline,TLKM.JK,2087,H2,2940.0,2969.441,0
Baseline,TLKM.JK,2088,H3,3280.0,2971.6333,1
Baseline,TLKM.JK,2087,H1,2940.0,2906.746,1
Baseline,TLKM.JK,2088,H2,3280.0,2908.7168,1
Baseline,TLKM.JK,2089,H3,3150.0,2911.2249,1
Baseline,TLKM.JK,2088,H1,3280.0,2944.213,1
Baseline,TLKM.JK,2089,H2,3150.0,2942.4668,1
Baseline,TLKM.JK,2090,H3,3360.0,2946.4543,1
Baseline,TLKM.JK,2089,H1,3150.0,3211.8728,1
Baseline,TLKM.JK,2090,H2,3360.0,3222.2222,0
Baseline,TLKM.JK,2091,H3,3290.0,3228.795,0
Baseline,TLKM.JK,2090,H1,3360.0,3157.3652,1
Baseline,TLKM.JK,2091,H2,3290.0,3160.5417,1
Baseline,TLKM.JK,2092,H3,3330.0,3161.985,1
Baseline,TLKM.JK,2091,H1,3290.0,3355.1865,1
Baseline,TLKM.JK,2092,H2,3330.0,3360.6682,0
Baseline,TLKM.JK,2093,H3,3400.0,3369.5503,1
Baseline,TLKM.JK,2092,H1,3330.0,3313.9988,1
Baseline,TLKM.JK,2093,H2,3400.0,3320.681,1
Baseline,TLKM.JK,2094,H3,3290.0,3325.155,0
Baseline,TLKM.JK,2093,H1,3400.0,3345.6895,1
Baseline,TLKM.JK,2094,H2,3290.0,3349.1377,0
Baseline,TLKM.JK,2095,H3,3250.0,3357.157,0
Baseline,TLKM.JK,2094,H1,3290.0,3413.1968,0
Baseline,TLKM.JK,2095,H2,3250.0,3420.3599,0
Baseline,TLKM.JK,2096,H3,3210.0,3410.1294,0
Baseline,TLKM.JK,2095,H1,3250.0,3318.013,0
Baseline,TLKM.JK,2096,H2,3210.0,3308.7134,0
Baseline,TLKM.JK,2097,H3,3350.0,3361.967,1
Baseline,TLKM.JK,2096,H1,3210.0,3259.535,0
Baseline,TLKM.JK,2097,H2,3350.0,3305.5256,1
Baseline,TLKM.JK,2098,H3,3500.0,3336.6418,1
Baseline,TLKM.JK,2097,H1,3350.0,3268.5225,1
Baseline,TLKM.JK,2098,H2,3500.0,3298.8706,1
Baseline,TLKM.JK,2099,H3,3540.0,3321.4377,1
Baseline,TLKM.JK,2098,H1,3500.0,3368.226,1
Baseline,TLKM.JK,2099,H2,3540.0,3388.84,1
Baseline,TLKM.JK,2100,H3,3480.0,3415.5408,1
Baseline,TLKM.JK,2099,H1,3540.0,3500.44,1
Baseline,TLKM.JK,2100,H2,3480.0,3519.2366,0
Baseline,TLKM.JK,2101,H3,3470.0,3532.8108,0
Baseline,TLKM.JK,2100,H1,3480.0,3539.695,1
Baseline,TLKM.JK,2101,H2,3470.0,3552.7646,0
Baseline,TLKM.JK,2102,H3,3440.0,3568.9011,0
Baseline,TLKM.JK,2101,H1,3470.0,3503.8809,0
Baseline,TLKM.JK,2102,H2,3440.0,3520.4602,0
Baseline,TLKM.JK,2103,H3,3520.0,3542.5986,1
Baseline,TLKM.JK,2102,H1,3440.0,3490.9724,0
Baseline,TLKM.JK,2103,H2,3520.0,3512.3123,1
Baseline,TLKM.JK,2104,H3,3560.0,3527.566,1
Baseline,TLKM.JK,2103,H1,3520.0,3466.709,1
Baseline,TLKM.JK,2104,H2,3560.0,3484.065,1
Baseline,TLKM.JK,2105,H3,3500.0,3507.4644,1
Baseline,TLKM.JK,2104,H1,3560.0,3521.3904,1
Baseline,TLKM.JK,2105,H2,3500.0,3539.1655,0
Baseline,TLKM.JK,2106,H3,3550.0,3552.6704,1
Baseline,TLKM.JK,2105,H1,3500.0,3562.1594,0
Baseline,TLKM.JK,2106,H2,3550.0,3572.5264,0
Baseline,TLKM.JK,2107,H3,3610.0,3586.0186,1
Baseline,TLKM.JK,2106,H1,3550.0,3518.565,1
Baseline,TLKM.JK,2107,H2,3610.0,3534.0818,1
Baseline,TLKM.JK,2108,H3,3620.0,3555.3335,1
Baseline,TLKM.JK,2107,H1,3610.0,3555.5022,1
Baseline,TLKM.JK,2108,H2,3620.0,3571.0254,1
Baseline,TLKM.JK,2109,H3,3650.0,3583.4084,1
Baseline,TLKM.JK,2108,H1,3620.0,3609.272,0
Baseline,TLKM.JK,2109,H2,3650.0,3615.649,1
Baseline,TLKM.JK,2110,H3,3640.0,3629.5698,1
Baseline,TLKM.JK,2109,H1,3650.0,3621.6736,1
Baseline,TLKM.JK,2110,H2,3640.0,3631.1252,1
Baseline,TLKM.JK,2111,H3,3500.0,3642.8855,0
Baseline,TLKM.JK,2110,H1,3640.0,3647.933,1
Baseline,TLKM.JK,2111,H2,3500.0,3654.98,0
Baseline,TLKM.JK,2112,H3,3700.0,3664.7712,1
Baseline,TLKM.JK,2111,H1,3500.0,3640.8713,0
Baseline,TLKM.JK,2112,H2,3700.0,3647.1724,1
Baseline,TLKM.JK,2113,H3,3650.0,3660.2983,1
Baseline,TLKM.JK,2112,H1,3700.0,3534.1067,1
Baseline,TLKM.JK,2113,H2,3650.0,3555.43,1
Baseline,TLKM.JK,2114,H3,3720.0,3572.1162,1
Baseline,TLKM.JK,2113,H1,3650.0,3679.1267,1
Baseline,TLKM.JK,2114,H2,3720.0,3685.994,0
Baseline,TLKM.JK,2115,H3,3570.0,3700.032,0
Baseline,TLKM.JK,2114,H1,3720.0,3657.692,1
Baseline,TLKM.JK,2115,H2,3570.0,3669.9832,0
Baseline,TLKM.JK,2116,H3,3510.0,3684.561,0
Baseline,TLKM.JK,2115,H1,3570.0,3703.019,1
Baseline,TLKM.JK,2116,H2,3510.0,3711.4055,1
Baseline,TLKM.JK,2117,H3,3650.0,3723.6914,0
Baseline,TLKM.JK,2116,H1,3510.0,3596.7664,0
Baseline,TLKM.JK,2117,H2,3650.0,3609.4233,1
Baseline,TLKM.JK,2118,H3,3560.0,3623.1746,0
Baseline,TLKM.JK,2117,H1,3650.0,3535.919,1
Baseline,TLKM.JK,2118,H2,3560.0,3549.6594,1
Baseline,TLKM.JK,2119,H3,3580.0,3557.3528,1
Baseline,TLKM.JK,2118,H1,3560.0,3647.5244,1
Baseline,TLKM.JK,2119,H2,3580.0,3651.09,0
Baseline,TLKM.JK,2120,H3,3630.0,3659.4192,0
Baseline,TLKM.JK,2119,H1,3580.0,3578.4006,1
Baseline,TLKM.JK,2120,H2,3630.0,3589.1228,1
Baseline,TLKM.JK,2121,H3,3700.0,3598.2441,1
Baseline,TLKM.JK,2120,H1,3630.0,3588.709,1
Baseline,TLKM.JK,2121,H2,3700.0,3595.8503,1
Baseline,TLKM.JK,2122,H3,3630.0,3603.5002,1
Baseline,TLKM.JK,2121,H1,3700.0,3630.3518,1
Baseline,TLKM.JK,2122,H2,3630.0,3634.3704,1
Baseline,TLKM.JK,2123,H3,3570.0,3643.687,0
Baseline,TLKM.JK,2122,H1,3630.0,3689.541,1
Baseline,TLKM.JK,2123,H2,3570.0,3692.64,1
Baseline,TLKM.JK,2124,H3,3640.0,3697.0593,1
Baseline,TLKM.JK,2123,H1,3570.0,3641.2527,0
Baseline,TLKM.JK,2124,H2,3640.0,3646.081,1
Baseline,TLKM.JK,2125,H3,3570.0,3655.3528,0
Baseline,TLKM.JK,2124,H1,3640.0,3587.2593,1
Baseline,TLKM.JK,2125,H2,3570.0,3597.7336,0
Baseline,TLKM.JK,2126,H3,3550.0,3606.9695,0
Baseline,TLKM.JK,2125,H1,3570.0,3644.1436,0
Baseline,TLKM.JK,2126,H2,3550.0,3650.2852,0
Baseline,TLKM.JK,2127,H3,3470.0,3657.1677,0
Baseline,TLKM.JK,2126,H1,3550.0,3596.0303,0
Baseline,TLKM.JK,2127,H2,3470.0,3604.1272,0
Baseline,TLKM.JK,2128,H3,3520.0,3616.7827,0
Baseline,TLKM.JK,2127,H1,3470.0,3568.9321,0
Baseline,TLKM.JK,2128,H2,3520.0,3581.3684,0
Baseline,TLKM.JK,2129,H3,3500.0,3588.9485,0
Baseline,TLKM.JK,2128,H1,3520.0,3502.979,1
Baseline,TLKM.JK,2129,H2,3500.0,3511.8035,1
Baseline,TLKM.JK,2130,H3,3460.0,3525.8372,0
Baseline,TLKM.JK,2129,H1,3500.0,3531.4053,0
Baseline,TLKM.JK,2130,H2,3460.0,3543.286,0
Baseline,TLKM.JK,2131,H3,3410.0,3551.0742,0
Baseline,TLKM.JK,2130,H1,3460.0,3517.7373,0
Baseline,TLKM.JK,2131,H2,3410.0,3526.3699,0
Baseline,TLKM.JK,2132,H3,3470.0,3535.2812,0
Baseline,TLKM.JK,2131,H1,3410.0,3482.127,0
Baseline,TLKM.JK,2132,H2,3470.0,3492.3032,1
Baseline,TLKM.JK,2133,H3,3470.0,3506.2327,1
Baseline,TLKM.JK,2132,H1,3470.0,3440.5767,1
Baseline,TLKM.JK,2133,H2,3470.0,3456.127,1
Baseline,TLKM.JK,2134,H3,3460.0,3463.983,1
Baseline,TLKM.JK,2133,H1,3470.0,3491.845,0
Baseline,TLKM.JK,2134,H2,3460.0,3499.7556,0
Baseline,TLKM.JK,2135,H3,3490.0,3508.6091,1
Baseline,TLKM.JK,2134,H1,3460.0,3486.9912,0
Baseline,TLKM.JK,2135,H2,3490.0,3496.736,1
Baseline,TLKM.JK,2136,H3,3480.0,3509.1152,1
Baseline,TLKM.JK,2135,H1,3490.0,3475.99,1
Baseline,TLKM.JK,2136,H2,3480.0,3489.3306,1
Baseline,TLKM.JK,2137,H3,3470.0,3477.6436,1
Baseline,TLKM.JK,2136,H1,3480.0,3502.366,0
Baseline,TLKM.JK,2137,H2,3470.0,3492.8472,0
Baseline,TLKM.JK,2138,H3,3580.0,3499.598,1
Baseline,TLKM.JK,2137,H1,3470.0,3478.941,1
Baseline,TLKM.JK,2138,H2,3580.0,3486.0078,1
Baseline,TLKM.JK,2139,H3,3520.0,3496.1606,1
Baseline,TLKM.JK,2138,H1,3580.0,3479.0127,1
Baseline,TLKM.JK,2139,H2,3520.0,3489.5588,1
Baseline,TLKM.JK,2140,H3,3540.0,3494.6265,1
Baseline,TLKM.JK,2139,H1,3520.0,3571.9192,1
Baseline,TLKM.JK,2140,H2,3540.0,3576.194,1
Baseline,TLKM.JK,2141,H3,3530.0,3583.9263,0
Baseline,TLKM.JK,2140,H1,3540.0,3534.2178,1
Baseline,TLKM.JK,2141,H2,3530.0,3544.4421,1
Baseline,TLKM.JK,2142,H3,3450.0,3552.1096,0
Baseline,TLKM.JK,2141,H1,3530.0,3548.982,0
Baseline,TLKM.JK,2142,H2,3450.0,3556.0227,0
Baseline,TLKM.JK,2143,H3,3520.0,3562.716,0
Baseline,TLKM.JK,2142,H1,3450.0,3540.155,0
Baseline,TLKM.JK,2143,H2,3520.0,3546.4333,0
Baseline,TLKM.JK,2144,H3,3620.0,3555.773,1
Baseline,TLKM.JK,2143,H1,3520.0,3469.8774,1
Baseline,TLKM.JK,2144,H2,3620.0,3481.7153,1
Baseline,TLKM.JK,2145,H3,3650.0,3487.9258,1
Baseline,UNVR.JK,1820,H1,2250.0,2279.1687,1
Baseline,UNVR.JK,1821,H2,2240.0,2255.0215,1
Baseline,UNVR.JK,1822,H3,2220.0,2255.706,1
Baseline,UNVR.JK,1821,H1,2240.0,2252.7476,0
Baseline,UNVR.JK,1822,H2,2220.0,2239.5762,1
Baseline,UNVR.JK,1823,H3,2220.0,2225.6226,1
Baseline,UNVR.JK,1822,H1,2220.0,2250.8582,0
Baseline,UNVR.JK,1823,H2,2220.0,2221.6816,1
Baseline,UNVR.JK,1824,H3,2190.0,2207.7268,1
Baseline,UNVR.JK,1823,H1,2220.0,2229.4832,0
Baseline,UNVR.JK,1824,H2,2190.0,2200.731,1
Baseline,UNVR.JK,1825,H3,2210.0,2182.215,1
Baseline,UNVR.JK,1824,H1,2190.0,2223.4854,0
Baseline,UNVR.JK,1825,H2,2210.0,2189.4202,1
Baseline,UNVR.JK,1826,H3,2190.0,2180.8123,1
Baseline,UNVR.JK,1825,H1,2210.0,2186.8342,0
Baseline,UNVR.JK,1826,H2,2190.0,2165.0503,0
Baseline,UNVR.JK,1827,H3,2220.0,2166.9446,0
Baseline,UNVR.JK,1826,H1,2190.0,2196.2966,1
Baseline,UNVR.JK,1827,H2,2220.0,2184.1123,0
Baseline,UNVR.JK,1828,H3,2200.0,2171.0898,1
Baseline,UNVR.JK,1827,H1,2220.0,2182.5884,0
Baseline,UNVR.JK,1828,H2,2200.0,2156.5427,0
Baseline,UNVR.JK,1829,H3,2180.0,2136.6746,1
Baseline,UNVR.JK,1828,H1,2200.0,2208.0327,1
Baseline,UNVR.JK,1829,H2,2180.0,2173.23,1
Baseline,UNVR.JK,1830,H3,2210.0,2164.2434,1
Baseline,UNVR.JK,1829,H1,2180.0,2190.6968,1
Baseline,UNVR.JK,1830,H2,2210.0,2167.015,0
Baseline,UNVR.JK,1831,H3,2200.0,2168.089,0
Baseline,UNVR.JK,1830,H1,2210.0,2172.56,0
Baseline,UNVR.JK,1831,H2,2200.0,2160.2952,0
Baseline,UNVR.JK,1832,H3,2170.0,2147.142,1
Baseline,UNVR.JK,1831,H1,2200.0,2212.866,0
Baseline,UNVR.JK,1832,H2,2170.0,2182.491,1
Baseline,UNVR.JK,1833,H3,2210.0,2168.3196,0
Baseline,UNVR.JK,1832,H1,2170.0,2183.9631,1
Baseline,UNVR.JK,1833,H2,2210.0,2156.5337,0
Baseline,UNVR.JK,1834,H3,2260.0,2138.0159,0
Baseline,UNVR.JK,1833,H1,2210.0,2169.0266,0
Baseline,UNVR.JK,1834,H2,2260.0,2135.1047,0
Baseline,UNVR.JK,1835,H3,2300.0,2126.0198,0
Baseline,UNVR.JK,1834,H1,2260.0,2196.7566,0
Baseline,UNVR.JK,1835,H2,2300.0,2171.0247,0
Baseline,UNVR.JK,1836,H3,2300.0,2171.74,0
Baseline,UNVR.JK,1835,H1,2300.0,2232.423,0
Baseline,UNVR.JK,1836,H2,2300.0,2217.535,0
Baseline,UNVR.JK,1837,H3,2270.0,2202.918,0
Baseline,UNVR.JK,1836,H1,2300.0,2273.5352,0
Baseline,UNVR.JK,1837,H2,2270.0,2241.4946,1
Baseline,UNVR.JK,1838,H3,2210.0,2213.9849,1
Baseline,UNVR.JK,1837,H1,2270.0,2273.2412,1
Baseline,UNVR.JK,1838,H2,2210.0,2226.8938,1
Baseline,UNVR.JK,1839,H3,2210.0,2202.1387,1
Baseline,UNVR.JK,1838,H1,2210.0,2255.8137,1
Baseline,UNVR.JK,1839,H2,2210.0,2208.334,1
Baseline,UNVR.JK,1840,H3,2170.0,2201.02,1
Baseline,UNVR.JK,1839,H1,2210.0,2190.3923,0
Baseline,UNVR.JK,1840,H2,2170.0,2173.4287,1
Baseline,UNVR.JK,1841,H3,2190.0,2184.9102,1
Baseline,UNVR.JK,1840,H1,2170.0,2182.4443,1
Baseline,UNVR.JK,1841,H2,2190.0,2180.5305,1
Baseline,UNVR.JK,1842,H3,2170.0,2159.857,1
Baseline,UNVR.JK,1841,H1,2190.0,2157.636,0
Baseline,UNVR.JK,1842,H2,2170.0,2125.413,0
Baseline,UNVR.JK,1843,H3,2270.0,2115.8618,0
Baseline,UNVR.JK,1842,H1,2170.0,2148.3384,1
Baseline,UNVR.JK,1843,H2,2270.0,2125.6973,0
Baseline,UNVR.JK,1844,H3,2310.0,2117.0667,0
Baseline,UNVR.JK,1843,H1,2270.0,2141.1138,0
Baseline,UNVR.JK,1844,H2,2310.0,2117.9019,0
Baseline,UNVR.JK,1845,H3,2280.0,2114.5745,0
Baseline,UNVR.JK,1844,H1,2310.0,2213.9946,0
Baseline,UNVR.JK,1845,H2,2280.0,2198.3896,0
Baseline,UNVR.JK,1846,H3,2280.0,2210.7637,0
Baseline,UNVR.JK,1845,H1,2280.0,2246.293,1
Baseline,UNVR.JK,1846,H2,2280.0,2246.719,1
Baseline,UNVR.JK,1847,H3,2270.0,2225.422,1
Baseline,UNVR.JK,1846,H1,2280.0,2234.7424,0
Baseline,UNVR.JK,1847,H2,2270.0,2201.135,1
Baseline,UNVR.JK,1848,H3,2320.0,2190.405,0
Baseline,UNVR.JK,1847,H1,2270.0,2228.6228,1
Baseline,UNVR.JK,1848,H2,2320.0,2203.2856,0
Baseline,UNVR.JK,1849,H3,2350.0,2194.0942,0
Baseline,UNVR.JK,1848,H1,2320.0,2226.668,0
Baseline,UNVR.JK,1849,H2,2350.0,2202.4983,0
Baseline,UNVR.JK,1850,H3,2440.0,2198.4377,0
Baseline,UNVR.JK,1849,H1,2350.0,2276.6875,0
Baseline,UNVR.JK,1850,H2,2440.0,2257.3384,0
Baseline,UNVR.JK,1851,H3,2370.0,2268.036,0
Baseline,UNVR.JK,1850,H1,2440.0,2304.2202,0
Baseline,UNVR.JK,1851,H2,2370.0,2301.1062,0
Baseline,UNVR.JK,1852,H3,2330.0,2278.0999,1
Baseline,UNVR.JK,1851,H1,2370.0,2426.2856,1
Baseline,UNVR.JK,1852,H2,2330.0,2389.5232,1
Baseline,UNVR.JK,1853,H3,2330.0,2378.3025,1
Baseline,UNVR.JK,1852,H1,2330.0,2366.3784,1
Baseline,UNVR.JK,1853,H2,2330.0,2339.2295,1
Baseline,UNVR.JK,1854,H3,2320.0,2330.4282,1
Baseline,UNVR.JK,1853,H1,2330.0,2334.218,1
Baseline,UNVR.JK,1854,H2,2320.0,2309.3918,1
Baseline,UNVR.JK,1855,H3,2330.0,2305.8262,0
Baseline,UNVR.JK,1854,H1,2320.0,2315.7178,1
Baseline,UNVR.JK,1855,H2,2330.0,2297.82,0
Baseline,UNVR.JK,1856,H3,2130.0,2308.795,1
Baseline,UNVR.JK,1855,H1,2330.0,2302.0012,0
Baseline,UNVR.JK,1856,H2,2130.0,2299.697,1
Baseline,UNVR.JK,1857,H3,2100.0,2277.0918,1
Baseline,UNVR.JK,1856,H1,2130.0,2318.2053,1
Baseline,UNVR.JK,1857,H2,2100.0,2281.6924,1
Baseline,UNVR.JK,1858,H3,2020.0,2270.97,1
Baseline,UNVR.JK,1857,H1,2100.0,2047.5215,1
Baseline,UNVR.JK,1858,H2,2020.0,2043.4951,1
Baseline,UNVR.JK,1859,H3,2020.0,2039.7668,1
Baseline,UNVR.JK,1858,H1,2020.0,2036.1152,1
Baseline,UNVR.JK,1859,H2,2020.0,2020.6975,1
Baseline,UNVR.JK,1860,H3,1960.0,2018.5786,1
Baseline,UNVR.JK,1859,H1,2020.0,1987.6338,0
Baseline,UNVR.JK,1860,H2,1960.0,1979.0176,1
Baseline,UNVR.JK,1861,H3,1965.0,1986.5486,1
Baseline,UNVR.JK,1860,H1,1960.0,1974.3833,1
Baseline,UNVR.JK,1861,H2,1965.0,1974.127,1
Baseline,UNVR.JK,1862,H3,1955.0,1989.063,1
Baseline,UNVR.JK,1861,H1,1965.0,1950.4092,0
Baseline,UNVR.JK,1862,H2,1955.0,1959.575,1
Baseline,UNVR.JK,1863,H3,1870.0,1954.8535,1
Baseline,UNVR.JK,1862,H1,1955.0,1992.4512,0
Baseline,UNVR.JK,1863,H2,1870.0,1979.4683,0
Baseline,UNVR.JK,1864,H3,1780.0,1968.7043,0
Baseline,UNVR.JK,1863,H1,1870.0,1981.5715,0
Baseline,UNVR.JK,1864,H2,1780.0,1960.877,0
Baseline,UNVR.JK,1865,H3,1755.0,1963.3374,0
Baseline,UNVR.JK,1864,H1,1780.0,1904.9155,0
Baseline,UNVR.JK,1865,H2,1755.0,1903.396,0
Baseline,UNVR.JK,1866,H3,1735.0,1907.9053,0
Baseline,UNVR.JK,1865,H1,1755.0,1808.958,0
Baseline,UNVR.JK,1866,H2,1735.0,1811.876,0
Baseline,UNVR.JK,1867,H3,1760.0,1809.5464,0
Baseline,UNVR.JK,1866,H1,1735.0,1795.8535,0
Baseline,UNVR.JK,1867,H2,1760.0,1784.7876,1
Baseline,UNVR.JK,1868,H3,1740.0,1782.3628,0
Baseline,UNVR.JK,1867,H1,1760.0,1774.8555,1
Baseline,UNVR.JK,1868,H2,1740.0,1765.1982,1
Baseline,UNVR.JK,1869,H3,1825.0,1754.333,1
Baseline,UNVR.JK,1868,H1,1740.0,1801.5034,0
Baseline,UNVR.JK,1869,H2,1825.0,1782.3735,1
Baseline,UNVR.JK,1870,H3,1800.0,1785.0957,1
Baseline,UNVR.JK,1869,H1,1825.0,1777.6323,1
Baseline,UNVR.JK,1870,H2,1800.0,1774.1777,1
Baseline,UNVR.JK,1871,H3,1770.0,1777.4365,1
Baseline,UNVR.JK,1870,H1,1800.0,1835.0503,0
Baseline,UNVR.JK,1871,H2,1770.0,1830.7456,0
Baseline,UNVR.JK,1872,H3,1845.0,1823.0479,0
Baseline,UNVR.JK,1871,H1,1770.0,1816.8472,0
Baseline,UNVR.JK,1872,H2,1845.0,1802.7949,1
Baseline,UNVR.JK,1873,H3,1820.0,1798.0679,0
Baseline,UNVR.JK,1872,H1,1845.0,1797.6665,1
Baseline,UNVR.JK,1873,H2,1820.0,1784.584,1
Baseline,UNVR.JK,1874,H3,1805.0,1771.9639,1
Baseline,UNVR.JK,1873,H1,1820.0,1853.9873,0
Baseline,UNVR.JK,1874,H2,1805.0,1832.8555,1
Baseline,UNVR.JK,1875,H3,1805.0,1835.0225,1
Baseline,UNVR.JK,1874,H1,1805.0,1831.7056,0
Baseline,UNVR.JK,1875,H2,1805.0,1825.3018,0
Baseline,UNVR.JK,1876,H3,1740.0,1827.7627,0
Baseline,UNVR.JK,1875,H1,1805.0,1815.2778,0
Baseline,UNVR.JK,1876,H2,1740.0,1808.1958,0
Baseline,UNVR.JK,1877,H3,1795.0,1799.564,1
Baseline,UNVR.JK,1876,H1,1740.0,1813.5459,0
Baseline,UNVR.JK,1877,H2,1795.0,1795.7607,1
Baseline,UNVR.JK,1878,H3,1915.0,1789.4229,0
Baseline,UNVR.JK,1877,H1,1795.0,1763.4072,1
Baseline,UNVR.JK,1878,H2,1915.0,1750.8418,1
Baseline,UNVR.JK,1879,H3,1870.0,1738.0142,0
Baseline,UNVR.JK,1878,H1,1915.0,1801.7617,1
Baseline,UNVR.JK,1879,H2,1870.0,1780.9175,0
Baseline,UNVR.JK,1880,H3,1885.0,1787.6099,0
Baseline,UNVR.JK,1879,H1,1870.0,1882.8726,1
Baseline,UNVR.JK,1880,H2,1885.0,1883.4153,1
Baseline,UNVR.JK,1881,H3,1865.0,1874.5093,1
Baseline,UNVR.JK,1880,H1,1885.0,1857.041,0
Baseline,UNVR.JK,1881,H2,1865.0,1839.04,1
Baseline,UNVR.JK,1882,H3,1875.0,1834.1489,0
Baseline,UNVR.JK,1881,H1,1865.0,1848.5986,1
Baseline,UNVR.JK,1882,H2,1875.0,1835.373,1
Baseline,UNVR.JK,1883,H3,1875.0,1819.2993,1
Baseline,UNVR.JK,1882,H1,1875.0,1838.1104,0
Baseline,UNVR.JK,1883,H2,1875.0,1812.5884,0
Baseline,UNVR.JK,1884,H3,1910.0,1805.2495,0
Baseline,UNVR.JK,1883,H1,1875.0,1838.4736,0
Baseline,UNVR.JK,1884,H2,1910.0,1821.5942,0
Baseline,UNVR.JK,1885,H3,1875.0,1826.8608,0
Baseline,UNVR.JK,1884,H1,1910.0,1838.3706,0
Baseline,UNVR.JK,1885,H2,1875.0,1835.1494,0
Baseline,UNVR.JK,1886,H3,1870.0,1819.2417,1
Baseline,UNVR.JK,1885,H1,1875.0,1880.4211,1
Baseline,UNVR.JK,1886,H2,1870.0,1854.2886,1
Baseline,UNVR.JK,1887,H3,1895.0,1842.1172,1
Baseline,UNVR.JK,1886,H1,1870.0,1847.5576,1
Baseline,UNVR.JK,1887,H2,1895.0,1827.3804,0
Baseline,UNVR.JK,1888,H3,2000.0,1809.8638,0
Baseline,UNVR.JK,1887,H1,1895.0,1845.4712,0
Baseline,UNVR.JK,1888,H2,2000.0,1818.8608,0
Baseline,UNVR.JK,1889,H3,1945.0,1811.7363,0
Baseline,UNVR.JK,1888,H1,2000.0,1855.4673,0
Baseline,UNVR.JK,1889,H2,1945.0,1839.8267,0
Baseline,UNVR.JK,1890,H3,1905.0,1845.2847,0
Baseline,UNVR.JK,1889,H1,1945.0,1977.4316,1
Baseline,UNVR.JK,1890,H2,1905.0,1978.363,1
Baseline,UNVR.JK,1891,H3,1870.0,1962.147,1
Baseline,UNVR.JK,1890,H1,1905.0,1952.7053,0
Baseline,UNVR.JK,1891,H2,1870.0,1927.8171,1
Baseline,UNVR.JK,1892,H3,1825.0,1916.1357,1
Baseline,UNVR.JK,1891,H1,1870.0,1902.0627,1
Baseline,UNVR.JK,1892,H2,1825.0,1883.4282,1
Baseline,UNVR.JK,1893,H3,1760.0,1867.0742,1
Baseline,UNVR.JK,1892,H1,1825.0,1869.6089,1
Baseline,UNVR.JK,1893,H2,1760.0,1845.3457,1
Baseline,UNVR.JK,1894,H3,1805.0,1839.4839,1
Baseline,UNVR.JK,1893,H1,1760.0,1821.831,1
Baseline,UNVR.JK,1894,H2,1805.0,1809.8921,1
Baseline,UNVR.JK,1895,H3,1770.0,1816.8535,1
Baseline,UNVR.JK,1894,H1,1805.0,1760.5869,1
Baseline,UNVR.JK,1895,H2,1770.0,1763.1836,1
Baseline,UNVR.JK,1896,H3,1750.0,1751.8237,1
Baseline,UNVR.JK,1895,H1,1770.0,1802.186,1
Baseline,UNVR.JK,1896,H2,1750.0,1783.6484,1
Baseline,UNVR.JK,1897,H3,1785.0,1774.5581,1
Baseline,UNVR.JK,1896,H1,1750.0,1772.0737,0
Baseline,UNVR.JK,1897,H2,1785.0,1757.3022,0
Baseline,UNVR.JK,1898,H3,1780.0,1741.477,0
Baseline,UNVR.JK,1897,H1,1785.0,1749.0215,0
Baseline,UNVR.JK,1898,H2,1780.0,1727.7397,0
Baseline,UNVR.JK,1899,H3,1840.0,1728.3599,0
Baseline,UNVR.JK,1898,H1,1780.0,1772.2041,1
Baseline,UNVR.JK,1899,H2,1840.0,1766.8179,0
Baseline,UNVR.JK,1900,H3,1885.0,1757.1475,0
Baseline,UNVR.JK,1899,H1,1840.0,1776.0386,0
Baseline,UNVR.JK,1900,H2,1885.0,1760.1602,0
Baseline,UNVR.JK,1901,H3,1835.0,1719.1709,0
Baseline,UNVR.JK,1900,H1,1885.0,1825.0552,0
Baseline,UNVR.JK,1901,H2,1835.0,1775.8799,1
Baseline,UNVR.JK,1902,H3,1775.0,1767.8921,1
Baseline,UNVR.JK,1901,H1,1835.0,1825.0454,1
Baseline,UNVR.JK,1902,H2,1775.0,1813.4624,1
Baseline,UNVR.JK,1903,H3,1745.0,1802.8882,1
Baseline,UNVR.JK,1902,H1,1775.0,1801.9756,1
Baseline,UNVR.JK,1903,H2,1745.0,1788.6953,1
Baseline,UNVR.JK,1904,H3,1780.0,1769.398,1
Baseline,UNVR.JK,1903,H1,1745.0,1755.1074,1
Baseline,UNVR.JK,1904,H2,1780.0,1734.4844,0
Baseline,UNVR.JK,1905,H3,1725.0,1733.5317,1
Baseline,UNVR.JK,1904,H1,1780.0,1706.9917,0
Baseline,UNVR.JK,1905,H2,1725.0,1705.6646,1
Baseline,UNVR.JK,1906,H3,1690.0,1702.6392,1
Baseline,UNVR.JK,1905,H1,1725.0,1756.6392,1
Baseline,UNVR.JK,1906,H2,1690.0,1748.2598,1
Baseline,UNVR.JK,1907,H3,1705.0,1742.7837,1
Baseline,UNVR.JK,1906,H1,1690.0,1718.5195,1
Baseline,UNVR.JK,1907,H2,1705.0,1712.9199,1
Baseline,UNVR.JK,1908,H3,1720.0,1705.1992,1
Baseline,UNVR.JK,1907,H1,1705.0,1685.2104,0
Baseline,UNVR.JK,1908,H2,1720.0,1676.7949,0
Baseline,UNVR.JK,1909,H3,1745.0,1659.7666,0
Baseline,UNVR.JK,1908,H1,1720.0,1708.2202,1
Baseline,UNVR.JK,1909,H2,1745.0,1687.2192,0
Baseline,UNVR.JK,1910,H3,1735.0,1685.6475,0
Baseline,UNVR.JK,1909,H1,1745.0,1711.8359,0
Baseline,UNVR.JK,1910,H2,1735.0,1707.3916,0
Baseline,UNVR.JK,1911,H3,1785.0,1702.5122,0
Baseline,UNVR.JK,1910,H1,1735.0,1735.7627,1
Baseline,UNVR.JK,1911,H2,1785.0,1728.5098,0
Baseline,UNVR.JK,1912,H3,1790.0,1723.5205,0
Baseline,UNVR.JK,1911,H1,1785.0,1731.5205,0
Baseline,UNVR.JK,1912,H2,1790.0,1723.5415,0
Baseline,UNVR.JK,1913,H3,1750.0,1714.481,0
Baseline,UNVR.JK,1912,H1,1790.0,1782.7651,0
Baseline,UNVR.JK,1913,H2,1750.0,1768.1016,1
Baseline,UNVR.JK,1914,H3,1730.0,1748.502,1
Baseline,UNVR.JK,1913,H1,1750.0,1784.1216,1
Baseline,UNVR.JK,1914,H2,1730.0,1759.3535,1
Baseline,UNVR.JK,1915,H3,1695.0,1755.6152,1
Baseline,UNVR.JK,1914,H1,1730.0,1725.6543,1
Baseline,UNVR.JK,1915,H2,1695.0,1720.6943,1
Baseline,UNVR.JK,1916,H3,1740.0,1715.8936,1
Baseline,UNVR.JK,1915,H1,1695.0,1693.8682,1
Baseline,UNVR.JK,1916,H2,1740.0,1687.873,0
Baseline,UNVR.JK,1917,H3,1690.0,1683.8462,1
Baseline,UNVR.JK,1916,H1,1740.0,1654.6685,0
Baseline,UNVR.JK,1917,H2,1690.0,1651.9521,1
Baseline,UNVR.JK,1918,H3,1650.0,1642.4868,1
Baseline,UNVR.JK,1917,H1,1690.0,1706.1997,1
Baseline,UNVR.JK,1918,H2,1650.0,1691.7173,1
Baseline,UNVR.JK,1919,H3,1630.0,1666.6343,1
Baseline,UNVR.JK,1918,H1,1650.0,1665.2358,1
Baseline,UNVR.JK,1919,H2,1630.0,1638.4785,1
Baseline,UNVR.JK,1920,H3,1580.0,1639.9541,1
Baseline,UNVR.JK,1919,H1,1630.0,1603.7461,1
Baseline,UNVR.JK,1920,H2,1580.0,1607.1138,1
Baseline,UNVR.JK,1921,H3,1565.0,1589.4263,1
Baseline,UNVR.JK,1920,H1,1580.0,1602.5293,1
Baseline,UNVR.JK,1921,H2,1565.0,1584.1743,1
Baseline,UNVR.JK,1922,H3,1565.0,1588.9697,1
Baseline,UNVR.JK,1921,H1,1565.0,1546.2358,1
Baseline,UNVR.JK,1922,H2,1565.0,1552.0996,1
Baseline,UNVR.JK,1923,H3,1510.0,1546.709,1
Baseline,UNVR.JK,1922,H1,1565.0,1525.5181,0
Baseline,UNVR.JK,1923,H2,1510.0,1519.8267,1
Baseline,UNVR.JK,1924,H3,1425.0,1520.7197,1
Baseline,UNVR.JK,1923,H1,1510.0,1526.0112,1
Baseline,UNVR.JK,1924,H2,1425.0,1525.3569,1
Baseline,UNVR.JK,1925,H3,1505.0,1522.9287,1
Baseline,UNVR.JK,1924,H1,1425.0,1492.168,1
Baseline,UNVR.JK,1925,H2,1505.0,1490.9014,1
Baseline,UNVR.JK,1926,H3,1425.0,1474.5234,1
Baseline,UNVR.JK,1925,H1,1505.0,1439.9736,1
Baseline,UNVR.JK,1926,H2,1425.0,1425.689,1
Baseline,UNVR.JK,1927,H3,1375.0,1433.2544,0
Baseline,UNVR.JK,1926,H1,1425.0,1489.4614,1
Baseline,UNVR.JK,1927,H2,1375.0,1499.2407,1
Baseline,UNVR.JK,1928,H3,1415.0,1497.3535,1
Baseline,UNVR.JK,1927,H1,1375.0,1437.77,0
Baseline,UNVR.JK,1928,H2,1415.0,1437.6143,0
Baseline,UNVR.JK,1929,H3,1465.0,1443.4985,1
Baseline,UNVR.JK,1928,H1,1415.0,1386.4058,1
Baseline,UNVR.JK,1929,H2,1465.0,1392.9653,1
Baseline,UNVR.JK,1930,H3,1440.0,1395.8154,1
Baseline,UNVR.JK,1929,H1,1465.0,1430.5586,1
Baseline,UNVR.JK,1930,H2,1440.0,1434.2529,1
Baseline,UNVR.JK,1931,H3,1450.0,1422.6133,1
Baseline,UNVR.JK,1930,H1,1440.0,1486.0942,0
Baseline,UNVR.JK,1931,H2,1450.0,1470.9937,0
Baseline,UNVR.JK,1932,H3,1375.0,1478.4897,0
Baseline,UNVR.JK,1931,H1,1450.0,1431.9819,0
Baseline,UNVR.JK,1932,H2,1375.0,1439.9297,1
Baseline,UNVR.JK,1933,H3,1350.0,1437.4077,1
Baseline,UNVR.JK,1932,H1,1375.0,1437.8882,1
Baseline,UNVR.JK,1933,H2,1350.0,1430.458,1
Baseline,UNVR.JK,1934,H3,1290.0,1432.9526,1
Baseline,UNVR.JK,1933,H1,1350.0,1382.668,0
Baseline,UNVR.JK,1934,H2,1290.0,1384.248,0
Baseline,UNVR.JK,1935,H3,1265.0,1384.7451,0
Baseline,UNVR.JK,1934,H1,1290.0,1353.7466,0
Baseline,UNVR.JK,1935,H2,1265.0,1353.477,0
Baseline,UNVR.JK,1936,H3,1150.0,1338.9009,1
Baseline,UNVR.JK,1935,H1,1265.0,1322.8833,0
Baseline,UNVR.JK,1936,H2,1150.0,1305.1499,0
Baseline,UNVR.JK,1937,H3,1200.0,1312.542,0
Baseline,UNVR.JK,1936,H1,1150.0,1282.7466,0
Baseline,UNVR.JK,1937,H2,1200.0,1289.5181,0
Baseline,UNVR.JK,1938,H3,1200.0,1285.8301,0
Baseline,UNVR.JK,1937,H1,1200.0,1114.0908,0
Baseline,UNVR.JK,1938,H2,1200.0,1120.9556,0
Baseline,UNVR.JK,1939,H3,1015.0,1114.6694,1
Baseline,UNVR.JK,1938,H1,1200.0,1198.5469,1
Baseline,UNVR.JK,1939,H2,1015.0,1196.8682,1
Baseline,UNVR.JK,1940,H3,1125.0,1236.8403,0
Baseline,UNVR.JK,1939,H1,1015.0,1202.1221,0
Baseline,UNVR.JK,1940,H2,1125.0,1243.9053,0
Baseline,UNVR.JK,1941,H3,1090.0,1236.9951,0
Baseline,UNVR.JK,1940,H1,1125.0,1067.4805,1
Baseline,UNVR.JK,1941,H2,1090.0,1091.6431,1
Baseline,UNVR.JK,1942,H3,1120.0,1124.2905,1
Baseline,UNVR.JK,1941,H1,1090.0,1255.1055,0
Baseline,UNVR.JK,1942,H2,1120.0,1284.8481,0
Baseline,UNVR.JK,1943,H3,1140.0,1304.0132,1
Baseline,UNVR.JK,1942,H1,1120.0,1192.8369,1
Baseline,UNVR.JK,1943,H2,1140.0,1206.1997,1
Baseline,UNVR.JK,1944,H3,1200.0,1230.2705,1
Baseline,UNVR.JK,1943,H1,1140.0,1229.2446,1
Baseline,UNVR.JK,1944,H2,1200.0,1249.6382,1
Baseline,UNVR.JK,1945,H3,1180.0,1260.227,1
Baseline,UNVR.JK,1944,H1,1200.0,1241.2847,1
Baseline,UNVR.JK,1945,H2,1180.0,1248.2656,1
Baseline,UNVR.JK,1946,H3,1190.0,1241.4639,1
Baseline,UNVR.JK,1945,H1,1180.0,1290.8931,0
Baseline,UNVR.JK,1946,H2,1190.0,1281.105,0
Baseline,UNVR.JK,1947,H3,1150.0,1290.6982,0
Baseline,UNVR.JK,1946,H1,1190.0,1199.5103,1
Baseline,UNVR.JK,1947,H2,1150.0,1211.0674,0
Baseline,UNVR.JK,1948,H3,1260.0,1214.752,1
Baseline,UNVR.JK,1947,H1,1150.0,1195.6416,0
Baseline,UNVR.JK,1948,H2,1260.0,1195.6143,1
Baseline,UNVR.JK,1949,H3,1300.0,1206.7603,1
Baseline,UNVR.JK,1948,H1,1260.0,1131.4517,0
Baseline,UNVR.JK,1949,H2,1300.0,1145.4082,0
Baseline,UNVR.JK,1950,H3,1365.0,1149.415,0
Baseline,UNVR.JK,1949,H1,1300.0,1248.9121,0
Baseline,UNVR.JK,1950,H2,1365.0,1251.1206,0
Baseline,UNVR.JK,1951,H3,1360.0,1241.0918,0
Baseline,UNVR.JK,1950,H1,1365.0,1311.7817,1
Baseline,UNVR.JK,1951,H2,1360.0,1300.3394,1
Baseline,UNVR.JK,1952,H3,1360.0,1306.8066,1
Baseline,UNVR.JK,1951,H1,1360.0,1375.209,0
Baseline,UNVR.JK,1952,H2,1360.0,1378.7573,0
Baseline,UNVR.JK,1953,H3,1305.0,1377.1221,0
Baseline,UNVR.JK,1952,H1,1360.0,1346.8818,0
Baseline,UNVR.JK,1953,H2,1305.0,1347.2422,1
Baseline,UNVR.JK,1954,H3,1295.0,1353.6318,1
Baseline,UNVR.JK,1953,H1,1305.0,1335.7803,1
Baseline,UNVR.JK,1954,H2,1295.0,1343.3413,1
Baseline,UNVR.JK,1955,H3,1250.0,1343.3623,1
Baseline,UNVR.JK,1954,H1,1295.0,1302.0044,1
Baseline,UNVR.JK,1955,H2,1250.0,1301.1509,1
Baseline,UNVR.JK,1956,H3,1245.0,1287.2935,1
Baseline,UNVR.JK,1955,H1,1250.0,1289.1382,1
Baseline,UNVR.JK,1956,H2,1245.0,1276.0591,1
Baseline,UNVR.JK,1957,H3,1240.0,1281.0352,1
Baseline,UNVR.JK,1956,H1,1245.0,1246.4282,1
Baseline,UNVR.JK,1957,H2,1240.0,1248.7935,1
Baseline,UNVR.JK,1958,H3,1265.0,1246.6685,0
Baseline,UNVR.JK,1957,H1,1240.0,1239.2295,1
Baseline,UNVR.JK,1958,H2,1265.0,1236.3965,0
Baseline,UNVR.JK,1959,H3,1180.0,1246.1079,0
Baseline,UNVR.JK,1958,H1,1265.0,1234.1978,0
Baseline,UNVR.JK,1959,H2,1180.0,1244.7632,0
Baseline,UNVR.JK,1960,H3,1155.0,1238.6909,1
Baseline,UNVR.JK,1959,H1,1180.0,1291.523,0
Baseline,UNVR.JK,1960,H2,1155.0,1283.356,0
Baseline,UNVR.JK,1961,H3,1285.0,1297.3472,1
Baseline,UNVR.JK,1960,H1,1155.0,1194.3784,0
Baseline,UNVR.JK,1961,H2,1285.0,1209.8184,1
Baseline,UNVR.JK,1962,H3,1310.0,1214.2837,1
Baseline,UNVR.JK,1961,H1,1285.0,1178.0444,1
Baseline,UNVR.JK,1962,H2,1310.0,1183.8799,1
Baseline,UNVR.JK,1963,H3,1360.0,1183.793,1
Baseline,UNVR.JK,1962,H1,1310.0,1290.689,1
Baseline,UNVR.JK,1963,H2,1360.0,1291.706,1
Baseline,UNVR.JK,1964,H3,1330.0,1283.6982,0
Baseline,UNVR.JK,1963,H1,1360.0,1345.081,1
Baseline,UNVR.JK,1964,H2,1330.0,1333.6079,1
Baseline,UNVR.JK,1965,H3,1320.0,1326.6636,1
Baseline,UNVR.JK,1964,H1,1330.0,1397.9321,0
Baseline,UNVR.JK,1965,H2,1320.0,1388.5532,0
Baseline,UNVR.JK,1966,H3,1320.0,1402.73,0
Baseline,UNVR.JK,1965,H1,1320.0,1349.0996,0
Baseline,UNVR.JK,1966,H2,1320.0,1361.2026,0
Baseline,UNVR.JK,1967,H3,1345.0,1359.5176,1
Baseline,UNVR.JK,1966,H1,1320.0,1346.978,0
Baseline,UNVR.JK,1967,H2,1345.0,1343.0337,1
Baseline,UNVR.JK,1968,H3,1385.0,1329.2705,1
Baseline,UNVR.JK,1967,H1,1345.0,1354.48,1
Baseline,UNVR.JK,1968,H2,1385.0,1338.3438,1
Baseline,UNVR.JK,1969,H3,1425.0,1328.1396,1
Baseline,UNVR.JK,1968,H1,1385.0,1387.8936,1
Baseline,UNVR.JK,1969,H2,1425.0,1378.2412,1
Baseline,UNVR.JK,1970,H3,1495.0,1390.9526,1
Baseline,UNVR.JK,1969,H1,1425.0,1432.4224,1
Baseline,UNVR.JK,1970,H2,1495.0,1442.5615,1
Baseline,UNVR.JK,1971,H3,1750.0,1437.959,1
Baseline,UNVR.JK,1970,H1,1495.0,1487.7114,1
Baseline,UNVR.JK,1971,H2,1750.0,1479.5625,1
Baseline,UNVR.JK,1972,H3,1665.0,1469.3916,1
Baseline,UNVR.JK,1971,H1,1750.0,1550.0269,1
Baseline,UNVR.JK,1972,H2,1665.0,1535.894,1
Baseline,UNVR.JK,1973,H3,1680.0,1516.3159,1
Baseline,UNVR.JK,1972,H1,1665.0,1717.9336,1
Baseline,UNVR.JK,1973,H2,1680.0,1698.3267,1
Baseline,UNVR.JK,1974,H3,1715.0,1673.4165,1
Baseline,UNVR.JK,1973,H1,1680.0,1672.5435,1
Baseline,UNVR.JK,1974,H2,1715.0,1641.7871,0
Baseline,UNVR.JK,1975,H3,1755.0,1666.2549,1
Baseline,UNVR.JK,1974,H1,1715.0,1656.5903,0
Baseline,UNVR.JK,1975,H2,1755.0,1676.2002,0
Baseline,UNVR.JK,1976,H3,1775.0,1661.0981,0
Baseline,UNVR.JK,1975,H1,1755.0,1732.562,1
Baseline,UNVR.JK,1976,H2,1775.0,1710.6719,0
Baseline,UNVR.JK,1977,H3,1835.0,1687.2354,0
Baseline,UNVR.JK,1976,H1,1775.0,1769.9766,1
Baseline,UNVR.JK,1977,H2,1835.0,1738.709,0
Baseline,UNVR.JK,1978,H3,1810.0,1720.7188,0
Baseline,UNVR.JK,1977,H1,1835.0,1772.0308,0
Baseline,UNVR.JK,1978,H2,1810.0,1748.169,0
Baseline,UNVR.JK,1979,H3,1780.0,1741.9512,0
Baseline,UNVR.JK,1978,H1,1810.0,1820.0518,1
Baseline,UNVR.JK,1979,H2,1780.0,1806.2617,1
Baseline,UNVR.JK,1980,H3,1780.0,1793.4878,1
Baseline,UNVR.JK,1979,H1,1780.0,1805.1167,1
Baseline,UNVR.JK,1980,H2,1780.0,1788.8716,1
Baseline,UNVR.JK,1981,H3,1785.0,1764.3599,1
Baseline,UNVR.JK,1980,H1,1780.0,1771.6919,0
Baseline,UNVR.JK,1981,H2,1785.0,1742.8091,0
Baseline,UNVR.JK,1982,H3,1790.0,1738.5371,0
Baseline,UNVR.JK,1981,H1,1785.0,1748.7349,0
Baseline,UNVR.JK,1982,H2,1790.0,1741.2798,0
Baseline,UNVR.JK,1983,H3,1765.0,1733.4868,1
Baseline,UNVR.JK,1982,H1,1790.0,1761.3071,0
Baseline,UNVR.JK,1983,H2,1765.0,1749.459,1
Baseline,UNVR.JK,1984,H3,1765.0,1735.2847,1
Baseline,UNVR.JK,1983,H1,1765.0,1773.4424,1
Baseline,UNVR.JK,1984,H2,1765.0,1754.3696,1
Baseline,UNVR.JK,1985,H3,1710.0,1733.9785,1
Baseline,UNVR.JK,1984,H1,1765.0,1753.3872,0
Baseline,UNVR.JK,1985,H2,1710.0,1729.8687,1
Baseline,UNVR.JK,1986,H3,1760.0,1717.1562,1
Baseline,UNVR.JK,1985,H1,1710.0,1737.2207,1
Baseline,UNVR.JK,1986,H2,1760.0,1721.957,1
Baseline,UNVR.JK,1987,H3,1815.0,1720.3398,0
Baseline,UNVR.JK,1986,H1,1760.0,1693.9683,0
Baseline,UNVR.JK,1987,H2,1815.0,1692.2329,0
Baseline,UNVR.JK,1988,H3,1785.0,1687.9722,0
Baseline,UNVR.JK,1987,H1,1815.0,1756.8638,0
Baseline,UNVR.JK,1988,H2,1785.0,1748.5835,0
Baseline,UNVR.JK,1989,H3,1765.0,1736.1587,0
Baseline,UNVR.JK,1988,H1,1785.0,1823.3584,0
Baseline,UNVR.JK,1989,H2,1765.0,1808.2217,1
Baseline,UNVR.JK,1990,H3,1740.0,1790.3833,1
Baseline,UNVR.JK,1989,H1,1765.0,1792.105,0
Baseline,UNVR.JK,1990,H2,1740.0,1768.3843,1
Baseline,UNVR.JK,1991,H3,1730.0,1755.6807,1
Baseline,UNVR.JK,1990,H1,1740.0,1743.1392,1
Baseline,UNVR.JK,1991,H2,1730.0,1727.6616,1
Baseline,UNVR.JK,1992,H3,1730.0,1745.2695,1
Baseline,UNVR.JK,1991,H1,1730.0,1700.4146,1
Baseline,UNVR.JK,1992,H2,1730.0,1716.9585,1
Baseline,UNVR.JK,1993,H3,1690.0,1699.6289,1
Baseline,UNVR.JK,1992,H1,1730.0,1733.4478,1
Baseline,UNVR.JK,1993,H2,1690.0,1706.2881,1
Baseline,UNVR.JK,1994,H3,1645.0,1699.7412,1
Baseline,UNVR.JK,1993,H1,1690.0,1692.6606,1
Baseline,UNVR.JK,1994,H2,1645.0,1681.4028,1
Baseline,UNVR.JK,1995,H3,1625.0,1696.6611,1
Baseline,UNVR.JK,1994,H1,1645.0,1644.2012,1
Baseline,UNVR.JK,1995,H2,1625.0,1654.9653,1
Baseline,UNVR.JK,1996,H3,1620.0,1631.1572,1
Baseline,UNVR.JK,1995,H1,1625.0,1634.9058,1
Baseline,UNVR.JK,1996,H2,1620.0,1606.1064,1
Baseline,UNVR.JK,1997,H3,1615.0,1603.102,1
Baseline,UNVR.JK,1996,H1,1620.0,1598.6982,1
Baseline,UNVR.JK,1997,H2,1615.0,1590.3203,1
Baseline,UNVR.JK,1998,H3,1625.0,1607.4468,0
Baseline,UNVR.JK,1997,H1,1615.0,1581.6528,1
Baseline,UNVR.JK,1998,H2,1625.0,1593.5195,0
Baseline,UNVR.JK,1999,H3,1560.0,1583.8213,1
Baseline,UNVR.JK,1998,H1,1625.0,1608.8198,0
Baseline,UNVR.JK,1999,H2,1560.0,1591.729,1
Baseline,UNVR.JK,2000,H3,1500.0,1583.7295,1
Baseline,UNVR.JK,1999,H1,1560.0,1611.0,1
Baseline,UNVR.JK,2000,H2,1500.0,1597.084,1
Baseline,UNVR.JK,2001,H3,1480.0,1578.5044,1
Baseline,UNVR.JK,2000,H1,1500.0,1579.4697,0
Baseline,UNVR.JK,2001,H2,1480.0,1556.4775,1
Baseline,UNVR.JK,2002,H3,1470.0,1552.2852,1
Baseline,UNVR.JK,2001,H1,1480.0,1516.0908,0
Baseline,UNVR.JK,2002,H2,1470.0,1507.6816,0
Baseline,UNVR.JK,2003,H3,1450.0,1525.7651,0
Baseline,UNVR.JK,2002,H1,1470.0,1489.4873,0
Baseline,UNVR.JK,2003,H2,1450.0,1501.6841,0
Baseline,UNVR.JK,2004,H3,1380.0,1494.1255,0
Baseline,UNVR.JK,2003,H1,1450.0,1498.1016,0
Baseline,UNVR.JK,2004,H2,1380.0,1485.7119,0
Baseline,UNVR.JK,2005,H3,1365.0,1480.0371,0
Baseline,UNVR.JK,2004,H1,1380.0,1481.6362,0
Baseline,UNVR.JK,2005,H2,1365.0,1471.4331,0
Baseline,UNVR.JK,2006,H3,1445.0,1454.3135,0
Baseline,UNVR.JK,2005,H1,1365.0,1447.4263,0
Baseline,UNVR.JK,2006,H2,1445.0,1426.6685,1
Baseline,UNVR.JK,2007,H3,1455.0,1423.751,1
Baseline,UNVR.JK,2006,H1,1445.0,1394.5249,1
Baseline,UNVR.JK,2007,H2,1455.0,1389.5898,1
Baseline,UNVR.JK,2008,H3,1460.0,1409.6631,1
Baseline,UNVR.JK,2007,H1,1455.0,1431.6538,0
Baseline,UNVR.JK,2008,H2,1460.0,1447.9282,1
Baseline,UNVR.JK,2009,H3,1450.0,1448.4805,1
Baseline,UNVR.JK,2008,H1,1460.0,1476.2051,1
Baseline,UNVR.JK,2009,H2,1450.0,1466.627,0
Baseline,UNVR.JK,2010,H3,1470.0,1441.0854,0
Baseline,UNVR.JK,2009,H1,1450.0,1487.9048,0
Baseline,UNVR.JK,2010,H2,1470.0,1456.6084,0
Baseline,UNVR.JK,2011,H3,1470.0,1448.3677,0
Baseline,UNVR.JK,2010,H1,1470.0,1462.2412,1
Baseline,UNVR.JK,2011,H2,1470.0,1451.6865,1
Baseline,UNVR.JK,2012,H3,1595.0,1464.5918,1
Baseline,UNVR.JK,2011,H1,1470.0,1466.1147,1
Baseline,UNVR.JK,2012,H2,1595.0,1475.2358,1
Baseline,UNVR.JK,2013,H3,1545.0,1465.9683,0
Baseline,UNVR.JK,2012,H1,1595.0,1475.751,1
Baseline,UNVR.JK,2013,H2,1545.0,1464.7812,0
Baseline,UNVR.JK,2014,H3,1560.0,1458.665,0
Baseline,UNVR.JK,2013,H1,1545.0,1566.5249,1
Baseline,UNVR.JK,2014,H2,1560.0,1554.3052,1
Baseline,UNVR.JK,2015,H3,1520.0,1538.3389,1
Baseline,UNVR.JK,2014,H1,1560.0,1546.48,1
Baseline,UNVR.JK,2015,H2,1520.0,1525.3853,1
Baseline,UNVR.JK,2016,H3,1515.0,1516.0078,1
Baseline,UNVR.JK,2015,H1,1520.0,1546.8076,1
Baseline,UNVR.JK,2016,H2,1515.0,1530.5381,1
Baseline,UNVR.JK,2017,H3,1580.0,1541.1582,0
Baseline,UNVR.JK,2016,H1,1515.0,1512.6772,1
Baseline,UNVR.JK,2017,H2,1580.0,1518.8115,0
Baseline,UNVR.JK,2018,H3,1575.0,1507.3789,0
Baseline,UNVR.JK,2017,H1,1580.0,1526.9502,1
Baseline,UNVR.JK,2018,H2,1575.0,1510.188,0
Baseline,UNVR.JK,2019,H3,1575.0,1500.9229,0
Baseline,UNVR.JK,2018,H1,1575.0,1594.273,0
Baseline,UNVR.JK,2019,H2,1575.0,1580.6543,0
Baseline,UNVR.JK,2020,H3,1570.0,1562.9185,1
Baseline,UNVR.JK,2019,H1,1575.0,1582.8286,0
Baseline,UNVR.JK,2020,H2,1570.0,1561.9058,1
Baseline,UNVR.JK,2021,H3,1560.0,1550.2383,1
Baseline,UNVR.JK,2020,H1,1570.0,1557.4854,1
Baseline,UNVR.JK,2021,H2,1560.0,1543.4805,1
Baseline,UNVR.JK,2022,H3,1575.0,1553.9673,0
Baseline,UNVR.JK,2021,H1,1560.0,1546.8013,1
Baseline,UNVR.JK,2022,H2,1575.0,1553.9785,0
Baseline,UNVR.JK,2023,H3,1510.0,1540.565,1
Baseline,UNVR.JK,2022,H1,1575.0,1560.1265,1
Baseline,UNVR.JK,2023,H2,1510.0,1542.8789,1
Baseline,UNVR.JK,2024,H3,1550.0,1533.0107,1
Baseline,UNVR.JK,2023,H1,1510.0,1566.5742,1
Baseline,UNVR.JK,2024,H2,1550.0,1554.0151,1
Baseline,UNVR.JK,2025,H3,1570.0,1535.7124,1
Baseline,UNVR.JK,2024,H1,1550.0,1536.6133,1
Baseline,UNVR.JK,2025,H2,1570.0,1517.2002,1
Baseline,UNVR.JK,2026,H3,1570.0,1507.0522,0
Baseline,UNVR.JK,2025,H1,1570.0,1562.6406,1
Baseline,UNVR.JK,2026,H2,1570.0,1549.6699,0
Baseline,UNVR.JK,2027,H3,1585.0,1560.0767,1
Baseline,UNVR.JK,2026,H1,1570.0,1571.0327,1
Baseline,UNVR.JK,2027,H2,1585.0,1578.5088,1
Baseline,UNVR.JK,2028,H3,1545.0,1564.0063,1
Baseline,UNVR.JK,2027,H1,1585.0,1577.3896,1
Baseline,UNVR.JK,2028,H2,1545.0,1561.0698,1
Baseline,UNVR.JK,2029,H3,1555.0,1551.0957,1
Baseline,UNVR.JK,2028,H1,1545.0,1576.0425,1
Baseline,UNVR.JK,2029,H2,1555.0,1563.8618,1
Baseline,UNVR.JK,2030,H3,1555.0,1545.8271,1
Baseline,UNVR.JK,2029,H1,1555.0,1551.9355,1
Baseline,UNVR.JK,2030,H2,1555.0,1532.3062,0
Baseline,UNVR.JK,2031,H3,1530.0,1522.3159,1
Baseline,UNVR.JK,2030,H1,1555.0,1545.4932,0
Baseline,UNVR.JK,2031,H2,1530.0,1532.5112,1
Baseline,UNVR.JK,2032,H3,1710.0,1549.5654,0
Baseline,UNVR.JK,2031,H1,1530.0,1531.9526,1
Baseline,UNVR.JK,2032,H2,1710.0,1546.6709,0
Baseline,UNVR.JK,2033,H3,1770.0,1530.6938,0
Baseline,UNVR.JK,2032,H1,1710.0,1535.8037,1
Baseline,UNVR.JK,2033,H2,1770.0,1516.8125,0
Baseline,UNVR.JK,2034,H3,1760.0,1508.3604,0
Baseline,UNVR.JK,2033,H1,1770.0,1729.3413,1
Baseline,UNVR.JK,2034,H2,1760.0,1720.4805,1
Baseline,UNVR.JK,2035,H3,1800.0,1706.6641,0
Baseline,UNVR.JK,2034,H1,1760.0,1784.3403,0
Baseline,UNVR.JK,2035,H2,1800.0,1762.2876,0
Baseline,UNVR.JK,2036,H3,1735.0,1759.0942,1
Baseline,UNVR.JK,2035,H1,1800.0,1739.145,0
Baseline,UNVR.JK,2036,H2,1735.0,1731.6738,1
Baseline,UNVR.JK,2037,H3,1765.0,1733.876,0
Baseline,UNVR.JK,2036,H1,1735.0,1774.3452,1
Baseline,UNVR.JK,2037,H2,1765.0,1771.5537,1
Baseline,UNVR.JK,2038,H3,1750.0,1755.3652,1
Baseline,UNVR.JK,2037,H1,1765.0,1738.958,1
Baseline,UNVR.JK,2038,H2,1750.0,1717.5366,0
Baseline,UNVR.JK,2039,H3,1760.0,1708.0581,0
Baseline,UNVR.JK,2038,H1,1750.0,1756.1797,1
Baseline,UNVR.JK,2039,H2,1760.0,1739.3574,1
Baseline,UNVR.JK,2040,H3,1790.0,1720.998,0
Baseline,UNVR.JK,2039,H1,1760.0,1730.9219,0
Baseline,UNVR.JK,2040,H2,1790.0,1708.0918,0
Baseline,UNVR.JK,2041,H3,1785.0,1705.6626,0
Baseline,UNVR.JK,2040,H1,1790.0,1729.6284,0
Baseline,UNVR.JK,2041,H2,1785.0,1721.9458,0
Baseline,UNVR.JK,2042,H3,1830.0,1724.4194,0
Baseline,UNVR.JK,2041,H1,1785.0,1755.0195,1
Baseline,UNVR.JK,2042,H2,1830.0,1752.5508,0
Baseline,UNVR.JK,2043,H3,1750.0,1736.7876,1
Baseline,UNVR.JK,2042,H1,1830.0,1754.8608,0
Baseline,UNVR.JK,2043,H2,1750.0,1734.6465,1
Baseline,UNVR.JK,2044,H3,1830.0,1717.1777,0
Baseline,UNVR.JK,2043,H1,1750.0,1796.021,1
Baseline,UNVR.JK,2044,H2,1830.0,1777.2671,0
Baseline,UNVR.JK,2045,H3,1805.0,1775.7207,1
Baseline,UNVR.JK,2044,H1,1830.0,1742.9912,0
Baseline,UNVR.JK,2045,H2,1805.0,1738.4976,0
Baseline,UNVR.JK,2046,H3,1815.0,1742.3428,0
Baseline,UNVR.JK,2045,H1,1805.0,1818.7212,1
Baseline,UNVR.JK,2046,H2,1815.0,1817.9629,1
Baseline,UNVR.JK,2047,H3,1770.0,1802.396,1
Baseline,UNVR.JK,2046,H1,1815.0,1795.2124,0
Baseline,UNVR.JK,2047,H2,1770.0,1775.5068,1
Baseline,UNVR.JK,2048,H3,1775.0,1766.437,1
Baseline,UNVR.JK,2047,H1,1770.0,1792.1377,1
Baseline,UNVR.JK,2048,H2,1775.0,1776.54,1
Baseline,UNVR.JK,2049,H3,1790.0,1759.4019,1
Baseline,UNVR.JK,2048,H1,1775.0,1756.1118,0
Baseline,UNVR.JK,2049,H2,1790.0,1733.6821,0
Baseline,UNVR.JK,2050,H3,1755.0,1732.2197,1
Baseline,UNVR.JK,2049,H1,1790.0,1742.5474,0
Baseline,UNVR.JK,2050,H2,1755.0,1736.333,1
Baseline,UNVR.JK,2051,H3,1750.0,1739.8872,1
Baseline,UNVR.JK,2050,H1,1755.0,1752.1826,1
Baseline,UNVR.JK,2051,H2,1750.0,1750.1465,1
Baseline,UNVR.JK,2052,H3,1700.0,1735.3403,1
Baseline,UNVR.JK,2051,H1,1750.0,1723.4644,1
Baseline,UNVR.JK,2052,H2,1700.0,1705.4316,1
Baseline,UNVR.JK,2053,H3,1700.0,1715.0103,1
Baseline,UNVR.JK,2052,H1,1700.0,1705.1929,1
Baseline,UNVR.JK,2053,H2,1700.0,1711.52,1
Baseline,UNVR.JK,2054,H3,1700.0,1694.271,1
Baseline,UNVR.JK,2053,H1,1700.0,1702.2266,1
Baseline,UNVR.JK,2054,H2,1700.0,1678.9277,0
Baseline,UNVR.JK,2055,H3,1710.0,1669.8389,0
Baseline,UNVR.JK,2054,H1,1700.0,1672.8257,0
Baseline,UNVR.JK,2055,H2,1710.0,1658.6333,0
Baseline,UNVR.JK,2056,H3,1705.0,1664.7856,0
Baseline,UNVR.JK,2055,H1,1710.0,1663.6694,0
Baseline,UNVR.JK,2056,H2,1705.0,1664.7026,0
Baseline,UNVR.JK,2057,H3,1695.0,1655.2759,1
Baseline,UNVR.JK,2056,H1,1705.0,1693.8442,1
Baseline,UNVR.JK,2057,H2,1695.0,1676.7773,1
Baseline,UNVR.JK,2058,H3,1655.0,1658.019,1
Baseline,UNVR.JK,2057,H1,1695.0,1688.5127,1
Baseline,UNVR.JK,2058,H2,1655.0,1664.561,1
Baseline,UNVR.JK,2059,H3,1700.0,1654.3462,1
Baseline,UNVR.JK,2058,H1,1655.0,1672.458,1
Baseline,UNVR.JK,2059,H2,1700.0,1657.2725,0
Baseline,UNVR.JK,2060,H3,1720.0,1662.044,0
Baseline,UNVR.JK,2059,H1,1700.0,1634.1294,0
Baseline,UNVR.JK,2060,H2,1720.0,1636.3496,0
Baseline,UNVR.JK,2061,H3,1695.0,1629.2319,0
Baseline,UNVR.JK,2060,H1,1720.0,1683.3335,0
Baseline,UNVR.JK,2061,H2,1695.0,1669.7651,1
Baseline,UNVR.JK,2062,H3,1690.0,1658.3867,1
Baseline,UNVR.JK,2061,H1,1695.0,1712.5713,1
Baseline,UNVR.JK,2062,H2,1690.0,1693.8091,1
Baseline,UNVR.JK,2063,H3,1740.0,1673.3428,0
Baseline,UNVR.JK,2062,H1,1690.0,1696.8105,0
Baseline,UNVR.JK,2063,H2,1740.0,1671.6084,0
Baseline,UNVR.JK,2064,H3,1735.0,1660.4551,0
Baseline,UNVR.JK,2063,H1,1740.0,1668.6172,0
Baseline,UNVR.JK,2064,H2,1735.0,1654.2534,0
Baseline,UNVR.JK,2065,H3,1710.0,1659.1787,0
Baseline,UNVR.JK,2064,H1,1735.0,1705.9375,1
Baseline,UNVR.JK,2065,H2,1710.0,1705.2627,1
Baseline,UNVR.JK,2066,H3,1715.0,1694.7651,1
Baseline,UNVR.JK,2065,H1,1710.0,1725.4888,1
Baseline,UNVR.JK,2066,H2,1715.0,1708.0254,1
Baseline,UNVR.JK,2067,H3,1715.0,1694.8589,1
Baseline,UNVR.JK,2066,H1,1715.0,1710.4336,1
Baseline,UNVR.JK,2067,H2,1715.0,1691.8037,0
Baseline,UNVR.JK,2068,H3,1775.0,1671.8916,0
Baseline,UNVR.JK,2067,H1,1715.0,1719.0503,1
Baseline,UNVR.JK,2068,H2,1775.0,1692.2188,0
Baseline,UNVR.JK,2069,H3,1735.0,1680.5015,0
Baseline,UNVR.JK,2068,H1,1775.0,1713.269,0
Baseline,UNVR.JK,2069,H2,1735.0,1694.437,0
Baseline,UNVR.JK,2070,H3,1735.0,1697.3115,0
Baseline,UNVR.JK,2069,H1,1735.0,1745.478,1
Baseline,UNVR.JK,2070,H2,1735.0,1743.9937,1
Baseline,UNVR.JK,2071,H3,1830.0,1732.2261,0
Baseline,UNVR.JK,2070,H1,1735.0,1735.0908,1
Baseline,UNVR.JK,2071,H2,1830.0,1717.8945,0
Baseline,UNVR.JK,2072,H3,1760.0,1704.8706,0
Baseline,UNVR.JK,2071,H1,1830.0,1716.8423,0
Baseline,UNVR.JK,2072,H2,1760.0,1698.4355,0
Baseline,UNVR.JK,2073,H3,1780.0,1668.9668,0
Baseline,UNVR.JK,2072,H1,1760.0,1835.1313,0
Baseline,UNVR.JK,2073,H2,1780.0,1802.3418,1
Baseline,UNVR.JK,2074,H3,1780.0,1776.2334,1
Baseline,UNVR.JK,2073,H1,1780.0,1775.8501,1
Baseline,UNVR.JK,2074,H2,1780.0,1738.5513,0
Baseline,UNVR.JK,2075,H3,1790.0,1747.751,0
Baseline,UNVR.JK,2074,H1,1780.0,1747.3364,0
Baseline,UNVR.JK,2075,H2,1790.0,1753.2793,0
Baseline,UNVR.JK,2076,H3,1835.0,1733.1089,0
Baseline,UNVR.JK,2075,H1,1790.0,1739.75,0
Baseline,UNVR.JK,2076,H2,1835.0,1714.5024,0
Baseline,UNVR.JK,2077,H3,1860.0,1704.1572,0
Baseline,UNVR.JK,2076,H1,1835.0,1732.8335,0
Baseline,UNVR.JK,2077,H2,1860.0,1718.1006,0
Baseline,UNVR.JK,2078,H3,1830.0,1705.7739,0
Baseline,UNVR.JK,2077,H1,1860.0,1783.2236,0
Baseline,UNVR.JK,2078,H2,1830.0,1765.1519,1
Baseline,UNVR.JK,2079,H3,1855.0,1756.5996,0
Baseline,UNVR.JK,2078,H1,1830.0,1807.1387,1
Baseline,UNVR.JK,2079,H2,1855.0,1791.1074,1
Baseline,UNVR.JK,2080,H3,1915.0,1802.0303,0
Baseline,UNVR.JK,2079,H1,1855.0,1768.3984,0
Baseline,UNVR.JK,2080,H2,1915.0,1775.0132,0
Baseline,UNVR.JK,2081,H3,1900.0,1754.4014,0
Baseline,UNVR.JK,2080,H1,1915.0,1811.7412,0
Baseline,UNVR.JK,2081,H2,1900.0,1783.4116,0
Baseline,UNVR.JK,2082,H3,1850.0,1771.6123,1
Baseline,UNVR.JK,2081,H1,1900.0,1876.7004,1
Baseline,UNVR.JK,2082,H2,1850.0,1858.1035,1
Baseline,UNVR.JK,2083,H3,1800.0,1846.0132,1
Baseline,UNVR.JK,2082,H1,1850.0,1868.5732,1
Baseline,UNVR.JK,2083,H2,1800.0,1847.1323,1
Baseline,UNVR.JK,2084,H3,1835.0,1837.5225,1
Baseline,UNVR.JK,2083,H1,1800.0,1811.4194,1
Baseline,UNVR.JK,2084,H2,1835.0,1796.1499,1
Baseline,UNVR.JK,2085,H3,1985.0,1808.5571,0
Baseline,UNVR.JK,2084,H1,1835.0,1766.6201,0
Baseline,UNVR.JK,2085,H2,1985.0,1773.3086,0
Baseline,UNVR.JK,2086,H3,1900.0,1753.4683,0
Baseline,UNVR.JK,2085,H1,1985.0,1822.8223,0
Baseline,UNVR.JK,2086,H2,1900.0,1793.8125,0
Baseline,UNVR.JK,2087,H3,2080.0,1782.0928,0
Baseline,UNVR.JK,2086,H1,1900.0,1988.187,0
Baseline,UNVR.JK,2087,H2,2080.0,1971.1172,0
Baseline,UNVR.JK,2088,H3,2050.0,1962.263,0
Baseline,UNVR.JK,2087,H1,2080.0,1920.4275,1
Baseline,UNVR.JK,2088,H2,2050.0,1903.5181,1
Baseline,UNVR.JK,2089,H3,2070.0,1895.8745,0
Baseline,UNVR.JK,2088,H1,2050.0,2125.9392,0
Baseline,UNVR.JK,2089,H2,2070.0,2113.6194,0
Baseline,UNVR.JK,2090,H3,2260.0,2126.8818,1
Baseline,UNVR.JK,2089,H1,2070.0,2071.7183,1
Baseline,UNVR.JK,2090,H2,2260.0,2077.5876,1
Baseline,UNVR.JK,2091,H3,2530.0,2051.4758,1
Baseline,UNVR.JK,2090,H1,2260.0,2088.9207,1
Baseline,UNVR.JK,2091,H2,2530.0,2056.7097,0
Baseline,UNVR.JK,2092,H3,2710.0,2043.5698,0
Baseline,UNVR.JK,2091,H1,2530.0,2246.6663,0
Baseline,UNVR.JK,2092,H2,2710.0,2223.5269,0
Baseline,UNVR.JK,2093,H3,2490.0,2213.7422,0
Baseline,UNVR.JK,2092,H1,2710.0,2602.2788,1
Baseline,UNVR.JK,2093,H2,2490.0,2588.0676,0
Baseline,UNVR.JK,2094,H3,2580.0,2580.4082,1
Baseline,UNVR.JK,2093,H1,2490.0,2766.4817,0
Baseline,UNVR.JK,2094,H2,2580.0,2750.4055,0
Baseline,UNVR.JK,2095,H3,2560.0,2758.175,0
Baseline,UNVR.JK,2094,H1,2580.0,2580.2124,1
Baseline,UNVR.JK,2095,H2,2560.0,2584.7095,1
Baseline,UNVR.JK,2096,H3,2580.0,2549.6604,1
Baseline,UNVR.JK,2095,H1,2560.0,2642.3586,0
Baseline,UNVR.JK,2096,H2,2580.0,2593.109,0
Baseline,UNVR.JK,2097,H3,2670.0,2619.023,1
Baseline,UNVR.JK,2096,H1,2580.0,2588.2683,1
Baseline,UNVR.JK,2097,H2,2670.0,2599.208,1
Baseline,UNVR.JK,2098,H3,2690.0,2588.7437,1
Baseline,UNVR.JK,2097,H1,2670.0,2647.004,1
Baseline,UNVR.JK,2098,H2,2690.0,2624.8838,1
Baseline,UNVR.JK,2099,H3,2690.0,2626.0698,1
Baseline,UNVR.JK,2098,H1,2690.0,2710.0737,1
Baseline,UNVR.JK,2099,H2,2690.0,2696.6587,1
Baseline,UNVR.JK,2100,H3,2620.0,2700.7366,0
Baseline,UNVR.JK,2099,H1,2690.0,2715.2056,0
Baseline,UNVR.JK,2100,H2,2620.0,2707.792,0
Baseline,UNVR.JK,2101,H3,2530.0,2687.3098,1
Baseline,UNVR.JK,2100,H1,2620.0,2721.2998,0
Baseline,UNVR.JK,2101,H2,2530.0,2686.5564,1
Baseline,UNVR.JK,2102,H3,2530.0,2677.9915,1
Baseline,UNVR.JK,2101,H1,2530.0,2654.756,0
Baseline,UNVR.JK,2102,H2,2530.0,2630.631,0
Baseline,UNVR.JK,2103,H3,2490.0,2625.576,0
Baseline,UNVR.JK,2102,H1,2530.0,2591.2703,0
Baseline,UNVR.JK,2103,H2,2490.0,2568.5103,0
Baseline,UNVR.JK,2104,H3,2550.0,2573.479,1
Baseline,UNVR.JK,2103,H1,2490.0,2566.2632,0
Baseline,UNVR.JK,2104,H2,2550.0,2555.2107,1
Baseline,UNVR.JK,2105,H3,2490.0,2562.228,0
Baseline,UNVR.JK,2104,H1,2550.0,2515.555,1
Baseline,UNVR.JK,2105,H2,2490.0,2509.4177,0
Baseline,UNVR.JK,2106,H3,2510.0,2493.3105,1
Baseline,UNVR.JK,2105,H1,2490.0,2575.211,0
Baseline,UNVR.JK,2106,H2,2510.0,2544.2256,1
Baseline,UNVR.JK,2107,H3,2590.0,2538.072,0
Baseline,UNVR.JK,2106,H1,2510.0,2514.6404,1
Baseline,UNVR.JK,2107,H2,2590.0,2492.375,1
Baseline,UNVR.JK,2108,H3,2510.0,2486.7356,0
Baseline,UNVR.JK,2107,H1,2590.0,2513.8267,1
Baseline,UNVR.JK,2108,H2,2510.0,2492.47,0
Baseline,UNVR.JK,2109,H3,2580.0,2497.2622,0
Baseline,UNVR.JK,2108,H1,2510.0,2588.029,1
Baseline,UNVR.JK,2109,H2,2580.0,2577.8135,1
Baseline,UNVR.JK,2110,H3,2600.0,2585.276,0
Baseline,UNVR.JK,2109,H1,2580.0,2530.3818,1
Baseline,UNVR.JK,2110,H2,2600.0,2524.0432,1
Baseline,UNVR.JK,2111,H3,2540.0,2507.5608,0
Baseline,UNVR.JK,2110,H1,2600.0,2612.8342,1
Baseline,UNVR.JK,2111,H2,2540.0,2580.5388,0
Baseline,UNVR.JK,2112,H3,2670.0,2573.4592,0
Baseline,UNVR.JK,2111,H1,2540.0,2618.8438,0
Baseline,UNVR.JK,2112,H2,2670.0,2595.018,0
Baseline,UNVR.JK,2113,H3,2630.0,2590.4485,0
Baseline,UNVR.JK,2112,H1,2670.0,2572.2007,1
Baseline,UNVR.JK,2113,H2,2630.0,2550.4233,1
Baseline,UNVR.JK,2114,H3,2600.0,2554.855,1
Baseline,UNVR.JK,2113,H1,2630.0,2697.8193,0
Baseline,UNVR.JK,2114,H2,2600.0,2687.678,0
Baseline,UNVR.JK,2115,H3,2600.0,2695.4385,0
Baseline,UNVR.JK,2114,H1,2600.0,2681.6309,0
Baseline,UNVR.JK,2115,H2,2600.0,2672.6262,0
Baseline,UNVR.JK,2116,H3,2600.0,2654.223,0
Baseline,UNVR.JK,2115,H1,2600.0,2657.0015,0
Baseline,UNVR.JK,2116,H2,2600.0,2622.8662,0
Baseline,UNVR.JK,2117,H3,2620.0,2609.8328,1
Baseline,UNVR.JK,2116,H1,2600.0,2640.8066,0
Baseline,UNVR.JK,2117,H2,2620.0,2611.5627,1
Baseline,UNVR.JK,2118,H3,2650.0,2601.856,1
Baseline,UNVR.JK,2117,H1,2620.0,2652.35,1
Baseline,UNVR.JK,2118,H2,2650.0,2622.1797,1
Baseline,UNVR.JK,2119,H3,2770.0,2618.705,1
Baseline,UNVR.JK,2118,H1,2650.0,2654.4817,1
Baseline,UNVR.JK,2119,H2,2770.0,2631.425,1
Baseline,UNVR.JK,2120,H3,2770.0,2638.782,1
Baseline,UNVR.JK,2119,H1,2770.0,2670.68,1
Baseline,UNVR.JK,2120,H2,2770.0,2660.9116,1
Baseline,UNVR.JK,2121,H3,2710.0,2638.326,0
Baseline,UNVR.JK,2120,H1,2770.0,2780.028,0
Baseline,UNVR.JK,2121,H2,2710.0,2741.9875,1
Baseline,UNVR.JK,2122,H3,2620.0,2731.0278,1
Baseline,UNVR.JK,2121,H1,2710.0,2757.3564,1
Baseline,UNVR.JK,2122,H2,2620.0,2727.7266,1
Baseline,UNVR.JK,2123,H3,2670.0,2720.4143,1
Baseline,UNVR.JK,2122,H1,2620.0,2723.2585,0
Baseline,UNVR.JK,2123,H2,2670.0,2693.7734,1
Baseline,UNVR.JK,2124,H3,2730.0,2690.9377,0
Baseline,UNVR.JK,2123,H1,2670.0,2660.9583,1
Baseline,UNVR.JK,2124,H2,2730.0,2638.512,1
Baseline,UNVR.JK,2125,H3,2640.0,2646.5684,1
Baseline,UNVR.JK,2124,H1,2730.0,2686.0884,1
Baseline,UNVR.JK,2125,H2,2640.0,2678.3716,0
Baseline,UNVR.JK,2126,H3,2630.0,2656.4167,1
Baseline,UNVR.JK,2125,H1,2640.0,2746.8987,0
Baseline,UNVR.JK,2126,H2,2630.0,2705.8914,1
Baseline,UNVR.JK,2127,H3,2580.0,2694.2686,1
Baseline,UNVR.JK,2126,H1,2630.0,2659.277,0
Baseline,UNVR.JK,2127,H2,2580.0,2628.9849,1
Baseline,UNVR.JK,2128,H3,2710.0,2620.5864,0
Baseline,UNVR.JK,2127,H1,2580.0,2637.477,0
Baseline,UNVR.JK,2128,H2,2710.0,2608.145,0
Baseline,UNVR.JK,2129,H3,2630.0,2605.799,0
Baseline,UNVR.JK,2128,H1,2710.0,2597.2273,1
Baseline,UNVR.JK,2129,H2,2630.0,2574.6558,0
Baseline,UNVR.JK,2130,H3,2650.0,2583.2205,1
Baseline,UNVR.JK,2129,H1,2630.0,2697.4033,1
Baseline,UNVR.JK,2130,H2,2650.0,2691.7283,1
Baseline,UNVR.JK,2131,H3,2770.0,2670.887,0
Baseline,UNVR.JK,2130,H1,2650.0,2659.9863,1
Baseline,UNVR.JK,2131,H2,2770.0,2619.189,0
Baseline,UNVR.JK,2132,H3,2700.0,2607.4084,0
Baseline,UNVR.JK,2131,H1,2770.0,2644.857,0
Baseline,UNVR.JK,2132,H2,2700.0,2613.9785,0
Baseline,UNVR.JK,2133,H3,2610.0,2605.9763,1
Baseline,UNVR.JK,2132,H1,2700.0,2751.6455,1
Baseline,UNVR.JK,2133,H2,2610.0,2728.3933,1
Baseline,UNVR.JK,2134,H3,2600.0,2728.0417,1
Baseline,UNVR.JK,2133,H1,2610.0,2718.1401,0
Baseline,UNVR.JK,2134,H2,2600.0,2696.1108,1
Baseline,UNVR.JK,2135,H3,2600.0,2686.8032,1
Baseline,UNVR.JK,2134,H1,2600.0,2637.2515,0
Baseline,UNVR.JK,2135,H2,2600.0,2612.2397,0
Baseline,UNVR.JK,2136,H3,2600.0,2602.8247,1
Baseline,UNVR.JK,2135,H1,2600.0,2618.2646,0
Baseline,UNVR.JK,2136,H2,2600.0,2589.1758,0
Baseline,UNVR.JK,2137,H3,2620.0,2556.2922,0
Baseline,UNVR.JK,2136,H1,2600.0,2601.1235,1
Baseline,UNVR.JK,2137,H2,2620.0,2550.8914,0
Baseline,UNVR.JK,2138,H3,2580.0,2540.7036,1
Baseline,UNVR.JK,2137,H1,2620.0,2562.027,0
Baseline,UNVR.JK,2138,H2,2580.0,2535.4194,1
Baseline,UNVR.JK,2139,H3,2610.0,2522.7598,0
Baseline,UNVR.JK,2138,H1,2580.0,2611.608,1
Baseline,UNVR.JK,2139,H2,2610.0,2580.7153,1
Baseline,UNVR.JK,2140,H3,2600.0,2581.5347,1
Baseline,UNVR.JK,2139,H1,2610.0,2579.7021,0
Baseline,UNVR.JK,2140,H2,2600.0,2563.749,0
Baseline,UNVR.JK,2141,H3,2620.0,2561.125,0
Baseline,UNVR.JK,2140,H1,2600.0,2615.8408,0
Baseline,UNVR.JK,2141,H2,2620.0,2597.7898,0
Baseline,UNVR.JK,2142,H3,2620.0,2586.2915,0
Baseline,UNVR.JK,2141,H1,2620.0,2603.2925,1
Baseline,UNVR.JK,2142,H2,2620.0,2575.783,0
Baseline,UNVR.JK,2143,H3,2600.0,2565.9883,0
Baseline,UNVR.JK,2142,H1,2620.0,2600.0103,0
Baseline,UNVR.JK,2143,H2,2600.0,2575.1797,1
Baseline,UNVR.JK,2144,H3,2600.0,2564.0737,1
Baseline,UNVR.JK,2143,H1,2600.0,2610.3994,1
Baseline,UNVR.JK,2144,H2,2600.0,2580.695,1
Baseline,UNVR.JK,2145,H3,2580.0,2581.575,1
