Model,ticker,time_idx,horizon,y_true,y_pred,correct_dir
Hybrid,ASII.JK,1820,H1,5125.0,5126.2554,1
Hybrid,ASII.JK,1821,H2,5050.0,5127.0728,1
Hybrid,ASII.JK,1822,H3,5075.0,5120.057,1
Hybrid,ASII.JK,1821,H1,5050.0,5110.2075,1
Hybrid,ASII.JK,1822,H2,5075.0,5101.263,1
Hybrid,ASII.JK,1823,H3,5050.0,5097.5444,1
Hybrid,ASII.JK,1822,H1,5075.0,5101.0283,1
Hybrid,ASII.JK,1823,H2,5050.0,5093.437,0
Hybrid,ASII.JK,1824,H3,5025.0,5080.827,0
Hybrid,ASII.JK,1823,H1,5050.0,5076.08,0
Hybrid,ASII.JK,1824,H2,5025.0,5060.033,1
Hybrid,ASII.JK,1825,H3,5025.0,5056.4663,1
Hybrid,ASII.JK,1824,H1,5025.0,5047.1035,1
Hybrid,ASII.JK,1825,H2,5025.0,5043.8237,1
Hybrid,ASII.JK,1826,H3,5025.0,5048.4946,1
Hybrid,ASII.JK,1825,H1,5025.0,5015.868,0
Hybrid,ASII.JK,1826,H2,5025.0,5022.5684,1
Hybrid,ASII.JK,1827,H3,5025.0,5008.531,0
Hybrid,ASII.JK,1826,H1,5025.0,5000.2466,0
Hybrid,ASII.JK,1827,H2,5025.0,4991.379,0
Hybrid,ASII.JK,1828,H3,5075.0,4988.4487,0
Hybrid,ASII.JK,1827,H1,5025.0,4989.413,0
Hybrid,ASII.JK,1828,H2,5075.0,4988.4434,0
Hybrid,ASII.JK,1829,H3,5075.0,4979.5894,0
Hybrid,ASII.JK,1828,H1,5075.0,4997.468,0
Hybrid,ASII.JK,1829,H2,5075.0,4990.7515,0
Hybrid,ASII.JK,1830,H3,5250.0,4995.591,0
Hybrid,ASII.JK,1829,H1,5075.0,5025.8257,0
Hybrid,ASII.JK,1830,H2,5250.0,5037.2637,0
Hybrid,ASII.JK,1831,H3,5275.0,5026.438,0
Hybrid,ASII.JK,1830,H1,5250.0,5087.7188,1
Hybrid,ASII.JK,1831,H2,5275.0,5084.159,1
Hybrid,ASII.JK,1832,H3,5225.0,5085.4346,1
Hybrid,ASII.JK,1831,H1,5275.0,5211.0615,0
Hybrid,ASII.JK,1832,H2,5225.0,5203.4834,1
Hybrid,ASII.JK,1833,H3,5225.0,5197.36,1
Hybrid,ASII.JK,1832,H1,5225.0,5164.04,1
Hybrid,ASII.JK,1833,H2,5225.0,5147.9995,1
Hybrid,ASII.JK,1834,H3,5275.0,5149.4663,0
Hybrid,ASII.JK,1833,H1,5225.0,5260.3213,0
Hybrid,ASII.JK,1834,H2,5275.0,5251.0435,1
Hybrid,ASII.JK,1835,H3,5225.0,5258.127,0
Hybrid,ASII.JK,1834,H1,5275.0,5163.327,0
Hybrid,ASII.JK,1835,H2,5225.0,5159.921,0
Hybrid,ASII.JK,1836,H3,5250.0,5144.855,0
Hybrid,ASII.JK,1835,H1,5225.0,5191.0884,1
Hybrid,ASII.JK,1836,H2,5250.0,5174.189,1
Hybrid,ASII.JK,1837,H3,5100.0,5169.286,1
Hybrid,ASII.JK,1836,H1,5250.0,5142.8164,0
Hybrid,ASII.JK,1837,H2,5100.0,5135.204,1
Hybrid,ASII.JK,1838,H3,5050.0,5080.7886,1
Hybrid,ASII.JK,1837,H1,5100.0,5143.145,1
Hybrid,ASII.JK,1838,H2,5050.0,5095.3516,1
Hybrid,ASII.JK,1839,H3,5175.0,5143.55,1
Hybrid,ASII.JK,1838,H1,5050.0,5031.8657,1
Hybrid,ASII.JK,1839,H2,5175.0,5079.753,0
Hybrid,ASII.JK,1840,H3,5150.0,5085.671,0
Hybrid,ASII.JK,1839,H1,5175.0,5158.201,1
Hybrid,ASII.JK,1840,H2,5150.0,5162.9844,1
Hybrid,ASII.JK,1841,H3,5250.0,5159.084,1
Hybrid,ASII.JK,1840,H1,5150.0,5250.944,0
Hybrid,ASII.JK,1841,H2,5250.0,5233.1387,1
Hybrid,ASII.JK,1842,H3,5150.0,5237.992,0
Hybrid,ASII.JK,1841,H1,5250.0,5124.748,0
Hybrid,ASII.JK,1842,H2,5150.0,5114.1875,0
Hybrid,ASII.JK,1843,H3,5100.0,5101.794,1
Hybrid,ASII.JK,1842,H1,5150.0,5184.1997,1
Hybrid,ASII.JK,1843,H2,5100.0,5161.3945,1
Hybrid,ASII.JK,1844,H3,5225.0,5162.6475,1
Hybrid,ASII.JK,1843,H1,5100.0,5030.1035,1
Hybrid,ASII.JK,1844,H2,5225.0,5027.1406,0
Hybrid,ASII.JK,1845,H3,5075.0,5032.918,1
Hybrid,ASII.JK,1844,H1,5225.0,5092.762,0
Hybrid,ASII.JK,1845,H2,5075.0,5099.383,1
Hybrid,ASII.JK,1846,H3,5125.0,5094.257,0
Hybrid,ASII.JK,1845,H1,5075.0,5174.8423,1
Hybrid,ASII.JK,1846,H2,5125.0,5171.641,1
Hybrid,ASII.JK,1847,H3,5075.0,5181.105,1
Hybrid,ASII.JK,1846,H1,5125.0,5069.0127,0
Hybrid,ASII.JK,1847,H2,5075.0,5079.0664,1
Hybrid,ASII.JK,1848,H3,4930.0,5075.1797,0
Hybrid,ASII.JK,1847,H1,5075.0,5090.7275,1
Hybrid,ASII.JK,1848,H2,4930.0,5083.4116,1
Hybrid,ASII.JK,1849,H3,4930.0,5090.23,1
Hybrid,ASII.JK,1848,H1,4930.0,4978.301,1
Hybrid,ASII.JK,1849,H2,4930.0,4985.538,1
Hybrid,ASII.JK,1850,H3,4960.0,4998.8774,1
Hybrid,ASII.JK,1849,H1,4930.0,4900.2295,0
Hybrid,ASII.JK,1850,H2,4960.0,4919.241,0
Hybrid,ASII.JK,1851,H3,4950.0,4919.71,0
Hybrid,ASII.JK,1850,H1,4960.0,4944.7285,1
Hybrid,ASII.JK,1851,H2,4950.0,4946.8066,1
Hybrid,ASII.JK,1852,H3,4920.0,4959.7397,0
Hybrid,ASII.JK,1851,H1,4950.0,4969.1055,0
Hybrid,ASII.JK,1852,H2,4920.0,4978.1475,0
Hybrid,ASII.JK,1853,H3,5100.0,4981.881,1
Hybrid,ASII.JK,1852,H1,4920.0,4955.792,0
Hybrid,ASII.JK,1853,H2,5100.0,4953.279,1
Hybrid,ASII.JK,1854,H3,5275.0,4963.113,1
Hybrid,ASII.JK,1853,H1,5100.0,4975.5024,1
Hybrid,ASII.JK,1854,H2,5275.0,4983.9062,1
Hybrid,ASII.JK,1855,H3,5300.0,5001.873,1
Hybrid,ASII.JK,1854,H1,5275.0,5165.418,1
Hybrid,ASII.JK,1855,H2,5300.0,5186.7334,1
Hybrid,ASII.JK,1856,H3,5275.0,5198.718,1
Hybrid,ASII.JK,1855,H1,5300.0,5201.62,0
Hybrid,ASII.JK,1856,H2,5275.0,5195.0977,0
Hybrid,ASII.JK,1857,H3,5225.0,5206.389,1
Hybrid,ASII.JK,1856,H1,5275.0,5176.8047,1
Hybrid,ASII.JK,1857,H2,5225.0,5162.456,1
Hybrid,ASII.JK,1858,H3,5250.0,5166.4224,1
Hybrid,ASII.JK,1857,H1,5225.0,5164.194,1
Hybrid,ASII.JK,1858,H2,5250.0,5143.493,1
Hybrid,ASII.JK,1859,H3,5125.0,5135.6836,1
Hybrid,ASII.JK,1858,H1,5250.0,5129.544,0
Hybrid,ASII.JK,1859,H2,5125.0,5111.498,1
Hybrid,ASII.JK,1860,H3,5200.0,5111.323,1
Hybrid,ASII.JK,1859,H1,5125.0,5202.2783,1
Hybrid,ASII.JK,1860,H2,5200.0,5192.452,1
Hybrid,ASII.JK,1861,H3,5100.0,5134.2236,1
Hybrid,ASII.JK,1860,H1,5200.0,5134.437,1
Hybrid,ASII.JK,1861,H2,5100.0,5055.4175,1
Hybrid,ASII.JK,1862,H3,5075.0,5122.7437,1
Hybrid,ASII.JK,1861,H1,5100.0,5130.143,1
Hybrid,ASII.JK,1862,H2,5075.0,5185.9937,1
Hybrid,ASII.JK,1863,H3,5125.0,5173.9653,1
Hybrid,ASII.JK,1862,H1,5075.0,5143.189,0
Hybrid,ASII.JK,1863,H2,5125.0,5104.5596,1
Hybrid,ASII.JK,1864,H3,5175.0,5099.721,0
Hybrid,ASII.JK,1863,H1,5125.0,5070.0303,0
Hybrid,ASII.JK,1864,H2,5175.0,5048.4727,0
Hybrid,ASII.JK,1865,H3,5050.0,5047.4053,1
Hybrid,ASII.JK,1864,H1,5175.0,5094.8525,0
Hybrid,ASII.JK,1865,H2,5050.0,5082.5034,1
Hybrid,ASII.JK,1866,H3,5000.0,5064.9004,1
Hybrid,ASII.JK,1865,H1,5050.0,5058.947,1
Hybrid,ASII.JK,1866,H2,5000.0,5032.1123,1
Hybrid,ASII.JK,1867,H3,4960.0,5032.338,1
Hybrid,ASII.JK,1866,H1,5000.0,4989.52,1
Hybrid,ASII.JK,1867,H2,4960.0,4983.5195,1
Hybrid,ASII.JK,1868,H3,4970.0,4967.6973,1
Hybrid,ASII.JK,1867,H1,4960.0,4972.7817,1
Hybrid,ASII.JK,1868,H2,4970.0,4952.235,1
Hybrid,ASII.JK,1869,H3,4970.0,4952.381,1
Hybrid,ASII.JK,1868,H1,4970.0,4928.2915,0
Hybrid,ASII.JK,1869,H2,4970.0,4924.3994,0
Hybrid,ASII.JK,1870,H3,5025.0,4928.7217,0
Hybrid,ASII.JK,1869,H1,4970.0,4920.0977,0
Hybrid,ASII.JK,1870,H2,5025.0,4923.493,0
Hybrid,ASII.JK,1871,H3,4950.0,4912.9062,1
Hybrid,ASII.JK,1870,H1,5025.0,4923.8887,0
Hybrid,ASII.JK,1871,H2,4950.0,4910.0273,1
Hybrid,ASII.JK,1872,H3,4940.0,4914.6084,1
Hybrid,ASII.JK,1871,H1,4950.0,4949.6104,1
Hybrid,ASII.JK,1872,H2,4940.0,4950.287,1
Hybrid,ASII.JK,1873,H3,4930.0,4944.0815,1
Hybrid,ASII.JK,1872,H1,4940.0,4918.9375,1
Hybrid,ASII.JK,1873,H2,4930.0,4906.849,1
Hybrid,ASII.JK,1874,H3,4970.0,4912.463,0
Hybrid,ASII.JK,1873,H1,4930.0,4933.157,1
Hybrid,ASII.JK,1874,H2,4970.0,4932.0767,0
Hybrid,ASII.JK,1875,H3,5000.0,4940.172,1
Hybrid,ASII.JK,1874,H1,4970.0,4918.377,0
Hybrid,ASII.JK,1875,H2,5000.0,4922.4014,0
Hybrid,ASII.JK,1876,H3,4890.0,4912.081,1
Hybrid,ASII.JK,1875,H1,5000.0,4950.6943,0
Hybrid,ASII.JK,1876,H2,4890.0,4937.783,1
Hybrid,ASII.JK,1877,H3,4910.0,4941.3916,1
Hybrid,ASII.JK,1876,H1,4890.0,4957.535,1
Hybrid,ASII.JK,1877,H2,4910.0,4956.167,1
Hybrid,ASII.JK,1878,H3,5175.0,4949.2607,0
Hybrid,ASII.JK,1877,H1,4910.0,4906.392,1
Hybrid,ASII.JK,1878,H2,5175.0,4895.3247,1
Hybrid,ASII.JK,1879,H3,5150.0,4898.6855,1
Hybrid,ASII.JK,1878,H1,5175.0,4906.084,0
Hybrid,ASII.JK,1879,H2,5150.0,4907.379,0
Hybrid,ASII.JK,1880,H3,5125.0,4906.559,0
Hybrid,ASII.JK,1879,H1,5150.0,5095.591,1
Hybrid,ASII.JK,1880,H2,5125.0,5108.692,1
Hybrid,ASII.JK,1881,H3,5100.0,5124.692,1
Hybrid,ASII.JK,1880,H1,5125.0,5066.7847,1
Hybrid,ASII.JK,1881,H2,5100.0,5070.494,1
Hybrid,ASII.JK,1882,H3,4940.0,5062.3623,1
Hybrid,ASII.JK,1881,H1,5100.0,5080.451,1
Hybrid,ASII.JK,1882,H2,4940.0,5067.941,1
Hybrid,ASII.JK,1883,H3,5125.0,5075.472,0
Hybrid,ASII.JK,1882,H1,4940.0,5069.4375,1
Hybrid,ASII.JK,1883,H2,5125.0,5082.0386,0
Hybrid,ASII.JK,1884,H3,5225.0,5090.1846,0
Hybrid,ASII.JK,1883,H1,5125.0,4948.8394,1
Hybrid,ASII.JK,1884,H2,5225.0,4963.1104,1
Hybrid,ASII.JK,1885,H3,5200.0,4946.1743,1
Hybrid,ASII.JK,1884,H1,5225.0,5047.0386,0
Hybrid,ASII.JK,1885,H2,5200.0,5040.382,0
Hybrid,ASII.JK,1886,H3,5150.0,5047.7695,0
Hybrid,ASII.JK,1885,H1,5200.0,5117.0107,1
Hybrid,ASII.JK,1886,H2,5150.0,5122.505,1
Hybrid,ASII.JK,1887,H3,5225.0,5122.024,0
Hybrid,ASII.JK,1886,H1,5150.0,5137.1978,1
Hybrid,ASII.JK,1887,H2,5225.0,5135.2964,0
Hybrid,ASII.JK,1888,H3,5225.0,5142.589,0
Hybrid,ASII.JK,1887,H1,5225.0,5116.484,0
Hybrid,ASII.JK,1888,H2,5225.0,5121.8867,0
Hybrid,ASII.JK,1889,H3,5250.0,5131.0264,0
Hybrid,ASII.JK,1888,H1,5225.0,5176.553,0
Hybrid,ASII.JK,1889,H2,5250.0,5182.2183,0
Hybrid,ASII.JK,1890,H3,5100.0,5177.136,1
Hybrid,ASII.JK,1889,H1,5250.0,5174.3564,0
Hybrid,ASII.JK,1890,H2,5100.0,5166.1904,1
Hybrid,ASII.JK,1891,H3,5125.0,5171.124,1
Hybrid,ASII.JK,1890,H1,5100.0,5193.703,1
Hybrid,ASII.JK,1891,H2,5125.0,5193.995,1
Hybrid,ASII.JK,1892,H3,5125.0,5188.7744,1
Hybrid,ASII.JK,1891,H1,5125.0,5112.145,1
Hybrid,ASII.JK,1892,H2,5125.0,5101.456,1
Hybrid,ASII.JK,1893,H3,4980.0,5103.6753,0
Hybrid,ASII.JK,1892,H1,5125.0,5101.7637,0
Hybrid,ASII.JK,1893,H2,4980.0,5104.6157,1
Hybrid,ASII.JK,1894,H3,5000.0,5111.8955,1
Hybrid,ASII.JK,1893,H1,4980.0,5083.1577,1
Hybrid,ASII.JK,1894,H2,5000.0,5094.0635,1
Hybrid,ASII.JK,1895,H3,4880.0,5082.9824,1
Hybrid,ASII.JK,1894,H1,5000.0,5001.9805,1
Hybrid,ASII.JK,1895,H2,4880.0,4993.257,0
Hybrid,ASII.JK,1896,H3,4870.0,4997.622,0
Hybrid,ASII.JK,1895,H1,4880.0,4982.028,1
Hybrid,ASII.JK,1896,H2,4870.0,4988.8916,1
Hybrid,ASII.JK,1897,H3,4950.0,4980.655,1
Hybrid,ASII.JK,1896,H1,4870.0,4914.7266,0
Hybrid,ASII.JK,1897,H2,4950.0,4909.492,1
Hybrid,ASII.JK,1898,H3,4880.0,4914.556,0
Hybrid,ASII.JK,1897,H1,4950.0,4898.6904,1
Hybrid,ASII.JK,1898,H2,4880.0,4909.507,1
Hybrid,ASII.JK,1899,H3,4930.0,4916.441,1
Hybrid,ASII.JK,1898,H1,4880.0,4937.8926,1
Hybrid,ASII.JK,1899,H2,4930.0,4951.8945,0
Hybrid,ASII.JK,1900,H3,4900.0,4942.669,1
Hybrid,ASII.JK,1899,H1,4930.0,4889.4277,1
Hybrid,ASII.JK,1900,H2,4900.0,4888.876,1
Hybrid,ASII.JK,1901,H3,4950.0,4884.423,1
Hybrid,ASII.JK,1900,H1,4900.0,4921.2915,1
Hybrid,ASII.JK,1901,H2,4950.0,4924.213,0
Hybrid,ASII.JK,1902,H3,4950.0,4924.3804,0
Hybrid,ASII.JK,1901,H1,4950.0,4844.8315,0
Hybrid,ASII.JK,1902,H2,4950.0,4846.5195,0
Hybrid,ASII.JK,1903,H3,4860.0,4842.4297,1
Hybrid,ASII.JK,1902,H1,4950.0,4913.3555,0
Hybrid,ASII.JK,1903,H2,4860.0,4910.419,1
Hybrid,ASII.JK,1904,H3,4920.0,4914.917,1
Hybrid,ASII.JK,1903,H1,4860.0,4913.2925,1
Hybrid,ASII.JK,1904,H2,4920.0,4918.3525,1
Hybrid,ASII.JK,1905,H3,4810.0,4928.0645,1
Hybrid,ASII.JK,1904,H1,4920.0,4846.1733,0
Hybrid,ASII.JK,1905,H2,4810.0,4856.9756,1
Hybrid,ASII.JK,1906,H3,4930.0,4852.739,0
Hybrid,ASII.JK,1905,H1,4810.0,4900.373,1
Hybrid,ASII.JK,1906,H2,4930.0,4896.3027,0
Hybrid,ASII.JK,1907,H3,4900.0,4901.6294,1
Hybrid,ASII.JK,1906,H1,4930.0,4838.6426,1
Hybrid,ASII.JK,1907,H2,4900.0,4839.162,1
Hybrid,ASII.JK,1908,H3,4750.0,4837.1353,0
Hybrid,ASII.JK,1907,H1,4900.0,4901.2725,1
Hybrid,ASII.JK,1908,H2,4750.0,4896.8467,1
Hybrid,ASII.JK,1909,H3,4750.0,4904.2354,1
Hybrid,ASII.JK,1908,H1,4750.0,4832.2637,1
Hybrid,ASII.JK,1909,H2,4750.0,4835.327,1
Hybrid,ASII.JK,1910,H3,4940.0,4844.581,0
Hybrid,ASII.JK,1909,H1,4750.0,4772.2583,0
Hybrid,ASII.JK,1910,H2,4940.0,4783.17,1
Hybrid,ASII.JK,1911,H3,4880.0,4786.2256,1
Hybrid,ASII.JK,1910,H1,4940.0,4792.616,1
Hybrid,ASII.JK,1911,H2,4880.0,4786.218,1
Hybrid,ASII.JK,1912,H3,4940.0,4796.775,1
Hybrid,ASII.JK,1911,H1,4880.0,4863.6855,1
Hybrid,ASII.JK,1912,H2,4940.0,4861.8525,0
Hybrid,ASII.JK,1913,H3,4910.0,4868.142,1
Hybrid,ASII.JK,1912,H1,4940.0,4854.0654,0
Hybrid,ASII.JK,1913,H2,4910.0,4845.7344,0
Hybrid,ASII.JK,1914,H3,4910.0,4855.532,0
Hybrid,ASII.JK,1913,H1,4910.0,4883.536,1
Hybrid,ASII.JK,1914,H2,4910.0,4885.1777,1
Hybrid,ASII.JK,1915,H3,4960.0,4901.393,0
Hybrid,ASII.JK,1914,H1,4910.0,4858.283,0
Hybrid,ASII.JK,1915,H2,4960.0,4866.708,0
Hybrid,ASII.JK,1916,H3,4900.0,4861.744,1
Hybrid,ASII.JK,1915,H1,4960.0,4859.532,0
Hybrid,ASII.JK,1916,H2,4900.0,4858.347,1
Hybrid,ASII.JK,1917,H3,4870.0,4862.408,1
Hybrid,ASII.JK,1916,H1,4900.0,4876.99,1
Hybrid,ASII.JK,1917,H2,4870.0,4887.367,1
Hybrid,ASII.JK,1918,H3,4780.0,4889.7666,1
Hybrid,ASII.JK,1917,H1,4870.0,4841.289,1
Hybrid,ASII.JK,1918,H2,4780.0,4858.0024,1
Hybrid,ASII.JK,1919,H3,4800.0,4838.344,1
Hybrid,ASII.JK,1918,H1,4780.0,4757.531,1
Hybrid,ASII.JK,1919,H2,4800.0,4769.469,1
Hybrid,ASII.JK,1920,H3,4760.0,4826.802,1
Hybrid,ASII.JK,1919,H1,4800.0,4701.5996,0
Hybrid,ASII.JK,1920,H2,4760.0,4802.3184,0
Hybrid,ASII.JK,1921,H3,4800.0,4803.657,1
Hybrid,ASII.JK,1920,H1,4760.0,4746.782,1
Hybrid,ASII.JK,1921,H2,4800.0,4768.7793,0
Hybrid,ASII.JK,1922,H3,4740.0,4780.8647,1
Hybrid,ASII.JK,1921,H1,4800.0,4748.639,0
Hybrid,ASII.JK,1922,H2,4740.0,4785.9277,0
Hybrid,ASII.JK,1923,H3,4550.0,4780.019,0
Hybrid,ASII.JK,1922,H1,4740.0,4756.154,1
Hybrid,ASII.JK,1923,H2,4550.0,4779.6914,1
Hybrid,ASII.JK,1924,H3,4650.0,4780.17,1
Hybrid,ASII.JK,1923,H1,4550.0,4720.0244,1
Hybrid,ASII.JK,1924,H2,4650.0,4743.29,0
Hybrid,ASII.JK,1925,H3,4570.0,4736.1875,1
Hybrid,ASII.JK,1924,H1,4650.0,4627.4707,1
Hybrid,ASII.JK,1925,H2,4570.0,4640.4595,1
Hybrid,ASII.JK,1926,H3,4610.0,4641.3306,1
Hybrid,ASII.JK,1925,H1,4570.0,4634.1865,1
Hybrid,ASII.JK,1926,H2,4610.0,4650.688,0
Hybrid,ASII.JK,1927,H3,4640.0,4664.6216,0
Hybrid,ASII.JK,1926,H1,4610.0,4578.345,1
Hybrid,ASII.JK,1927,H2,4640.0,4603.7236,1
Hybrid,ASII.JK,1928,H3,4660.0,4603.5596,1
Hybrid,ASII.JK,1927,H1,4640.0,4599.129,0
Hybrid,ASII.JK,1928,H2,4660.0,4618.656,1
Hybrid,ASII.JK,1929,H3,4680.0,4621.302,1
Hybrid,ASII.JK,1928,H1,4660.0,4608.9087,0
Hybrid,ASII.JK,1929,H2,4680.0,4626.569,0
Hybrid,ASII.JK,1930,H3,4740.0,4624.8413,0
Hybrid,ASII.JK,1929,H1,4680.0,4617.3286,0
Hybrid,ASII.JK,1930,H2,4740.0,4633.1387,0
Hybrid,ASII.JK,1931,H3,4800.0,4633.3535,0
Hybrid,ASII.JK,1930,H1,4740.0,4583.199,0
Hybrid,ASII.JK,1931,H2,4800.0,4595.481,0
Hybrid,ASII.JK,1932,H3,4700.0,4604.2456,0
Hybrid,ASII.JK,1931,H1,4800.0,4656.6216,0
Hybrid,ASII.JK,1932,H2,4700.0,4685.3877,1
Hybrid,ASII.JK,1933,H3,4720.0,4686.0283,1
Hybrid,ASII.JK,1932,H1,4700.0,4717.0493,1
Hybrid,ASII.JK,1933,H2,4720.0,4744.773,1
Hybrid,ASII.JK,1934,H3,4750.0,4748.7866,1
Hybrid,ASII.JK,1933,H1,4720.0,4698.797,0
Hybrid,ASII.JK,1934,H2,4750.0,4726.0283,1
Hybrid,ASII.JK,1935,H3,4700.0,4732.0845,0
Hybrid,ASII.JK,1934,H1,4750.0,4689.9146,0
Hybrid,ASII.JK,1935,H2,4700.0,4713.1396,1
Hybrid,ASII.JK,1936,H3,4560.0,4714.947,1
Hybrid,ASII.JK,1935,H1,4700.0,4702.517,1
Hybrid,ASII.JK,1936,H2,4560.0,4724.0967,1
Hybrid,ASII.JK,1937,H3,4580.0,4737.9,1
Hybrid,ASII.JK,1936,H1,4560.0,4708.726,0
Hybrid,ASII.JK,1937,H2,4580.0,4748.5967,0
Hybrid,ASII.JK,1938,H3,4590.0,4754.9478,0
Hybrid,ASII.JK,1937,H1,4580.0,4681.8506,1
Hybrid,ASII.JK,1938,H2,4590.0,4715.8374,1
Hybrid,ASII.JK,1939,H3,4530.0,4707.778,0
Hybrid,ASII.JK,1938,H1,4590.0,4620.535,1
Hybrid,ASII.JK,1939,H2,4530.0,4621.3945,0
Hybrid,ASII.JK,1940,H3,4680.0,4698.523,1
Hybrid,ASII.JK,1939,H1,4530.0,4600.629,0
Hybrid,ASII.JK,1940,H2,4680.0,4696.877,1
Hybrid,ASII.JK,1941,H3,4690.0,4712.9365,1
Hybrid,ASII.JK,1940,H1,4680.0,4640.726,1
Hybrid,ASII.JK,1941,H2,4690.0,4684.4976,1
Hybrid,ASII.JK,1942,H3,4900.0,4705.066,1
Hybrid,ASII.JK,1941,H1,4690.0,4717.7227,1
Hybrid,ASII.JK,1942,H2,4900.0,4740.4824,1
Hybrid,ASII.JK,1943,H3,4900.0,4753.451,1
Hybrid,ASII.JK,1942,H1,4900.0,4725.946,1
Hybrid,ASII.JK,1943,H2,4900.0,4729.6094,1
Hybrid,ASII.JK,1944,H3,4930.0,4739.074,1
Hybrid,ASII.JK,1943,H1,4900.0,4776.4316,0
Hybrid,ASII.JK,1944,H2,4930.0,4779.6064,0
Hybrid,ASII.JK,1945,H3,4770.0,4791.172,1
Hybrid,ASII.JK,1944,H1,4930.0,4814.7197,0
Hybrid,ASII.JK,1945,H2,4770.0,4798.6836,1
Hybrid,ASII.JK,1946,H3,4800.0,4797.4854,1
Hybrid,ASII.JK,1945,H1,4770.0,4815.3447,1
Hybrid,ASII.JK,1946,H2,4800.0,4806.0146,1
Hybrid,ASII.JK,1947,H3,4810.0,4808.202,1
Hybrid,ASII.JK,1946,H1,4800.0,4734.7393,0
Hybrid,ASII.JK,1947,H2,4810.0,4732.7983,0
Hybrid,ASII.JK,1948,H3,4730.0,4721.0146,1
Hybrid,ASII.JK,1947,H1,4810.0,4753.6333,0
Hybrid,ASII.JK,1948,H2,4730.0,4740.9907,1
Hybrid,ASII.JK,1949,H3,4620.0,4737.9326,1
Hybrid,ASII.JK,1948,H1,4730.0,4721.4517,1
Hybrid,ASII.JK,1949,H2,4620.0,4719.5347,1
Hybrid,ASII.JK,1950,H3,4620.0,4712.753,1
Hybrid,ASII.JK,1949,H1,4620.0,4670.13,1
Hybrid,ASII.JK,1950,H2,4620.0,4663.1416,1
Hybrid,ASII.JK,1951,H3,4650.0,4661.5312,1
Hybrid,ASII.JK,1950,H1,4620.0,4599.0234,0
Hybrid,ASII.JK,1951,H2,4650.0,4602.92,0
Hybrid,ASII.JK,1952,H3,4690.0,4612.572,0
Hybrid,ASII.JK,1951,H1,4650.0,4636.8667,1
Hybrid,ASII.JK,1952,H2,4690.0,4649.32,1
Hybrid,ASII.JK,1953,H3,4710.0,4644.6787,1
Hybrid,ASII.JK,1952,H1,4690.0,4670.792,1
Hybrid,ASII.JK,1953,H2,4710.0,4676.543,1
Hybrid,ASII.JK,1954,H3,4840.0,4683.463,1
Hybrid,ASII.JK,1953,H1,4710.0,4693.801,1
Hybrid,ASII.JK,1954,H2,4840.0,4701.672,1
Hybrid,ASII.JK,1955,H3,4690.0,4701.0947,0
Hybrid,ASII.JK,1954,H1,4840.0,4704.789,0
Hybrid,ASII.JK,1955,H2,4690.0,4705.829,1
Hybrid,ASII.JK,1956,H3,4650.0,4709.1753,1
Hybrid,ASII.JK,1955,H1,4690.0,4739.3477,1
Hybrid,ASII.JK,1956,H2,4650.0,4746.8857,1
Hybrid,ASII.JK,1957,H3,4800.0,4765.0654,1
Hybrid,ASII.JK,1956,H1,4650.0,4636.199,1
Hybrid,ASII.JK,1957,H2,4800.0,4652.7837,0
Hybrid,ASII.JK,1958,H3,4920.0,4647.8237,0
Hybrid,ASII.JK,1957,H1,4800.0,4665.121,1
Hybrid,ASII.JK,1958,H2,4920.0,4668.868,1
Hybrid,ASII.JK,1959,H3,4480.0,4664.6875,0
Hybrid,ASII.JK,1958,H1,4920.0,4724.5874,0
Hybrid,ASII.JK,1959,H2,4480.0,4714.464,1
Hybrid,ASII.JK,1960,H3,4620.0,4727.9805,1
Hybrid,ASII.JK,1959,H1,4480.0,4776.9272,1
Hybrid,ASII.JK,1960,H2,4620.0,4778.1494,1
Hybrid,ASII.JK,1961,H3,4710.0,4773.7324,1
Hybrid,ASII.JK,1960,H1,4620.0,4653.999,1
Hybrid,ASII.JK,1961,H2,4710.0,4640.649,1
Hybrid,ASII.JK,1962,H3,4710.0,4654.132,1
Hybrid,ASII.JK,1961,H1,4710.0,4705.3745,1
Hybrid,ASII.JK,1962,H2,4710.0,4708.7417,1
Hybrid,ASII.JK,1963,H3,4930.0,4706.257,1
Hybrid,ASII.JK,1962,H1,4710.0,4739.124,0
Hybrid,ASII.JK,1963,H2,4930.0,4723.2354,1
Hybrid,ASII.JK,1964,H3,4870.0,4731.518,1
Hybrid,ASII.JK,1963,H1,4930.0,4717.246,1
Hybrid,ASII.JK,1964,H2,4870.0,4712.9224,1
Hybrid,ASII.JK,1965,H3,4780.0,4720.7124,1
Hybrid,ASII.JK,1964,H1,4870.0,4793.871,1
Hybrid,ASII.JK,1965,H2,4780.0,4799.0396,1
Hybrid,ASII.JK,1966,H3,4750.0,4798.7603,1
Hybrid,ASII.JK,1965,H1,4780.0,4810.753,1
Hybrid,ASII.JK,1966,H2,4750.0,4797.4106,1
Hybrid,ASII.JK,1967,H3,4790.0,4792.2856,1
Hybrid,ASII.JK,1966,H1,4750.0,4769.7466,1
Hybrid,ASII.JK,1967,H2,4790.0,4755.004,0
Hybrid,ASII.JK,1968,H3,4740.0,4759.9897,1
Hybrid,ASII.JK,1967,H1,4790.0,4758.122,1
Hybrid,ASII.JK,1968,H2,4740.0,4751.32,0
Hybrid,ASII.JK,1969,H3,4820.0,4755.046,1
Hybrid,ASII.JK,1968,H1,4740.0,4776.9297,1
Hybrid,ASII.JK,1969,H2,4820.0,4770.536,0
Hybrid,ASII.JK,1970,H3,4770.0,4758.723,1
Hybrid,ASII.JK,1969,H1,4820.0,4752.6323,1
Hybrid,ASII.JK,1970,H2,4770.0,4734.0107,0
Hybrid,ASII.JK,1971,H3,4860.0,4733.461,0
Hybrid,ASII.JK,1970,H1,4770.0,4756.8145,1
Hybrid,ASII.JK,1971,H2,4860.0,4748.7847,0
Hybrid,ASII.JK,1972,H3,4890.0,4736.654,0
Hybrid,ASII.JK,1971,H1,4860.0,4704.8213,0
Hybrid,ASII.JK,1972,H2,4890.0,4686.3013,0
Hybrid,ASII.JK,1973,H3,4800.0,4684.5176,0
Hybrid,ASII.JK,1972,H1,4890.0,4795.9697,0
Hybrid,ASII.JK,1973,H2,4800.0,4788.333,1
Hybrid,ASII.JK,1974,H3,4800.0,4741.913,1
Hybrid,ASII.JK,1973,H1,4800.0,4845.202,1
Hybrid,ASII.JK,1974,H2,4800.0,4788.347,1
Hybrid,ASII.JK,1975,H3,4790.0,4856.1704,1
Hybrid,ASII.JK,1974,H1,4800.0,4742.994,0
Hybrid,ASII.JK,1975,H2,4790.0,4806.701,0
Hybrid,ASII.JK,1976,H3,4780.0,4799.8516,1
Hybrid,ASII.JK,1975,H1,4790.0,4821.5034,0
Hybrid,ASII.JK,1976,H2,4780.0,4809.8325,0
Hybrid,ASII.JK,1977,H3,4750.0,4806.486,0
Hybrid,ASII.JK,1976,H1,4780.0,4753.6694,1
Hybrid,ASII.JK,1977,H2,4750.0,4744.1235,1
Hybrid,ASII.JK,1978,H3,4830.0,4746.879,0
Hybrid,ASII.JK,1977,H1,4750.0,4754.633,1
Hybrid,ASII.JK,1978,H2,4830.0,4753.7305,0
Hybrid,ASII.JK,1979,H3,4780.0,4751.169,0
Hybrid,ASII.JK,1978,H1,4830.0,4753.188,1
Hybrid,ASII.JK,1979,H2,4780.0,4748.7896,0
Hybrid,ASII.JK,1980,H3,4780.0,4748.2285,0
Hybrid,ASII.JK,1979,H1,4780.0,4818.4634,1
Hybrid,ASII.JK,1980,H2,4780.0,4816.586,1
Hybrid,ASII.JK,1981,H3,4810.0,4829.139,1
Hybrid,ASII.JK,1980,H1,4780.0,4823.406,0
Hybrid,ASII.JK,1981,H2,4810.0,4829.3027,1
Hybrid,ASII.JK,1982,H3,4820.0,4834.602,1
Hybrid,ASII.JK,1981,H1,4810.0,4750.783,0
Hybrid,ASII.JK,1982,H2,4820.0,4751.468,0
Hybrid,ASII.JK,1983,H3,4880.0,4751.1577,0
Hybrid,ASII.JK,1982,H1,4820.0,4741.1484,0
Hybrid,ASII.JK,1983,H2,4880.0,4741.715,0
Hybrid,ASII.JK,1984,H3,4940.0,4742.9727,0
Hybrid,ASII.JK,1983,H1,4880.0,4765.119,0
Hybrid,ASII.JK,1984,H2,4940.0,4767.555,0
Hybrid,ASII.JK,1985,H3,4860.0,4769.638,0
Hybrid,ASII.JK,1984,H1,4940.0,4812.6265,0
Hybrid,ASII.JK,1985,H2,4860.0,4819.397,1
Hybrid,ASII.JK,1986,H3,4670.0,4830.9736,1
Hybrid,ASII.JK,1985,H1,4860.0,4836.835,1
Hybrid,ASII.JK,1986,H2,4670.0,4852.2446,1
Hybrid,ASII.JK,1987,H3,4630.0,4854.4297,1
Hybrid,ASII.JK,1986,H1,4670.0,4746.313,1
Hybrid,ASII.JK,1987,H2,4630.0,4750.2324,1
Hybrid,ASII.JK,1988,H3,4740.0,4752.3247,1
Hybrid,ASII.JK,1987,H1,4630.0,4673.5576,0
Hybrid,ASII.JK,1988,H2,4740.0,4674.2217,1
Hybrid,ASII.JK,1989,H3,4730.0,4670.169,1
Hybrid,ASII.JK,1988,H1,4740.0,4681.309,1
Hybrid,ASII.JK,1989,H2,4730.0,4679.3853,1
Hybrid,ASII.JK,1990,H3,4700.0,4680.9736,1
Hybrid,ASII.JK,1989,H1,4730.0,4717.235,1
Hybrid,ASII.JK,1990,H2,4700.0,4721.5396,1
Hybrid,ASII.JK,1991,H3,4850.0,4731.4595,0
Hybrid,ASII.JK,1990,H1,4700.0,4683.093,1
Hybrid,ASII.JK,1991,H2,4850.0,4690.864,0
Hybrid,ASII.JK,1992,H3,4780.0,4684.911,0
Hybrid,ASII.JK,1991,H1,4850.0,4666.0493,0
Hybrid,ASII.JK,1992,H2,4780.0,4661.621,0
Hybrid,ASII.JK,1993,H3,4700.0,4663.5693,0
Hybrid,ASII.JK,1992,H1,4780.0,4757.2227,1
Hybrid,ASII.JK,1993,H2,4700.0,4774.336,1
Hybrid,ASII.JK,1994,H3,4610.0,4797.023,1
Hybrid,ASII.JK,1993,H1,4700.0,4708.8975,1
Hybrid,ASII.JK,1994,H2,4610.0,4723.17,1
Hybrid,ASII.JK,1995,H3,4610.0,4722.7153,1
Hybrid,ASII.JK,1994,H1,4610.0,4627.1274,1
Hybrid,ASII.JK,1995,H2,4610.0,4620.3765,1
Hybrid,ASII.JK,1996,H3,4600.0,4620.4546,1
Hybrid,ASII.JK,1995,H1,4610.0,4597.5767,0
Hybrid,ASII.JK,1996,H2,4600.0,4593.1914,1
Hybrid,ASII.JK,1997,H3,4610.0,4600.8857,0
Hybrid,ASII.JK,1996,H1,4600.0,4586.8745,1
Hybrid,ASII.JK,1997,H2,4610.0,4591.1055,0
Hybrid,ASII.JK,1998,H3,4560.0,4584.211,1
Hybrid,ASII.JK,1997,H1,4610.0,4590.1284,0
Hybrid,ASII.JK,1998,H2,4560.0,4585.4595,1
Hybrid,ASII.JK,1999,H3,4570.0,4586.457,1
Hybrid,ASII.JK,1998,H1,4560.0,4591.336,1
Hybrid,ASII.JK,1999,H2,4570.0,4591.674,1
Hybrid,ASII.JK,2000,H3,4610.0,4589.2036,0
Hybrid,ASII.JK,1999,H1,4570.0,4569.868,1
Hybrid,ASII.JK,2000,H2,4610.0,4566.714,1
Hybrid,ASII.JK,2001,H3,4600.0,4566.2646,1
Hybrid,ASII.JK,2000,H1,4610.0,4572.97,1
Hybrid,ASII.JK,2001,H2,4600.0,4575.4443,1
Hybrid,ASII.JK,2002,H3,4590.0,4578.9346,1
Hybrid,ASII.JK,2001,H1,4600.0,4577.1797,1
Hybrid,ASII.JK,2002,H2,4590.0,4584.746,1
Hybrid,ASII.JK,2003,H3,4530.0,4580.535,1
Hybrid,ASII.JK,2002,H1,4590.0,4597.0327,1
Hybrid,ASII.JK,2003,H2,4530.0,4595.5776,1
Hybrid,ASII.JK,2004,H3,4490.0,4595.706,1
Hybrid,ASII.JK,2003,H1,4530.0,4583.836,1
Hybrid,ASII.JK,2004,H2,4490.0,4584.331,1
Hybrid,ASII.JK,2005,H3,4430.0,4580.6797,1
Hybrid,ASII.JK,2004,H1,4490.0,4555.9375,0
Hybrid,ASII.JK,2005,H2,4430.0,4553.2666,0
Hybrid,ASII.JK,2006,H3,4470.0,4551.881,0
Hybrid,ASII.JK,2005,H1,4430.0,4524.6816,0
Hybrid,ASII.JK,2006,H2,4470.0,4527.2705,0
Hybrid,ASII.JK,2007,H3,4470.0,4530.664,0
Hybrid,ASII.JK,2006,H1,4470.0,4471.253,1
Hybrid,ASII.JK,2007,H2,4470.0,4478.033,1
Hybrid,ASII.JK,2008,H3,4450.0,4475.392,1
Hybrid,ASII.JK,2007,H1,4470.0,4484.812,0
Hybrid,ASII.JK,2008,H2,4450.0,4486.4214,0
Hybrid,ASII.JK,2009,H3,4500.0,4468.6235,0
Hybrid,ASII.JK,2008,H1,4450.0,4482.0034,0
Hybrid,ASII.JK,2009,H2,4500.0,4462.975,0
Hybrid,ASII.JK,2010,H3,4450.0,4509.3237,0
Hybrid,ASII.JK,2009,H1,4500.0,4449.808,0
Hybrid,ASII.JK,2010,H2,4450.0,4505.953,0
Hybrid,ASII.JK,2011,H3,4540.0,4501.9536,1
Hybrid,ASII.JK,2010,H1,4450.0,4509.867,0
Hybrid,ASII.JK,2011,H2,4540.0,4521.158,1
Hybrid,ASII.JK,2012,H3,4570.0,4520.1304,1
Hybrid,ASII.JK,2011,H1,4540.0,4493.2427,1
Hybrid,ASII.JK,2012,H2,4570.0,4500.9023,1
Hybrid,ASII.JK,2013,H3,4620.0,4500.6357,1
Hybrid,ASII.JK,2012,H1,4570.0,4533.0073,0
Hybrid,ASII.JK,2013,H2,4620.0,4544.9805,1
Hybrid,ASII.JK,2014,H3,4680.0,4549.4453,1
Hybrid,ASII.JK,2013,H1,4620.0,4555.098,0
Hybrid,ASII.JK,2014,H2,4680.0,4570.761,1
Hybrid,ASII.JK,2015,H3,4660.0,4573.509,1
Hybrid,ASII.JK,2014,H1,4680.0,4612.34,0
Hybrid,ASII.JK,2015,H2,4660.0,4631.9062,1
Hybrid,ASII.JK,2016,H3,4720.0,4644.97,1
Hybrid,ASII.JK,2015,H1,4660.0,4637.557,1
Hybrid,ASII.JK,2016,H2,4720.0,4660.6025,0
Hybrid,ASII.JK,2017,H3,4680.0,4662.4136,0
Hybrid,ASII.JK,2016,H1,4720.0,4640.3604,0
Hybrid,ASII.JK,2017,H2,4680.0,4654.2544,0
Hybrid,ASII.JK,2018,H3,4710.0,4655.5273,0
Hybrid,ASII.JK,2017,H1,4680.0,4652.872,1
Hybrid,ASII.JK,2018,H2,4710.0,4669.4707,1
Hybrid,ASII.JK,2019,H3,4700.0,4666.95,1
Hybrid,ASII.JK,2018,H1,4710.0,4679.657,0
Hybrid,ASII.JK,2019,H2,4700.0,4694.7744,1
Hybrid,ASII.JK,2020,H3,4700.0,4693.7656,1
Hybrid,ASII.JK,2019,H1,4700.0,4712.658,0
Hybrid,ASII.JK,2020,H2,4700.0,4731.4253,0
Hybrid,ASII.JK,2021,H3,4750.0,4736.432,1
Hybrid,ASII.JK,2020,H1,4700.0,4705.0586,0
Hybrid,ASII.JK,2021,H2,4750.0,4730.5786,1
Hybrid,ASII.JK,2022,H3,4790.0,4726.925,1
Hybrid,ASII.JK,2021,H1,4750.0,4696.534,0
Hybrid,ASII.JK,2022,H2,4790.0,4710.8804,1
Hybrid,ASII.JK,2023,H3,4750.0,4709.8955,1
Hybrid,ASII.JK,2022,H1,4790.0,4753.0273,1
Hybrid,ASII.JK,2023,H2,4750.0,4761.285,0
Hybrid,ASII.JK,2024,H3,4760.0,4765.0415,1
Hybrid,ASII.JK,2023,H1,4750.0,4758.5234,1
Hybrid,ASII.JK,2024,H2,4760.0,4766.699,1
Hybrid,ASII.JK,2025,H3,4690.0,4768.412,1
Hybrid,ASII.JK,2024,H1,4760.0,4767.8716,1
Hybrid,ASII.JK,2025,H2,4690.0,4777.3506,0
Hybrid,ASII.JK,2026,H3,4950.0,4782.7373,1
Hybrid,ASII.JK,2025,H1,4690.0,4789.8213,0
Hybrid,ASII.JK,2026,H2,4950.0,4805.8125,1
Hybrid,ASII.JK,2027,H3,5050.0,4801.67,1
Hybrid,ASII.JK,2026,H1,4950.0,4809.9526,1
Hybrid,ASII.JK,2027,H2,5050.0,4819.6313,1
Hybrid,ASII.JK,2028,H3,5000.0,4822.3086,1
Hybrid,ASII.JK,2027,H1,5050.0,4983.045,1
Hybrid,ASII.JK,2028,H2,5000.0,4980.254,1
Hybrid,ASII.JK,2029,H3,5100.0,4984.8613,1
Hybrid,ASII.JK,2028,H1,5000.0,5029.82,1
Hybrid,ASII.JK,2029,H2,5100.0,5016.4917,0
Hybrid,ASII.JK,2030,H3,5100.0,5020.699,0
Hybrid,ASII.JK,2029,H1,5100.0,5022.6943,1
Hybrid,ASII.JK,2030,H2,5100.0,5014.6865,1
Hybrid,ASII.JK,2031,H3,5150.0,5014.7734,1
Hybrid,ASII.JK,2030,H1,5100.0,5084.249,0
Hybrid,ASII.JK,2031,H2,5150.0,5075.1787,0
Hybrid,ASII.JK,2032,H3,5100.0,5032.203,0
Hybrid,ASII.JK,2031,H1,5150.0,5077.4717,0
Hybrid,ASII.JK,2032,H2,5100.0,5023.824,0
Hybrid,ASII.JK,2033,H3,5000.0,5064.4224,1
Hybrid,ASII.JK,2032,H1,5100.0,5065.777,1
Hybrid,ASII.JK,2033,H2,5000.0,5101.7085,1
Hybrid,ASII.JK,2034,H3,5025.0,5089.1924,1
Hybrid,ASII.JK,2033,H1,5000.0,5053.8057,1
Hybrid,ASII.JK,2034,H2,5025.0,5032.9507,1
Hybrid,ASII.JK,2035,H3,5025.0,5035.2153,1
Hybrid,ASII.JK,2034,H1,5025.0,4989.249,0
Hybrid,ASII.JK,2035,H2,5025.0,4990.7754,0
Hybrid,ASII.JK,2036,H3,4900.0,4994.0747,1
Hybrid,ASII.JK,2035,H1,5025.0,5054.0557,0
Hybrid,ASII.JK,2036,H2,4900.0,5055.179,0
Hybrid,ASII.JK,2037,H3,4960.0,5041.786,0
Hybrid,ASII.JK,2036,H1,4900.0,5018.092,1
Hybrid,ASII.JK,2037,H2,4960.0,5003.299,1
Hybrid,ASII.JK,2038,H3,4920.0,5008.7715,1
Hybrid,ASII.JK,2037,H1,4960.0,4998.1523,1
Hybrid,ASII.JK,2038,H2,4920.0,5001.86,1
Hybrid,ASII.JK,2039,H3,4900.0,4990.589,0
Hybrid,ASII.JK,2038,H1,4920.0,5032.658,0
Hybrid,ASII.JK,2039,H2,4900.0,5018.298,0
Hybrid,ASII.JK,2040,H3,4990.0,5022.3066,1
Hybrid,ASII.JK,2039,H1,4900.0,4954.9697,0
Hybrid,ASII.JK,2040,H2,4990.0,4957.9995,1
Hybrid,ASII.JK,2041,H3,5175.0,4961.747,1
Hybrid,ASII.JK,2040,H1,4990.0,4966.8706,1
Hybrid,ASII.JK,2041,H2,5175.0,4969.746,1
Hybrid,ASII.JK,2042,H3,5100.0,4956.793,1
Hybrid,ASII.JK,2041,H1,5175.0,5036.3555,1
Hybrid,ASII.JK,2042,H2,5100.0,5023.216,1
Hybrid,ASII.JK,2043,H3,5025.0,5029.072,1
Hybrid,ASII.JK,2042,H1,5100.0,5097.236,1
Hybrid,ASII.JK,2043,H2,5025.0,5100.49,1
Hybrid,ASII.JK,2044,H3,5525.0,5099.736,0
Hybrid,ASII.JK,2043,H1,5025.0,5115.0996,0
Hybrid,ASII.JK,2044,H2,5525.0,5105.331,1
Hybrid,ASII.JK,2045,H3,5525.0,5114.081,1
Hybrid,ASII.JK,2044,H1,5525.0,5076.91,1
Hybrid,ASII.JK,2045,H2,5525.0,5078.2617,1
Hybrid,ASII.JK,2046,H3,5625.0,5063.2334,1
Hybrid,ASII.JK,2045,H1,5525.0,5511.2524,0
Hybrid,ASII.JK,2046,H2,5625.0,5497.4736,0
Hybrid,ASII.JK,2047,H3,5700.0,5515.7417,0
Hybrid,ASII.JK,2046,H1,5625.0,5566.946,1
Hybrid,ASII.JK,2047,H2,5700.0,5565.7007,1
Hybrid,ASII.JK,2048,H3,5750.0,5556.0356,1
Hybrid,ASII.JK,2047,H1,5700.0,5725.7656,1
Hybrid,ASII.JK,2048,H2,5750.0,5694.0503,1
Hybrid,ASII.JK,2049,H3,5625.0,5698.797,0
Hybrid,ASII.JK,2048,H1,5750.0,5690.457,0
Hybrid,ASII.JK,2049,H2,5625.0,5685.38,1
Hybrid,ASII.JK,2050,H3,5500.0,5691.7666,1
Hybrid,ASII.JK,2049,H1,5625.0,5726.586,1
Hybrid,ASII.JK,2050,H2,5500.0,5723.25,1
Hybrid,ASII.JK,2051,H3,5575.0,5711.9214,1
Hybrid,ASII.JK,2050,H1,5500.0,5653.082,0
Hybrid,ASII.JK,2051,H2,5575.0,5633.643,0
Hybrid,ASII.JK,2052,H3,5500.0,5631.29,0
Hybrid,ASII.JK,2051,H1,5575.0,5555.523,1
Hybrid,ASII.JK,2052,H2,5500.0,5546.136,0
Hybrid,ASII.JK,2053,H3,5450.0,5510.456,0
Hybrid,ASII.JK,2052,H1,5500.0,5584.823,0
Hybrid,ASII.JK,2053,H2,5450.0,5540.831,1
Hybrid,ASII.JK,2054,H3,5475.0,5537.669,1
Hybrid,ASII.JK,2053,H1,5450.0,5517.979,0
Hybrid,ASII.JK,2054,H2,5475.0,5508.6763,0
Hybrid,ASII.JK,2055,H3,5500.0,5513.2656,0
Hybrid,ASII.JK,2054,H1,5475.0,5477.6836,1
Hybrid,ASII.JK,2055,H2,5500.0,5472.531,1
Hybrid,ASII.JK,2056,H3,5500.0,5455.6553,1
Hybrid,ASII.JK,2055,H1,5500.0,5505.499,1
Hybrid,ASII.JK,2056,H2,5500.0,5485.7744,1
Hybrid,ASII.JK,2057,H3,5425.0,5475.372,0
Hybrid,ASII.JK,2056,H1,5500.0,5527.5894,0
Hybrid,ASII.JK,2057,H2,5425.0,5510.3706,0
Hybrid,ASII.JK,2058,H3,5525.0,5516.2017,1
Hybrid,ASII.JK,2057,H1,5425.0,5533.085,0
Hybrid,ASII.JK,2058,H2,5525.0,5528.1646,1
Hybrid,ASII.JK,2059,H3,5475.0,5534.297,0
Hybrid,ASII.JK,2058,H1,5525.0,5582.7725,1
Hybrid,ASII.JK,2059,H2,5475.0,5572.2764,1
Hybrid,ASII.JK,2060,H3,5550.0,5555.6865,1
Hybrid,ASII.JK,2059,H1,5475.0,5571.326,0
Hybrid,ASII.JK,2060,H2,5550.0,5545.0996,1
Hybrid,ASII.JK,2061,H3,5675.0,5548.2827,1
Hybrid,ASII.JK,2060,H1,5550.0,5487.834,1
Hybrid,ASII.JK,2061,H2,5675.0,5486.097,1
Hybrid,ASII.JK,2062,H3,5625.0,5472.2046,0
Hybrid,ASII.JK,2061,H1,5675.0,5595.0503,1
Hybrid,ASII.JK,2062,H2,5625.0,5573.4727,1
Hybrid,ASII.JK,2063,H3,5650.0,5581.0464,1
Hybrid,ASII.JK,2062,H1,5625.0,5683.4824,0
Hybrid,ASII.JK,2063,H2,5650.0,5681.6006,0
Hybrid,ASII.JK,2064,H3,5700.0,5690.758,1
Hybrid,ASII.JK,2063,H1,5650.0,5616.535,0
Hybrid,ASII.JK,2064,H2,5700.0,5619.9644,0
Hybrid,ASII.JK,2065,H3,5575.0,5609.582,1
Hybrid,ASII.JK,2064,H1,5700.0,5689.7803,1
Hybrid,ASII.JK,2065,H2,5575.0,5674.282,0
Hybrid,ASII.JK,2066,H3,5725.0,5675.113,1
Hybrid,ASII.JK,2065,H1,5575.0,5719.011,0
Hybrid,ASII.JK,2066,H2,5725.0,5706.4805,1
Hybrid,ASII.JK,2067,H3,5700.0,5689.416,0
Hybrid,ASII.JK,2066,H1,5725.0,5660.3667,1
Hybrid,ASII.JK,2067,H2,5700.0,5633.078,1
Hybrid,ASII.JK,2068,H3,5900.0,5632.716,1
Hybrid,ASII.JK,2067,H1,5700.0,5746.974,0
Hybrid,ASII.JK,2068,H2,5900.0,5732.862,1
Hybrid,ASII.JK,2069,H3,5900.0,5735.8555,1
Hybrid,ASII.JK,2068,H1,5900.0,5847.9434,1
Hybrid,ASII.JK,2069,H2,5900.0,5830.661,1
Hybrid,ASII.JK,2070,H3,5775.0,5815.373,1
Hybrid,ASII.JK,2069,H1,5900.0,5886.3564,0
Hybrid,ASII.JK,2070,H2,5775.0,5851.8574,1
Hybrid,ASII.JK,2071,H3,5875.0,5843.4634,1
Hybrid,ASII.JK,2070,H1,5775.0,5797.3076,1
Hybrid,ASII.JK,2071,H2,5875.0,5776.32,1
Hybrid,ASII.JK,2072,H3,5775.0,5755.0464,1
Hybrid,ASII.JK,2071,H1,5875.0,5758.6924,0
Hybrid,ASII.JK,2072,H2,5775.0,5725.7314,0
Hybrid,ASII.JK,2073,H3,5775.0,5699.5977,0
Hybrid,ASII.JK,2072,H1,5775.0,5788.184,1
Hybrid,ASII.JK,2073,H2,5775.0,5747.0312,1
Hybrid,ASII.JK,2074,H3,5675.0,5823.4995,1
Hybrid,ASII.JK,2073,H1,5775.0,5709.496,0
Hybrid,ASII.JK,2074,H2,5675.0,5766.7637,1
Hybrid,ASII.JK,2075,H3,5700.0,5790.1787,0
Hybrid,ASII.JK,2074,H1,5675.0,5772.056,1
Hybrid,ASII.JK,2075,H2,5700.0,5771.258,1
Hybrid,ASII.JK,2076,H3,5825.0,5778.535,1
Hybrid,ASII.JK,2075,H1,5700.0,5686.2188,1
Hybrid,ASII.JK,2076,H2,5825.0,5686.704,1
Hybrid,ASII.JK,2077,H3,5825.0,5679.6694,1
Hybrid,ASII.JK,2076,H1,5825.0,5824.871,1
Hybrid,ASII.JK,2077,H2,5825.0,5794.426,1
Hybrid,ASII.JK,2078,H3,5750.0,5805.6777,1
Hybrid,ASII.JK,2077,H1,5825.0,5836.795,0
Hybrid,ASII.JK,2078,H2,5750.0,5822.8364,1
Hybrid,ASII.JK,2079,H3,5725.0,5836.5933,0
Hybrid,ASII.JK,2078,H1,5750.0,5790.148,1
Hybrid,ASII.JK,2079,H2,5725.0,5787.1787,1
Hybrid,ASII.JK,2080,H3,5925.0,5785.6753,0
Hybrid,ASII.JK,2079,H1,5725.0,5804.055,0
Hybrid,ASII.JK,2080,H2,5925.0,5788.3945,1
Hybrid,ASII.JK,2081,H3,5900.0,5791.581,1
Hybrid,ASII.JK,2080,H1,5925.0,5719.514,0
Hybrid,ASII.JK,2081,H2,5900.0,5717.714,0
Hybrid,ASII.JK,2082,H3,5800.0,5705.174,0
Hybrid,ASII.JK,2081,H1,5900.0,5827.3315,1
Hybrid,ASII.JK,2082,H2,5800.0,5822.5244,1
Hybrid,ASII.JK,2083,H3,5825.0,5848.166,1
Hybrid,ASII.JK,2082,H1,5800.0,5879.604,1
Hybrid,ASII.JK,2083,H2,5825.0,5900.9683,0
Hybrid,ASII.JK,2084,H3,5775.0,5929.9546,0
Hybrid,ASII.JK,2083,H1,5825.0,5994.933,1
Hybrid,ASII.JK,2084,H2,5775.0,6008.8164,0
Hybrid,ASII.JK,2085,H3,5750.0,6011.492,0
Hybrid,ASII.JK,2084,H1,5775.0,5878.174,0
Hybrid,ASII.JK,2085,H2,5750.0,5884.7593,0
Hybrid,ASII.JK,2086,H3,5625.0,5894.673,0
Hybrid,ASII.JK,2085,H1,5750.0,5648.422,1
Hybrid,ASII.JK,2086,H2,5625.0,5669.206,1
Hybrid,ASII.JK,2087,H3,5925.0,5667.911,0
Hybrid,ASII.JK,2086,H1,5625.0,5834.34,0
Hybrid,ASII.JK,2087,H2,5925.0,5828.9497,1
Hybrid,ASII.JK,2088,H3,6000.0,5852.0576,1
Hybrid,ASII.JK,2087,H1,5925.0,5738.1157,1
Hybrid,ASII.JK,2088,H2,6000.0,5765.1377,1
Hybrid,ASII.JK,2089,H3,6175.0,5795.9365,1
Hybrid,ASII.JK,2088,H1,6000.0,6036.665,1
Hybrid,ASII.JK,2089,H2,6175.0,6083.9463,1
Hybrid,ASII.JK,2090,H3,6325.0,6094.938,1
Hybrid,ASII.JK,2089,H1,6175.0,6039.4795,1
Hybrid,ASII.JK,2090,H2,6325.0,6077.333,1
Hybrid,ASII.JK,2091,H3,6575.0,6099.228,1
Hybrid,ASII.JK,2090,H1,6325.0,6350.9727,1
Hybrid,ASII.JK,2091,H2,6575.0,6368.3315,1
Hybrid,ASII.JK,2092,H3,6600.0,6358.0117,1
Hybrid,ASII.JK,2091,H1,6575.0,6332.628,1
Hybrid,ASII.JK,2092,H2,6600.0,6334.4175,1
Hybrid,ASII.JK,2093,H3,6325.0,6351.2935,0
Hybrid,ASII.JK,2092,H1,6600.0,6528.233,0
Hybrid,ASII.JK,2093,H2,6325.0,6536.082,1
Hybrid,ASII.JK,2094,H3,6475.0,6545.3696,1
Hybrid,ASII.JK,2093,H1,6325.0,6457.9937,1
Hybrid,ASII.JK,2094,H2,6475.0,6494.236,1
Hybrid,ASII.JK,2095,H3,6275.0,6510.6123,1
Hybrid,ASII.JK,2094,H1,6475.0,6370.0776,1
Hybrid,ASII.JK,2095,H2,6275.0,6397.8647,0
Hybrid,ASII.JK,2096,H3,6150.0,6351.5215,0
Hybrid,ASII.JK,2095,H1,6275.0,6344.373,1
Hybrid,ASII.JK,2096,H2,6150.0,6361.297,1
Hybrid,ASII.JK,2097,H3,6350.0,6439.4243,1
Hybrid,ASII.JK,2096,H1,6150.0,6274.279,1
Hybrid,ASII.JK,2097,H2,6350.0,6319.3125,1
Hybrid,ASII.JK,2098,H3,6300.0,6339.436,1
Hybrid,ASII.JK,2097,H1,6350.0,6244.547,1
Hybrid,ASII.JK,2098,H2,6300.0,6245.744,1
Hybrid,ASII.JK,2099,H3,6250.0,6256.2305,1
Hybrid,ASII.JK,2098,H1,6300.0,6305.3457,1
Hybrid,ASII.JK,2099,H2,6250.0,6308.1606,1
Hybrid,ASII.JK,2100,H3,6325.0,6307.9497,1
Hybrid,ASII.JK,2099,H1,6250.0,6271.1187,1
Hybrid,ASII.JK,2100,H2,6325.0,6278.5728,0
Hybrid,ASII.JK,2101,H3,6425.0,6280.9814,0
Hybrid,ASII.JK,2100,H1,6325.0,6310.964,1
Hybrid,ASII.JK,2101,H2,6425.0,6301.6963,1
Hybrid,ASII.JK,2102,H3,6425.0,6295.119,1
Hybrid,ASII.JK,2101,H1,6425.0,6444.2886,1
Hybrid,ASII.JK,2102,H2,6425.0,6424.0664,1
Hybrid,ASII.JK,2103,H3,6525.0,6419.0483,1
Hybrid,ASII.JK,2102,H1,6425.0,6439.816,0
Hybrid,ASII.JK,2103,H2,6525.0,6430.414,1
Hybrid,ASII.JK,2104,H3,6450.0,6428.7686,1
Hybrid,ASII.JK,2103,H1,6525.0,6470.3354,1
Hybrid,ASII.JK,2104,H2,6450.0,6460.081,1
Hybrid,ASII.JK,2105,H3,6375.0,6456.5615,0
Hybrid,ASII.JK,2104,H1,6450.0,6459.2007,1
Hybrid,ASII.JK,2105,H2,6375.0,6466.147,1
Hybrid,ASII.JK,2106,H3,6400.0,6459.3145,1
Hybrid,ASII.JK,2105,H1,6375.0,6451.4224,0
Hybrid,ASII.JK,2106,H2,6400.0,6445.2827,1
Hybrid,ASII.JK,2107,H3,6450.0,6433.1636,0
Hybrid,ASII.JK,2106,H1,6400.0,6401.169,1
Hybrid,ASII.JK,2107,H2,6450.0,6399.091,1
Hybrid,ASII.JK,2108,H3,6425.0,6399.3438,1
Hybrid,ASII.JK,2107,H1,6450.0,6340.091,0
Hybrid,ASII.JK,2108,H2,6425.0,6353.1567,0
Hybrid,ASII.JK,2109,H3,6400.0,6362.126,0
Hybrid,ASII.JK,2108,H1,6425.0,6393.031,1
Hybrid,ASII.JK,2109,H2,6400.0,6407.2734,1
Hybrid,ASII.JK,2110,H3,6425.0,6411.728,1
Hybrid,ASII.JK,2109,H1,6400.0,6384.051,1
Hybrid,ASII.JK,2110,H2,6425.0,6402.8696,0
Hybrid,ASII.JK,2111,H3,6425.0,6402.3716,0
Hybrid,ASII.JK,2110,H1,6425.0,6410.259,1
Hybrid,ASII.JK,2111,H2,6425.0,6409.459,1
Hybrid,ASII.JK,2112,H3,6475.0,6401.101,1
Hybrid,ASII.JK,2111,H1,6425.0,6432.759,0
Hybrid,ASII.JK,2112,H2,6475.0,6425.764,1
Hybrid,ASII.JK,2113,H3,6450.0,6424.098,0
Hybrid,ASII.JK,2112,H1,6475.0,6423.35,0
Hybrid,ASII.JK,2113,H2,6450.0,6421.079,0
Hybrid,ASII.JK,2114,H3,6600.0,6422.522,0
Hybrid,ASII.JK,2113,H1,6450.0,6428.4814,1
Hybrid,ASII.JK,2114,H2,6600.0,6429.8877,0
Hybrid,ASII.JK,2115,H3,6575.0,6427.478,0
Hybrid,ASII.JK,2114,H1,6600.0,6516.4663,1
Hybrid,ASII.JK,2115,H2,6575.0,6515.4385,1
Hybrid,ASII.JK,2116,H3,6550.0,6502.975,1
Hybrid,ASII.JK,2115,H1,6575.0,6663.8125,0
Hybrid,ASII.JK,2116,H2,6550.0,6636.27,0
Hybrid,ASII.JK,2117,H3,6375.0,6620.5327,0
Hybrid,ASII.JK,2116,H1,6550.0,6519.58,1
Hybrid,ASII.JK,2117,H2,6375.0,6507.854,1
Hybrid,ASII.JK,2118,H3,6625.0,6501.4194,0
Hybrid,ASII.JK,2117,H1,6375.0,6484.201,1
Hybrid,ASII.JK,2118,H2,6625.0,6491.8877,0
Hybrid,ASII.JK,2119,H3,6600.0,6492.332,0
Hybrid,ASII.JK,2118,H1,6625.0,6416.892,1
Hybrid,ASII.JK,2119,H2,6600.0,6426.8623,1
Hybrid,ASII.JK,2120,H3,6725.0,6429.4585,1
Hybrid,ASII.JK,2119,H1,6600.0,6620.798,1
Hybrid,ASII.JK,2120,H2,6725.0,6629.4976,1
Hybrid,ASII.JK,2121,H3,6700.0,6617.397,0
Hybrid,ASII.JK,2120,H1,6725.0,6607.665,1
Hybrid,ASII.JK,2121,H2,6700.0,6601.461,1
Hybrid,ASII.JK,2122,H3,6725.0,6589.4004,0
Hybrid,ASII.JK,2121,H1,6700.0,6664.1016,1
Hybrid,ASII.JK,2122,H2,6725.0,6652.5483,0
Hybrid,ASII.JK,2123,H3,6600.0,6641.9326,1
Hybrid,ASII.JK,2122,H1,6725.0,6644.8213,0
Hybrid,ASII.JK,2123,H2,6600.0,6644.4727,1
Hybrid,ASII.JK,2124,H3,6625.0,6639.01,1
Hybrid,ASII.JK,2123,H1,6600.0,6677.429,1
Hybrid,ASII.JK,2124,H2,6625.0,6673.125,1
Hybrid,ASII.JK,2125,H3,6450.0,6670.692,1
Hybrid,ASII.JK,2124,H1,6625.0,6588.9634,0
Hybrid,ASII.JK,2125,H2,6450.0,6603.706,0
Hybrid,ASII.JK,2126,H3,6600.0,6594.1006,0
Hybrid,ASII.JK,2125,H1,6450.0,6637.863,0
Hybrid,ASII.JK,2126,H2,6600.0,6624.394,1
Hybrid,ASII.JK,2127,H3,6600.0,6609.9688,1
Hybrid,ASII.JK,2126,H1,6600.0,6426.1396,0
Hybrid,ASII.JK,2127,H2,6600.0,6432.43,0
Hybrid,ASII.JK,2128,H3,6600.0,6431.6367,0
Hybrid,ASII.JK,2127,H1,6600.0,6579.6016,0
Hybrid,ASII.JK,2128,H2,6600.0,6572.829,0
Hybrid,ASII.JK,2129,H3,6600.0,6566.989,0
Hybrid,ASII.JK,2128,H1,6600.0,6564.364,0
Hybrid,ASII.JK,2129,H2,6600.0,6569.065,0
Hybrid,ASII.JK,2130,H3,6500.0,6571.082,1
Hybrid,ASII.JK,2129,H1,6600.0,6598.8047,1
Hybrid,ASII.JK,2130,H2,6500.0,6602.251,0
Hybrid,ASII.JK,2131,H3,6525.0,6590.661,1
Hybrid,ASII.JK,2130,H1,6500.0,6585.7134,1
Hybrid,ASII.JK,2131,H2,6525.0,6577.581,1
Hybrid,ASII.JK,2132,H3,6575.0,6566.5063,1
Hybrid,ASII.JK,2131,H1,6525.0,6449.9883,0
Hybrid,ASII.JK,2132,H2,6575.0,6455.406,0
Hybrid,ASII.JK,2133,H3,6500.0,6455.4473,0
Hybrid,ASII.JK,2132,H1,6575.0,6494.403,0
Hybrid,ASII.JK,2133,H2,6500.0,6497.734,1
Hybrid,ASII.JK,2134,H3,6625.0,6496.473,0
Hybrid,ASII.JK,2133,H1,6500.0,6484.9478,1
Hybrid,ASII.JK,2134,H2,6625.0,6493.034,0
Hybrid,ASII.JK,2135,H3,6675.0,6486.7246,0
Hybrid,ASII.JK,2134,H1,6625.0,6410.791,0
Hybrid,ASII.JK,2135,H2,6675.0,6420.288,0
Hybrid,ASII.JK,2136,H3,6700.0,6420.543,0
Hybrid,ASII.JK,2135,H1,6675.0,6622.3296,0
Hybrid,ASII.JK,2136,H2,6700.0,6606.3193,0
Hybrid,ASII.JK,2137,H3,6800.0,6597.362,0
Hybrid,ASII.JK,2136,H1,6700.0,6543.718,0
Hybrid,ASII.JK,2137,H2,6800.0,6552.2197,0
Hybrid,ASII.JK,2138,H3,6875.0,6533.1025,0
Hybrid,ASII.JK,2137,H1,6800.0,6765.1206,1
Hybrid,ASII.JK,2138,H2,6875.0,6735.238,1
Hybrid,ASII.JK,2139,H3,6900.0,6722.2993,1
Hybrid,ASII.JK,2138,H1,6875.0,6653.5234,0
Hybrid,ASII.JK,2139,H2,6900.0,6638.01,0
Hybrid,ASII.JK,2140,H3,7025.0,6628.572,0
Hybrid,ASII.JK,2139,H1,6900.0,6689.9575,0
Hybrid,ASII.JK,2140,H2,7025.0,6666.5454,0
Hybrid,ASII.JK,2141,H3,7000.0,6657.673,0
Hybrid,ASII.JK,2140,H1,7025.0,6835.2085,0
Hybrid,ASII.JK,2141,H2,7000.0,6804.903,0
Hybrid,ASII.JK,2142,H3,6875.0,6784.376,1
Hybrid,ASII.JK,2141,H1,7000.0,6794.439,1
Hybrid,ASII.JK,2142,H2,6875.0,6765.6606,1
Hybrid,ASII.JK,2143,H3,7000.0,6742.412,1
Hybrid,ASII.JK,2142,H1,6875.0,6871.8643,1
Hybrid,ASII.JK,2143,H2,7000.0,6842.752,0
Hybrid,ASII.JK,2144,H3,7300.0,6832.079,0
Hybrid,ASII.JK,2143,H1,7000.0,6839.026,0
Hybrid,ASII.JK,2144,H2,7300.0,6829.362,0
Hybrid,ASII.JK,2145,H3,7125.0,6819.7646,0
Hybrid,BBCA.JK,1820,H1,10175.0,10310.505,0
Hybrid,BBCA.JK,1821,H2,10300.0,10320.575,1
Hybrid,BBCA.JK,1822,H3,10250.0,10329.761,0
Hybrid,BBCA.JK,1821,H1,10300.0,10251.125,1
Hybrid,BBCA.JK,1822,H2,10250.0,10268.034,1
Hybrid,BBCA.JK,1823,H3,10300.0,10266.473,1
Hybrid,BBCA.JK,1822,H1,10250.0,10292.859,1
Hybrid,BBCA.JK,1823,H2,10300.0,10287.977,0
Hybrid,BBCA.JK,1824,H3,10275.0,10286.958,1
Hybrid,BBCA.JK,1823,H1,10300.0,10257.725,1
Hybrid,BBCA.JK,1824,H2,10275.0,10259.763,1
Hybrid,BBCA.JK,1825,H3,10350.0,10262.801,1
Hybrid,BBCA.JK,1824,H1,10275.0,10270.63,1
Hybrid,BBCA.JK,1825,H2,10350.0,10273.698,0
Hybrid,BBCA.JK,1826,H3,10425.0,10281.032,0
Hybrid,BBCA.JK,1825,H1,10350.0,10253.015,0
Hybrid,BBCA.JK,1826,H2,10425.0,10264.24,0
Hybrid,BBCA.JK,1827,H3,10475.0,10275.565,1
Hybrid,BBCA.JK,1826,H1,10425.0,10314.336,0
Hybrid,BBCA.JK,1827,H2,10475.0,10325.638,0
Hybrid,BBCA.JK,1828,H3,10425.0,10322.994,0
Hybrid,BBCA.JK,1827,H1,10475.0,10385.3545,0
Hybrid,BBCA.JK,1828,H2,10425.0,10381.297,0
Hybrid,BBCA.JK,1829,H3,10500.0,10375.343,0
Hybrid,BBCA.JK,1828,H1,10425.0,10418.0625,1
Hybrid,BBCA.JK,1829,H2,10500.0,10409.379,0
Hybrid,BBCA.JK,1830,H3,10625.0,10413.681,0
Hybrid,BBCA.JK,1829,H1,10500.0,10354.541,0
Hybrid,BBCA.JK,1830,H2,10625.0,10360.26,0
Hybrid,BBCA.JK,1831,H3,10900.0,10374.449,0
Hybrid,BBCA.JK,1830,H1,10625.0,10469.127,0
Hybrid,BBCA.JK,1831,H2,10900.0,10472.865,0
Hybrid,BBCA.JK,1832,H3,10775.0,10472.464,0
Hybrid,BBCA.JK,1831,H1,10900.0,10568.78,0
Hybrid,BBCA.JK,1832,H2,10775.0,10558.317,0
Hybrid,BBCA.JK,1833,H3,10950.0,10554.281,0
Hybrid,BBCA.JK,1832,H1,10775.0,10694.865,1
Hybrid,BBCA.JK,1833,H2,10950.0,10684.701,0
Hybrid,BBCA.JK,1834,H3,10800.0,10683.096,1
Hybrid,BBCA.JK,1833,H1,10950.0,10718.114,0
Hybrid,BBCA.JK,1834,H2,10800.0,10713.577,0
Hybrid,BBCA.JK,1835,H3,10850.0,10717.987,0
Hybrid,BBCA.JK,1834,H1,10800.0,10727.372,1
Hybrid,BBCA.JK,1835,H2,10850.0,10729.33,1
Hybrid,BBCA.JK,1836,H3,10700.0,10737.714,1
Hybrid,BBCA.JK,1835,H1,10850.0,10673.383,0
Hybrid,BBCA.JK,1836,H2,10700.0,10683.729,1
Hybrid,BBCA.JK,1837,H3,10650.0,10683.278,1
Hybrid,BBCA.JK,1836,H1,10700.0,10674.464,1
Hybrid,BBCA.JK,1837,H2,10650.0,10674.018,1
Hybrid,BBCA.JK,1838,H3,10325.0,10493.471,1
Hybrid,BBCA.JK,1837,H1,10650.0,10667.097,1
Hybrid,BBCA.JK,1838,H2,10325.0,10502.088,1
Hybrid,BBCA.JK,1839,H3,10550.0,10565.221,1
Hybrid,BBCA.JK,1838,H1,10325.0,10482.079,1
Hybrid,BBCA.JK,1839,H2,10550.0,10541.736,1
Hybrid,BBCA.JK,1840,H3,10500.0,10558.738,1
Hybrid,BBCA.JK,1839,H1,10550.0,10348.085,1
Hybrid,BBCA.JK,1840,H2,10500.0,10377.43,1
Hybrid,BBCA.JK,1841,H3,10450.0,10384.804,1
Hybrid,BBCA.JK,1840,H1,10500.0,10478.519,1
Hybrid,BBCA.JK,1841,H2,10450.0,10487.716,1
Hybrid,BBCA.JK,1842,H3,10475.0,10484.691,1
Hybrid,BBCA.JK,1841,H1,10450.0,10425.6875,1
Hybrid,BBCA.JK,1842,H2,10475.0,10427.752,1
Hybrid,BBCA.JK,1843,H3,10300.0,10427.5205,1
Hybrid,BBCA.JK,1842,H1,10475.0,10405.258,0
Hybrid,BBCA.JK,1843,H2,10300.0,10405.667,1
Hybrid,BBCA.JK,1844,H3,10400.0,10413.343,1
Hybrid,BBCA.JK,1843,H1,10300.0,10409.227,1
Hybrid,BBCA.JK,1844,H2,10400.0,10411.926,1
Hybrid,BBCA.JK,1845,H3,10425.0,10424.747,1
Hybrid,BBCA.JK,1844,H1,10400.0,10262.004,0
Hybrid,BBCA.JK,1845,H2,10425.0,10302.316,1
Hybrid,BBCA.JK,1846,H3,10500.0,10314.843,1
Hybrid,BBCA.JK,1845,H1,10425.0,10267.393,0
Hybrid,BBCA.JK,1846,H2,10500.0,10302.915,0
Hybrid,BBCA.JK,1847,H3,10375.0,10291.9375,1
Hybrid,BBCA.JK,1846,H1,10500.0,10404.195,0
Hybrid,BBCA.JK,1847,H2,10375.0,10398.898,1
Hybrid,BBCA.JK,1848,H3,10500.0,10392.095,0
Hybrid,BBCA.JK,1847,H1,10375.0,10432.515,1
Hybrid,BBCA.JK,1848,H2,10500.0,10428.625,0
Hybrid,BBCA.JK,1849,H3,10625.0,10429.333,0
Hybrid,BBCA.JK,1848,H1,10500.0,10426.686,1
Hybrid,BBCA.JK,1849,H2,10625.0,10437.052,1
Hybrid,BBCA.JK,1850,H3,10475.0,10441.908,1
Hybrid,BBCA.JK,1849,H1,10625.0,10492.034,0
Hybrid,BBCA.JK,1850,H2,10475.0,10500.431,0
Hybrid,BBCA.JK,1851,H3,10725.0,10510.037,1
Hybrid,BBCA.JK,1850,H1,10475.0,10489.381,1
Hybrid,BBCA.JK,1851,H2,10725.0,10509.945,0
Hybrid,BBCA.JK,1852,H3,10750.0,10503.11,0
Hybrid,BBCA.JK,1851,H1,10725.0,10521.386,1
Hybrid,BBCA.JK,1852,H2,10750.0,10527.833,1
Hybrid,BBCA.JK,1853,H3,10675.0,10516.561,1
Hybrid,BBCA.JK,1852,H1,10750.0,10639.579,0
Hybrid,BBCA.JK,1853,H2,10675.0,10628.058,1
Hybrid,BBCA.JK,1854,H3,10500.0,10624.591,1
Hybrid,BBCA.JK,1853,H1,10675.0,10638.988,1
Hybrid,BBCA.JK,1854,H2,10500.0,10634.063,1
Hybrid,BBCA.JK,1855,H3,10650.0,10638.581,1
Hybrid,BBCA.JK,1854,H1,10500.0,10581.455,1
Hybrid,BBCA.JK,1855,H2,10650.0,10601.277,1
Hybrid,BBCA.JK,1856,H3,10700.0,10598.428,0
Hybrid,BBCA.JK,1855,H1,10650.0,10528.566,1
Hybrid,BBCA.JK,1856,H2,10700.0,10539.82,1
Hybrid,BBCA.JK,1857,H3,10750.0,10530.608,1
Hybrid,BBCA.JK,1856,H1,10700.0,10613.762,0
Hybrid,BBCA.JK,1857,H2,10750.0,10604.672,0
Hybrid,BBCA.JK,1858,H3,10600.0,10594.628,1
Hybrid,BBCA.JK,1857,H1,10750.0,10615.632,0
Hybrid,BBCA.JK,1858,H2,10600.0,10603.417,1
Hybrid,BBCA.JK,1859,H3,10500.0,10603.369,1
Hybrid,BBCA.JK,1858,H1,10600.0,10571.072,1
Hybrid,BBCA.JK,1859,H2,10500.0,10561.559,1
Hybrid,BBCA.JK,1860,H3,10350.0,10572.326,1
Hybrid,BBCA.JK,1859,H1,10500.0,10525.701,1
Hybrid,BBCA.JK,1860,H2,10350.0,10528.1,1
Hybrid,BBCA.JK,1861,H3,10250.0,10382.991,1
Hybrid,BBCA.JK,1860,H1,10350.0,10461.869,1
Hybrid,BBCA.JK,1861,H2,10250.0,10335.143,1
Hybrid,BBCA.JK,1862,H3,10425.0,10432.867,1
Hybrid,BBCA.JK,1861,H1,10250.0,10215.869,1
Hybrid,BBCA.JK,1862,H2,10425.0,10344.602,0
Hybrid,BBCA.JK,1863,H3,10375.0,10349.141,0
Hybrid,BBCA.JK,1862,H1,10425.0,10342.902,1
Hybrid,BBCA.JK,1863,H2,10375.0,10353.365,1
Hybrid,BBCA.JK,1864,H3,10500.0,10354.304,1
Hybrid,BBCA.JK,1863,H1,10375.0,10376.36,1
Hybrid,BBCA.JK,1864,H2,10500.0,10370.488,0
Hybrid,BBCA.JK,1865,H3,10450.0,10382.681,0
Hybrid,BBCA.JK,1864,H1,10500.0,10342.744,0
Hybrid,BBCA.JK,1865,H2,10450.0,10351.791,0
Hybrid,BBCA.JK,1866,H3,10175.0,10377.172,0
Hybrid,BBCA.JK,1865,H1,10450.0,10381.455,1
Hybrid,BBCA.JK,1866,H2,10175.0,10392.662,1
Hybrid,BBCA.JK,1867,H3,10075.0,10397.559,1
Hybrid,BBCA.JK,1866,H1,10175.0,10403.5625,1
Hybrid,BBCA.JK,1867,H2,10075.0,10392.327,1
Hybrid,BBCA.JK,1868,H3,10050.0,10399.652,1
Hybrid,BBCA.JK,1867,H1,10075.0,10080.809,1
Hybrid,BBCA.JK,1868,H2,10050.0,10107.362,1
Hybrid,BBCA.JK,1869,H3,10150.0,10114.546,1
Hybrid,BBCA.JK,1868,H1,10050.0,10086.766,0
Hybrid,BBCA.JK,1869,H2,10150.0,10106.918,1
Hybrid,BBCA.JK,1870,H3,10150.0,10117.949,1
Hybrid,BBCA.JK,1869,H1,10150.0,10032.025,0
Hybrid,BBCA.JK,1870,H2,10150.0,10051.372,1
Hybrid,BBCA.JK,1871,H3,10100.0,10077.271,1
Hybrid,BBCA.JK,1870,H1,10150.0,10081.686,0
Hybrid,BBCA.JK,1871,H2,10100.0,10107.098,1
Hybrid,BBCA.JK,1872,H3,10175.0,10108.781,0
Hybrid,BBCA.JK,1871,H1,10100.0,10095.41,1
Hybrid,BBCA.JK,1872,H2,10175.0,10100.105,0
Hybrid,BBCA.JK,1873,H3,10000.0,10102.382,1
Hybrid,BBCA.JK,1872,H1,10175.0,10051.379,0
Hybrid,BBCA.JK,1873,H2,10000.0,10057.322,1
Hybrid,BBCA.JK,1874,H3,9925.0,10062.4,1
Hybrid,BBCA.JK,1873,H1,10000.0,10065.574,1
Hybrid,BBCA.JK,1874,H2,9925.0,10068.636,1
Hybrid,BBCA.JK,1875,H3,10075.0,10083.059,1
Hybrid,BBCA.JK,1874,H1,9925.0,9856.688,1
Hybrid,BBCA.JK,1875,H2,10075.0,9900.264,0
Hybrid,BBCA.JK,1876,H3,9850.0,9921.286,1
Hybrid,BBCA.JK,1875,H1,10075.0,9958.31,1
Hybrid,BBCA.JK,1876,H2,9850.0,9995.389,0
Hybrid,BBCA.JK,1877,H3,9850.0,9988.677,0
Hybrid,BBCA.JK,1876,H1,9850.0,10082.08,0
Hybrid,BBCA.JK,1877,H2,9850.0,10080.044,0
Hybrid,BBCA.JK,1878,H3,10175.0,10079.192,1
Hybrid,BBCA.JK,1877,H1,9850.0,9851.155,1
Hybrid,BBCA.JK,1878,H2,10175.0,9888.45,1
Hybrid,BBCA.JK,1879,H3,10000.0,9888.141,1
Hybrid,BBCA.JK,1878,H1,10175.0,9954.248,1
Hybrid,BBCA.JK,1879,H2,10000.0,9968.224,1
Hybrid,BBCA.JK,1880,H3,10000.0,9983.3545,1
Hybrid,BBCA.JK,1879,H1,10000.0,10101.862,1
Hybrid,BBCA.JK,1880,H2,10000.0,10124.003,1
Hybrid,BBCA.JK,1881,H3,10000.0,10114.595,1
Hybrid,BBCA.JK,1880,H1,10000.0,10033.089,0
Hybrid,BBCA.JK,1881,H2,10000.0,10038.292,0
Hybrid,BBCA.JK,1882,H3,9750.0,10046.745,0
Hybrid,BBCA.JK,1881,H1,10000.0,10001.26,1
Hybrid,BBCA.JK,1882,H2,9750.0,10016.277,0
Hybrid,BBCA.JK,1883,H3,10200.0,10021.514,1
Hybrid,BBCA.JK,1882,H1,9750.0,10004.361,0
Hybrid,BBCA.JK,1883,H2,10200.0,10013.457,1
Hybrid,BBCA.JK,1884,H3,10200.0,10026.612,1
Hybrid,BBCA.JK,1883,H1,10200.0,9906.002,1
Hybrid,BBCA.JK,1884,H2,10200.0,9944.221,1
Hybrid,BBCA.JK,1885,H3,10250.0,9960.383,1
Hybrid,BBCA.JK,1884,H1,10200.0,10137.35,0
Hybrid,BBCA.JK,1885,H2,10250.0,10151.13,0
Hybrid,BBCA.JK,1886,H3,10075.0,10142.826,1
Hybrid,BBCA.JK,1885,H1,10250.0,10145.995,0
Hybrid,BBCA.JK,1886,H2,10075.0,10138.446,1
Hybrid,BBCA.JK,1887,H3,10350.0,10141.0,0
Hybrid,BBCA.JK,1886,H1,10075.0,10178.234,1
Hybrid,BBCA.JK,1887,H2,10350.0,10177.804,0
Hybrid,BBCA.JK,1888,H3,10350.0,10180.459,0
Hybrid,BBCA.JK,1887,H1,10350.0,10060.78,0
Hybrid,BBCA.JK,1888,H2,10350.0,10069.286,0
Hybrid,BBCA.JK,1889,H3,10425.0,10083.632,1
Hybrid,BBCA.JK,1888,H1,10350.0,10175.8125,0
Hybrid,BBCA.JK,1889,H2,10425.0,10175.677,0
Hybrid,BBCA.JK,1890,H3,10175.0,10198.729,1
Hybrid,BBCA.JK,1889,H1,10425.0,10220.38,0
Hybrid,BBCA.JK,1890,H2,10175.0,10229.135,1
Hybrid,BBCA.JK,1891,H3,10050.0,10230.994,1
Hybrid,BBCA.JK,1890,H1,10175.0,10243.896,1
Hybrid,BBCA.JK,1891,H2,10050.0,10225.852,1
Hybrid,BBCA.JK,1892,H3,10100.0,10234.122,1
Hybrid,BBCA.JK,1891,H1,10050.0,10128.969,1
Hybrid,BBCA.JK,1892,H2,10100.0,10125.703,1
Hybrid,BBCA.JK,1893,H3,9900.0,10136.758,1
Hybrid,BBCA.JK,1892,H1,10100.0,10062.418,1
Hybrid,BBCA.JK,1893,H2,9900.0,10066.481,0
Hybrid,BBCA.JK,1894,H3,9800.0,10083.005,0
Hybrid,BBCA.JK,1893,H1,9900.0,10048.781,1
Hybrid,BBCA.JK,1894,H2,9800.0,10059.029,1
Hybrid,BBCA.JK,1895,H3,9675.0,10084.223,1
Hybrid,BBCA.JK,1894,H1,9800.0,9857.94,1
Hybrid,BBCA.JK,1895,H2,9675.0,9893.358,1
Hybrid,BBCA.JK,1896,H3,9650.0,9894.26,1
Hybrid,BBCA.JK,1895,H1,9675.0,9840.878,0
Hybrid,BBCA.JK,1896,H2,9650.0,9847.255,0
Hybrid,BBCA.JK,1897,H3,9775.0,9849.272,0
Hybrid,BBCA.JK,1896,H1,9650.0,9653.242,1
Hybrid,BBCA.JK,1897,H2,9775.0,9670.133,0
Hybrid,BBCA.JK,1898,H3,9750.0,9671.336,0
Hybrid,BBCA.JK,1897,H1,9775.0,9637.992,0
Hybrid,BBCA.JK,1898,H2,9750.0,9652.639,1
Hybrid,BBCA.JK,1899,H3,9800.0,9662.645,1
Hybrid,BBCA.JK,1898,H1,9750.0,9687.021,1
Hybrid,BBCA.JK,1899,H2,9800.0,9708.076,0
Hybrid,BBCA.JK,1900,H3,9675.0,9709.506,1
Hybrid,BBCA.JK,1899,H1,9800.0,9735.141,0
Hybrid,BBCA.JK,1900,H2,9675.0,9741.671,1
Hybrid,BBCA.JK,1901,H3,9900.0,9742.197,0
Hybrid,BBCA.JK,1900,H1,9675.0,9743.31,1
Hybrid,BBCA.JK,1901,H2,9900.0,9759.544,0
Hybrid,BBCA.JK,1902,H3,9850.0,9759.658,0
Hybrid,BBCA.JK,1901,H1,9900.0,9684.656,1
Hybrid,BBCA.JK,1902,H2,9850.0,9702.283,1
Hybrid,BBCA.JK,1903,H3,9675.0,9697.057,0
Hybrid,BBCA.JK,1902,H1,9850.0,9769.773,1
Hybrid,BBCA.JK,1903,H2,9675.0,9764.578,1
Hybrid,BBCA.JK,1904,H3,9525.0,9771.054,1
Hybrid,BBCA.JK,1903,H1,9675.0,9732.589,1
Hybrid,BBCA.JK,1904,H2,9525.0,9749.488,1
Hybrid,BBCA.JK,1905,H3,9675.0,9758.155,1
Hybrid,BBCA.JK,1904,H1,9525.0,9657.071,1
Hybrid,BBCA.JK,1905,H2,9675.0,9691.29,0
Hybrid,BBCA.JK,1906,H3,9850.0,9698.654,1
Hybrid,BBCA.JK,1905,H1,9675.0,9600.428,1
Hybrid,BBCA.JK,1906,H2,9850.0,9626.682,1
Hybrid,BBCA.JK,1907,H3,9725.0,9624.515,1
Hybrid,BBCA.JK,1906,H1,9850.0,9661.471,0
Hybrid,BBCA.JK,1907,H2,9725.0,9662.816,0
Hybrid,BBCA.JK,1908,H3,9675.0,9658.028,0
Hybrid,BBCA.JK,1907,H1,9725.0,9741.825,1
Hybrid,BBCA.JK,1908,H2,9675.0,9735.303,1
Hybrid,BBCA.JK,1909,H3,9525.0,9741.72,1
Hybrid,BBCA.JK,1908,H1,9675.0,9666.137,1
Hybrid,BBCA.JK,1909,H2,9525.0,9682.771,1
Hybrid,BBCA.JK,1910,H3,9800.0,9691.06,0
Hybrid,BBCA.JK,1909,H1,9525.0,9592.989,1
Hybrid,BBCA.JK,1910,H2,9800.0,9609.061,0
Hybrid,BBCA.JK,1911,H3,9750.0,9623.616,0
Hybrid,BBCA.JK,1910,H1,9800.0,9499.793,0
Hybrid,BBCA.JK,1911,H2,9750.0,9516.547,0
Hybrid,BBCA.JK,1912,H3,9900.0,9519.482,0
Hybrid,BBCA.JK,1911,H1,9750.0,9683.25,1
Hybrid,BBCA.JK,1912,H2,9900.0,9673.72,0
Hybrid,BBCA.JK,1913,H3,9625.0,9672.986,1
Hybrid,BBCA.JK,1912,H1,9900.0,9666.084,0
Hybrid,BBCA.JK,1913,H2,9625.0,9670.593,1
Hybrid,BBCA.JK,1914,H3,9575.0,9678.121,1
Hybrid,BBCA.JK,1913,H1,9625.0,9752.829,1
Hybrid,BBCA.JK,1914,H2,9575.0,9758.677,1
Hybrid,BBCA.JK,1915,H3,9600.0,9767.549,1
Hybrid,BBCA.JK,1914,H1,9575.0,9480.707,1
Hybrid,BBCA.JK,1915,H2,9600.0,9530.262,1
Hybrid,BBCA.JK,1916,H3,9600.0,9536.686,1
Hybrid,BBCA.JK,1915,H1,9600.0,9532.903,0
Hybrid,BBCA.JK,1916,H2,9600.0,9554.989,0
Hybrid,BBCA.JK,1917,H3,9350.0,9550.343,1
Hybrid,BBCA.JK,1916,H1,9600.0,9532.754,0
Hybrid,BBCA.JK,1917,H2,9350.0,9542.997,1
Hybrid,BBCA.JK,1918,H3,9150.0,9538.62,1
Hybrid,BBCA.JK,1917,H1,9350.0,9507.432,1
Hybrid,BBCA.JK,1918,H2,9150.0,9510.389,1
Hybrid,BBCA.JK,1919,H3,9450.0,9494.737,1
Hybrid,BBCA.JK,1918,H1,9150.0,9322.523,1
Hybrid,BBCA.JK,1919,H2,9450.0,9343.228,0
Hybrid,BBCA.JK,1920,H3,9350.0,9317.38,0
Hybrid,BBCA.JK,1919,H1,9450.0,9208.262,1
Hybrid,BBCA.JK,1920,H2,9350.0,9158.721,1
Hybrid,BBCA.JK,1921,H3,9175.0,9163.332,1
Hybrid,BBCA.JK,1920,H1,9350.0,9392.885,1
Hybrid,BBCA.JK,1921,H2,9175.0,9375.872,1
Hybrid,BBCA.JK,1922,H3,9125.0,9369.255,1
Hybrid,BBCA.JK,1921,H1,9175.0,9226.52,1
Hybrid,BBCA.JK,1922,H2,9125.0,9218.682,1
Hybrid,BBCA.JK,1923,H3,8950.0,9223.023,1
Hybrid,BBCA.JK,1922,H1,9125.0,9174.411,1
Hybrid,BBCA.JK,1923,H2,8950.0,9176.034,0
Hybrid,BBCA.JK,1924,H3,9350.0,9175.49,1
Hybrid,BBCA.JK,1923,H1,8950.0,9138.832,0
Hybrid,BBCA.JK,1924,H2,9350.0,9122.62,0
Hybrid,BBCA.JK,1925,H3,9150.0,9126.437,1
Hybrid,BBCA.JK,1924,H1,9350.0,8917.137,0
Hybrid,BBCA.JK,1925,H2,9150.0,8910.879,0
Hybrid,BBCA.JK,1926,H3,9075.0,8915.24,0
Hybrid,BBCA.JK,1925,H1,9150.0,9069.297,1
Hybrid,BBCA.JK,1926,H2,9075.0,9044.26,1
Hybrid,BBCA.JK,1927,H3,9150.0,9033.527,1
Hybrid,BBCA.JK,1926,H1,9075.0,9007.509,1
Hybrid,BBCA.JK,1927,H2,9150.0,8984.084,0
Hybrid,BBCA.JK,1928,H3,9000.0,8987.934,1
Hybrid,BBCA.JK,1927,H1,9150.0,9002.545,0
Hybrid,BBCA.JK,1928,H2,9000.0,8995.584,1
Hybrid,BBCA.JK,1929,H3,8975.0,8994.143,1
Hybrid,BBCA.JK,1928,H1,9000.0,8917.59,1
Hybrid,BBCA.JK,1929,H2,8975.0,8915.816,1
Hybrid,BBCA.JK,1930,H3,9325.0,8926.331,0
Hybrid,BBCA.JK,1929,H1,8975.0,8808.003,1
Hybrid,BBCA.JK,1930,H2,9325.0,8823.911,0
Hybrid,BBCA.JK,1931,H3,9300.0,8830.626,0
Hybrid,BBCA.JK,1930,H1,9325.0,8875.417,0
Hybrid,BBCA.JK,1931,H2,9300.0,8883.102,0
Hybrid,BBCA.JK,1932,H3,8950.0,8878.228,1
Hybrid,BBCA.JK,1931,H1,9300.0,9108.963,1
Hybrid,BBCA.JK,1932,H2,8950.0,9095.078,1
Hybrid,BBCA.JK,1933,H3,9000.0,9096.834,1
Hybrid,BBCA.JK,1932,H1,8950.0,9128.193,1
Hybrid,BBCA.JK,1933,H2,9000.0,9126.121,1
Hybrid,BBCA.JK,1934,H3,9000.0,9121.835,1
Hybrid,BBCA.JK,1933,H1,9000.0,8852.27,0
Hybrid,BBCA.JK,1934,H2,9000.0,8868.506,0
Hybrid,BBCA.JK,1935,H3,8925.0,8881.016,1
Hybrid,BBCA.JK,1934,H1,9000.0,9061.07,0
Hybrid,BBCA.JK,1935,H2,8925.0,9044.34,0
Hybrid,BBCA.JK,1936,H3,8825.0,9043.054,0
Hybrid,BBCA.JK,1935,H1,8925.0,8900.47,1
Hybrid,BBCA.JK,1936,H2,8825.0,8900.272,1
Hybrid,BBCA.JK,1937,H3,8775.0,8893.922,1
Hybrid,BBCA.JK,1936,H1,8825.0,8891.072,1
Hybrid,BBCA.JK,1937,H2,8775.0,8866.596,1
Hybrid,BBCA.JK,1938,H3,8525.0,8871.233,1
Hybrid,BBCA.JK,1937,H1,8775.0,8787.958,1
Hybrid,BBCA.JK,1938,H2,8525.0,8781.86,1
Hybrid,BBCA.JK,1939,H3,8425.0,8792.483,1
Hybrid,BBCA.JK,1938,H1,8525.0,8689.41,1
Hybrid,BBCA.JK,1939,H2,8425.0,8711.15,1
Hybrid,BBCA.JK,1940,H3,8800.0,8775.13,1
Hybrid,BBCA.JK,1939,H1,8425.0,8631.146,0
Hybrid,BBCA.JK,1940,H2,8800.0,8694.302,1
Hybrid,BBCA.JK,1941,H3,8850.0,8699.351,1
Hybrid,BBCA.JK,1940,H1,8800.0,8653.885,1
Hybrid,BBCA.JK,1941,H2,8850.0,8643.235,1
Hybrid,BBCA.JK,1942,H3,9000.0,8634.259,1
Hybrid,BBCA.JK,1941,H1,8850.0,8699.947,0
Hybrid,BBCA.JK,1942,H2,9000.0,8678.201,0
Hybrid,BBCA.JK,1943,H3,8975.0,8688.383,0
Hybrid,BBCA.JK,1942,H1,9000.0,8786.653,0
Hybrid,BBCA.JK,1943,H2,8975.0,8785.403,0
Hybrid,BBCA.JK,1944,H3,8925.0,8778.53,0
Hybrid,BBCA.JK,1943,H1,8975.0,8912.216,1
Hybrid,BBCA.JK,1944,H2,8925.0,8892.473,1
Hybrid,BBCA.JK,1945,H3,8925.0,8900.965,1
Hybrid,BBCA.JK,1944,H1,8925.0,8907.78,1
Hybrid,BBCA.JK,1945,H2,8925.0,8917.032,1
Hybrid,BBCA.JK,1946,H3,8925.0,8917.057,1
Hybrid,BBCA.JK,1945,H1,8925.0,8898.154,0
Hybrid,BBCA.JK,1946,H2,8925.0,8899.454,0
Hybrid,BBCA.JK,1947,H3,9125.0,8892.376,0
Hybrid,BBCA.JK,1946,H1,8925.0,8829.284,0
Hybrid,BBCA.JK,1947,H2,9125.0,8822.436,0
Hybrid,BBCA.JK,1948,H3,8975.0,8836.36,0
Hybrid,BBCA.JK,1947,H1,9125.0,8851.415,0
Hybrid,BBCA.JK,1948,H2,8975.0,8858.916,0
Hybrid,BBCA.JK,1949,H3,8750.0,8853.954,1
Hybrid,BBCA.JK,1948,H1,8975.0,8981.507,1
Hybrid,BBCA.JK,1949,H2,8750.0,8956.517,1
Hybrid,BBCA.JK,1950,H3,8600.0,8962.016,1
Hybrid,BBCA.JK,1949,H1,8750.0,8737.037,1
Hybrid,BBCA.JK,1950,H2,8600.0,8759.291,1
Hybrid,BBCA.JK,1951,H3,8300.0,8761.237,1
Hybrid,BBCA.JK,1950,H1,8600.0,8568.455,1
Hybrid,BBCA.JK,1951,H2,8300.0,8582.078,1
Hybrid,BBCA.JK,1952,H3,8325.0,8577.716,1
Hybrid,BBCA.JK,1951,H1,8300.0,8419.634,1
Hybrid,BBCA.JK,1952,H2,8325.0,8442.451,1
Hybrid,BBCA.JK,1953,H3,8375.0,8466.768,1
Hybrid,BBCA.JK,1952,H1,8325.0,8248.736,0
Hybrid,BBCA.JK,1953,H2,8375.0,8296.932,0
Hybrid,BBCA.JK,1954,H3,7900.0,8306.057,0
Hybrid,BBCA.JK,1953,H1,8375.0,8253.63,0
Hybrid,BBCA.JK,1954,H2,7900.0,8268.381,1
Hybrid,BBCA.JK,1955,H3,7950.0,8287.956,1
Hybrid,BBCA.JK,1954,H1,7900.0,8161.84,1
Hybrid,BBCA.JK,1955,H2,7950.0,8208.074,1
Hybrid,BBCA.JK,1956,H3,8050.0,8226.757,1
Hybrid,BBCA.JK,1955,H1,7950.0,8005.9746,1
Hybrid,BBCA.JK,1956,H2,8050.0,8062.9175,1
Hybrid,BBCA.JK,1957,H3,8525.0,8080.4595,1
Hybrid,BBCA.JK,1956,H1,8050.0,8018.372,1
Hybrid,BBCA.JK,1957,H2,8525.0,8055.6484,1
Hybrid,BBCA.JK,1958,H3,8500.0,8077.883,1
Hybrid,BBCA.JK,1957,H1,8525.0,8131.849,1
Hybrid,BBCA.JK,1958,H2,8500.0,8154.243,1
Hybrid,BBCA.JK,1959,H3,7775.0,8152.81,0
Hybrid,BBCA.JK,1958,H1,8500.0,8445.752,1
Hybrid,BBCA.JK,1959,H2,7775.0,8421.691,1
Hybrid,BBCA.JK,1960,H3,7925.0,8421.673,1
Hybrid,BBCA.JK,1959,H1,7775.0,8346.598,1
Hybrid,BBCA.JK,1960,H2,7925.0,8332.56,1
Hybrid,BBCA.JK,1961,H3,8225.0,8343.323,1
Hybrid,BBCA.JK,1960,H1,7925.0,8044.0615,1
Hybrid,BBCA.JK,1961,H2,8225.0,8072.3984,1
Hybrid,BBCA.JK,1962,H3,8275.0,8079.897,1
Hybrid,BBCA.JK,1961,H1,8225.0,7995.13,1
Hybrid,BBCA.JK,1962,H2,8275.0,7991.04,1
Hybrid,BBCA.JK,1963,H3,8400.0,7994.238,1
Hybrid,BBCA.JK,1962,H1,8275.0,8264.857,1
Hybrid,BBCA.JK,1963,H2,8400.0,8265.751,1
Hybrid,BBCA.JK,1964,H3,8575.0,8272.135,1
Hybrid,BBCA.JK,1963,H1,8400.0,8304.1,1
Hybrid,BBCA.JK,1964,H2,8575.0,8303.343,1
Hybrid,BBCA.JK,1965,H3,8475.0,8297.072,1
Hybrid,BBCA.JK,1964,H1,8575.0,8459.708,1
Hybrid,BBCA.JK,1965,H2,8475.0,8435.074,1
Hybrid,BBCA.JK,1966,H3,8500.0,8445.18,1
Hybrid,BBCA.JK,1965,H1,8475.0,8540.791,1
Hybrid,BBCA.JK,1966,H2,8500.0,8535.911,1
Hybrid,BBCA.JK,1967,H3,8300.0,8530.718,1
Hybrid,BBCA.JK,1966,H1,8500.0,8455.503,0
Hybrid,BBCA.JK,1967,H2,8300.0,8448.747,1
Hybrid,BBCA.JK,1968,H3,8500.0,8451.232,0
Hybrid,BBCA.JK,1967,H1,8300.0,8469.617,1
Hybrid,BBCA.JK,1968,H2,8500.0,8482.367,0
Hybrid,BBCA.JK,1969,H3,8725.0,8480.459,0
Hybrid,BBCA.JK,1968,H1,8500.0,8429.205,1
Hybrid,BBCA.JK,1969,H2,8725.0,8441.823,1
Hybrid,BBCA.JK,1970,H3,8475.0,8462.993,1
Hybrid,BBCA.JK,1969,H1,8725.0,8522.633,1
Hybrid,BBCA.JK,1970,H2,8475.0,8531.488,0
Hybrid,BBCA.JK,1971,H3,8600.0,8529.06,1
Hybrid,BBCA.JK,1970,H1,8475.0,8714.607,1
Hybrid,BBCA.JK,1971,H2,8600.0,8710.281,1
Hybrid,BBCA.JK,1972,H3,8775.0,8719.257,0
Hybrid,BBCA.JK,1971,H1,8600.0,8658.193,1
Hybrid,BBCA.JK,1972,H2,8775.0,8681.006,1
Hybrid,BBCA.JK,1973,H3,8725.0,8686.77,1
Hybrid,BBCA.JK,1972,H1,8775.0,8725.995,1
Hybrid,BBCA.JK,1973,H2,8725.0,8723.945,1
Hybrid,BBCA.JK,1974,H3,8825.0,8765.046,1
Hybrid,BBCA.JK,1973,H1,8725.0,8843.049,0
Hybrid,BBCA.JK,1974,H2,8825.0,8865.922,1
Hybrid,BBCA.JK,1975,H3,8975.0,8912.81,1
Hybrid,BBCA.JK,1974,H1,8825.0,8845.108,1
Hybrid,BBCA.JK,1975,H2,8975.0,8875.317,1
Hybrid,BBCA.JK,1976,H3,8975.0,8878.513,1
Hybrid,BBCA.JK,1975,H1,8975.0,8912.978,1
Hybrid,BBCA.JK,1976,H2,8975.0,8894.525,1
Hybrid,BBCA.JK,1977,H3,9025.0,8892.016,1
Hybrid,BBCA.JK,1976,H1,8975.0,8994.299,0
Hybrid,BBCA.JK,1977,H2,9025.0,8987.239,1
Hybrid,BBCA.JK,1978,H3,9075.0,8977.762,1
Hybrid,BBCA.JK,1977,H1,9025.0,8993.249,1
Hybrid,BBCA.JK,1978,H2,9075.0,8984.528,1
Hybrid,BBCA.JK,1979,H3,8975.0,8987.766,0
Hybrid,BBCA.JK,1978,H1,9075.0,9062.193,1
Hybrid,BBCA.JK,1979,H2,8975.0,9057.117,0
Hybrid,BBCA.JK,1980,H3,9000.0,9053.864,0
Hybrid,BBCA.JK,1979,H1,8975.0,9104.676,0
Hybrid,BBCA.JK,1980,H2,9000.0,9096.589,0
Hybrid,BBCA.JK,1981,H3,9275.0,9089.892,1
Hybrid,BBCA.JK,1980,H1,9000.0,9034.1455,1
Hybrid,BBCA.JK,1981,H2,9275.0,9032.259,1
Hybrid,BBCA.JK,1982,H3,9275.0,9038.342,1
Hybrid,BBCA.JK,1981,H1,9275.0,8978.702,0
Hybrid,BBCA.JK,1982,H2,9275.0,8988.734,0
Hybrid,BBCA.JK,1983,H3,9300.0,8988.758,0
Hybrid,BBCA.JK,1982,H1,9275.0,9222.48,0
Hybrid,BBCA.JK,1983,H2,9300.0,9205.832,0
Hybrid,BBCA.JK,1984,H3,9500.0,9204.963,0
Hybrid,BBCA.JK,1983,H1,9300.0,9130.182,0
Hybrid,BBCA.JK,1984,H2,9500.0,9140.921,0
Hybrid,BBCA.JK,1985,H3,9475.0,9142.387,0
Hybrid,BBCA.JK,1984,H1,9500.0,9291.396,0
Hybrid,BBCA.JK,1985,H2,9475.0,9289.052,0
Hybrid,BBCA.JK,1986,H3,9700.0,9280.326,0
Hybrid,BBCA.JK,1985,H1,9475.0,9493.153,1
Hybrid,BBCA.JK,1986,H2,9700.0,9476.668,0
Hybrid,BBCA.JK,1987,H3,9650.0,9473.904,0
Hybrid,BBCA.JK,1986,H1,9700.0,9522.343,1
Hybrid,BBCA.JK,1987,H2,9650.0,9510.806,1
Hybrid,BBCA.JK,1988,H3,9675.0,9505.531,1
Hybrid,BBCA.JK,1987,H1,9650.0,9560.879,1
Hybrid,BBCA.JK,1988,H2,9675.0,9544.702,1
Hybrid,BBCA.JK,1989,H3,9625.0,9541.143,1
Hybrid,BBCA.JK,1988,H1,9675.0,9552.9375,0
Hybrid,BBCA.JK,1989,H2,9625.0,9539.535,1
Hybrid,BBCA.JK,1990,H3,9450.0,9541.684,1
Hybrid,BBCA.JK,1989,H1,9625.0,9626.66,1
Hybrid,BBCA.JK,1990,H2,9450.0,9621.482,1
Hybrid,BBCA.JK,1991,H3,9400.0,9624.314,1
Hybrid,BBCA.JK,1990,H1,9450.0,9410.215,1
Hybrid,BBCA.JK,1991,H2,9400.0,9426.621,1
Hybrid,BBCA.JK,1992,H3,9100.0,9451.143,1
Hybrid,BBCA.JK,1991,H1,9400.0,9286.925,1
Hybrid,BBCA.JK,1992,H2,9100.0,9323.494,1
Hybrid,BBCA.JK,1993,H3,9050.0,9326.736,1
Hybrid,BBCA.JK,1992,H1,9100.0,9373.169,1
Hybrid,BBCA.JK,1993,H2,9050.0,9385.555,1
Hybrid,BBCA.JK,1994,H3,8975.0,9378.792,1
Hybrid,BBCA.JK,1993,H1,9050.0,9071.672,1
Hybrid,BBCA.JK,1994,H2,8975.0,9068.598,1
Hybrid,BBCA.JK,1995,H3,8925.0,9075.189,1
Hybrid,BBCA.JK,1994,H1,8975.0,9014.211,1
Hybrid,BBCA.JK,1995,H2,8925.0,9012.223,1
Hybrid,BBCA.JK,1996,H3,9100.0,9011.539,0
Hybrid,BBCA.JK,1995,H1,8925.0,8985.928,0
Hybrid,BBCA.JK,1996,H2,9100.0,8980.14,1
Hybrid,BBCA.JK,1997,H3,9050.0,8975.72,1
Hybrid,BBCA.JK,1996,H1,9100.0,8960.884,1
Hybrid,BBCA.JK,1997,H2,9050.0,8960.232,1
Hybrid,BBCA.JK,1998,H3,9125.0,8970.854,1
Hybrid,BBCA.JK,1997,H1,9050.0,9059.408,1
Hybrid,BBCA.JK,1998,H2,9125.0,9063.999,0
Hybrid,BBCA.JK,1999,H3,9025.0,9058.527,1
Hybrid,BBCA.JK,1998,H1,9125.0,9038.489,0
Hybrid,BBCA.JK,1999,H2,9025.0,9031.912,1
Hybrid,BBCA.JK,2000,H3,8925.0,9039.076,1
Hybrid,BBCA.JK,1999,H1,9025.0,9118.398,1
Hybrid,BBCA.JK,2000,H2,8925.0,9113.566,1
Hybrid,BBCA.JK,2001,H3,9075.0,9114.085,1
Hybrid,BBCA.JK,2000,H1,8925.0,9023.831,1
Hybrid,BBCA.JK,2001,H2,9075.0,9035.881,1
Hybrid,BBCA.JK,2002,H3,8900.0,9032.506,0
Hybrid,BBCA.JK,2001,H1,9075.0,8959.182,1
Hybrid,BBCA.JK,2002,H2,8900.0,8958.923,0
Hybrid,BBCA.JK,2003,H3,8775.0,8970.082,0
Hybrid,BBCA.JK,2002,H1,8900.0,9052.707,1
Hybrid,BBCA.JK,2003,H2,8775.0,9049.681,1
Hybrid,BBCA.JK,2004,H3,8700.0,9044.055,1
Hybrid,BBCA.JK,2003,H1,8775.0,8885.695,1
Hybrid,BBCA.JK,2004,H2,8700.0,8885.969,1
Hybrid,BBCA.JK,2005,H3,8625.0,8894.623,1
Hybrid,BBCA.JK,2004,H1,8700.0,8848.706,0
Hybrid,BBCA.JK,2005,H2,8625.0,8850.186,0
Hybrid,BBCA.JK,2006,H3,8775.0,8853.861,0
Hybrid,BBCA.JK,2005,H1,8625.0,8736.549,0
Hybrid,BBCA.JK,2006,H2,8775.0,8750.164,1
Hybrid,BBCA.JK,2007,H3,8600.0,8746.593,0
Hybrid,BBCA.JK,2006,H1,8775.0,8661.685,1
Hybrid,BBCA.JK,2007,H2,8600.0,8659.629,0
Hybrid,BBCA.JK,2008,H3,8650.0,8671.727,1
Hybrid,BBCA.JK,2007,H1,8600.0,8761.74,1
Hybrid,BBCA.JK,2008,H2,8650.0,8762.259,1
Hybrid,BBCA.JK,2009,H3,8675.0,8753.596,1
Hybrid,BBCA.JK,2008,H1,8650.0,8553.686,0
Hybrid,BBCA.JK,2009,H2,8675.0,8589.952,0
Hybrid,BBCA.JK,2010,H3,8700.0,8578.001,0
Hybrid,BBCA.JK,2009,H1,8675.0,8634.695,0
Hybrid,BBCA.JK,2010,H2,8700.0,8615.497,0
Hybrid,BBCA.JK,2011,H3,8675.0,8610.771,0
Hybrid,BBCA.JK,2010,H1,8700.0,8604.071,0
Hybrid,BBCA.JK,2011,H2,8675.0,8597.15,0
Hybrid,BBCA.JK,2012,H3,8600.0,8608.437,1
Hybrid,BBCA.JK,2011,H1,8675.0,8514.808,1
Hybrid,BBCA.JK,2012,H2,8600.0,8547.725,1
Hybrid,BBCA.JK,2013,H3,8650.0,8552.414,1
Hybrid,BBCA.JK,2012,H1,8600.0,8587.797,1
Hybrid,BBCA.JK,2013,H2,8650.0,8596.373,1
Hybrid,BBCA.JK,2014,H3,8625.0,8601.272,1
Hybrid,BBCA.JK,2013,H1,8650.0,8616.613,1
Hybrid,BBCA.JK,2014,H2,8625.0,8617.685,1
Hybrid,BBCA.JK,2015,H3,8500.0,8621.479,0
Hybrid,BBCA.JK,2014,H1,8625.0,8601.834,1
Hybrid,BBCA.JK,2015,H2,8500.0,8611.559,1
Hybrid,BBCA.JK,2016,H3,8500.0,8606.124,1
Hybrid,BBCA.JK,2015,H1,8500.0,8570.392,1
Hybrid,BBCA.JK,2016,H2,8500.0,8572.534,1
Hybrid,BBCA.JK,2017,H3,8600.0,8585.096,1
Hybrid,BBCA.JK,2016,H1,8500.0,8398.399,0
Hybrid,BBCA.JK,2017,H2,8600.0,8426.343,0
Hybrid,BBCA.JK,2018,H3,8625.0,8424.553,0
Hybrid,BBCA.JK,2017,H1,8600.0,8462.897,0
Hybrid,BBCA.JK,2018,H2,8625.0,8455.7295,0
Hybrid,BBCA.JK,2019,H3,8525.0,8458.1875,0
Hybrid,BBCA.JK,2018,H1,8625.0,8539.085,0
Hybrid,BBCA.JK,2019,H2,8525.0,8530.781,1
Hybrid,BBCA.JK,2020,H3,8550.0,8526.645,1
Hybrid,BBCA.JK,2019,H1,8525.0,8534.258,1
Hybrid,BBCA.JK,2020,H2,8550.0,8525.003,1
Hybrid,BBCA.JK,2021,H3,8525.0,8513.58,1
Hybrid,BBCA.JK,2020,H1,8550.0,8485.612,0
Hybrid,BBCA.JK,2021,H2,8525.0,8478.787,0
Hybrid,BBCA.JK,2022,H3,8525.0,8487.399,0
Hybrid,BBCA.JK,2021,H1,8525.0,8460.1875,1
Hybrid,BBCA.JK,2022,H2,8525.0,8471.16,1
Hybrid,BBCA.JK,2023,H3,8425.0,8464.13,1
Hybrid,BBCA.JK,2022,H1,8525.0,8428.989,0
Hybrid,BBCA.JK,2023,H2,8425.0,8428.742,1
Hybrid,BBCA.JK,2024,H3,8450.0,8432.309,1
Hybrid,BBCA.JK,2023,H1,8425.0,8470.023,1
Hybrid,BBCA.JK,2024,H2,8450.0,8470.646,1
Hybrid,BBCA.JK,2025,H3,8400.0,8467.919,1
Hybrid,BBCA.JK,2024,H1,8450.0,8367.759,0
Hybrid,BBCA.JK,2025,H2,8400.0,8386.477,1
Hybrid,BBCA.JK,2026,H3,8425.0,8382.802,0
Hybrid,BBCA.JK,2025,H1,8400.0,8396.005,1
Hybrid,BBCA.JK,2026,H2,8425.0,8404.164,1
Hybrid,BBCA.JK,2027,H3,8500.0,8415.937,0
Hybrid,BBCA.JK,2026,H1,8425.0,8423.276,1
Hybrid,BBCA.JK,2027,H2,8500.0,8440.714,1
Hybrid,BBCA.JK,2028,H3,8450.0,8436.3125,1
Hybrid,BBCA.JK,2027,H1,8500.0,8395.412,0
Hybrid,BBCA.JK,2028,H2,8450.0,8397.085,0
Hybrid,BBCA.JK,2029,H3,8500.0,8401.557,0
Hybrid,BBCA.JK,2028,H1,8450.0,8438.447,1
Hybrid,BBCA.JK,2029,H2,8500.0,8439.344,0
Hybrid,BBCA.JK,2030,H3,8400.0,8437.148,1
Hybrid,BBCA.JK,2029,H1,8500.0,8410.285,0
Hybrid,BBCA.JK,2030,H2,8400.0,8421.644,1
Hybrid,BBCA.JK,2031,H3,8375.0,8415.416,1
Hybrid,BBCA.JK,2030,H1,8400.0,8451.132,1
Hybrid,BBCA.JK,2031,H2,8375.0,8450.588,1
Hybrid,BBCA.JK,2032,H3,8275.0,8416.129,1
Hybrid,BBCA.JK,2031,H1,8375.0,8351.594,1
Hybrid,BBCA.JK,2032,H2,8275.0,8345.793,1
Hybrid,BBCA.JK,2033,H3,8300.0,8320.64,1
Hybrid,BBCA.JK,2032,H1,8275.0,8355.502,1
Hybrid,BBCA.JK,2033,H2,8300.0,8331.481,1
Hybrid,BBCA.JK,2034,H3,8275.0,8339.027,1
Hybrid,BBCA.JK,2033,H1,8300.0,8163.137,0
Hybrid,BBCA.JK,2034,H2,8275.0,8187.8716,0
Hybrid,BBCA.JK,2035,H3,8425.0,8188.94,0
Hybrid,BBCA.JK,2034,H1,8275.0,8259.522,1
Hybrid,BBCA.JK,2035,H2,8425.0,8257.1,0
Hybrid,BBCA.JK,2036,H3,8300.0,8250.19,0
Hybrid,BBCA.JK,2035,H1,8425.0,8275.958,1
Hybrid,BBCA.JK,2036,H2,8300.0,8270.766,0
Hybrid,BBCA.JK,2037,H3,8300.0,8284.279,1
Hybrid,BBCA.JK,2036,H1,8300.0,8358.85,1
Hybrid,BBCA.JK,2037,H2,8300.0,8361.312,1
Hybrid,BBCA.JK,2038,H3,8300.0,8345.654,1
Hybrid,BBCA.JK,2037,H1,8300.0,8364.7295,0
Hybrid,BBCA.JK,2038,H2,8300.0,8347.673,0
Hybrid,BBCA.JK,2039,H3,8550.0,8349.205,1
Hybrid,BBCA.JK,2038,H1,8300.0,8354.663,0
Hybrid,BBCA.JK,2039,H2,8550.0,8357.162,1
Hybrid,BBCA.JK,2040,H3,8850.0,8349.636,1
Hybrid,BBCA.JK,2039,H1,8550.0,8392.661,1
Hybrid,BBCA.JK,2040,H2,8850.0,8385.363,1
Hybrid,BBCA.JK,2041,H3,8925.0,8376.078,1
Hybrid,BBCA.JK,2040,H1,8850.0,8538.219,0
Hybrid,BBCA.JK,2041,H2,8925.0,8526.206,0
Hybrid,BBCA.JK,2042,H3,8775.0,8541.163,0
Hybrid,BBCA.JK,2041,H1,8925.0,8794.391,0
Hybrid,BBCA.JK,2042,H2,8775.0,8799.288,1
Hybrid,BBCA.JK,2043,H3,8700.0,8787.782,1
Hybrid,BBCA.JK,2042,H1,8775.0,8762.595,1
Hybrid,BBCA.JK,2043,H2,8700.0,8772.3,1
Hybrid,BBCA.JK,2044,H3,8500.0,8779.8955,1
Hybrid,BBCA.JK,2043,H1,8700.0,8776.902,0
Hybrid,BBCA.JK,2044,H2,8500.0,8787.762,0
Hybrid,BBCA.JK,2045,H3,8525.0,8782.825,0
Hybrid,BBCA.JK,2044,H1,8500.0,8594.592,1
Hybrid,BBCA.JK,2045,H2,8525.0,8617.482,1
Hybrid,BBCA.JK,2046,H3,8550.0,8637.756,1
Hybrid,BBCA.JK,2045,H1,8525.0,8366.913,0
Hybrid,BBCA.JK,2046,H2,8550.0,8409.517,0
Hybrid,BBCA.JK,2047,H3,8450.0,8411.142,1
Hybrid,BBCA.JK,2046,H1,8550.0,8361.598,0
Hybrid,BBCA.JK,2047,H2,8450.0,8350.632,1
Hybrid,BBCA.JK,2048,H3,8475.0,8357.685,1
Hybrid,BBCA.JK,2047,H1,8450.0,8400.825,1
Hybrid,BBCA.JK,2048,H2,8475.0,8401.973,1
Hybrid,BBCA.JK,2049,H3,8250.0,8400.18,1
Hybrid,BBCA.JK,2048,H1,8475.0,8412.4375,0
Hybrid,BBCA.JK,2049,H2,8250.0,8408.193,1
Hybrid,BBCA.JK,2050,H3,8300.0,8401.361,1
Hybrid,BBCA.JK,2049,H1,8250.0,8314.264,1
Hybrid,BBCA.JK,2050,H2,8300.0,8334.606,1
Hybrid,BBCA.JK,2051,H3,8325.0,8357.81,1
Hybrid,BBCA.JK,2050,H1,8300.0,8251.787,1
Hybrid,BBCA.JK,2051,H2,8325.0,8283.557,1
Hybrid,BBCA.JK,2052,H3,8075.0,8280.123,0
Hybrid,BBCA.JK,2051,H1,8325.0,8318.992,1
Hybrid,BBCA.JK,2052,H2,8075.0,8301.03,0
Hybrid,BBCA.JK,2053,H3,8000.0,8290.067,1
Hybrid,BBCA.JK,2052,H1,8075.0,8313.805,1
Hybrid,BBCA.JK,2053,H2,8000.0,8292.28,1
Hybrid,BBCA.JK,2054,H3,8000.0,8281.107,1
Hybrid,BBCA.JK,2053,H1,8000.0,8066.916,1
Hybrid,BBCA.JK,2054,H2,8000.0,8064.189,1
Hybrid,BBCA.JK,2055,H3,7975.0,8055.4785,1
Hybrid,BBCA.JK,2054,H1,8000.0,7865.036,0
Hybrid,BBCA.JK,2055,H2,7975.0,7858.4346,1
Hybrid,BBCA.JK,2056,H3,8000.0,7862.3984,0
Hybrid,BBCA.JK,2055,H1,7975.0,7938.934,1
Hybrid,BBCA.JK,2056,H2,8000.0,7934.2686,0
Hybrid,BBCA.JK,2057,H3,7700.0,7910.42,1
Hybrid,BBCA.JK,2056,H1,8000.0,7894.177,0
Hybrid,BBCA.JK,2057,H2,7700.0,7869.1445,1
Hybrid,BBCA.JK,2058,H3,7525.0,7864.174,1
Hybrid,BBCA.JK,2057,H1,7700.0,7946.265,1
Hybrid,BBCA.JK,2058,H2,7525.0,7940.3,1
Hybrid,BBCA.JK,2059,H3,7800.0,7931.3984,1
Hybrid,BBCA.JK,2058,H1,7525.0,7818.685,0
Hybrid,BBCA.JK,2059,H2,7800.0,7842.3813,1
Hybrid,BBCA.JK,2060,H3,7850.0,7851.9497,1
Hybrid,BBCA.JK,2059,H1,7800.0,7725.0215,1
Hybrid,BBCA.JK,2060,H2,7850.0,7763.671,1
Hybrid,BBCA.JK,2061,H3,7925.0,7768.454,1
Hybrid,BBCA.JK,2060,H1,7850.0,7856.1865,1
Hybrid,BBCA.JK,2061,H2,7925.0,7855.124,1
Hybrid,BBCA.JK,2062,H3,8025.0,7843.3545,1
Hybrid,BBCA.JK,2061,H1,7925.0,7837.1577,0
Hybrid,BBCA.JK,2062,H2,8025.0,7837.0693,0
Hybrid,BBCA.JK,2063,H3,7925.0,7843.998,0
Hybrid,BBCA.JK,2062,H1,8025.0,7913.7393,0
Hybrid,BBCA.JK,2063,H2,7925.0,7908.5923,0
Hybrid,BBCA.JK,2064,H3,7850.0,7904.1606,1
Hybrid,BBCA.JK,2063,H1,7925.0,7952.4697,1
Hybrid,BBCA.JK,2064,H2,7850.0,7944.2285,1
Hybrid,BBCA.JK,2065,H3,7700.0,7947.6694,1
Hybrid,BBCA.JK,2064,H1,7850.0,7774.8193,1
Hybrid,BBCA.JK,2065,H2,7700.0,7810.5156,1
Hybrid,BBCA.JK,2066,H3,7800.0,7810.8174,1
Hybrid,BBCA.JK,2065,H1,7700.0,7820.0312,1
Hybrid,BBCA.JK,2066,H2,7800.0,7816.8965,1
Hybrid,BBCA.JK,2067,H3,7725.0,7813.013,1
Hybrid,BBCA.JK,2066,H1,7800.0,7594.8286,0
Hybrid,BBCA.JK,2067,H2,7725.0,7618.4673,0
Hybrid,BBCA.JK,2068,H3,7875.0,7625.876,0
Hybrid,BBCA.JK,2067,H1,7725.0,7628.669,1
Hybrid,BBCA.JK,2068,H2,7875.0,7640.4736,0
Hybrid,BBCA.JK,2069,H3,7775.0,7640.2725,1
Hybrid,BBCA.JK,2068,H1,7875.0,7575.8926,0
Hybrid,BBCA.JK,2069,H2,7775.0,7601.5176,0
Hybrid,BBCA.JK,2070,H3,7700.0,7617.126,1
Hybrid,BBCA.JK,2069,H1,7775.0,7663.889,1
Hybrid,BBCA.JK,2070,H2,7700.0,7697.091,1
Hybrid,BBCA.JK,2071,H3,7625.0,7696.2783,1
Hybrid,BBCA.JK,2070,H1,7700.0,7692.329,1
Hybrid,BBCA.JK,2071,H2,7625.0,7706.27,1
Hybrid,BBCA.JK,2072,H3,7775.0,7709.5703,0
Hybrid,BBCA.JK,2071,H1,7625.0,7621.8755,1
Hybrid,BBCA.JK,2072,H2,7775.0,7622.0425,0
Hybrid,BBCA.JK,2073,H3,7625.0,7636.04,1
Hybrid,BBCA.JK,2072,H1,7775.0,7582.145,0
Hybrid,BBCA.JK,2073,H2,7625.0,7553.7153,0
Hybrid,BBCA.JK,2074,H3,7500.0,7516.7607,1
Hybrid,BBCA.JK,2073,H1,7625.0,7662.8936,1
Hybrid,BBCA.JK,2074,H2,7500.0,7616.827,1
Hybrid,BBCA.JK,2075,H3,7500.0,7625.9756,1
Hybrid,BBCA.JK,2074,H1,7500.0,7495.0615,1
Hybrid,BBCA.JK,2075,H2,7500.0,7510.406,1
Hybrid,BBCA.JK,2076,H3,7525.0,7497.7104,1
Hybrid,BBCA.JK,2075,H1,7500.0,7389.223,0
Hybrid,BBCA.JK,2076,H2,7525.0,7392.42,0
Hybrid,BBCA.JK,2077,H3,7500.0,7393.051,0
Hybrid,BBCA.JK,2076,H1,7525.0,7377.178,0
Hybrid,BBCA.JK,2077,H2,7500.0,7393.0474,0
Hybrid,BBCA.JK,2078,H3,7575.0,7399.563,0
Hybrid,BBCA.JK,2077,H1,7500.0,7499.454,1
Hybrid,BBCA.JK,2078,H2,7575.0,7509.7173,0
Hybrid,BBCA.JK,2079,H3,7375.0,7511.4175,1
Hybrid,BBCA.JK,2078,H1,7575.0,7472.334,0
Hybrid,BBCA.JK,2079,H2,7375.0,7488.3394,1
Hybrid,BBCA.JK,2080,H3,7550.0,7504.3066,1
Hybrid,BBCA.JK,2079,H1,7375.0,7536.0864,1
Hybrid,BBCA.JK,2080,H2,7550.0,7561.0635,1
Hybrid,BBCA.JK,2081,H3,7400.0,7554.746,1
Hybrid,BBCA.JK,2080,H1,7550.0,7321.477,0
Hybrid,BBCA.JK,2081,H2,7400.0,7353.5,0
Hybrid,BBCA.JK,2082,H3,7325.0,7366.36,1
Hybrid,BBCA.JK,2081,H1,7400.0,7460.2783,1
Hybrid,BBCA.JK,2082,H2,7325.0,7482.6226,1
Hybrid,BBCA.JK,2083,H3,7250.0,7494.6597,1
Hybrid,BBCA.JK,2082,H1,7325.0,7405.831,0
Hybrid,BBCA.JK,2083,H2,7250.0,7427.3574,0
Hybrid,BBCA.JK,2084,H3,7250.0,7437.3022,0
Hybrid,BBCA.JK,2083,H1,7250.0,7394.8374,0
Hybrid,BBCA.JK,2084,H2,7250.0,7407.1294,0
Hybrid,BBCA.JK,2085,H3,7300.0,7421.007,0
Hybrid,BBCA.JK,2084,H1,7250.0,7265.0723,0
Hybrid,BBCA.JK,2085,H2,7300.0,7292.0664,1
Hybrid,BBCA.JK,2086,H3,7500.0,7291.885,1
Hybrid,BBCA.JK,2085,H1,7300.0,7281.7407,1
Hybrid,BBCA.JK,2086,H2,7500.0,7282.3076,1
Hybrid,BBCA.JK,2087,H3,7875.0,7286.2236,1
Hybrid,BBCA.JK,2086,H1,7500.0,7256.2046,0
Hybrid,BBCA.JK,2087,H2,7875.0,7282.13,0
Hybrid,BBCA.JK,2088,H3,8475.0,7296.1406,0
Hybrid,BBCA.JK,2087,H1,7875.0,7621.478,1
Hybrid,BBCA.JK,2088,H2,8475.0,7613.729,1
Hybrid,BBCA.JK,2089,H3,8200.0,7610.8506,1
Hybrid,BBCA.JK,2088,H1,8475.0,7939.709,1
Hybrid,BBCA.JK,2089,H2,8200.0,7910.763,1
Hybrid,BBCA.JK,2090,H3,8325.0,7910.786,1
Hybrid,BBCA.JK,2089,H1,8200.0,8304.228,1
Hybrid,BBCA.JK,2090,H2,8325.0,8275.876,1
Hybrid,BBCA.JK,2091,H3,8275.0,8260.676,1
Hybrid,BBCA.JK,2090,H1,8325.0,8192.786,0
Hybrid,BBCA.JK,2091,H2,8275.0,8196.137,0
Hybrid,BBCA.JK,2092,H3,8350.0,8199.49,0
Hybrid,BBCA.JK,2091,H1,8275.0,8330.0625,0
Hybrid,BBCA.JK,2092,H2,8350.0,8339.594,1
Hybrid,BBCA.JK,2093,H3,8275.0,8343.559,0
Hybrid,BBCA.JK,2092,H1,8350.0,8305.258,1
Hybrid,BBCA.JK,2093,H2,8275.0,8325.495,0
Hybrid,BBCA.JK,2094,H3,8600.0,8323.667,1
Hybrid,BBCA.JK,2093,H1,8275.0,8424.831,0
Hybrid,BBCA.JK,2094,H2,8600.0,8430.867,1
Hybrid,BBCA.JK,2095,H3,8525.0,8440.982,1
Hybrid,BBCA.JK,2094,H1,8600.0,8449.086,1
Hybrid,BBCA.JK,2095,H2,8525.0,8447.792,1
Hybrid,BBCA.JK,2096,H3,8525.0,8432.948,1
Hybrid,BBCA.JK,2095,H1,8525.0,8568.849,1
Hybrid,BBCA.JK,2096,H2,8525.0,8540.145,1
Hybrid,BBCA.JK,2097,H3,8650.0,8631.858,1
Hybrid,BBCA.JK,2096,H1,8525.0,8517.932,0
Hybrid,BBCA.JK,2097,H2,8650.0,8609.016,1
Hybrid,BBCA.JK,2098,H3,8650.0,8605.221,1
Hybrid,BBCA.JK,2097,H1,8650.0,8605.293,1
Hybrid,BBCA.JK,2098,H2,8650.0,8593.846,1
Hybrid,BBCA.JK,2099,H3,8700.0,8581.338,1
Hybrid,BBCA.JK,2098,H1,8650.0,8636.034,0
Hybrid,BBCA.JK,2099,H2,8700.0,8614.344,0
Hybrid,BBCA.JK,2100,H3,8550.0,8624.089,1
Hybrid,BBCA.JK,2099,H1,8700.0,8623.891,0
Hybrid,BBCA.JK,2100,H2,8550.0,8626.06,1
Hybrid,BBCA.JK,2101,H3,8675.0,8616.686,0
Hybrid,BBCA.JK,2100,H1,8550.0,8631.016,1
Hybrid,BBCA.JK,2101,H2,8675.0,8607.746,1
Hybrid,BBCA.JK,2102,H3,8575.0,8613.08,1
Hybrid,BBCA.JK,2101,H1,8675.0,8527.518,0
Hybrid,BBCA.JK,2102,H2,8575.0,8527.098,0
Hybrid,BBCA.JK,2103,H3,8400.0,8526.759,1
Hybrid,BBCA.JK,2102,H1,8575.0,8587.117,1
Hybrid,BBCA.JK,2103,H2,8400.0,8575.61,1
Hybrid,BBCA.JK,2104,H3,8500.0,8569.138,1
Hybrid,BBCA.JK,2103,H1,8400.0,8436.953,1
Hybrid,BBCA.JK,2104,H2,8500.0,8452.433,1
Hybrid,BBCA.JK,2105,H3,8375.0,8474.367,1
Hybrid,BBCA.JK,2104,H1,8500.0,8439.112,1
Hybrid,BBCA.JK,2105,H2,8375.0,8456.14,0
Hybrid,BBCA.JK,2106,H3,8425.0,8450.067,1
Hybrid,BBCA.JK,2105,H1,8375.0,8468.752,1
Hybrid,BBCA.JK,2106,H2,8425.0,8454.689,1
Hybrid,BBCA.JK,2107,H3,8575.0,8460.06,0
Hybrid,BBCA.JK,2106,H1,8425.0,8359.365,0
Hybrid,BBCA.JK,2107,H2,8575.0,8363.5625,0
Hybrid,BBCA.JK,2108,H3,8400.0,8359.872,0
Hybrid,BBCA.JK,2107,H1,8575.0,8380.397,0
Hybrid,BBCA.JK,2108,H2,8400.0,8370.33,1
Hybrid,BBCA.JK,2109,H3,8475.0,8359.088,0
Hybrid,BBCA.JK,2108,H1,8400.0,8475.994,1
Hybrid,BBCA.JK,2109,H2,8475.0,8455.072,1
Hybrid,BBCA.JK,2110,H3,8425.0,8465.032,1
Hybrid,BBCA.JK,2109,H1,8475.0,8349.023,0
Hybrid,BBCA.JK,2110,H2,8425.0,8358.178,0
Hybrid,BBCA.JK,2111,H3,8400.0,8349.507,0
Hybrid,BBCA.JK,2110,H1,8425.0,8364.058,1
Hybrid,BBCA.JK,2111,H2,8400.0,8341.995,1
Hybrid,BBCA.JK,2112,H3,8475.0,8344.93,0
Hybrid,BBCA.JK,2111,H1,8400.0,8361.076,1
Hybrid,BBCA.JK,2112,H2,8475.0,8362.101,0
Hybrid,BBCA.JK,2113,H3,8500.0,8358.434,0
Hybrid,BBCA.JK,2112,H1,8475.0,8371.882,0
Hybrid,BBCA.JK,2113,H2,8500.0,8371.597,0
Hybrid,BBCA.JK,2114,H3,8425.0,8365.15,0
Hybrid,BBCA.JK,2113,H1,8500.0,8412.551,0
Hybrid,BBCA.JK,2114,H2,8425.0,8404.25,1
Hybrid,BBCA.JK,2115,H3,8325.0,8414.679,1
Hybrid,BBCA.JK,2114,H1,8425.0,8398.626,1
Hybrid,BBCA.JK,2115,H2,8325.0,8408.357,1
Hybrid,BBCA.JK,2116,H3,8275.0,8398.103,1
Hybrid,BBCA.JK,2115,H1,8325.0,8405.322,1
Hybrid,BBCA.JK,2116,H2,8275.0,8392.876,1
Hybrid,BBCA.JK,2117,H3,8400.0,8414.306,1
Hybrid,BBCA.JK,2116,H1,8275.0,8332.073,0
Hybrid,BBCA.JK,2117,H2,8400.0,8357.96,1
Hybrid,BBCA.JK,2118,H3,8375.0,8356.847,1
Hybrid,BBCA.JK,2117,H1,8400.0,8332.935,1
Hybrid,BBCA.JK,2118,H2,8375.0,8341.3545,1
Hybrid,BBCA.JK,2119,H3,8300.0,8336.786,1
Hybrid,BBCA.JK,2118,H1,8375.0,8392.355,1
Hybrid,BBCA.JK,2119,H2,8300.0,8398.525,1
Hybrid,BBCA.JK,2120,H3,8225.0,8415.514,0
Hybrid,BBCA.JK,2119,H1,8300.0,8370.52,1
Hybrid,BBCA.JK,2120,H2,8225.0,8396.202,0
Hybrid,BBCA.JK,2121,H3,8300.0,8388.613,0
Hybrid,BBCA.JK,2120,H1,8225.0,8342.175,0
Hybrid,BBCA.JK,2121,H2,8300.0,8342.6,0
Hybrid,BBCA.JK,2122,H3,8300.0,8353.439,0
Hybrid,BBCA.JK,2121,H1,8300.0,8277.941,1
Hybrid,BBCA.JK,2122,H2,8300.0,8300.766,1
Hybrid,BBCA.JK,2123,H3,8100.0,8299.95,0
Hybrid,BBCA.JK,2122,H1,8300.0,8322.301,0
Hybrid,BBCA.JK,2123,H2,8100.0,8329.119,0
Hybrid,BBCA.JK,2124,H3,8075.0,8325.051,0
Hybrid,BBCA.JK,2123,H1,8100.0,8318.909,0
Hybrid,BBCA.JK,2124,H2,8075.0,8329.052,0
Hybrid,BBCA.JK,2125,H3,8000.0,8350.246,0
Hybrid,BBCA.JK,2124,H1,8075.0,8088.9023,1
Hybrid,BBCA.JK,2125,H2,8000.0,8151.413,0
Hybrid,BBCA.JK,2126,H3,8000.0,8150.067,0
Hybrid,BBCA.JK,2125,H1,8000.0,8144.21,0
Hybrid,BBCA.JK,2126,H2,8000.0,8152.7817,0
Hybrid,BBCA.JK,2127,H3,8300.0,8158.4404,1
Hybrid,BBCA.JK,2126,H1,8000.0,8019.2285,0
Hybrid,BBCA.JK,2127,H2,8300.0,8057.3154,1
Hybrid,BBCA.JK,2128,H3,8075.0,8062.7734,1
Hybrid,BBCA.JK,2127,H1,8300.0,8130.9487,1
Hybrid,BBCA.JK,2128,H2,8075.0,8120.524,1
Hybrid,BBCA.JK,2129,H3,8025.0,8108.899,1
Hybrid,BBCA.JK,2128,H1,8075.0,8172.9624,1
Hybrid,BBCA.JK,2129,H2,8025.0,8149.169,1
Hybrid,BBCA.JK,2130,H3,8175.0,8156.6445,1
Hybrid,BBCA.JK,2129,H1,8025.0,7969.201,1
Hybrid,BBCA.JK,2130,H2,8175.0,8013.7793,0
Hybrid,BBCA.JK,2131,H3,8050.0,8012.2466,1
Hybrid,BBCA.JK,2130,H1,8175.0,8000.6064,0
Hybrid,BBCA.JK,2131,H2,8050.0,7989.924,0
Hybrid,BBCA.JK,2132,H3,8175.0,7991.5547,0
Hybrid,BBCA.JK,2131,H1,8050.0,8124.417,1
Hybrid,BBCA.JK,2132,H2,8175.0,8115.0815,0
Hybrid,BBCA.JK,2133,H3,8025.0,8103.3516,1
Hybrid,BBCA.JK,2132,H1,8175.0,8044.6655,0
Hybrid,BBCA.JK,2133,H2,8025.0,8047.253,1
Hybrid,BBCA.JK,2134,H3,8025.0,8041.322,1
Hybrid,BBCA.JK,2133,H1,8025.0,8155.091,1
Hybrid,BBCA.JK,2134,H2,8025.0,8139.2563,1
Hybrid,BBCA.JK,2135,H3,8025.0,8144.386,1
Hybrid,BBCA.JK,2134,H1,8025.0,8065.394,0
Hybrid,BBCA.JK,2135,H2,8025.0,8074.6934,0
Hybrid,BBCA.JK,2136,H3,8075.0,8061.422,1
Hybrid,BBCA.JK,2135,H1,8025.0,8080.2407,0
Hybrid,BBCA.JK,2136,H2,8075.0,8074.0854,1
Hybrid,BBCA.JK,2137,H3,8025.0,8065.503,0
Hybrid,BBCA.JK,2136,H1,8075.0,8076.9795,1
Hybrid,BBCA.JK,2137,H2,8025.0,8076.2275,0
Hybrid,BBCA.JK,2138,H3,8075.0,8061.8066,1
Hybrid,BBCA.JK,2137,H1,8025.0,8072.1597,1
Hybrid,BBCA.JK,2138,H2,8075.0,8065.185,0
Hybrid,BBCA.JK,2139,H3,8175.0,8050.293,0
Hybrid,BBCA.JK,2138,H1,8075.0,8017.54,0
Hybrid,BBCA.JK,2139,H2,8175.0,8006.9023,0
Hybrid,BBCA.JK,2140,H3,8150.0,7990.5,0
Hybrid,BBCA.JK,2139,H1,8175.0,8019.5767,0
Hybrid,BBCA.JK,2140,H2,8150.0,8001.3057,0
Hybrid,BBCA.JK,2141,H3,8050.0,8001.496,1
Hybrid,BBCA.JK,2140,H1,8150.0,8091.7354,1
Hybrid,BBCA.JK,2141,H2,8050.0,8083.871,1
Hybrid,BBCA.JK,2142,H3,8125.0,8061.0205,1
Hybrid,BBCA.JK,2141,H1,8050.0,8125.3857,1
Hybrid,BBCA.JK,2142,H2,8125.0,8104.712,1
Hybrid,BBCA.JK,2143,H3,8025.0,8096.0396,1
Hybrid,BBCA.JK,2142,H1,8125.0,8031.916,0
Hybrid,BBCA.JK,2143,H2,8025.0,8025.759,1
Hybrid,BBCA.JK,2144,H3,8075.0,8012.6416,0
Hybrid,BBCA.JK,2143,H1,8025.0,8097.4297,1
Hybrid,BBCA.JK,2144,H2,8075.0,8076.5254,1
Hybrid,BBCA.JK,2145,H3,8000.0,8057.2495,1
Hybrid,BBRI.JK,1820,H1,5175.0,5129.1074,0
Hybrid,BBRI.JK,1821,H2,5100.0,5126.947,1
Hybrid,BBRI.JK,1822,H3,5150.0,5124.658,1
Hybrid,BBRI.JK,1821,H1,5100.0,5164.954,1
Hybrid,BBRI.JK,1822,H2,5150.0,5161.7554,1
Hybrid,BBRI.JK,1823,H3,5225.0,5159.211,0
Hybrid,BBRI.JK,1822,H1,5150.0,5128.666,1
Hybrid,BBRI.JK,1823,H2,5225.0,5127.389,1
Hybrid,BBRI.JK,1824,H3,5175.0,5124.0586,1
Hybrid,BBRI.JK,1823,H1,5225.0,5240.6343,1
Hybrid,BBRI.JK,1824,H2,5175.0,5227.714,1
Hybrid,BBRI.JK,1825,H3,5250.0,5227.5244,1
Hybrid,BBRI.JK,1824,H1,5175.0,5276.3135,0
Hybrid,BBRI.JK,1825,H2,5250.0,5274.6943,1
Hybrid,BBRI.JK,1826,H3,5175.0,5274.2617,0
Hybrid,BBRI.JK,1825,H1,5250.0,5249.625,1
Hybrid,BBRI.JK,1826,H2,5175.0,5252.6924,0
Hybrid,BBRI.JK,1827,H3,5175.0,5252.94,0
Hybrid,BBRI.JK,1826,H1,5175.0,5315.288,0
Hybrid,BBRI.JK,1827,H2,5175.0,5312.7656,0
Hybrid,BBRI.JK,1828,H3,5300.0,5307.325,1
Hybrid,BBRI.JK,1827,H1,5175.0,5222.517,0
Hybrid,BBRI.JK,1828,H2,5300.0,5222.9897,1
Hybrid,BBRI.JK,1829,H3,5300.0,5220.9497,1
Hybrid,BBRI.JK,1828,H1,5300.0,5217.6353,1
Hybrid,BBRI.JK,1829,H2,5300.0,5217.0034,1
Hybrid,BBRI.JK,1830,H3,5350.0,5216.877,1
Hybrid,BBRI.JK,1829,H1,5300.0,5310.4185,0
Hybrid,BBRI.JK,1830,H2,5350.0,5308.1436,1
Hybrid,BBRI.JK,1831,H3,5400.0,5303.073,1
Hybrid,BBRI.JK,1830,H1,5350.0,5310.9443,1
Hybrid,BBRI.JK,1831,H2,5400.0,5309.6797,1
Hybrid,BBRI.JK,1832,H3,5375.0,5300.6826,1
Hybrid,BBRI.JK,1831,H1,5400.0,5337.068,0
Hybrid,BBRI.JK,1832,H2,5375.0,5331.3955,0
Hybrid,BBRI.JK,1833,H3,5500.0,5319.056,0
Hybrid,BBRI.JK,1832,H1,5375.0,5398.463,1
Hybrid,BBRI.JK,1833,H2,5500.0,5382.222,0
Hybrid,BBRI.JK,1834,H3,5525.0,5371.8145,0
Hybrid,BBRI.JK,1833,H1,5500.0,5397.286,1
Hybrid,BBRI.JK,1834,H2,5525.0,5387.95,1
Hybrid,BBRI.JK,1835,H3,5325.0,5378.318,0
Hybrid,BBRI.JK,1834,H1,5525.0,5424.6797,0
Hybrid,BBRI.JK,1835,H2,5325.0,5414.4307,1
Hybrid,BBRI.JK,1836,H3,5050.0,5404.043,1
Hybrid,BBRI.JK,1835,H1,5325.0,5347.6304,1
Hybrid,BBRI.JK,1836,H2,5050.0,5344.125,1
Hybrid,BBRI.JK,1837,H3,5100.0,5332.108,1
Hybrid,BBRI.JK,1836,H1,5050.0,5144.766,1
Hybrid,BBRI.JK,1837,H2,5100.0,5145.193,1
Hybrid,BBRI.JK,1838,H3,4950.0,5079.9224,1
Hybrid,BBRI.JK,1837,H1,5100.0,5001.846,0
Hybrid,BBRI.JK,1838,H2,4950.0,4950.321,1
Hybrid,BBRI.JK,1839,H3,5075.0,4941.9795,0
Hybrid,BBRI.JK,1838,H1,4950.0,5112.3965,0
Hybrid,BBRI.JK,1839,H2,5075.0,5099.62,1
Hybrid,BBRI.JK,1840,H3,4940.0,5087.5737,1
Hybrid,BBRI.JK,1839,H1,5075.0,4933.642,0
Hybrid,BBRI.JK,1840,H2,4940.0,4930.5845,1
Hybrid,BBRI.JK,1841,H3,4920.0,4920.968,1
Hybrid,BBRI.JK,1840,H1,4940.0,5005.075,1
Hybrid,BBRI.JK,1841,H2,4920.0,4989.7734,1
Hybrid,BBRI.JK,1842,H3,4860.0,4985.247,1
Hybrid,BBRI.JK,1841,H1,4920.0,4899.548,1
Hybrid,BBRI.JK,1842,H2,4860.0,4903.0,1
Hybrid,BBRI.JK,1843,H3,4820.0,4898.4326,1
Hybrid,BBRI.JK,1842,H1,4860.0,4900.5205,1
Hybrid,BBRI.JK,1843,H2,4820.0,4892.8945,1
Hybrid,BBRI.JK,1844,H3,5000.0,4892.375,0
Hybrid,BBRI.JK,1843,H1,4820.0,4844.919,1
Hybrid,BBRI.JK,1844,H2,5000.0,4850.3823,0
Hybrid,BBRI.JK,1845,H3,4930.0,4846.766,0
Hybrid,BBRI.JK,1844,H1,5000.0,4845.092,1
Hybrid,BBRI.JK,1845,H2,4930.0,4848.8076,1
Hybrid,BBRI.JK,1846,H3,4860.0,4845.316,1
Hybrid,BBRI.JK,1845,H1,4930.0,4927.636,1
Hybrid,BBRI.JK,1846,H2,4860.0,4919.922,1
Hybrid,BBRI.JK,1847,H3,4900.0,4914.1387,1
Hybrid,BBRI.JK,1846,H1,4860.0,4923.5547,1
Hybrid,BBRI.JK,1847,H2,4900.0,4916.7773,1
Hybrid,BBRI.JK,1848,H3,4900.0,4905.1675,1
Hybrid,BBRI.JK,1847,H1,4900.0,4804.036,0
Hybrid,BBRI.JK,1848,H2,4900.0,4796.657,0
Hybrid,BBRI.JK,1849,H3,4920.0,4798.361,0
Hybrid,BBRI.JK,1848,H1,4900.0,4865.4834,0
Hybrid,BBRI.JK,1849,H2,4920.0,4862.4663,0
Hybrid,BBRI.JK,1850,H3,4950.0,4859.6807,0
Hybrid,BBRI.JK,1849,H1,4920.0,4869.6323,0
Hybrid,BBRI.JK,1850,H2,4950.0,4870.128,0
Hybrid,BBRI.JK,1851,H3,4980.0,4869.6274,0
Hybrid,BBRI.JK,1850,H1,4950.0,4906.9575,0
Hybrid,BBRI.JK,1851,H2,4980.0,4904.695,0
Hybrid,BBRI.JK,1852,H3,4970.0,4904.4453,0
Hybrid,BBRI.JK,1851,H1,4980.0,4918.6084,0
Hybrid,BBRI.JK,1852,H2,4970.0,4916.795,0
Hybrid,BBRI.JK,1853,H3,4990.0,4914.7183,0
Hybrid,BBRI.JK,1852,H1,4970.0,4981.922,0
Hybrid,BBRI.JK,1853,H2,4990.0,4970.8687,0
Hybrid,BBRI.JK,1854,H3,4900.0,4971.5225,1
Hybrid,BBRI.JK,1853,H1,4990.0,4929.532,0
Hybrid,BBRI.JK,1854,H2,4900.0,4933.161,1
Hybrid,BBRI.JK,1855,H3,4860.0,4932.042,1
Hybrid,BBRI.JK,1854,H1,4900.0,4920.704,1
Hybrid,BBRI.JK,1855,H2,4860.0,4917.371,1
Hybrid,BBRI.JK,1856,H3,4820.0,4919.006,1
Hybrid,BBRI.JK,1855,H1,4860.0,4850.4814,1
Hybrid,BBRI.JK,1856,H2,4820.0,4855.83,1
Hybrid,BBRI.JK,1857,H3,4770.0,4857.2793,1
Hybrid,BBRI.JK,1856,H1,4820.0,4815.6787,1
Hybrid,BBRI.JK,1857,H2,4770.0,4816.0225,1
Hybrid,BBRI.JK,1858,H3,4760.0,4817.748,1
Hybrid,BBRI.JK,1857,H1,4770.0,4769.698,1
Hybrid,BBRI.JK,1858,H2,4760.0,4771.572,1
Hybrid,BBRI.JK,1859,H3,4700.0,4776.543,1
Hybrid,BBRI.JK,1858,H1,4760.0,4744.058,1
Hybrid,BBRI.JK,1859,H2,4700.0,4753.159,1
Hybrid,BBRI.JK,1860,H3,4710.0,4753.715,1
Hybrid,BBRI.JK,1859,H1,4700.0,4740.0454,1
Hybrid,BBRI.JK,1860,H2,4710.0,4748.446,1
Hybrid,BBRI.JK,1861,H3,4800.0,4717.5703,0
Hybrid,BBRI.JK,1860,H1,4710.0,4694.214,0
Hybrid,BBRI.JK,1861,H2,4800.0,4676.993,0
Hybrid,BBRI.JK,1862,H3,4700.0,4705.078,0
Hybrid,BBRI.JK,1861,H1,4800.0,4655.9883,0
Hybrid,BBRI.JK,1862,H2,4700.0,4691.266,1
Hybrid,BBRI.JK,1863,H3,4720.0,4689.7334,0
Hybrid,BBRI.JK,1862,H1,4700.0,4701.228,1
Hybrid,BBRI.JK,1863,H2,4720.0,4694.0225,1
Hybrid,BBRI.JK,1864,H3,4710.0,4694.9897,1
Hybrid,BBRI.JK,1863,H1,4720.0,4633.538,0
Hybrid,BBRI.JK,1864,H2,4710.0,4628.3984,0
Hybrid,BBRI.JK,1865,H3,4600.0,4625.9175,1
Hybrid,BBRI.JK,1864,H1,4710.0,4645.9863,1
Hybrid,BBRI.JK,1865,H2,4600.0,4638.575,1
Hybrid,BBRI.JK,1866,H3,4550.0,4643.4683,1
Hybrid,BBRI.JK,1865,H1,4600.0,4639.1523,1
Hybrid,BBRI.JK,1866,H2,4550.0,4640.619,1
Hybrid,BBRI.JK,1867,H3,4520.0,4639.352,1
Hybrid,BBRI.JK,1866,H1,4550.0,4584.6904,1
Hybrid,BBRI.JK,1867,H2,4520.0,4591.27,1
Hybrid,BBRI.JK,1868,H3,4460.0,4595.083,1
Hybrid,BBRI.JK,1867,H1,4520.0,4610.263,0
Hybrid,BBRI.JK,1868,H2,4460.0,4604.554,0
Hybrid,BBRI.JK,1869,H3,4500.0,4605.81,0
Hybrid,BBRI.JK,1868,H1,4460.0,4522.598,0
Hybrid,BBRI.JK,1869,H2,4500.0,4530.658,0
Hybrid,BBRI.JK,1870,H3,4580.0,4532.4863,1
Hybrid,BBRI.JK,1869,H1,4500.0,4498.115,1
Hybrid,BBRI.JK,1870,H2,4580.0,4508.749,1
Hybrid,BBRI.JK,1871,H3,4500.0,4517.8057,1
Hybrid,BBRI.JK,1870,H1,4580.0,4485.2715,0
Hybrid,BBRI.JK,1871,H2,4500.0,4502.6143,1
Hybrid,BBRI.JK,1872,H3,4470.0,4505.7656,0
Hybrid,BBRI.JK,1871,H1,4500.0,4571.249,1
Hybrid,BBRI.JK,1872,H2,4470.0,4561.887,1
Hybrid,BBRI.JK,1873,H3,4350.0,4561.301,1
Hybrid,BBRI.JK,1872,H1,4470.0,4501.1064,0
Hybrid,BBRI.JK,1873,H2,4350.0,4503.392,0
Hybrid,BBRI.JK,1874,H3,4360.0,4505.1846,0
Hybrid,BBRI.JK,1873,H1,4350.0,4451.486,1
Hybrid,BBRI.JK,1874,H2,4360.0,4457.762,1
Hybrid,BBRI.JK,1875,H3,4330.0,4457.659,1
Hybrid,BBRI.JK,1874,H1,4360.0,4303.559,0
Hybrid,BBRI.JK,1875,H2,4330.0,4324.9897,1
Hybrid,BBRI.JK,1876,H3,4250.0,4339.082,1
Hybrid,BBRI.JK,1875,H1,4330.0,4360.8726,0
Hybrid,BBRI.JK,1876,H2,4250.0,4376.328,0
Hybrid,BBRI.JK,1877,H3,4400.0,4376.419,1
Hybrid,BBRI.JK,1876,H1,4250.0,4359.6084,0
Hybrid,BBRI.JK,1877,H2,4400.0,4361.9893,1
Hybrid,BBRI.JK,1878,H3,4470.0,4359.5176,1
Hybrid,BBRI.JK,1877,H1,4400.0,4308.5933,1
Hybrid,BBRI.JK,1878,H2,4470.0,4315.5444,1
Hybrid,BBRI.JK,1879,H3,4400.0,4319.4463,1
Hybrid,BBRI.JK,1878,H1,4470.0,4309.836,0
Hybrid,BBRI.JK,1879,H2,4400.0,4327.6323,0
Hybrid,BBRI.JK,1880,H3,4330.0,4339.474,1
Hybrid,BBRI.JK,1879,H1,4400.0,4376.0767,1
Hybrid,BBRI.JK,1880,H2,4330.0,4403.2256,1
Hybrid,BBRI.JK,1881,H3,4250.0,4402.5303,1
Hybrid,BBRI.JK,1880,H1,4330.0,4401.209,0
Hybrid,BBRI.JK,1881,H2,4250.0,4402.5117,0
Hybrid,BBRI.JK,1882,H3,4170.0,4408.024,0
Hybrid,BBRI.JK,1881,H1,4250.0,4316.6895,1
Hybrid,BBRI.JK,1882,H2,4170.0,4324.884,1
Hybrid,BBRI.JK,1883,H3,4240.0,4326.489,1
Hybrid,BBRI.JK,1882,H1,4170.0,4242.332,1
Hybrid,BBRI.JK,1883,H2,4240.0,4250.3804,0
Hybrid,BBRI.JK,1884,H3,4350.0,4254.334,1
Hybrid,BBRI.JK,1883,H1,4240.0,4170.8916,1
Hybrid,BBRI.JK,1884,H2,4350.0,4193.294,1
Hybrid,BBRI.JK,1885,H3,4260.0,4204.8706,1
Hybrid,BBRI.JK,1884,H1,4350.0,4248.005,1
Hybrid,BBRI.JK,1885,H2,4260.0,4266.5967,1
Hybrid,BBRI.JK,1886,H3,4310.0,4265.479,1
Hybrid,BBRI.JK,1885,H1,4260.0,4351.448,0
Hybrid,BBRI.JK,1886,H2,4310.0,4352.6816,0
Hybrid,BBRI.JK,1887,H3,4390.0,4349.7144,0
Hybrid,BBRI.JK,1886,H1,4310.0,4272.5347,1
Hybrid,BBRI.JK,1887,H2,4390.0,4278.016,1
Hybrid,BBRI.JK,1888,H3,4360.0,4279.288,1
Hybrid,BBRI.JK,1887,H1,4390.0,4306.1035,0
Hybrid,BBRI.JK,1888,H2,4360.0,4302.7007,0
Hybrid,BBRI.JK,1889,H3,4380.0,4300.7437,0
Hybrid,BBRI.JK,1888,H1,4360.0,4361.584,1
Hybrid,BBRI.JK,1889,H2,4380.0,4356.2534,1
Hybrid,BBRI.JK,1890,H3,4260.0,4359.3267,1
Hybrid,BBRI.JK,1889,H1,4380.0,4328.0293,0
Hybrid,BBRI.JK,1890,H2,4260.0,4332.471,1
Hybrid,BBRI.JK,1891,H3,4170.0,4323.9307,1
Hybrid,BBRI.JK,1890,H1,4260.0,4353.525,1
Hybrid,BBRI.JK,1891,H2,4170.0,4343.488,1
Hybrid,BBRI.JK,1892,H3,4250.0,4337.495,1
Hybrid,BBRI.JK,1891,H1,4170.0,4249.8906,1
Hybrid,BBRI.JK,1892,H2,4250.0,4251.64,1
Hybrid,BBRI.JK,1893,H3,4150.0,4248.8457,1
Hybrid,BBRI.JK,1892,H1,4250.0,4180.22,1
Hybrid,BBRI.JK,1893,H2,4150.0,4182.384,0
Hybrid,BBRI.JK,1894,H3,4150.0,4182.47,0
Hybrid,BBRI.JK,1893,H1,4150.0,4281.7563,0
Hybrid,BBRI.JK,1894,H2,4150.0,4268.088,0
Hybrid,BBRI.JK,1895,H3,4090.0,4265.799,0
Hybrid,BBRI.JK,1894,H1,4150.0,4135.417,0
Hybrid,BBRI.JK,1895,H2,4090.0,4130.8755,1
Hybrid,BBRI.JK,1896,H3,4060.0,4122.7407,1
Hybrid,BBRI.JK,1895,H1,4090.0,4111.0576,1
Hybrid,BBRI.JK,1896,H2,4060.0,4102.9243,1
Hybrid,BBRI.JK,1897,H3,4210.0,4096.91,0
Hybrid,BBRI.JK,1896,H1,4060.0,4074.5222,1
Hybrid,BBRI.JK,1897,H2,4210.0,4071.6287,0
Hybrid,BBRI.JK,1898,H3,4200.0,4075.391,0
Hybrid,BBRI.JK,1897,H1,4210.0,4110.9956,1
Hybrid,BBRI.JK,1898,H2,4200.0,4106.6606,1
Hybrid,BBRI.JK,1899,H3,4100.0,4117.6177,1
Hybrid,BBRI.JK,1898,H1,4200.0,4157.0176,1
Hybrid,BBRI.JK,1899,H2,4100.0,4167.482,1
Hybrid,BBRI.JK,1900,H3,4080.0,4159.0103,1
Hybrid,BBRI.JK,1899,H1,4100.0,4102.7876,1
Hybrid,BBRI.JK,1900,H2,4080.0,4114.5596,1
Hybrid,BBRI.JK,1901,H3,4210.0,4119.402,0
Hybrid,BBRI.JK,1900,H1,4080.0,4072.8953,1
Hybrid,BBRI.JK,1901,H2,4210.0,4084.8743,0
Hybrid,BBRI.JK,1902,H3,4150.0,4077.5688,0
Hybrid,BBRI.JK,1901,H1,4210.0,4089.9783,1
Hybrid,BBRI.JK,1902,H2,4150.0,4082.8157,1
Hybrid,BBRI.JK,1903,H3,4100.0,4074.0925,0
Hybrid,BBRI.JK,1902,H1,4150.0,4140.656,1
Hybrid,BBRI.JK,1903,H2,4100.0,4120.711,1
Hybrid,BBRI.JK,1904,H3,4030.0,4114.308,1
Hybrid,BBRI.JK,1903,H1,4100.0,4098.3613,1
Hybrid,BBRI.JK,1904,H2,4030.0,4093.354,1
Hybrid,BBRI.JK,1905,H3,4080.0,4091.2117,1
Hybrid,BBRI.JK,1904,H1,4030.0,4062.935,1
Hybrid,BBRI.JK,1905,H2,4080.0,4068.8997,1
Hybrid,BBRI.JK,1906,H3,4030.0,4070.0706,1
Hybrid,BBRI.JK,1905,H1,4080.0,4010.938,0
Hybrid,BBRI.JK,1906,H2,4030.0,4016.2534,0
Hybrid,BBRI.JK,1907,H3,4010.0,4009.8494,1
Hybrid,BBRI.JK,1906,H1,4030.0,4039.5405,1
Hybrid,BBRI.JK,1907,H2,4010.0,4037.6948,1
Hybrid,BBRI.JK,1908,H3,3850.0,4031.864,1
Hybrid,BBRI.JK,1907,H1,4010.0,4018.0488,1
Hybrid,BBRI.JK,1908,H2,3850.0,4017.6074,1
Hybrid,BBRI.JK,1909,H3,3800.0,4016.9497,1
Hybrid,BBRI.JK,1908,H1,3850.0,3987.697,1
Hybrid,BBRI.JK,1909,H2,3800.0,3995.3467,1
Hybrid,BBRI.JK,1910,H3,4090.0,3999.427,0
Hybrid,BBRI.JK,1909,H1,3800.0,3823.685,1
Hybrid,BBRI.JK,1910,H2,4090.0,3847.4534,0
Hybrid,BBRI.JK,1911,H3,4160.0,3852.86,1
Hybrid,BBRI.JK,1910,H1,4090.0,3847.1667,1
Hybrid,BBRI.JK,1911,H2,4160.0,3855.7046,1
Hybrid,BBRI.JK,1912,H3,4090.0,3854.3645,1
Hybrid,BBRI.JK,1911,H1,4160.0,4124.964,1
Hybrid,BBRI.JK,1912,H2,4090.0,4110.8096,0
Hybrid,BBRI.JK,1913,H3,4220.0,4097.867,1
Hybrid,BBRI.JK,1912,H1,4090.0,4159.1777,1
Hybrid,BBRI.JK,1913,H2,4220.0,4150.3315,0
Hybrid,BBRI.JK,1914,H3,4260.0,4151.131,0
Hybrid,BBRI.JK,1913,H1,4220.0,4102.002,1
Hybrid,BBRI.JK,1914,H2,4260.0,4100.888,1
Hybrid,BBRI.JK,1915,H3,4260.0,4103.2114,1
Hybrid,BBRI.JK,1914,H1,4260.0,4231.26,1
Hybrid,BBRI.JK,1915,H2,4260.0,4215.379,0
Hybrid,BBRI.JK,1916,H3,4300.0,4210.4355,0
Hybrid,BBRI.JK,1915,H1,4260.0,4279.5693,0
Hybrid,BBRI.JK,1916,H2,4300.0,4264.8374,1
Hybrid,BBRI.JK,1917,H3,4190.0,4251.9463,1
Hybrid,BBRI.JK,1916,H1,4300.0,4208.7686,0
Hybrid,BBRI.JK,1917,H2,4190.0,4195.8223,1
Hybrid,BBRI.JK,1918,H3,4120.0,4191.139,1
Hybrid,BBRI.JK,1917,H1,4190.0,4267.16,1
Hybrid,BBRI.JK,1918,H2,4120.0,4258.1045,1
Hybrid,BBRI.JK,1919,H3,4220.0,4163.6226,1
Hybrid,BBRI.JK,1918,H1,4120.0,4189.3784,1
Hybrid,BBRI.JK,1919,H2,4220.0,4113.949,0
Hybrid,BBRI.JK,1920,H3,4250.0,4208.25,1
Hybrid,BBRI.JK,1919,H1,4220.0,4076.7388,0
Hybrid,BBRI.JK,1920,H2,4250.0,4137.3716,1
Hybrid,BBRI.JK,1921,H3,4260.0,4135.73,1
Hybrid,BBRI.JK,1920,H1,4250.0,4210.614,0
Hybrid,BBRI.JK,1921,H2,4260.0,4193.3604,0
Hybrid,BBRI.JK,1922,H3,4140.0,4185.506,1
Hybrid,BBRI.JK,1921,H1,4260.0,4152.0024,0
Hybrid,BBRI.JK,1922,H2,4140.0,4138.563,1
Hybrid,BBRI.JK,1923,H3,3970.0,4132.437,1
Hybrid,BBRI.JK,1922,H1,4140.0,4197.959,1
Hybrid,BBRI.JK,1923,H2,3970.0,4188.358,1
Hybrid,BBRI.JK,1924,H3,4030.0,4178.451,1
Hybrid,BBRI.JK,1923,H1,3970.0,4135.627,1
Hybrid,BBRI.JK,1924,H2,4030.0,4129.61,1
Hybrid,BBRI.JK,1925,H3,3970.0,4122.5024,1
Hybrid,BBRI.JK,1924,H1,4030.0,3933.6333,0
Hybrid,BBRI.JK,1925,H2,3970.0,3931.0125,0
Hybrid,BBRI.JK,1926,H3,4010.0,3931.7964,0
Hybrid,BBRI.JK,1925,H1,3970.0,3975.7583,1
Hybrid,BBRI.JK,1926,H2,4010.0,3985.281,1
Hybrid,BBRI.JK,1927,H3,4030.0,3993.967,0
Hybrid,BBRI.JK,1926,H1,4010.0,3992.36,1
Hybrid,BBRI.JK,1927,H2,4030.0,3994.8552,1
Hybrid,BBRI.JK,1928,H3,3990.0,3997.5757,1
Hybrid,BBRI.JK,1927,H1,4030.0,3957.1018,0
Hybrid,BBRI.JK,1928,H2,3990.0,3955.6824,1
Hybrid,BBRI.JK,1929,H3,3860.0,3950.8293,1
Hybrid,BBRI.JK,1928,H1,3990.0,3919.9414,1
Hybrid,BBRI.JK,1929,H2,3860.0,3904.6177,1
Hybrid,BBRI.JK,1930,H3,4030.0,3895.5266,0
Hybrid,BBRI.JK,1929,H1,3860.0,3856.6257,1
Hybrid,BBRI.JK,1930,H2,4030.0,3853.629,0
Hybrid,BBRI.JK,1931,H3,4150.0,3857.4202,0
Hybrid,BBRI.JK,1930,H1,4030.0,3754.5874,0
Hybrid,BBRI.JK,1931,H2,4150.0,3772.5042,0
Hybrid,BBRI.JK,1932,H3,4020.0,3787.2583,0
Hybrid,BBRI.JK,1931,H1,4150.0,3985.1736,0
Hybrid,BBRI.JK,1932,H2,4020.0,3991.1316,1
Hybrid,BBRI.JK,1933,H3,3910.0,3990.2183,1
Hybrid,BBRI.JK,1932,H1,4020.0,4041.336,1
Hybrid,BBRI.JK,1933,H2,3910.0,4031.8064,1
Hybrid,BBRI.JK,1934,H3,3890.0,4023.8933,1
Hybrid,BBRI.JK,1933,H1,3910.0,3901.1995,1
Hybrid,BBRI.JK,1934,H2,3890.0,3904.7136,1
Hybrid,BBRI.JK,1935,H3,3920.0,3901.5122,1
Hybrid,BBRI.JK,1934,H1,3890.0,3840.4492,1
Hybrid,BBRI.JK,1935,H2,3920.0,3842.2175,0
Hybrid,BBRI.JK,1936,H3,3800.0,3850.0168,1
Hybrid,BBRI.JK,1935,H1,3920.0,3844.624,0
Hybrid,BBRI.JK,1936,H2,3800.0,3842.9844,1
Hybrid,BBRI.JK,1937,H3,3820.0,3849.7732,1
Hybrid,BBRI.JK,1936,H1,3800.0,3828.4116,1
Hybrid,BBRI.JK,1937,H2,3820.0,3824.6045,1
Hybrid,BBRI.JK,1938,H3,3630.0,3825.2449,1
Hybrid,BBRI.JK,1937,H1,3820.0,3729.1462,0
Hybrid,BBRI.JK,1938,H2,3630.0,3717.9822,1
Hybrid,BBRI.JK,1939,H3,3360.0,3618.172,1
Hybrid,BBRI.JK,1938,H1,3630.0,3638.0273,1
Hybrid,BBRI.JK,1939,H2,3360.0,3556.2173,1
Hybrid,BBRI.JK,1940,H3,3670.0,3652.3972,1
Hybrid,BBRI.JK,1939,H1,3360.0,3419.8413,1
Hybrid,BBRI.JK,1940,H2,3670.0,3627.9028,0
Hybrid,BBRI.JK,1941,H3,3670.0,3648.5422,1
Hybrid,BBRI.JK,1940,H1,3670.0,3709.308,1
Hybrid,BBRI.JK,1941,H2,3670.0,3726.427,1
Hybrid,BBRI.JK,1942,H3,3840.0,3743.5435,1
Hybrid,BBRI.JK,1941,H1,3670.0,3808.4736,0
Hybrid,BBRI.JK,1942,H2,3840.0,3819.593,1
Hybrid,BBRI.JK,1943,H3,3950.0,3823.5317,1
Hybrid,BBRI.JK,1942,H1,3840.0,3753.9485,1
Hybrid,BBRI.JK,1943,H2,3950.0,3750.0637,1
Hybrid,BBRI.JK,1944,H3,3810.0,3748.5051,1
Hybrid,BBRI.JK,1943,H1,3950.0,3755.9536,0
Hybrid,BBRI.JK,1944,H2,3810.0,3742.5037,1
Hybrid,BBRI.JK,1945,H3,3760.0,3735.162,1
Hybrid,BBRI.JK,1944,H1,3810.0,3798.4387,1
Hybrid,BBRI.JK,1945,H2,3760.0,3778.9622,1
Hybrid,BBRI.JK,1946,H3,3790.0,3779.2146,1
Hybrid,BBRI.JK,1945,H1,3760.0,3680.5044,1
Hybrid,BBRI.JK,1946,H2,3790.0,3687.8682,1
Hybrid,BBRI.JK,1947,H3,3890.0,3700.8545,0
Hybrid,BBRI.JK,1946,H1,3790.0,3704.8484,0
Hybrid,BBRI.JK,1947,H2,3890.0,3711.275,0
Hybrid,BBRI.JK,1948,H3,3800.0,3713.5315,0
Hybrid,BBRI.JK,1947,H1,3890.0,3724.77,0
Hybrid,BBRI.JK,1948,H2,3800.0,3728.3096,0
Hybrid,BBRI.JK,1949,H3,3750.0,3729.077,1
Hybrid,BBRI.JK,1948,H1,3800.0,3784.5596,1
Hybrid,BBRI.JK,1949,H2,3750.0,3785.808,1
Hybrid,BBRI.JK,1950,H3,3830.0,3786.15,1
Hybrid,BBRI.JK,1949,H1,3750.0,3669.9133,1
Hybrid,BBRI.JK,1950,H2,3830.0,3668.5303,0
Hybrid,BBRI.JK,1951,H3,3680.0,3678.7239,1
Hybrid,BBRI.JK,1950,H1,3830.0,3682.8203,0
Hybrid,BBRI.JK,1951,H2,3680.0,3686.1494,1
Hybrid,BBRI.JK,1952,H3,3710.0,3700.468,1
Hybrid,BBRI.JK,1951,H1,3680.0,3725.3064,1
Hybrid,BBRI.JK,1952,H2,3710.0,3732.9104,1
Hybrid,BBRI.JK,1953,H3,3660.0,3739.7559,1
Hybrid,BBRI.JK,1952,H1,3710.0,3633.1277,0
Hybrid,BBRI.JK,1953,H2,3660.0,3635.4827,1
Hybrid,BBRI.JK,1954,H3,3700.0,3641.7747,0
Hybrid,BBRI.JK,1953,H1,3660.0,3657.9116,1
Hybrid,BBRI.JK,1954,H2,3700.0,3659.0664,1
Hybrid,BBRI.JK,1955,H3,3610.0,3653.363,1
Hybrid,BBRI.JK,1954,H1,3700.0,3697.0894,1
Hybrid,BBRI.JK,1955,H2,3610.0,3684.9478,0
Hybrid,BBRI.JK,1956,H3,3800.0,3693.4507,1
Hybrid,BBRI.JK,1955,H1,3610.0,3661.602,1
Hybrid,BBRI.JK,1956,H2,3800.0,3661.989,0
Hybrid,BBRI.JK,1957,H3,4000.0,3673.6987,0
Hybrid,BBRI.JK,1956,H1,3800.0,3675.1704,1
Hybrid,BBRI.JK,1957,H2,4000.0,3677.316,1
Hybrid,BBRI.JK,1958,H3,4050.0,3673.6475,1
Hybrid,BBRI.JK,1957,H1,4000.0,3820.963,1
Hybrid,BBRI.JK,1958,H2,4050.0,3810.2488,1
Hybrid,BBRI.JK,1959,H3,3640.0,3796.9202,1
Hybrid,BBRI.JK,1958,H1,4050.0,3903.2349,0
Hybrid,BBRI.JK,1959,H2,3640.0,3878.2795,1
Hybrid,BBRI.JK,1960,H3,3630.0,3891.4448,1
Hybrid,BBRI.JK,1959,H1,3640.0,3898.3186,1
Hybrid,BBRI.JK,1960,H2,3630.0,3902.6616,1
Hybrid,BBRI.JK,1961,H3,3800.0,3907.0554,1
Hybrid,BBRI.JK,1960,H1,3630.0,3675.502,0
Hybrid,BBRI.JK,1961,H2,3800.0,3681.391,1
Hybrid,BBRI.JK,1962,H3,3630.0,3688.8162,0
Hybrid,BBRI.JK,1961,H1,3800.0,3589.6157,0
Hybrid,BBRI.JK,1962,H2,3630.0,3589.2227,0
Hybrid,BBRI.JK,1963,H3,3690.0,3579.7178,0
Hybrid,BBRI.JK,1962,H1,3630.0,3719.5276,1
Hybrid,BBRI.JK,1963,H2,3690.0,3708.1018,1
Hybrid,BBRI.JK,1964,H3,3690.0,3719.954,1
Hybrid,BBRI.JK,1963,H1,3690.0,3622.6226,0
Hybrid,BBRI.JK,1964,H2,3690.0,3629.0713,0
Hybrid,BBRI.JK,1965,H3,3650.0,3640.749,1
Hybrid,BBRI.JK,1964,H1,3690.0,3684.559,0
Hybrid,BBRI.JK,1965,H2,3650.0,3681.4355,1
Hybrid,BBRI.JK,1966,H3,3640.0,3682.1777,1
Hybrid,BBRI.JK,1965,H1,3650.0,3676.2922,1
Hybrid,BBRI.JK,1966,H2,3640.0,3666.2344,1
Hybrid,BBRI.JK,1967,H3,3620.0,3667.8472,1
Hybrid,BBRI.JK,1966,H1,3640.0,3653.5183,0
Hybrid,BBRI.JK,1967,H2,3620.0,3644.7012,1
Hybrid,BBRI.JK,1968,H3,3630.0,3656.8528,0
Hybrid,BBRI.JK,1967,H1,3620.0,3649.148,0
Hybrid,BBRI.JK,1968,H2,3630.0,3649.737,0
Hybrid,BBRI.JK,1969,H3,3760.0,3662.1292,1
Hybrid,BBRI.JK,1968,H1,3630.0,3657.8,1
Hybrid,BBRI.JK,1969,H2,3760.0,3655.649,1
Hybrid,BBRI.JK,1970,H3,3730.0,3656.8892,1
Hybrid,BBRI.JK,1969,H1,3760.0,3634.281,1
Hybrid,BBRI.JK,1970,H2,3730.0,3623.7883,0
Hybrid,BBRI.JK,1971,H3,3740.0,3632.7976,1
Hybrid,BBRI.JK,1970,H1,3730.0,3747.9458,1
Hybrid,BBRI.JK,1971,H2,3740.0,3744.122,1
Hybrid,BBRI.JK,1972,H3,3840.0,3741.2493,0
Hybrid,BBRI.JK,1971,H1,3740.0,3662.1885,0
Hybrid,BBRI.JK,1972,H2,3840.0,3652.9053,0
Hybrid,BBRI.JK,1973,H3,3850.0,3671.9658,0
Hybrid,BBRI.JK,1972,H1,3840.0,3749.6582,1
Hybrid,BBRI.JK,1973,H2,3850.0,3761.4417,1
Hybrid,BBRI.JK,1974,H3,3850.0,3746.033,1
Hybrid,BBRI.JK,1973,H1,3850.0,3934.4888,1
Hybrid,BBRI.JK,1974,H2,3850.0,3890.4653,1
Hybrid,BBRI.JK,1975,H3,3880.0,3962.5535,1
Hybrid,BBRI.JK,1974,H1,3850.0,3869.2253,0
Hybrid,BBRI.JK,1975,H2,3880.0,3921.753,1
Hybrid,BBRI.JK,1976,H3,3860.0,3924.2676,1
Hybrid,BBRI.JK,1975,H1,3880.0,3942.8867,1
Hybrid,BBRI.JK,1976,H2,3860.0,3932.6562,1
Hybrid,BBRI.JK,1977,H3,3880.0,3935.3015,1
Hybrid,BBRI.JK,1976,H1,3860.0,3898.6558,0
Hybrid,BBRI.JK,1977,H2,3880.0,3894.0073,0
Hybrid,BBRI.JK,1978,H3,3910.0,3897.0312,1
Hybrid,BBRI.JK,1977,H1,3880.0,3884.337,1
Hybrid,BBRI.JK,1978,H2,3910.0,3883.4846,1
Hybrid,BBRI.JK,1979,H3,3790.0,3881.5002,0
Hybrid,BBRI.JK,1978,H1,3910.0,3924.1526,1
Hybrid,BBRI.JK,1979,H2,3790.0,3924.6787,0
Hybrid,BBRI.JK,1980,H3,3840.0,3925.4656,0
Hybrid,BBRI.JK,1979,H1,3790.0,3960.0593,0
Hybrid,BBRI.JK,1980,H2,3840.0,3959.5981,0
Hybrid,BBRI.JK,1981,H3,4090.0,3960.7244,1
Hybrid,BBRI.JK,1980,H1,3840.0,3856.64,1
Hybrid,BBRI.JK,1981,H2,4090.0,3861.072,1
Hybrid,BBRI.JK,1982,H3,4270.0,3865.9312,1
Hybrid,BBRI.JK,1981,H1,4090.0,3948.3281,1
Hybrid,BBRI.JK,1982,H2,4270.0,3944.977,1
Hybrid,BBRI.JK,1983,H3,4250.0,3945.3933,1
Hybrid,BBRI.JK,1982,H1,4270.0,4128.3423,1
Hybrid,BBRI.JK,1983,H2,4250.0,4114.401,1
Hybrid,BBRI.JK,1984,H3,4230.0,4104.622,1
Hybrid,BBRI.JK,1983,H1,4250.0,4205.9775,1
Hybrid,BBRI.JK,1984,H2,4230.0,4189.4106,1
Hybrid,BBRI.JK,1985,H3,4210.0,4186.5894,1
Hybrid,BBRI.JK,1984,H1,4230.0,4225.589,1
Hybrid,BBRI.JK,1985,H2,4210.0,4229.129,1
Hybrid,BBRI.JK,1986,H3,4260.0,4227.6274,0
Hybrid,BBRI.JK,1985,H1,4210.0,4257.499,0
Hybrid,BBRI.JK,1986,H2,4260.0,4257.256,1
Hybrid,BBRI.JK,1987,H3,4300.0,4255.2847,1
Hybrid,BBRI.JK,1986,H1,4260.0,4252.6016,1
Hybrid,BBRI.JK,1987,H2,4300.0,4260.3438,1
Hybrid,BBRI.JK,1988,H3,4350.0,4255.424,1
Hybrid,BBRI.JK,1987,H1,4300.0,4233.5977,0
Hybrid,BBRI.JK,1988,H2,4350.0,4240.623,0
Hybrid,BBRI.JK,1989,H3,4320.0,4236.4155,0
Hybrid,BBRI.JK,1988,H1,4350.0,4301.351,1
Hybrid,BBRI.JK,1989,H2,4320.0,4303.32,1
Hybrid,BBRI.JK,1990,H3,4370.0,4299.4575,0
Hybrid,BBRI.JK,1989,H1,4320.0,4406.0425,0
Hybrid,BBRI.JK,1990,H2,4370.0,4397.936,1
Hybrid,BBRI.JK,1991,H3,4450.0,4385.4795,1
Hybrid,BBRI.JK,1990,H1,4370.0,4245.944,0
Hybrid,BBRI.JK,1991,H2,4450.0,4243.5825,0
Hybrid,BBRI.JK,1992,H3,4200.0,4244.507,1
Hybrid,BBRI.JK,1991,H1,4450.0,4302.5396,0
Hybrid,BBRI.JK,1992,H2,4200.0,4294.4395,1
Hybrid,BBRI.JK,1993,H3,4200.0,4278.985,1
Hybrid,BBRI.JK,1992,H1,4200.0,4242.657,1
Hybrid,BBRI.JK,1993,H2,4200.0,4234.133,1
Hybrid,BBRI.JK,1994,H3,4080.0,4224.474,1
Hybrid,BBRI.JK,1993,H1,4200.0,4093.5083,0
Hybrid,BBRI.JK,1994,H2,4080.0,4107.3066,1
Hybrid,BBRI.JK,1995,H3,4100.0,4111.495,1
Hybrid,BBRI.JK,1994,H1,4080.0,4108.2607,1
Hybrid,BBRI.JK,1995,H2,4100.0,4119.2285,1
Hybrid,BBRI.JK,1996,H3,4150.0,4106.593,1
Hybrid,BBRI.JK,1995,H1,4100.0,4053.7617,0
Hybrid,BBRI.JK,1996,H2,4150.0,4054.103,0
Hybrid,BBRI.JK,1997,H3,4070.0,4059.0657,1
Hybrid,BBRI.JK,1996,H1,4150.0,4057.2075,0
Hybrid,BBRI.JK,1997,H2,4070.0,4069.0698,1
Hybrid,BBRI.JK,1998,H3,4070.0,4073.808,1
Hybrid,BBRI.JK,1997,H1,4070.0,4184.188,0
Hybrid,BBRI.JK,1998,H2,4070.0,4177.664,0
Hybrid,BBRI.JK,1999,H3,4000.0,4164.2056,0
Hybrid,BBRI.JK,1998,H1,4070.0,4035.879,0
Hybrid,BBRI.JK,1999,H2,4000.0,4028.667,1
Hybrid,BBRI.JK,2000,H3,3990.0,4023.5828,1
Hybrid,BBRI.JK,1999,H1,4000.0,4033.3992,1
Hybrid,BBRI.JK,2000,H2,3990.0,4025.3179,1
Hybrid,BBRI.JK,2001,H3,3960.0,4017.6665,1
Hybrid,BBRI.JK,2000,H1,3990.0,3974.7585,1
Hybrid,BBRI.JK,2001,H2,3960.0,3971.978,1
Hybrid,BBRI.JK,2002,H3,3940.0,3970.0261,1
Hybrid,BBRI.JK,2001,H1,3960.0,3960.139,1
Hybrid,BBRI.JK,2002,H2,3940.0,3963.6663,1
Hybrid,BBRI.JK,2003,H3,3800.0,3963.4766,1
Hybrid,BBRI.JK,2002,H1,3940.0,3865.1191,1
Hybrid,BBRI.JK,2003,H2,3800.0,3878.5623,1
Hybrid,BBRI.JK,2004,H3,3790.0,3877.311,1
Hybrid,BBRI.JK,2003,H1,3800.0,3872.0251,1
Hybrid,BBRI.JK,2004,H2,3790.0,3878.3499,1
Hybrid,BBRI.JK,2005,H3,3720.0,3878.6787,1
Hybrid,BBRI.JK,2004,H1,3790.0,3782.9514,1
Hybrid,BBRI.JK,2005,H2,3720.0,3788.2927,1
Hybrid,BBRI.JK,2006,H3,3780.0,3795.0586,1
Hybrid,BBRI.JK,2005,H1,3720.0,3774.7322,1
Hybrid,BBRI.JK,2006,H2,3780.0,3786.6206,1
Hybrid,BBRI.JK,2007,H3,3760.0,3797.081,0
Hybrid,BBRI.JK,2006,H1,3780.0,3741.9285,1
Hybrid,BBRI.JK,2007,H2,3760.0,3758.28,1
Hybrid,BBRI.JK,2008,H3,3830.0,3760.2246,1
Hybrid,BBRI.JK,2007,H1,3760.0,3792.6384,0
Hybrid,BBRI.JK,2008,H2,3830.0,3795.4912,1
Hybrid,BBRI.JK,2009,H3,3740.0,3757.3325,1
Hybrid,BBRI.JK,2008,H1,3830.0,3738.2505,0
Hybrid,BBRI.JK,2009,H2,3740.0,3711.5852,1
Hybrid,BBRI.JK,2010,H3,3700.0,3722.854,1
Hybrid,BBRI.JK,2009,H1,3740.0,3767.9138,1
Hybrid,BBRI.JK,2010,H2,3700.0,3783.712,1
Hybrid,BBRI.JK,2011,H3,3680.0,3802.317,1
Hybrid,BBRI.JK,2010,H1,3700.0,3668.6492,1
Hybrid,BBRI.JK,2011,H2,3680.0,3690.3872,1
Hybrid,BBRI.JK,2012,H3,3680.0,3700.3572,1
Hybrid,BBRI.JK,2011,H1,3680.0,3704.1814,0
Hybrid,BBRI.JK,2012,H2,3680.0,3724.5767,0
Hybrid,BBRI.JK,2013,H3,3670.0,3734.5474,0
Hybrid,BBRI.JK,2012,H1,3680.0,3674.6538,0
Hybrid,BBRI.JK,2013,H2,3670.0,3686.8503,0
Hybrid,BBRI.JK,2014,H3,3700.0,3692.3052,1
Hybrid,BBRI.JK,2013,H1,3670.0,3650.0627,1
Hybrid,BBRI.JK,2014,H2,3700.0,3654.2683,0
Hybrid,BBRI.JK,2015,H3,3670.0,3663.0417,1
Hybrid,BBRI.JK,2014,H1,3700.0,3644.2822,0
Hybrid,BBRI.JK,2015,H2,3670.0,3654.117,0
Hybrid,BBRI.JK,2016,H3,3680.0,3669.576,0
Hybrid,BBRI.JK,2015,H1,3670.0,3694.7986,1
Hybrid,BBRI.JK,2016,H2,3680.0,3701.0955,0
Hybrid,BBRI.JK,2017,H3,3870.0,3707.486,1
Hybrid,BBRI.JK,2016,H1,3680.0,3671.139,1
Hybrid,BBRI.JK,2017,H2,3870.0,3671.0903,1
Hybrid,BBRI.JK,2018,H3,3880.0,3672.3794,1
Hybrid,BBRI.JK,2017,H1,3870.0,3717.8665,1
Hybrid,BBRI.JK,2018,H2,3880.0,3706.0017,1
Hybrid,BBRI.JK,2019,H3,3780.0,3703.031,1
Hybrid,BBRI.JK,2018,H1,3880.0,3788.3245,0
Hybrid,BBRI.JK,2019,H2,3780.0,3770.2112,1
Hybrid,BBRI.JK,2020,H3,3880.0,3773.5798,0
Hybrid,BBRI.JK,2019,H1,3780.0,3782.5144,1
Hybrid,BBRI.JK,2020,H2,3880.0,3775.7183,0
Hybrid,BBRI.JK,2021,H3,3880.0,3782.4287,0
Hybrid,BBRI.JK,2020,H1,3880.0,3756.4224,0
Hybrid,BBRI.JK,2021,H2,3880.0,3761.471,0
Hybrid,BBRI.JK,2022,H3,3890.0,3761.8064,0
Hybrid,BBRI.JK,2021,H1,3880.0,3862.784,0
Hybrid,BBRI.JK,2022,H2,3890.0,3855.1018,0
Hybrid,BBRI.JK,2023,H3,3860.0,3850.8438,1
Hybrid,BBRI.JK,2022,H1,3890.0,3834.126,0
Hybrid,BBRI.JK,2023,H2,3860.0,3826.5266,1
Hybrid,BBRI.JK,2024,H3,3830.0,3822.326,1
Hybrid,BBRI.JK,2023,H1,3860.0,3838.9233,1
Hybrid,BBRI.JK,2024,H2,3830.0,3838.6965,1
Hybrid,BBRI.JK,2025,H3,3840.0,3843.2405,1
Hybrid,BBRI.JK,2024,H1,3830.0,3825.959,1
Hybrid,BBRI.JK,2025,H2,3840.0,3834.4788,1
Hybrid,BBRI.JK,2026,H3,3800.0,3844.7075,1
Hybrid,BBRI.JK,2025,H1,3840.0,3795.5615,0
Hybrid,BBRI.JK,2026,H2,3800.0,3810.1797,1
Hybrid,BBRI.JK,2027,H3,3950.0,3817.175,0
Hybrid,BBRI.JK,2026,H1,3800.0,3827.9487,1
Hybrid,BBRI.JK,2027,H2,3950.0,3835.417,0
Hybrid,BBRI.JK,2028,H3,3880.0,3836.6025,0
Hybrid,BBRI.JK,2027,H1,3950.0,3793.4285,0
Hybrid,BBRI.JK,2028,H2,3880.0,3789.7341,0
Hybrid,BBRI.JK,2029,H3,3940.0,3790.48,0
Hybrid,BBRI.JK,2028,H1,3880.0,3908.5232,1
Hybrid,BBRI.JK,2029,H2,3940.0,3891.9062,1
Hybrid,BBRI.JK,2030,H3,3920.0,3891.0044,1
Hybrid,BBRI.JK,2029,H1,3940.0,3846.5334,0
Hybrid,BBRI.JK,2030,H2,3920.0,3847.069,0
Hybrid,BBRI.JK,2031,H3,3780.0,3854.843,1
Hybrid,BBRI.JK,2030,H1,3920.0,3919.7373,1
Hybrid,BBRI.JK,2031,H2,3780.0,3924.0603,1
Hybrid,BBRI.JK,2032,H3,3710.0,3865.8438,1
Hybrid,BBRI.JK,2031,H1,3780.0,3874.3923,1
Hybrid,BBRI.JK,2032,H2,3710.0,3822.2358,1
Hybrid,BBRI.JK,2033,H3,3740.0,3867.8792,1
Hybrid,BBRI.JK,2032,H1,3710.0,3678.2886,1
Hybrid,BBRI.JK,2033,H2,3740.0,3722.8718,1
Hybrid,BBRI.JK,2034,H3,3710.0,3727.5527,1
Hybrid,BBRI.JK,2033,H1,3740.0,3671.6692,0
Hybrid,BBRI.JK,2034,H2,3710.0,3675.228,0
Hybrid,BBRI.JK,2035,H3,3740.0,3690.8794,0
Hybrid,BBRI.JK,2034,H1,3710.0,3746.2002,0
Hybrid,BBRI.JK,2035,H2,3740.0,3752.827,0
Hybrid,BBRI.JK,2036,H3,3710.0,3768.8818,0
Hybrid,BBRI.JK,2035,H1,3740.0,3714.0835,1
Hybrid,BBRI.JK,2036,H2,3710.0,3725.7258,0
Hybrid,BBRI.JK,2037,H3,3710.0,3734.5535,0
Hybrid,BBRI.JK,2036,H1,3710.0,3746.59,0
Hybrid,BBRI.JK,2037,H2,3710.0,3748.7612,0
Hybrid,BBRI.JK,2038,H3,3700.0,3756.7683,0
Hybrid,BBRI.JK,2037,H1,3710.0,3711.362,1
Hybrid,BBRI.JK,2038,H2,3700.0,3715.3838,0
Hybrid,BBRI.JK,2039,H3,3810.0,3718.892,1
Hybrid,BBRI.JK,2038,H1,3700.0,3740.2727,0
Hybrid,BBRI.JK,2039,H2,3810.0,3736.525,1
Hybrid,BBRI.JK,2040,H3,4050.0,3746.4412,1
Hybrid,BBRI.JK,2039,H1,3810.0,3707.4497,1
Hybrid,BBRI.JK,2040,H2,4050.0,3710.486,1
Hybrid,BBRI.JK,2041,H3,4080.0,3722.8298,1
Hybrid,BBRI.JK,2040,H1,4050.0,3875.1138,1
Hybrid,BBRI.JK,2041,H2,4080.0,3872.0217,1
Hybrid,BBRI.JK,2042,H3,4060.0,3875.5256,1
Hybrid,BBRI.JK,2041,H1,4080.0,4009.1384,0
Hybrid,BBRI.JK,2042,H2,4060.0,4003.844,0
Hybrid,BBRI.JK,2043,H3,4120.0,4000.0068,0
Hybrid,BBRI.JK,2042,H1,4060.0,3997.5852,1
Hybrid,BBRI.JK,2043,H2,4120.0,3985.4565,0
Hybrid,BBRI.JK,2044,H3,4040.0,3980.3188,1
Hybrid,BBRI.JK,2043,H1,4120.0,4045.8892,0
Hybrid,BBRI.JK,2044,H2,4040.0,4030.6616,1
Hybrid,BBRI.JK,2045,H3,4150.0,4034.2,0
Hybrid,BBRI.JK,2044,H1,4040.0,4024.7554,1
Hybrid,BBRI.JK,2045,H2,4150.0,4020.2725,0
Hybrid,BBRI.JK,2046,H3,4150.0,4021.2183,0
Hybrid,BBRI.JK,2045,H1,4150.0,3986.895,0
Hybrid,BBRI.JK,2046,H2,4150.0,3992.396,0
Hybrid,BBRI.JK,2047,H3,4100.0,3988.9133,0
Hybrid,BBRI.JK,2046,H1,4150.0,4068.008,0
Hybrid,BBRI.JK,2047,H2,4100.0,4064.964,1
Hybrid,BBRI.JK,2048,H3,4210.0,4058.5486,0
Hybrid,BBRI.JK,2047,H1,4100.0,4094.1772,1
Hybrid,BBRI.JK,2048,H2,4210.0,4090.9243,0
Hybrid,BBRI.JK,2049,H3,4170.0,4087.5447,0
Hybrid,BBRI.JK,2048,H1,4210.0,4047.17,0
Hybrid,BBRI.JK,2049,H2,4170.0,4056.8484,0
Hybrid,BBRI.JK,2050,H3,4130.0,4060.2383,0
Hybrid,BBRI.JK,2049,H1,4170.0,4145.8315,1
Hybrid,BBRI.JK,2050,H2,4130.0,4150.615,1
Hybrid,BBRI.JK,2051,H3,4140.0,4152.4136,1
Hybrid,BBRI.JK,2050,H1,4130.0,4130.4194,1
Hybrid,BBRI.JK,2051,H2,4140.0,4141.7285,1
Hybrid,BBRI.JK,2052,H3,4050.0,4134.78,1
Hybrid,BBRI.JK,2051,H1,4140.0,4128.359,0
Hybrid,BBRI.JK,2052,H2,4050.0,4126.4795,1
Hybrid,BBRI.JK,2053,H3,3980.0,4114.1094,1
Hybrid,BBRI.JK,2052,H1,4050.0,4123.8296,1
Hybrid,BBRI.JK,2053,H2,3980.0,4115.0186,1
Hybrid,BBRI.JK,2054,H3,3960.0,4107.626,1
Hybrid,BBRI.JK,2053,H1,3980.0,4023.838,1
Hybrid,BBRI.JK,2054,H2,3960.0,4022.2703,1
Hybrid,BBRI.JK,2055,H3,4030.0,4020.4753,1
Hybrid,BBRI.JK,2054,H1,3960.0,3937.859,1
Hybrid,BBRI.JK,2055,H2,4030.0,3940.262,0
Hybrid,BBRI.JK,2056,H3,4000.0,3936.6477,0
Hybrid,BBRI.JK,2055,H1,4030.0,3942.997,0
Hybrid,BBRI.JK,2056,H2,4000.0,3943.8174,0
Hybrid,BBRI.JK,2057,H3,3900.0,3930.8525,1
Hybrid,BBRI.JK,2056,H1,4000.0,3976.136,1
Hybrid,BBRI.JK,2057,H2,3900.0,3969.682,1
Hybrid,BBRI.JK,2058,H3,3790.0,3971.331,1
Hybrid,BBRI.JK,2057,H1,3900.0,3987.4658,1
Hybrid,BBRI.JK,2058,H2,3790.0,3990.0212,1
Hybrid,BBRI.JK,2059,H3,3880.0,3993.4534,1
Hybrid,BBRI.JK,2058,H1,3790.0,3888.929,1
Hybrid,BBRI.JK,2059,H2,3880.0,3901.9614,0
Hybrid,BBRI.JK,2060,H3,4080.0,3901.9998,1
Hybrid,BBRI.JK,2059,H1,3880.0,3834.47,1
Hybrid,BBRI.JK,2060,H2,4080.0,3841.515,1
Hybrid,BBRI.JK,2061,H3,4180.0,3844.8845,1
Hybrid,BBRI.JK,2060,H1,4080.0,3970.9724,1
Hybrid,BBRI.JK,2061,H2,4180.0,3962.121,1
Hybrid,BBRI.JK,2062,H3,4140.0,3958.1199,1
Hybrid,BBRI.JK,2061,H1,4180.0,4052.5078,0
Hybrid,BBRI.JK,2062,H2,4140.0,4033.8823,0
Hybrid,BBRI.JK,2063,H3,4130.0,4031.052,0
Hybrid,BBRI.JK,2062,H1,4140.0,4091.5518,1
Hybrid,BBRI.JK,2063,H2,4130.0,4078.6077,1
Hybrid,BBRI.JK,2064,H3,4220.0,4076.7852,0
Hybrid,BBRI.JK,2063,H1,4130.0,4049.2676,1
Hybrid,BBRI.JK,2064,H2,4220.0,4059.5881,0
Hybrid,BBRI.JK,2065,H3,4250.0,4063.1714,0
Hybrid,BBRI.JK,2064,H1,4220.0,4102.1934,0
Hybrid,BBRI.JK,2065,H2,4250.0,4102.368,0
Hybrid,BBRI.JK,2066,H3,4250.0,4095.8096,0
Hybrid,BBRI.JK,2065,H1,4250.0,4237.6724,1
Hybrid,BBRI.JK,2066,H2,4250.0,4218.5957,0
Hybrid,BBRI.JK,2067,H3,4160.0,4203.5796,1
Hybrid,BBRI.JK,2066,H1,4250.0,4176.7656,0
Hybrid,BBRI.JK,2067,H2,4160.0,4161.9883,1
Hybrid,BBRI.JK,2068,H3,4140.0,4156.5767,1
Hybrid,BBRI.JK,2067,H1,4160.0,4151.8096,1
Hybrid,BBRI.JK,2068,H2,4140.0,4152.418,1
Hybrid,BBRI.JK,2069,H3,4170.0,4151.229,1
Hybrid,BBRI.JK,2068,H1,4140.0,4081.255,1
Hybrid,BBRI.JK,2069,H2,4170.0,4094.221,0
Hybrid,BBRI.JK,2070,H3,4070.0,4097.8423,1
Hybrid,BBRI.JK,2069,H1,4170.0,4126.543,0
Hybrid,BBRI.JK,2070,H2,4070.0,4130.7896,1
Hybrid,BBRI.JK,2071,H3,4040.0,4124.869,1
Hybrid,BBRI.JK,2070,H1,4070.0,4129.1807,1
Hybrid,BBRI.JK,2071,H2,4040.0,4127.3516,1
Hybrid,BBRI.JK,2072,H3,3980.0,4120.0854,1
Hybrid,BBRI.JK,2071,H1,4040.0,4014.9292,1
Hybrid,BBRI.JK,2072,H2,3980.0,4020.5781,1
Hybrid,BBRI.JK,2073,H3,3900.0,3976.9734,1
Hybrid,BBRI.JK,2072,H1,3980.0,3962.8608,1
Hybrid,BBRI.JK,2073,H2,3900.0,3918.4404,1
Hybrid,BBRI.JK,2074,H3,3810.0,3960.699,1
Hybrid,BBRI.JK,2073,H1,3900.0,3902.056,1
Hybrid,BBRI.JK,2074,H2,3810.0,3938.37,1
Hybrid,BBRI.JK,2075,H3,3710.0,3954.175,1
Hybrid,BBRI.JK,2074,H1,3810.0,3817.802,1
Hybrid,BBRI.JK,2075,H2,3710.0,3832.604,1
Hybrid,BBRI.JK,2076,H3,3690.0,3840.5896,1
Hybrid,BBRI.JK,2075,H1,3710.0,3738.9785,1
Hybrid,BBRI.JK,2076,H2,3690.0,3751.8296,1
Hybrid,BBRI.JK,2077,H3,3660.0,3758.9329,1
Hybrid,BBRI.JK,2076,H1,3690.0,3685.9426,1
Hybrid,BBRI.JK,2077,H2,3660.0,3689.554,1
Hybrid,BBRI.JK,2078,H3,3710.0,3703.6787,0
Hybrid,BBRI.JK,2077,H1,3660.0,3700.2476,0
Hybrid,BBRI.JK,2078,H2,3710.0,3708.2048,1
Hybrid,BBRI.JK,2079,H3,3720.0,3725.9402,1
Hybrid,BBRI.JK,2078,H1,3710.0,3659.3384,0
Hybrid,BBRI.JK,2079,H2,3720.0,3676.3567,1
Hybrid,BBRI.JK,2080,H3,3860.0,3685.268,1
Hybrid,BBRI.JK,2079,H1,3720.0,3767.574,1
Hybrid,BBRI.JK,2080,H2,3860.0,3771.8508,1
Hybrid,BBRI.JK,2081,H3,3730.0,3777.401,1
Hybrid,BBRI.JK,2080,H1,3860.0,3697.3901,0
Hybrid,BBRI.JK,2081,H2,3730.0,3700.4827,0
Hybrid,BBRI.JK,2082,H3,3660.0,3700.9297,1
Hybrid,BBRI.JK,2081,H1,3730.0,3829.1594,1
Hybrid,BBRI.JK,2082,H2,3660.0,3815.5574,1
Hybrid,BBRI.JK,2083,H3,3550.0,3823.7646,1
Hybrid,BBRI.JK,2082,H1,3660.0,3642.7473,1
Hybrid,BBRI.JK,2083,H2,3550.0,3660.5205,1
Hybrid,BBRI.JK,2084,H3,3500.0,3679.658,1
Hybrid,BBRI.JK,2083,H1,3550.0,3643.1025,1
Hybrid,BBRI.JK,2084,H2,3500.0,3661.4607,0
Hybrid,BBRI.JK,2085,H3,3530.0,3669.5908,0
Hybrid,BBRI.JK,2084,H1,3500.0,3549.4614,1
Hybrid,BBRI.JK,2085,H2,3530.0,3566.7898,0
Hybrid,BBRI.JK,2086,H3,3500.0,3580.7134,0
Hybrid,BBRI.JK,2085,H1,3530.0,3518.8276,1
Hybrid,BBRI.JK,2086,H2,3500.0,3544.4617,0
Hybrid,BBRI.JK,2087,H3,3680.0,3553.801,1
Hybrid,BBRI.JK,2086,H1,3500.0,3569.1309,0
Hybrid,BBRI.JK,2087,H2,3680.0,3580.0664,1
Hybrid,BBRI.JK,2088,H3,3760.0,3602.9917,1
Hybrid,BBRI.JK,2087,H1,3680.0,3548.9011,1
Hybrid,BBRI.JK,2088,H2,3760.0,3575.2043,1
Hybrid,BBRI.JK,2089,H3,3700.0,3603.8538,1
Hybrid,BBRI.JK,2088,H1,3760.0,3695.8232,1
Hybrid,BBRI.JK,2089,H2,3700.0,3741.6787,1
Hybrid,BBRI.JK,2090,H3,3820.0,3764.748,1
Hybrid,BBRI.JK,2089,H1,3700.0,3803.3252,0
Hybrid,BBRI.JK,2090,H2,3820.0,3844.8765,1
Hybrid,BBRI.JK,2091,H3,3850.0,3868.0107,1
Hybrid,BBRI.JK,2090,H1,3820.0,3813.3086,1
Hybrid,BBRI.JK,2091,H2,3850.0,3836.9412,1
Hybrid,BBRI.JK,2092,H3,3860.0,3845.2603,1
Hybrid,BBRI.JK,2091,H1,3850.0,3845.613,1
Hybrid,BBRI.JK,2092,H2,3860.0,3861.3901,1
Hybrid,BBRI.JK,2093,H3,3850.0,3880.7793,1
Hybrid,BBRI.JK,2092,H1,3860.0,3829.0156,0
Hybrid,BBRI.JK,2093,H2,3850.0,3860.581,0
Hybrid,BBRI.JK,2094,H3,3890.0,3886.5413,1
Hybrid,BBRI.JK,2093,H1,3850.0,3881.4094,0
Hybrid,BBRI.JK,2094,H2,3890.0,3913.7578,1
Hybrid,BBRI.JK,2095,H3,3910.0,3928.1904,1
Hybrid,BBRI.JK,2094,H1,3890.0,3872.5513,1
Hybrid,BBRI.JK,2095,H2,3910.0,3890.6047,1
Hybrid,BBRI.JK,2096,H3,3980.0,3866.7087,1
Hybrid,BBRI.JK,2095,H1,3910.0,3846.9758,0
Hybrid,BBRI.JK,2096,H2,3980.0,3809.0156,0
Hybrid,BBRI.JK,2097,H3,4040.0,3869.0334,0
Hybrid,BBRI.JK,2096,H1,3980.0,3885.2458,0
Hybrid,BBRI.JK,2097,H2,4040.0,3942.1562,1
Hybrid,BBRI.JK,2098,H3,3970.0,3946.2727,1
Hybrid,BBRI.JK,2097,H1,4040.0,4019.2004,1
Hybrid,BBRI.JK,2098,H2,3970.0,4005.0132,0
Hybrid,BBRI.JK,2099,H3,3980.0,4004.2712,0
Hybrid,BBRI.JK,2098,H1,3970.0,3936.538,1
Hybrid,BBRI.JK,2099,H2,3980.0,3937.875,1
Hybrid,BBRI.JK,2100,H3,4000.0,3941.0166,1
Hybrid,BBRI.JK,2099,H1,3980.0,3855.526,0
Hybrid,BBRI.JK,2100,H2,4000.0,3868.6846,0
Hybrid,BBRI.JK,2101,H3,3980.0,3867.9985,0
Hybrid,BBRI.JK,2100,H1,4000.0,4008.1492,1
Hybrid,BBRI.JK,2101,H2,3980.0,3996.4822,0
Hybrid,BBRI.JK,2102,H3,3930.0,3988.3403,0
Hybrid,BBRI.JK,2101,H1,3980.0,3947.5488,1
Hybrid,BBRI.JK,2102,H2,3930.0,3941.3735,1
Hybrid,BBRI.JK,2103,H3,3890.0,3938.344,1
Hybrid,BBRI.JK,2102,H1,3930.0,3938.4436,1
Hybrid,BBRI.JK,2103,H2,3890.0,3937.9524,1
Hybrid,BBRI.JK,2104,H3,3900.0,3940.858,1
Hybrid,BBRI.JK,2103,H1,3890.0,3886.6711,1
Hybrid,BBRI.JK,2104,H2,3900.0,3893.7146,1
Hybrid,BBRI.JK,2105,H3,3870.0,3897.2861,1
Hybrid,BBRI.JK,2104,H1,3900.0,3855.7402,0
Hybrid,BBRI.JK,2105,H2,3870.0,3860.463,1
Hybrid,BBRI.JK,2106,H3,3900.0,3859.062,0
Hybrid,BBRI.JK,2105,H1,3870.0,3857.8713,1
Hybrid,BBRI.JK,2106,H2,3900.0,3856.8809,0
Hybrid,BBRI.JK,2107,H3,3940.0,3857.0986,0
Hybrid,BBRI.JK,2106,H1,3900.0,3843.6143,0
Hybrid,BBRI.JK,2107,H2,3940.0,3842.4043,0
Hybrid,BBRI.JK,2108,H3,3970.0,3846.896,0
Hybrid,BBRI.JK,2107,H1,3940.0,3882.114,0
Hybrid,BBRI.JK,2108,H2,3970.0,3881.5952,0
Hybrid,BBRI.JK,2109,H3,4000.0,3887.9414,0
Hybrid,BBRI.JK,2108,H1,3970.0,3880.0674,0
Hybrid,BBRI.JK,2109,H2,4000.0,3889.961,0
Hybrid,BBRI.JK,2110,H3,3990.0,3896.4128,0
Hybrid,BBRI.JK,2109,H1,4000.0,3906.4197,0
Hybrid,BBRI.JK,2110,H2,3990.0,3917.2307,0
Hybrid,BBRI.JK,2111,H3,3960.0,3917.4895,1
Hybrid,BBRI.JK,2110,H1,3990.0,3967.2053,1
Hybrid,BBRI.JK,2111,H2,3960.0,3961.2415,1
Hybrid,BBRI.JK,2112,H3,3980.0,3958.1848,1
Hybrid,BBRI.JK,2111,H1,3960.0,3950.3945,1
Hybrid,BBRI.JK,2112,H2,3980.0,3944.805,1
Hybrid,BBRI.JK,2113,H3,3830.0,3943.0518,1
Hybrid,BBRI.JK,2112,H1,3980.0,3945.1143,0
Hybrid,BBRI.JK,2113,H2,3830.0,3946.8945,1
Hybrid,BBRI.JK,2114,H3,3790.0,3951.4414,1
Hybrid,BBRI.JK,2113,H1,3830.0,3857.114,1
Hybrid,BBRI.JK,2114,H2,3790.0,3877.603,1
Hybrid,BBRI.JK,2115,H3,3740.0,3885.114,1
Hybrid,BBRI.JK,2114,H1,3790.0,3781.1418,1
Hybrid,BBRI.JK,2115,H2,3740.0,3805.717,1
Hybrid,BBRI.JK,2116,H3,3680.0,3815.3901,1
Hybrid,BBRI.JK,2115,H1,3740.0,3808.9937,0
Hybrid,BBRI.JK,2116,H2,3680.0,3813.5698,0
Hybrid,BBRI.JK,2117,H3,3670.0,3812.5454,0
Hybrid,BBRI.JK,2116,H1,3680.0,3724.068,1
Hybrid,BBRI.JK,2117,H2,3670.0,3729.438,1
Hybrid,BBRI.JK,2118,H3,3710.0,3743.3481,0
Hybrid,BBRI.JK,2117,H1,3670.0,3689.6707,0
Hybrid,BBRI.JK,2118,H2,3710.0,3704.626,1
Hybrid,BBRI.JK,2119,H3,3660.0,3719.1843,0
Hybrid,BBRI.JK,2118,H1,3710.0,3688.0444,1
Hybrid,BBRI.JK,2119,H2,3660.0,3704.4636,0
Hybrid,BBRI.JK,2120,H3,3690.0,3709.0325,1
Hybrid,BBRI.JK,2119,H1,3660.0,3713.8027,0
Hybrid,BBRI.JK,2120,H2,3690.0,3725.096,0
Hybrid,BBRI.JK,2121,H3,3650.0,3733.2915,0
Hybrid,BBRI.JK,2120,H1,3690.0,3673.743,1
Hybrid,BBRI.JK,2121,H2,3650.0,3686.776,0
Hybrid,BBRI.JK,2122,H3,3670.0,3689.9736,1
Hybrid,BBRI.JK,2121,H1,3650.0,3696.402,0
Hybrid,BBRI.JK,2122,H2,3670.0,3700.8357,0
Hybrid,BBRI.JK,2123,H3,3680.0,3711.9553,0
Hybrid,BBRI.JK,2122,H1,3670.0,3661.7776,1
Hybrid,BBRI.JK,2123,H2,3680.0,3674.293,1
Hybrid,BBRI.JK,2124,H3,3660.0,3687.863,1
Hybrid,BBRI.JK,2123,H1,3680.0,3784.1333,1
Hybrid,BBRI.JK,2124,H2,3660.0,3790.3633,0
Hybrid,BBRI.JK,2125,H3,3620.0,3796.0867,0
Hybrid,BBRI.JK,2124,H1,3660.0,3714.0632,0
Hybrid,BBRI.JK,2125,H2,3620.0,3722.967,0
Hybrid,BBRI.JK,2126,H3,3630.0,3728.3428,0
Hybrid,BBRI.JK,2125,H1,3620.0,3690.478,0
Hybrid,BBRI.JK,2126,H2,3630.0,3700.2358,0
Hybrid,BBRI.JK,2127,H3,3780.0,3702.4207,1
Hybrid,BBRI.JK,2126,H1,3630.0,3624.94,1
Hybrid,BBRI.JK,2127,H2,3780.0,3637.6438,1
Hybrid,BBRI.JK,2128,H3,3690.0,3653.8767,1
Hybrid,BBRI.JK,2127,H1,3780.0,3695.0664,1
Hybrid,BBRI.JK,2128,H2,3690.0,3711.8948,1
Hybrid,BBRI.JK,2129,H3,3750.0,3727.7896,1
Hybrid,BBRI.JK,2128,H1,3690.0,3805.4797,0
Hybrid,BBRI.JK,2129,H2,3750.0,3821.7158,0
Hybrid,BBRI.JK,2130,H3,3780.0,3830.2324,0
Hybrid,BBRI.JK,2129,H1,3750.0,3757.1287,1
Hybrid,BBRI.JK,2130,H2,3780.0,3769.559,1
Hybrid,BBRI.JK,2131,H3,3770.0,3777.4053,1
Hybrid,BBRI.JK,2130,H1,3780.0,3850.2908,1
Hybrid,BBRI.JK,2131,H2,3770.0,3844.4512,1
Hybrid,BBRI.JK,2132,H3,3760.0,3838.663,1
Hybrid,BBRI.JK,2131,H1,3770.0,3776.5176,1
Hybrid,BBRI.JK,2132,H2,3760.0,3765.9565,1
Hybrid,BBRI.JK,2133,H3,3770.0,3772.9534,1
Hybrid,BBRI.JK,2132,H1,3760.0,3768.537,1
Hybrid,BBRI.JK,2133,H2,3770.0,3778.7854,0
Hybrid,BBRI.JK,2134,H3,3770.0,3793.0496,0
Hybrid,BBRI.JK,2133,H1,3770.0,3774.6099,1
Hybrid,BBRI.JK,2134,H2,3770.0,3787.2336,1
Hybrid,BBRI.JK,2135,H3,3780.0,3787.45,1
Hybrid,BBRI.JK,2134,H1,3770.0,3789.0432,0
Hybrid,BBRI.JK,2135,H2,3780.0,3790.1252,1
Hybrid,BBRI.JK,2136,H3,3660.0,3797.4412,0
Hybrid,BBRI.JK,2135,H1,3780.0,3762.2527,0
Hybrid,BBRI.JK,2136,H2,3660.0,3766.4072,1
Hybrid,BBRI.JK,2137,H3,3640.0,3776.6953,0
Hybrid,BBRI.JK,2136,H1,3660.0,3706.472,1
Hybrid,BBRI.JK,2137,H2,3640.0,3724.6355,1
Hybrid,BBRI.JK,2138,H3,3630.0,3722.1265,1
Hybrid,BBRI.JK,2137,H1,3640.0,3593.4084,1
Hybrid,BBRI.JK,2138,H2,3630.0,3597.4883,1
Hybrid,BBRI.JK,2139,H3,3680.0,3607.0125,0
Hybrid,BBRI.JK,2138,H1,3630.0,3593.416,1
Hybrid,BBRI.JK,2139,H2,3680.0,3599.3018,0
Hybrid,BBRI.JK,2140,H3,3700.0,3613.09,0
Hybrid,BBRI.JK,2139,H1,3680.0,3590.3425,0
Hybrid,BBRI.JK,2140,H2,3700.0,3601.0999,0
Hybrid,BBRI.JK,2141,H3,3710.0,3605.3613,0
Hybrid,BBRI.JK,2140,H1,3700.0,3782.6497,1
Hybrid,BBRI.JK,2141,H2,3710.0,3780.0896,1
Hybrid,BBRI.JK,2142,H3,3680.0,3782.6843,0
Hybrid,BBRI.JK,2141,H1,3710.0,3701.4185,1
Hybrid,BBRI.JK,2142,H2,3680.0,3696.5088,1
Hybrid,BBRI.JK,2143,H3,3700.0,3695.1946,1
Hybrid,BBRI.JK,2142,H1,3680.0,3702.6003,1
Hybrid,BBRI.JK,2143,H2,3700.0,3692.321,1
Hybrid,BBRI.JK,2144,H3,3720.0,3696.2444,0
Hybrid,BBRI.JK,2143,H1,3700.0,3679.4016,0
Hybrid,BBRI.JK,2144,H2,3720.0,3677.346,0
Hybrid,BBRI.JK,2145,H3,3720.0,3685.1902,1
Hybrid,BMRI.JK,1820,H1,7075.0,7200.11,0
Hybrid,BMRI.JK,1821,H2,7175.0,7205.8,0
Hybrid,BMRI.JK,1822,H3,7175.0,7207.4766,0
Hybrid,BMRI.JK,1821,H1,7175.0,7167.441,1
Hybrid,BMRI.JK,1822,H2,7175.0,7170.6104,1
Hybrid,BMRI.JK,1823,H3,7250.0,7169.714,1
Hybrid,BMRI.JK,1822,H1,7175.0,7207.418,0
Hybrid,BMRI.JK,1823,H2,7250.0,7204.118,1
Hybrid,BMRI.JK,1824,H3,7250.0,7189.178,1
Hybrid,BMRI.JK,1823,H1,7250.0,7204.2095,1
Hybrid,BMRI.JK,1824,H2,7250.0,7188.911,1
Hybrid,BMRI.JK,1825,H3,7250.0,7190.908,1
Hybrid,BMRI.JK,1824,H1,7250.0,7215.4326,0
Hybrid,BMRI.JK,1825,H2,7250.0,7214.45,0
Hybrid,BMRI.JK,1826,H3,7375.0,7223.508,0
Hybrid,BMRI.JK,1825,H1,7250.0,7221.353,0
Hybrid,BMRI.JK,1826,H2,7375.0,7225.709,0
Hybrid,BMRI.JK,1827,H3,7300.0,7226.915,0
Hybrid,BMRI.JK,1826,H1,7375.0,7235.4546,0
Hybrid,BMRI.JK,1827,H2,7300.0,7232.671,0
Hybrid,BMRI.JK,1828,H3,7275.0,7231.714,0
Hybrid,BMRI.JK,1827,H1,7300.0,7281.483,1
Hybrid,BMRI.JK,1828,H2,7275.0,7269.658,1
Hybrid,BMRI.JK,1829,H3,7425.0,7258.956,0
Hybrid,BMRI.JK,1828,H1,7275.0,7235.8516,1
Hybrid,BMRI.JK,1829,H2,7425.0,7221.8887,0
Hybrid,BMRI.JK,1830,H3,7400.0,7228.98,0
Hybrid,BMRI.JK,1829,H1,7425.0,7235.765,0
Hybrid,BMRI.JK,1830,H2,7400.0,7239.502,0
Hybrid,BMRI.JK,1831,H3,7400.0,7239.7188,0
Hybrid,BMRI.JK,1830,H1,7400.0,7271.887,1
Hybrid,BMRI.JK,1831,H2,7400.0,7268.521,1
Hybrid,BMRI.JK,1832,H3,7300.0,7267.447,1
Hybrid,BMRI.JK,1831,H1,7400.0,7242.004,0
Hybrid,BMRI.JK,1832,H2,7300.0,7234.479,1
Hybrid,BMRI.JK,1833,H3,7450.0,7214.958,0
Hybrid,BMRI.JK,1832,H1,7300.0,7260.793,1
Hybrid,BMRI.JK,1833,H2,7450.0,7236.6406,0
Hybrid,BMRI.JK,1834,H3,7425.0,7236.219,0
Hybrid,BMRI.JK,1833,H1,7450.0,7247.2686,0
Hybrid,BMRI.JK,1834,H2,7425.0,7238.507,0
Hybrid,BMRI.JK,1835,H3,7200.0,7241.064,1
Hybrid,BMRI.JK,1834,H1,7425.0,7267.3447,1
Hybrid,BMRI.JK,1835,H2,7200.0,7259.684,1
Hybrid,BMRI.JK,1836,H3,7175.0,7258.2236,1
Hybrid,BMRI.JK,1835,H1,7200.0,7224.6416,1
Hybrid,BMRI.JK,1836,H2,7175.0,7217.994,1
Hybrid,BMRI.JK,1837,H3,7050.0,7213.458,1
Hybrid,BMRI.JK,1836,H1,7175.0,7199.8286,1
Hybrid,BMRI.JK,1837,H2,7050.0,7181.216,1
Hybrid,BMRI.JK,1838,H3,6925.0,6999.9844,1
Hybrid,BMRI.JK,1837,H1,7050.0,7199.0405,0
Hybrid,BMRI.JK,1838,H2,6925.0,7008.2163,1
Hybrid,BMRI.JK,1839,H3,7050.0,7023.418,1
Hybrid,BMRI.JK,1838,H1,6925.0,6994.353,1
Hybrid,BMRI.JK,1839,H2,7050.0,6973.0874,0
Hybrid,BMRI.JK,1840,H3,6975.0,6971.287,1
Hybrid,BMRI.JK,1839,H1,7050.0,6978.468,1
Hybrid,BMRI.JK,1840,H2,6975.0,6977.909,1
Hybrid,BMRI.JK,1841,H3,7050.0,6976.6924,1
Hybrid,BMRI.JK,1840,H1,6975.0,7049.444,1
Hybrid,BMRI.JK,1841,H2,7050.0,7036.7314,0
Hybrid,BMRI.JK,1842,H3,6950.0,7031.5605,1
Hybrid,BMRI.JK,1841,H1,7050.0,7028.3066,1
Hybrid,BMRI.JK,1842,H2,6950.0,7017.4863,0
Hybrid,BMRI.JK,1843,H3,6875.0,6997.89,0
Hybrid,BMRI.JK,1842,H1,6950.0,7046.789,1
Hybrid,BMRI.JK,1843,H2,6875.0,7019.5703,1
Hybrid,BMRI.JK,1844,H3,7075.0,7016.2305,0
Hybrid,BMRI.JK,1843,H1,6875.0,7002.565,0
Hybrid,BMRI.JK,1844,H2,7075.0,6999.256,1
Hybrid,BMRI.JK,1845,H3,6950.0,7003.422,0
Hybrid,BMRI.JK,1844,H1,7075.0,6979.1924,1
Hybrid,BMRI.JK,1845,H2,6950.0,6980.2944,1
Hybrid,BMRI.JK,1846,H3,6950.0,6983.525,1
Hybrid,BMRI.JK,1845,H1,6950.0,7044.1343,1
Hybrid,BMRI.JK,1846,H2,6950.0,7032.023,1
Hybrid,BMRI.JK,1847,H3,6950.0,7025.48,1
Hybrid,BMRI.JK,1846,H1,6950.0,6985.8076,0
Hybrid,BMRI.JK,1847,H2,6950.0,6980.442,0
Hybrid,BMRI.JK,1848,H3,6925.0,6962.7656,0
Hybrid,BMRI.JK,1847,H1,6950.0,6979.698,0
Hybrid,BMRI.JK,1848,H2,6925.0,6964.7754,0
Hybrid,BMRI.JK,1849,H3,7050.0,6964.635,1
Hybrid,BMRI.JK,1848,H1,6925.0,6983.692,0
Hybrid,BMRI.JK,1849,H2,7050.0,6982.8906,1
Hybrid,BMRI.JK,1850,H3,7000.0,6987.4634,1
Hybrid,BMRI.JK,1849,H1,7050.0,6998.115,1
Hybrid,BMRI.JK,1850,H2,7000.0,7003.2295,1
Hybrid,BMRI.JK,1851,H3,7225.0,7007.284,1
Hybrid,BMRI.JK,1850,H1,7000.0,7023.8657,1
Hybrid,BMRI.JK,1851,H2,7225.0,7021.744,0
Hybrid,BMRI.JK,1852,H3,7175.0,7018.9336,0
Hybrid,BMRI.JK,1851,H1,7225.0,7056.626,1
Hybrid,BMRI.JK,1852,H2,7175.0,7039.3936,1
Hybrid,BMRI.JK,1853,H3,7200.0,7021.7305,1
Hybrid,BMRI.JK,1852,H1,7175.0,7160.747,1
Hybrid,BMRI.JK,1853,H2,7200.0,7117.203,1
Hybrid,BMRI.JK,1854,H3,7075.0,7117.198,1
Hybrid,BMRI.JK,1853,H1,7200.0,7145.6006,0
Hybrid,BMRI.JK,1854,H2,7075.0,7126.504,1
Hybrid,BMRI.JK,1855,H3,7075.0,7128.074,1
Hybrid,BMRI.JK,1854,H1,7075.0,7153.552,1
Hybrid,BMRI.JK,1855,H2,7075.0,7136.781,1
Hybrid,BMRI.JK,1856,H3,6975.0,7137.788,1
Hybrid,BMRI.JK,1855,H1,7075.0,7100.3066,0
Hybrid,BMRI.JK,1856,H2,6975.0,7092.4873,0
Hybrid,BMRI.JK,1857,H3,7050.0,7091.08,0
Hybrid,BMRI.JK,1856,H1,6975.0,7081.6074,0
Hybrid,BMRI.JK,1857,H2,7050.0,7069.1587,1
Hybrid,BMRI.JK,1858,H3,6825.0,7054.0205,1
Hybrid,BMRI.JK,1857,H1,7050.0,6994.535,1
Hybrid,BMRI.JK,1858,H2,6825.0,6986.1016,0
Hybrid,BMRI.JK,1859,H3,6825.0,6986.1265,0
Hybrid,BMRI.JK,1858,H1,6825.0,7005.793,1
Hybrid,BMRI.JK,1859,H2,6825.0,7000.126,1
Hybrid,BMRI.JK,1860,H3,6750.0,7004.1006,1
Hybrid,BMRI.JK,1859,H1,6825.0,6821.9424,1
Hybrid,BMRI.JK,1860,H2,6750.0,6829.0796,0
Hybrid,BMRI.JK,1861,H3,6700.0,6756.706,1
Hybrid,BMRI.JK,1860,H1,6750.0,6843.884,0
Hybrid,BMRI.JK,1861,H2,6700.0,6776.2354,1
Hybrid,BMRI.JK,1862,H3,6650.0,6722.021,1
Hybrid,BMRI.JK,1861,H1,6700.0,6696.5146,1
Hybrid,BMRI.JK,1862,H2,6650.0,6662.949,1
Hybrid,BMRI.JK,1863,H3,6750.0,6660.372,0
Hybrid,BMRI.JK,1862,H1,6650.0,6720.513,0
Hybrid,BMRI.JK,1863,H2,6750.0,6718.5796,1
Hybrid,BMRI.JK,1864,H3,6925.0,6717.34,1
Hybrid,BMRI.JK,1863,H1,6750.0,6702.675,1
Hybrid,BMRI.JK,1864,H2,6925.0,6706.81,1
Hybrid,BMRI.JK,1865,H3,6550.0,6707.9136,0
Hybrid,BMRI.JK,1864,H1,6925.0,6752.744,1
Hybrid,BMRI.JK,1865,H2,6550.0,6753.411,0
Hybrid,BMRI.JK,1866,H3,6425.0,6759.8535,0
Hybrid,BMRI.JK,1865,H1,6550.0,6796.343,1
Hybrid,BMRI.JK,1866,H2,6425.0,6800.746,1
Hybrid,BMRI.JK,1867,H3,6325.0,6798.4062,1
Hybrid,BMRI.JK,1866,H1,6425.0,6400.825,1
Hybrid,BMRI.JK,1867,H2,6325.0,6410.782,1
Hybrid,BMRI.JK,1868,H3,6350.0,6400.92,1
Hybrid,BMRI.JK,1867,H1,6325.0,6386.043,1
Hybrid,BMRI.JK,1868,H2,6350.0,6386.318,1
Hybrid,BMRI.JK,1869,H3,6375.0,6381.535,1
Hybrid,BMRI.JK,1868,H1,6350.0,6331.3506,1
Hybrid,BMRI.JK,1869,H2,6375.0,6341.46,1
Hybrid,BMRI.JK,1870,H3,6425.0,6333.583,1
Hybrid,BMRI.JK,1869,H1,6375.0,6320.4834,0
Hybrid,BMRI.JK,1870,H2,6425.0,6326.6875,0
Hybrid,BMRI.JK,1871,H3,6375.0,6326.507,0
Hybrid,BMRI.JK,1870,H1,6425.0,6350.3384,0
Hybrid,BMRI.JK,1871,H2,6375.0,6359.5137,0
Hybrid,BMRI.JK,1872,H3,6350.0,6349.9336,1
Hybrid,BMRI.JK,1871,H1,6375.0,6396.2974,1
Hybrid,BMRI.JK,1872,H2,6350.0,6391.5396,1
Hybrid,BMRI.JK,1873,H3,6325.0,6382.8193,1
Hybrid,BMRI.JK,1872,H1,6350.0,6353.8027,1
Hybrid,BMRI.JK,1873,H2,6325.0,6353.601,1
Hybrid,BMRI.JK,1874,H3,6250.0,6349.0605,1
Hybrid,BMRI.JK,1873,H1,6325.0,6328.5977,1
Hybrid,BMRI.JK,1874,H2,6250.0,6332.998,1
Hybrid,BMRI.JK,1875,H3,6225.0,6334.835,1
Hybrid,BMRI.JK,1874,H1,6250.0,6333.853,0
Hybrid,BMRI.JK,1875,H2,6225.0,6346.7295,0
Hybrid,BMRI.JK,1876,H3,6150.0,6352.9756,0
Hybrid,BMRI.JK,1875,H1,6225.0,6346.1943,0
Hybrid,BMRI.JK,1876,H2,6150.0,6363.458,0
Hybrid,BMRI.JK,1877,H3,6250.0,6354.1587,0
Hybrid,BMRI.JK,1876,H1,6150.0,6329.1943,0
Hybrid,BMRI.JK,1877,H2,6250.0,6331.267,1
Hybrid,BMRI.JK,1878,H3,6575.0,6324.121,1
Hybrid,BMRI.JK,1877,H1,6250.0,6277.038,1
Hybrid,BMRI.JK,1878,H2,6575.0,6283.711,1
Hybrid,BMRI.JK,1879,H3,6400.0,6278.966,1
Hybrid,BMRI.JK,1878,H1,6575.0,6253.8687,1
Hybrid,BMRI.JK,1879,H2,6400.0,6260.2085,1
Hybrid,BMRI.JK,1880,H3,6450.0,6266.081,1
Hybrid,BMRI.JK,1879,H1,6400.0,6435.1475,1
Hybrid,BMRI.JK,1880,H2,6450.0,6439.9785,1
Hybrid,BMRI.JK,1881,H3,6150.0,6432.899,1
Hybrid,BMRI.JK,1880,H1,6450.0,6408.414,1
Hybrid,BMRI.JK,1881,H2,6150.0,6408.099,0
Hybrid,BMRI.JK,1882,H3,6000.0,6407.0083,0
Hybrid,BMRI.JK,1881,H1,6150.0,6322.4287,1
Hybrid,BMRI.JK,1882,H2,6000.0,6330.818,1
Hybrid,BMRI.JK,1883,H3,6275.0,6330.399,1
Hybrid,BMRI.JK,1882,H1,6000.0,5993.7495,1
Hybrid,BMRI.JK,1883,H2,6275.0,6016.874,0
Hybrid,BMRI.JK,1884,H3,6375.0,6013.8145,0
Hybrid,BMRI.JK,1883,H1,6275.0,6021.8633,1
Hybrid,BMRI.JK,1884,H2,6375.0,6030.0137,1
Hybrid,BMRI.JK,1885,H3,6150.0,6031.0596,1
Hybrid,BMRI.JK,1884,H1,6375.0,6150.111,0
Hybrid,BMRI.JK,1885,H2,6150.0,6151.163,1
Hybrid,BMRI.JK,1886,H3,6225.0,6140.6855,1
Hybrid,BMRI.JK,1885,H1,6150.0,6208.4062,1
Hybrid,BMRI.JK,1886,H2,6225.0,6197.9062,1
Hybrid,BMRI.JK,1887,H3,6375.0,6193.8467,0
Hybrid,BMRI.JK,1886,H1,6225.0,6093.1763,0
Hybrid,BMRI.JK,1887,H2,6375.0,6099.922,0
Hybrid,BMRI.JK,1888,H3,6300.0,6097.677,0
Hybrid,BMRI.JK,1887,H1,6375.0,6157.5273,0
Hybrid,BMRI.JK,1888,H2,6300.0,6156.8096,0
Hybrid,BMRI.JK,1889,H3,6300.0,6159.356,0
Hybrid,BMRI.JK,1888,H1,6300.0,6206.426,1
Hybrid,BMRI.JK,1889,H2,6300.0,6207.205,1
Hybrid,BMRI.JK,1890,H3,6125.0,6217.6665,1
Hybrid,BMRI.JK,1889,H1,6300.0,6183.2373,0
Hybrid,BMRI.JK,1890,H2,6125.0,6194.921,1
Hybrid,BMRI.JK,1891,H3,6025.0,6193.6763,1
Hybrid,BMRI.JK,1890,H1,6125.0,6216.76,1
Hybrid,BMRI.JK,1891,H2,6025.0,6212.103,1
Hybrid,BMRI.JK,1892,H3,6075.0,6212.8184,1
Hybrid,BMRI.JK,1891,H1,6025.0,6091.9805,1
Hybrid,BMRI.JK,1892,H2,6075.0,6100.9863,1
Hybrid,BMRI.JK,1893,H3,5950.0,6104.5273,1
Hybrid,BMRI.JK,1892,H1,6075.0,6005.0254,0
Hybrid,BMRI.JK,1893,H2,5950.0,6019.3047,1
Hybrid,BMRI.JK,1894,H3,5825.0,6025.0713,0
Hybrid,BMRI.JK,1893,H1,5950.0,5983.717,1
Hybrid,BMRI.JK,1894,H2,5825.0,5995.076,1
Hybrid,BMRI.JK,1895,H3,5675.0,6007.3506,1
Hybrid,BMRI.JK,1894,H1,5825.0,5938.924,1
Hybrid,BMRI.JK,1895,H2,5675.0,5959.972,0
Hybrid,BMRI.JK,1896,H3,5675.0,5958.6846,0
Hybrid,BMRI.JK,1895,H1,5675.0,5861.981,0
Hybrid,BMRI.JK,1896,H2,5675.0,5872.553,0
Hybrid,BMRI.JK,1897,H3,5825.0,5873.0234,0
Hybrid,BMRI.JK,1896,H1,5675.0,5727.7734,0
Hybrid,BMRI.JK,1897,H2,5825.0,5739.301,1
Hybrid,BMRI.JK,1898,H3,5750.0,5741.563,1
Hybrid,BMRI.JK,1897,H1,5825.0,5723.797,1
Hybrid,BMRI.JK,1898,H2,5750.0,5731.0596,1
Hybrid,BMRI.JK,1899,H3,5800.0,5734.9697,1
Hybrid,BMRI.JK,1898,H1,5750.0,5789.131,1
Hybrid,BMRI.JK,1899,H2,5800.0,5792.979,1
Hybrid,BMRI.JK,1900,H3,5700.0,5795.598,1
Hybrid,BMRI.JK,1899,H1,5800.0,5732.1816,0
Hybrid,BMRI.JK,1900,H2,5700.0,5736.5195,1
Hybrid,BMRI.JK,1901,H3,5850.0,5731.947,0
Hybrid,BMRI.JK,1900,H1,5700.0,5754.432,1
Hybrid,BMRI.JK,1901,H2,5850.0,5755.734,0
Hybrid,BMRI.JK,1902,H3,5800.0,5755.666,0
Hybrid,BMRI.JK,1901,H1,5850.0,5682.324,0
Hybrid,BMRI.JK,1902,H2,5800.0,5690.937,0
Hybrid,BMRI.JK,1903,H3,5675.0,5692.557,1
Hybrid,BMRI.JK,1902,H1,5800.0,5763.5625,1
Hybrid,BMRI.JK,1903,H2,5675.0,5761.988,1
Hybrid,BMRI.JK,1904,H3,5600.0,5765.1924,1
Hybrid,BMRI.JK,1903,H1,5675.0,5740.5586,1
Hybrid,BMRI.JK,1904,H2,5600.0,5753.493,1
Hybrid,BMRI.JK,1905,H3,5750.0,5754.055,1
Hybrid,BMRI.JK,1904,H1,5600.0,5691.3335,0
Hybrid,BMRI.JK,1905,H2,5750.0,5704.412,1
Hybrid,BMRI.JK,1906,H3,5750.0,5708.1475,1
Hybrid,BMRI.JK,1905,H1,5750.0,5615.705,1
Hybrid,BMRI.JK,1906,H2,5750.0,5623.98,1
Hybrid,BMRI.JK,1907,H3,5600.0,5623.1763,0
Hybrid,BMRI.JK,1906,H1,5750.0,5700.3867,0
Hybrid,BMRI.JK,1907,H2,5600.0,5696.4478,1
Hybrid,BMRI.JK,1908,H3,5525.0,5695.7676,1
Hybrid,BMRI.JK,1907,H1,5600.0,5602.3633,1
Hybrid,BMRI.JK,1908,H2,5525.0,5609.156,1
Hybrid,BMRI.JK,1909,H3,5400.0,5613.285,1
Hybrid,BMRI.JK,1908,H1,5525.0,5498.193,1
Hybrid,BMRI.JK,1909,H2,5400.0,5517.5366,1
Hybrid,BMRI.JK,1910,H3,5750.0,5516.5664,0
Hybrid,BMRI.JK,1909,H1,5400.0,5504.541,1
Hybrid,BMRI.JK,1910,H2,5750.0,5505.047,0
Hybrid,BMRI.JK,1911,H3,5875.0,5510.543,0
Hybrid,BMRI.JK,1910,H1,5750.0,5411.1064,1
Hybrid,BMRI.JK,1911,H2,5875.0,5420.513,1
Hybrid,BMRI.JK,1912,H3,5875.0,5422.831,1
Hybrid,BMRI.JK,1911,H1,5875.0,5698.9463,0
Hybrid,BMRI.JK,1912,H2,5875.0,5683.6494,0
Hybrid,BMRI.JK,1913,H3,6000.0,5677.525,0
Hybrid,BMRI.JK,1912,H1,5875.0,5884.0415,0
Hybrid,BMRI.JK,1913,H2,6000.0,5867.9795,0
Hybrid,BMRI.JK,1914,H3,6050.0,5863.4707,0
Hybrid,BMRI.JK,1913,H1,6000.0,5812.869,0
Hybrid,BMRI.JK,1914,H2,6050.0,5816.551,0
Hybrid,BMRI.JK,1915,H3,6150.0,5816.213,0
Hybrid,BMRI.JK,1914,H1,6050.0,5962.0537,0
Hybrid,BMRI.JK,1915,H2,6150.0,5957.791,0
Hybrid,BMRI.JK,1916,H3,6175.0,5965.5957,0
Hybrid,BMRI.JK,1915,H1,6150.0,6023.213,0
Hybrid,BMRI.JK,1916,H2,6175.0,6026.8203,0
Hybrid,BMRI.JK,1917,H3,6125.0,6026.6514,0
Hybrid,BMRI.JK,1916,H1,6175.0,6119.669,0
Hybrid,BMRI.JK,1917,H2,6125.0,6110.575,1
Hybrid,BMRI.JK,1918,H3,6100.0,6115.51,1
Hybrid,BMRI.JK,1917,H1,6125.0,6135.144,1
Hybrid,BMRI.JK,1918,H2,6100.0,6137.343,1
Hybrid,BMRI.JK,1919,H3,6025.0,6092.1226,1
Hybrid,BMRI.JK,1918,H1,6100.0,6160.3096,0
Hybrid,BMRI.JK,1919,H2,6025.0,6121.1367,1
Hybrid,BMRI.JK,1920,H3,5800.0,6167.6333,0
Hybrid,BMRI.JK,1919,H1,6025.0,6068.5073,1
Hybrid,BMRI.JK,1920,H2,5800.0,6114.1357,0
Hybrid,BMRI.JK,1921,H3,5675.0,6116.94,0
Hybrid,BMRI.JK,1920,H1,5800.0,5895.952,1
Hybrid,BMRI.JK,1921,H2,5675.0,5920.894,1
Hybrid,BMRI.JK,1922,H3,5525.0,5922.2925,1
Hybrid,BMRI.JK,1921,H1,5675.0,5625.222,1
Hybrid,BMRI.JK,1922,H2,5525.0,5639.764,1
Hybrid,BMRI.JK,1923,H3,5100.0,5635.5693,1
Hybrid,BMRI.JK,1922,H1,5525.0,5526.8984,1
Hybrid,BMRI.JK,1923,H2,5100.0,5531.2656,1
Hybrid,BMRI.JK,1924,H3,5150.0,5532.21,1
Hybrid,BMRI.JK,1923,H1,5100.0,5344.291,1
Hybrid,BMRI.JK,1924,H2,5150.0,5351.2793,1
Hybrid,BMRI.JK,1925,H3,5000.0,5355.4414,1
Hybrid,BMRI.JK,1924,H1,5150.0,5046.6455,0
Hybrid,BMRI.JK,1925,H2,5000.0,5055.846,1
Hybrid,BMRI.JK,1926,H3,4880.0,5065.8066,1
Hybrid,BMRI.JK,1925,H1,5000.0,5015.5703,1
Hybrid,BMRI.JK,1926,H2,4880.0,5018.6406,1
Hybrid,BMRI.JK,1927,H3,4940.0,5021.8613,1
Hybrid,BMRI.JK,1926,H1,4880.0,4961.9766,1
Hybrid,BMRI.JK,1927,H2,4940.0,4976.982,1
Hybrid,BMRI.JK,1928,H3,5025.0,4990.3027,0
Hybrid,BMRI.JK,1927,H1,4940.0,4864.3345,0
Hybrid,BMRI.JK,1928,H2,5025.0,4875.846,0
Hybrid,BMRI.JK,1929,H3,5125.0,4880.5,1
Hybrid,BMRI.JK,1928,H1,5025.0,4983.3804,1
Hybrid,BMRI.JK,1929,H2,5125.0,4973.2065,1
Hybrid,BMRI.JK,1930,H3,5425.0,4974.537,1
Hybrid,BMRI.JK,1929,H1,5125.0,4990.9473,0
Hybrid,BMRI.JK,1930,H2,5425.0,4984.52,0
Hybrid,BMRI.JK,1931,H3,5450.0,4985.498,0
Hybrid,BMRI.JK,1930,H1,5425.0,5071.658,0
Hybrid,BMRI.JK,1931,H2,5450.0,5059.923,0
Hybrid,BMRI.JK,1932,H3,5175.0,5053.96,0
Hybrid,BMRI.JK,1931,H1,5450.0,5252.674,0
Hybrid,BMRI.JK,1932,H2,5175.0,5226.829,1
Hybrid,BMRI.JK,1933,H3,5150.0,5223.6094,1
Hybrid,BMRI.JK,1932,H1,5175.0,5215.2207,1
Hybrid,BMRI.JK,1933,H2,5150.0,5213.7046,1
Hybrid,BMRI.JK,1934,H3,5075.0,5209.7607,1
Hybrid,BMRI.JK,1933,H1,5150.0,5114.8477,1
Hybrid,BMRI.JK,1934,H2,5075.0,5113.138,1
Hybrid,BMRI.JK,1935,H3,5025.0,5114.1816,1
Hybrid,BMRI.JK,1934,H1,5075.0,5066.289,1
Hybrid,BMRI.JK,1935,H2,5025.0,5063.285,1
Hybrid,BMRI.JK,1936,H3,4870.0,5064.457,1
Hybrid,BMRI.JK,1935,H1,5025.0,5009.5557,1
Hybrid,BMRI.JK,1936,H2,4870.0,5006.442,1
Hybrid,BMRI.JK,1937,H3,4920.0,5002.386,1
Hybrid,BMRI.JK,1936,H1,4870.0,4929.5786,1
Hybrid,BMRI.JK,1937,H2,4920.0,4931.7104,1
Hybrid,BMRI.JK,1938,H3,4660.0,4940.717,1
Hybrid,BMRI.JK,1937,H1,4920.0,4812.6875,0
Hybrid,BMRI.JK,1938,H2,4660.0,4824.603,1
Hybrid,BMRI.JK,1939,H3,4600.0,4735.933,1
Hybrid,BMRI.JK,1938,H1,4660.0,4776.99,1
Hybrid,BMRI.JK,1939,H2,4600.0,4693.6475,1
Hybrid,BMRI.JK,1940,H3,4900.0,4819.259,1
Hybrid,BMRI.JK,1939,H1,4600.0,4557.2935,1
Hybrid,BMRI.JK,1940,H2,4900.0,4790.9883,1
Hybrid,BMRI.JK,1941,H3,4840.0,4798.1826,1
Hybrid,BMRI.JK,1940,H1,4900.0,4777.5825,1
Hybrid,BMRI.JK,1941,H2,4840.0,4778.281,1
Hybrid,BMRI.JK,1942,H3,4860.0,4776.0024,1
Hybrid,BMRI.JK,1941,H1,4840.0,4815.0806,1
Hybrid,BMRI.JK,1942,H2,4860.0,4796.7417,1
Hybrid,BMRI.JK,1943,H3,4870.0,4801.6367,1
Hybrid,BMRI.JK,1942,H1,4860.0,4749.92,0
Hybrid,BMRI.JK,1943,H2,4870.0,4757.3154,0
Hybrid,BMRI.JK,1944,H3,4840.0,4748.979,0
Hybrid,BMRI.JK,1943,H1,4870.0,4809.166,0
Hybrid,BMRI.JK,1944,H2,4840.0,4799.8594,1
Hybrid,BMRI.JK,1945,H3,4710.0,4798.1333,1
Hybrid,BMRI.JK,1944,H1,4840.0,4819.9614,1
Hybrid,BMRI.JK,1945,H2,4710.0,4821.685,1
Hybrid,BMRI.JK,1946,H3,4740.0,4815.7217,1
Hybrid,BMRI.JK,1945,H1,4710.0,4736.109,1
Hybrid,BMRI.JK,1946,H2,4740.0,4745.908,1
Hybrid,BMRI.JK,1947,H3,4880.0,4743.034,0
Hybrid,BMRI.JK,1946,H1,4740.0,4695.595,0
Hybrid,BMRI.JK,1947,H2,4880.0,4701.017,0
Hybrid,BMRI.JK,1948,H3,4740.0,4709.5864,0
Hybrid,BMRI.JK,1947,H1,4880.0,4693.3887,0
Hybrid,BMRI.JK,1948,H2,4740.0,4702.912,0
Hybrid,BMRI.JK,1949,H3,4740.0,4692.0566,0
Hybrid,BMRI.JK,1948,H1,4740.0,4765.3047,1
Hybrid,BMRI.JK,1949,H2,4740.0,4751.0723,1
Hybrid,BMRI.JK,1950,H3,4680.0,4744.73,1
Hybrid,BMRI.JK,1949,H1,4740.0,4631.303,0
Hybrid,BMRI.JK,1950,H2,4680.0,4645.2246,1
Hybrid,BMRI.JK,1951,H3,4530.0,4645.482,1
Hybrid,BMRI.JK,1950,H1,4680.0,4633.1055,1
Hybrid,BMRI.JK,1951,H2,4530.0,4632.1113,1
Hybrid,BMRI.JK,1952,H3,4680.0,4627.6963,1
Hybrid,BMRI.JK,1951,H1,4530.0,4532.8506,1
Hybrid,BMRI.JK,1952,H2,4680.0,4551.224,0
Hybrid,BMRI.JK,1953,H3,4620.0,4563.395,1
Hybrid,BMRI.JK,1952,H1,4680.0,4565.99,1
Hybrid,BMRI.JK,1953,H2,4620.0,4582.978,1
Hybrid,BMRI.JK,1954,H3,4410.0,4577.4775,0
Hybrid,BMRI.JK,1953,H1,4620.0,4640.4766,1
Hybrid,BMRI.JK,1954,H2,4410.0,4636.196,1
Hybrid,BMRI.JK,1955,H3,4460.0,4629.514,1
Hybrid,BMRI.JK,1954,H1,4410.0,4552.43,1
Hybrid,BMRI.JK,1955,H2,4460.0,4566.802,1
Hybrid,BMRI.JK,1956,H3,4740.0,4575.306,0
Hybrid,BMRI.JK,1955,H1,4460.0,4526.0024,1
Hybrid,BMRI.JK,1956,H2,4740.0,4545.0977,1
Hybrid,BMRI.JK,1957,H3,5150.0,4554.8027,1
Hybrid,BMRI.JK,1956,H1,4740.0,4592.086,1
Hybrid,BMRI.JK,1957,H2,5150.0,4597.0303,1
Hybrid,BMRI.JK,1958,H3,5200.0,4601.848,1
Hybrid,BMRI.JK,1957,H1,5150.0,4746.742,1
Hybrid,BMRI.JK,1958,H2,5200.0,4735.0425,0
Hybrid,BMRI.JK,1959,H3,4670.0,4720.3945,1
Hybrid,BMRI.JK,1958,H1,5200.0,4983.364,0
Hybrid,BMRI.JK,1959,H2,4670.0,4945.4834,1
Hybrid,BMRI.JK,1960,H3,4710.0,4939.057,1
Hybrid,BMRI.JK,1959,H1,4670.0,4993.972,1
Hybrid,BMRI.JK,1960,H2,4710.0,4971.7183,1
Hybrid,BMRI.JK,1961,H3,5025.0,4972.8623,1
Hybrid,BMRI.JK,1960,H1,4710.0,4669.6587,0
Hybrid,BMRI.JK,1961,H2,5025.0,4686.2275,1
Hybrid,BMRI.JK,1962,H3,5100.0,4686.9414,1
Hybrid,BMRI.JK,1961,H1,5025.0,4683.0605,0
Hybrid,BMRI.JK,1962,H2,5100.0,4685.984,0
Hybrid,BMRI.JK,1963,H3,4750.0,4687.0747,0
Hybrid,BMRI.JK,1962,H1,5100.0,4942.1475,0
Hybrid,BMRI.JK,1963,H2,4750.0,4924.4663,1
Hybrid,BMRI.JK,1964,H3,4710.0,4918.489,1
Hybrid,BMRI.JK,1963,H1,4750.0,4902.952,1
Hybrid,BMRI.JK,1964,H2,4710.0,4907.151,1
Hybrid,BMRI.JK,1965,H3,4630.0,4904.552,1
Hybrid,BMRI.JK,1964,H1,4710.0,4699.3916,1
Hybrid,BMRI.JK,1965,H2,4630.0,4707.0537,1
Hybrid,BMRI.JK,1966,H3,4600.0,4717.9116,1
Hybrid,BMRI.JK,1965,H1,4630.0,4735.195,0
Hybrid,BMRI.JK,1966,H2,4600.0,4741.1353,0
Hybrid,BMRI.JK,1967,H3,4610.0,4728.265,0
Hybrid,BMRI.JK,1966,H1,4600.0,4709.7153,0
Hybrid,BMRI.JK,1967,H2,4610.0,4696.9014,0
Hybrid,BMRI.JK,1968,H3,4720.0,4698.209,1
Hybrid,BMRI.JK,1967,H1,4610.0,4658.689,1
Hybrid,BMRI.JK,1968,H2,4720.0,4663.826,1
Hybrid,BMRI.JK,1969,H3,4900.0,4666.401,1
Hybrid,BMRI.JK,1968,H1,4720.0,4694.1523,1
Hybrid,BMRI.JK,1969,H2,4900.0,4694.846,1
Hybrid,BMRI.JK,1970,H3,4890.0,4700.5493,1
Hybrid,BMRI.JK,1969,H1,4900.0,4836.3857,1
Hybrid,BMRI.JK,1970,H2,4890.0,4834.924,1
Hybrid,BMRI.JK,1971,H3,4900.0,4825.68,1
Hybrid,BMRI.JK,1970,H1,4890.0,4914.0884,0
Hybrid,BMRI.JK,1971,H2,4900.0,4901.884,1
Hybrid,BMRI.JK,1972,H3,4920.0,4895.545,0
Hybrid,BMRI.JK,1971,H1,4900.0,4863.4287,0
Hybrid,BMRI.JK,1972,H2,4920.0,4873.447,0
Hybrid,BMRI.JK,1973,H3,4940.0,4876.334,0
Hybrid,BMRI.JK,1972,H1,4920.0,4973.779,1
Hybrid,BMRI.JK,1973,H2,4940.0,4973.7285,1
Hybrid,BMRI.JK,1974,H3,4890.0,4957.126,0
Hybrid,BMRI.JK,1973,H1,4940.0,4976.6704,1
Hybrid,BMRI.JK,1974,H2,4890.0,4960.06,0
Hybrid,BMRI.JK,1975,H3,4960.0,5027.891,1
Hybrid,BMRI.JK,1974,H1,4890.0,4941.632,0
Hybrid,BMRI.JK,1975,H2,4960.0,5006.4863,1
Hybrid,BMRI.JK,1976,H3,4980.0,4999.493,1
Hybrid,BMRI.JK,1975,H1,4960.0,4941.6895,1
Hybrid,BMRI.JK,1976,H2,4980.0,4925.725,1
Hybrid,BMRI.JK,1977,H3,4980.0,4914.6597,1
Hybrid,BMRI.JK,1976,H1,4980.0,4959.4697,0
Hybrid,BMRI.JK,1977,H2,4980.0,4945.2046,0
Hybrid,BMRI.JK,1978,H3,4950.0,4931.1855,1
Hybrid,BMRI.JK,1977,H1,4980.0,5018.651,0
Hybrid,BMRI.JK,1978,H2,4950.0,5006.2773,0
Hybrid,BMRI.JK,1979,H3,4790.0,5001.9756,0
Hybrid,BMRI.JK,1978,H1,4950.0,5038.33,0
Hybrid,BMRI.JK,1979,H2,4790.0,5033.544,0
Hybrid,BMRI.JK,1980,H3,4770.0,5021.8745,0
Hybrid,BMRI.JK,1979,H1,4790.0,5052.4146,0
Hybrid,BMRI.JK,1980,H2,4770.0,5045.182,0
Hybrid,BMRI.JK,1981,H3,5050.0,5034.05,1
Hybrid,BMRI.JK,1980,H1,4770.0,4854.203,0
Hybrid,BMRI.JK,1981,H2,5050.0,4870.4062,1
Hybrid,BMRI.JK,1982,H3,5325.0,4879.582,1
Hybrid,BMRI.JK,1981,H1,5050.0,4911.6006,1
Hybrid,BMRI.JK,1982,H2,5325.0,4921.0513,1
Hybrid,BMRI.JK,1983,H3,5475.0,4914.3257,1
Hybrid,BMRI.JK,1982,H1,5325.0,5164.7866,1
Hybrid,BMRI.JK,1983,H2,5475.0,5141.062,1
Hybrid,BMRI.JK,1984,H3,5525.0,5128.1875,1
Hybrid,BMRI.JK,1983,H1,5475.0,5333.285,1
Hybrid,BMRI.JK,1984,H2,5525.0,5307.111,0
Hybrid,BMRI.JK,1985,H3,5400.0,5297.8604,0
Hybrid,BMRI.JK,1984,H1,5525.0,5392.254,0
Hybrid,BMRI.JK,1985,H2,5400.0,5376.8623,1
Hybrid,BMRI.JK,1986,H3,5450.0,5364.761,1
Hybrid,BMRI.JK,1985,H1,5400.0,5443.6533,1
Hybrid,BMRI.JK,1986,H2,5450.0,5425.9873,1
Hybrid,BMRI.JK,1987,H3,5450.0,5421.573,1
Hybrid,BMRI.JK,1986,H1,5450.0,5391.9155,0
Hybrid,BMRI.JK,1987,H2,5450.0,5385.6514,0
Hybrid,BMRI.JK,1988,H3,5425.0,5380.0283,0
Hybrid,BMRI.JK,1987,H1,5450.0,5436.6045,0
Hybrid,BMRI.JK,1988,H2,5425.0,5424.5356,1
Hybrid,BMRI.JK,1989,H3,5475.0,5421.41,0
Hybrid,BMRI.JK,1988,H1,5425.0,5404.4854,1
Hybrid,BMRI.JK,1989,H2,5475.0,5400.1587,0
Hybrid,BMRI.JK,1990,H3,5400.0,5400.658,1
Hybrid,BMRI.JK,1989,H1,5475.0,5372.661,0
Hybrid,BMRI.JK,1990,H2,5400.0,5368.1113,1
Hybrid,BMRI.JK,1991,H3,5300.0,5362.8086,1
Hybrid,BMRI.JK,1990,H1,5400.0,5358.5527,1
Hybrid,BMRI.JK,1991,H2,5300.0,5348.0547,1
Hybrid,BMRI.JK,1992,H3,5075.0,5362.4824,1
Hybrid,BMRI.JK,1991,H1,5300.0,5333.4395,1
Hybrid,BMRI.JK,1992,H2,5075.0,5344.0674,1
Hybrid,BMRI.JK,1993,H3,5050.0,5344.2734,1
Hybrid,BMRI.JK,1992,H1,5075.0,5186.531,1
Hybrid,BMRI.JK,1993,H2,5050.0,5202.8394,1
Hybrid,BMRI.JK,1994,H3,5025.0,5202.0654,1
Hybrid,BMRI.JK,1993,H1,5050.0,5076.0747,0
Hybrid,BMRI.JK,1994,H2,5025.0,5080.9497,0
Hybrid,BMRI.JK,1995,H3,5075.0,5090.9443,0
Hybrid,BMRI.JK,1994,H1,5025.0,5043.737,1
Hybrid,BMRI.JK,1995,H2,5075.0,5051.4834,1
Hybrid,BMRI.JK,1996,H3,5250.0,5045.544,0
Hybrid,BMRI.JK,1995,H1,5075.0,5033.454,1
Hybrid,BMRI.JK,1996,H2,5250.0,5025.9126,1
Hybrid,BMRI.JK,1997,H3,5200.0,5022.3584,0
Hybrid,BMRI.JK,1996,H1,5250.0,5043.301,0
Hybrid,BMRI.JK,1997,H2,5200.0,5033.687,0
Hybrid,BMRI.JK,1998,H3,5175.0,5040.0254,0
Hybrid,BMRI.JK,1997,H1,5200.0,5151.258,1
Hybrid,BMRI.JK,1998,H2,5175.0,5143.6074,1
Hybrid,BMRI.JK,1999,H3,5150.0,5131.1333,1
Hybrid,BMRI.JK,1998,H1,5175.0,5075.557,1
Hybrid,BMRI.JK,1999,H2,5150.0,5062.595,1
Hybrid,BMRI.JK,2000,H3,5150.0,5063.0527,1
Hybrid,BMRI.JK,1999,H1,5150.0,5102.579,1
Hybrid,BMRI.JK,2000,H2,5150.0,5099.3145,1
Hybrid,BMRI.JK,2001,H3,5100.0,5094.961,1
Hybrid,BMRI.JK,2000,H1,5150.0,5092.6104,0
Hybrid,BMRI.JK,2001,H2,5100.0,5094.497,1
Hybrid,BMRI.JK,2002,H3,5075.0,5089.5923,1
Hybrid,BMRI.JK,2001,H1,5100.0,5097.996,1
Hybrid,BMRI.JK,2002,H2,5075.0,5092.877,1
Hybrid,BMRI.JK,2003,H3,4970.0,5101.458,1
Hybrid,BMRI.JK,2002,H1,5075.0,5064.2466,1
Hybrid,BMRI.JK,2003,H2,4970.0,5077.361,1
Hybrid,BMRI.JK,2004,H3,4930.0,5072.895,1
Hybrid,BMRI.JK,2003,H1,4970.0,5074.588,1
Hybrid,BMRI.JK,2004,H2,4930.0,5071.0435,1
Hybrid,BMRI.JK,2005,H3,4920.0,5074.3604,1
Hybrid,BMRI.JK,2004,H1,4930.0,4982.4004,0
Hybrid,BMRI.JK,2005,H2,4920.0,4994.9824,0
Hybrid,BMRI.JK,2006,H3,5025.0,4995.1255,1
Hybrid,BMRI.JK,2005,H1,4920.0,4928.7964,1
Hybrid,BMRI.JK,2006,H2,5025.0,4948.3555,1
Hybrid,BMRI.JK,2007,H3,4880.0,4945.8325,0
Hybrid,BMRI.JK,2006,H1,5025.0,4939.9365,1
Hybrid,BMRI.JK,2007,H2,4880.0,4942.9277,0
Hybrid,BMRI.JK,2008,H3,5025.0,4946.081,1
Hybrid,BMRI.JK,2007,H1,4880.0,4922.254,1
Hybrid,BMRI.JK,2008,H2,5025.0,4939.202,0
Hybrid,BMRI.JK,2009,H3,4880.0,4901.417,1
Hybrid,BMRI.JK,2008,H1,5025.0,4942.886,1
Hybrid,BMRI.JK,2009,H2,4880.0,4900.265,0
Hybrid,BMRI.JK,2010,H3,4750.0,4901.038,0
Hybrid,BMRI.JK,2009,H1,4880.0,4967.9004,1
Hybrid,BMRI.JK,2010,H2,4750.0,4975.956,1
Hybrid,BMRI.JK,2011,H3,4770.0,4967.9385,1
Hybrid,BMRI.JK,2010,H1,4750.0,4767.801,1
Hybrid,BMRI.JK,2011,H2,4770.0,4793.419,1
Hybrid,BMRI.JK,2012,H3,4740.0,4804.6006,1
Hybrid,BMRI.JK,2011,H1,4770.0,4672.5605,0
Hybrid,BMRI.JK,2012,H2,4740.0,4709.8335,1
Hybrid,BMRI.JK,2013,H3,4740.0,4715.802,1
Hybrid,BMRI.JK,2012,H1,4740.0,4759.316,1
Hybrid,BMRI.JK,2013,H2,4740.0,4755.9336,1
Hybrid,BMRI.JK,2014,H3,4740.0,4749.037,1
Hybrid,BMRI.JK,2013,H1,4740.0,4712.6074,0
Hybrid,BMRI.JK,2014,H2,4740.0,4717.7544,0
Hybrid,BMRI.JK,2015,H3,4720.0,4720.366,1
Hybrid,BMRI.JK,2014,H1,4740.0,4732.9746,0
Hybrid,BMRI.JK,2015,H2,4720.0,4740.284,0
Hybrid,BMRI.JK,2016,H3,4710.0,4740.164,0
Hybrid,BMRI.JK,2015,H1,4720.0,4726.262,1
Hybrid,BMRI.JK,2016,H2,4710.0,4728.7397,1
Hybrid,BMRI.JK,2017,H3,4820.0,4733.2046,0
Hybrid,BMRI.JK,2016,H1,4710.0,4691.0835,1
Hybrid,BMRI.JK,2017,H2,4820.0,4702.6675,0
Hybrid,BMRI.JK,2018,H3,4970.0,4695.0938,0
Hybrid,BMRI.JK,2017,H1,4820.0,4696.5527,0
Hybrid,BMRI.JK,2018,H2,4970.0,4688.0015,0
Hybrid,BMRI.JK,2019,H3,4690.0,4678.5063,1
Hybrid,BMRI.JK,2018,H1,4970.0,4870.0693,1
Hybrid,BMRI.JK,2019,H2,4690.0,4848.6133,0
Hybrid,BMRI.JK,2020,H3,4700.0,4835.974,0
Hybrid,BMRI.JK,2019,H1,4690.0,4918.322,1
Hybrid,BMRI.JK,2020,H2,4700.0,4899.2393,1
Hybrid,BMRI.JK,2021,H3,4690.0,4885.7993,1
Hybrid,BMRI.JK,2020,H1,4700.0,4647.9146,0
Hybrid,BMRI.JK,2021,H2,4690.0,4674.588,0
Hybrid,BMRI.JK,2022,H3,4720.0,4682.8345,0
Hybrid,BMRI.JK,2021,H1,4690.0,4677.2144,1
Hybrid,BMRI.JK,2022,H2,4720.0,4694.308,0
Hybrid,BMRI.JK,2023,H3,4740.0,4693.971,0
Hybrid,BMRI.JK,2022,H1,4720.0,4731.1846,1
Hybrid,BMRI.JK,2023,H2,4740.0,4726.8247,1
Hybrid,BMRI.JK,2024,H3,4680.0,4717.4126,0
Hybrid,BMRI.JK,2023,H1,4740.0,4737.3374,1
Hybrid,BMRI.JK,2024,H2,4680.0,4736.741,0
Hybrid,BMRI.JK,2025,H3,4660.0,4736.34,0
Hybrid,BMRI.JK,2024,H1,4680.0,4745.5117,0
Hybrid,BMRI.JK,2025,H2,4660.0,4738.1387,1
Hybrid,BMRI.JK,2026,H3,4680.0,4732.426,1
Hybrid,BMRI.JK,2025,H1,4660.0,4596.2637,1
Hybrid,BMRI.JK,2026,H2,4680.0,4616.7197,0
Hybrid,BMRI.JK,2027,H3,4800.0,4626.6567,0
Hybrid,BMRI.JK,2026,H1,4680.0,4676.8545,1
Hybrid,BMRI.JK,2027,H2,4800.0,4688.444,1
Hybrid,BMRI.JK,2028,H3,4690.0,4681.5957,1
Hybrid,BMRI.JK,2027,H1,4800.0,4676.896,0
Hybrid,BMRI.JK,2028,H2,4690.0,4673.7485,0
Hybrid,BMRI.JK,2029,H3,4700.0,4665.5557,0
Hybrid,BMRI.JK,2028,H1,4690.0,4742.293,1
Hybrid,BMRI.JK,2029,H2,4700.0,4728.042,1
Hybrid,BMRI.JK,2030,H3,4710.0,4720.969,1
Hybrid,BMRI.JK,2029,H1,4700.0,4695.6807,1
Hybrid,BMRI.JK,2030,H2,4710.0,4699.3237,1
Hybrid,BMRI.JK,2031,H3,4620.0,4695.4277,0
Hybrid,BMRI.JK,2030,H1,4710.0,4702.163,1
Hybrid,BMRI.JK,2031,H2,4620.0,4700.984,0
Hybrid,BMRI.JK,2032,H3,4510.0,4626.316,1
Hybrid,BMRI.JK,2031,H1,4620.0,4701.064,1
Hybrid,BMRI.JK,2032,H2,4510.0,4626.168,1
Hybrid,BMRI.JK,2033,H3,4530.0,4691.128,1
Hybrid,BMRI.JK,2032,H1,4510.0,4468.437,1
Hybrid,BMRI.JK,2033,H2,4530.0,4541.1914,1
Hybrid,BMRI.JK,2034,H3,4620.0,4546.337,0
Hybrid,BMRI.JK,2033,H1,4530.0,4459.5537,0
Hybrid,BMRI.JK,2034,H2,4620.0,4474.376,0
Hybrid,BMRI.JK,2035,H3,4750.0,4481.6313,0
Hybrid,BMRI.JK,2034,H1,4620.0,4649.301,1
Hybrid,BMRI.JK,2035,H2,4750.0,4645.6094,1
Hybrid,BMRI.JK,2036,H3,4700.0,4643.708,1
Hybrid,BMRI.JK,2035,H1,4750.0,4712.2686,1
Hybrid,BMRI.JK,2036,H2,4700.0,4698.673,1
Hybrid,BMRI.JK,2037,H3,4680.0,4700.486,1
Hybrid,BMRI.JK,2036,H1,4700.0,4761.347,0
Hybrid,BMRI.JK,2037,H2,4680.0,4753.9414,0
Hybrid,BMRI.JK,2038,H3,4670.0,4739.5312,1
Hybrid,BMRI.JK,2037,H1,4680.0,4719.154,0
Hybrid,BMRI.JK,2038,H2,4670.0,4707.0674,0
Hybrid,BMRI.JK,2039,H3,4720.0,4698.8516,0
Hybrid,BMRI.JK,2038,H1,4670.0,4671.254,1
Hybrid,BMRI.JK,2039,H2,4720.0,4676.804,0
Hybrid,BMRI.JK,2040,H3,4910.0,4674.4487,0
Hybrid,BMRI.JK,2039,H1,4720.0,4700.0654,1
Hybrid,BMRI.JK,2040,H2,4910.0,4698.77,1
Hybrid,BMRI.JK,2041,H3,4870.0,4694.681,1
Hybrid,BMRI.JK,2040,H1,4910.0,4695.3706,0
Hybrid,BMRI.JK,2041,H2,4870.0,4693.283,0
Hybrid,BMRI.JK,2042,H3,4850.0,4697.216,0
Hybrid,BMRI.JK,2041,H1,4870.0,4760.253,1
Hybrid,BMRI.JK,2042,H2,4850.0,4778.698,1
Hybrid,BMRI.JK,2043,H3,4850.0,4768.8687,1
Hybrid,BMRI.JK,2042,H1,4850.0,4739.332,1
Hybrid,BMRI.JK,2043,H2,4850.0,4753.356,1
Hybrid,BMRI.JK,2044,H3,4800.0,4753.806,1
Hybrid,BMRI.JK,2043,H1,4850.0,4816.87,0
Hybrid,BMRI.JK,2044,H2,4800.0,4821.8193,1
Hybrid,BMRI.JK,2045,H3,4950.0,4821.384,0
Hybrid,BMRI.JK,2044,H1,4800.0,4811.9937,1
Hybrid,BMRI.JK,2045,H2,4950.0,4809.371,0
Hybrid,BMRI.JK,2046,H3,4900.0,4814.8955,0
Hybrid,BMRI.JK,2045,H1,4950.0,4780.7744,0
Hybrid,BMRI.JK,2046,H2,4900.0,4788.5884,0
Hybrid,BMRI.JK,2047,H3,4890.0,4776.545,0
Hybrid,BMRI.JK,2046,H1,4900.0,4914.88,1
Hybrid,BMRI.JK,2047,H2,4890.0,4890.5225,1
Hybrid,BMRI.JK,2048,H3,4950.0,4877.6665,0
Hybrid,BMRI.JK,2047,H1,4890.0,4837.795,1
Hybrid,BMRI.JK,2048,H2,4950.0,4833.517,0
Hybrid,BMRI.JK,2049,H3,4900.0,4823.759,0
Hybrid,BMRI.JK,2048,H1,4950.0,4892.6523,1
Hybrid,BMRI.JK,2049,H2,4900.0,4884.8394,0
Hybrid,BMRI.JK,2050,H3,4800.0,4874.3125,1
Hybrid,BMRI.JK,2049,H1,4900.0,4886.738,1
Hybrid,BMRI.JK,2050,H2,4800.0,4883.783,1
Hybrid,BMRI.JK,2051,H3,4770.0,4888.2295,1
Hybrid,BMRI.JK,2050,H1,4800.0,4854.8423,1
Hybrid,BMRI.JK,2051,H2,4770.0,4867.136,1
Hybrid,BMRI.JK,2052,H3,4730.0,4854.4316,1
Hybrid,BMRI.JK,2051,H1,4770.0,4745.7827,1
Hybrid,BMRI.JK,2052,H2,4730.0,4747.699,1
Hybrid,BMRI.JK,2053,H3,4600.0,4735.346,1
Hybrid,BMRI.JK,2052,H1,4730.0,4733.574,1
Hybrid,BMRI.JK,2053,H2,4600.0,4723.9316,1
Hybrid,BMRI.JK,2054,H3,4570.0,4715.075,1
Hybrid,BMRI.JK,2053,H1,4600.0,4671.9883,1
Hybrid,BMRI.JK,2054,H2,4570.0,4665.886,1
Hybrid,BMRI.JK,2055,H3,4620.0,4658.28,1
Hybrid,BMRI.JK,2054,H1,4570.0,4496.7646,1
Hybrid,BMRI.JK,2055,H2,4620.0,4517.9297,0
Hybrid,BMRI.JK,2056,H3,4680.0,4526.0537,0
Hybrid,BMRI.JK,2055,H1,4620.0,4549.142,0
Hybrid,BMRI.JK,2056,H2,4680.0,4564.102,0
Hybrid,BMRI.JK,2057,H3,4490.0,4550.249,1
Hybrid,BMRI.JK,2056,H1,4680.0,4591.1797,0
Hybrid,BMRI.JK,2057,H2,4490.0,4579.5537,1
Hybrid,BMRI.JK,2058,H3,4310.0,4578.1978,1
Hybrid,BMRI.JK,2057,H1,4490.0,4566.3496,1
Hybrid,BMRI.JK,2058,H2,4310.0,4576.481,1
Hybrid,BMRI.JK,2059,H3,4400.0,4578.6855,1
Hybrid,BMRI.JK,2058,H1,4310.0,4447.3867,1
Hybrid,BMRI.JK,2059,H2,4400.0,4485.473,1
Hybrid,BMRI.JK,2060,H3,4480.0,4498.374,0
Hybrid,BMRI.JK,2059,H1,4400.0,4340.587,1
Hybrid,BMRI.JK,2060,H2,4480.0,4378.7666,1
Hybrid,BMRI.JK,2061,H3,4520.0,4388.95,1
Hybrid,BMRI.JK,2060,H1,4480.0,4482.25,1
Hybrid,BMRI.JK,2061,H2,4520.0,4485.2554,1
Hybrid,BMRI.JK,2062,H3,4530.0,4476.8286,1
Hybrid,BMRI.JK,2061,H1,4520.0,4446.552,0
Hybrid,BMRI.JK,2062,H2,4530.0,4446.3647,0
Hybrid,BMRI.JK,2063,H3,4480.0,4452.4893,0
Hybrid,BMRI.JK,2062,H1,4530.0,4428.01,0
Hybrid,BMRI.JK,2063,H2,4480.0,4445.2305,1
Hybrid,BMRI.JK,2064,H3,4510.0,4457.1206,1
Hybrid,BMRI.JK,2063,H1,4480.0,4385.2095,1
Hybrid,BMRI.JK,2064,H2,4510.0,4420.246,1
Hybrid,BMRI.JK,2065,H3,4420.0,4433.3975,1
Hybrid,BMRI.JK,2064,H1,4510.0,4509.7964,1
Hybrid,BMRI.JK,2065,H2,4420.0,4519.6973,0
Hybrid,BMRI.JK,2066,H3,4380.0,4516.2646,0
Hybrid,BMRI.JK,2065,H1,4420.0,4442.269,1
Hybrid,BMRI.JK,2066,H2,4380.0,4441.1,1
Hybrid,BMRI.JK,2067,H3,4420.0,4432.952,1
Hybrid,BMRI.JK,2066,H1,4380.0,4373.4746,1
Hybrid,BMRI.JK,2067,H2,4420.0,4367.876,0
Hybrid,BMRI.JK,2068,H3,4410.0,4368.9263,1
Hybrid,BMRI.JK,2067,H1,4420.0,4336.962,0
Hybrid,BMRI.JK,2068,H2,4410.0,4332.1416,0
Hybrid,BMRI.JK,2069,H3,4390.0,4334.589,0
Hybrid,BMRI.JK,2068,H1,4410.0,4344.9595,1
Hybrid,BMRI.JK,2069,H2,4390.0,4343.04,1
Hybrid,BMRI.JK,2070,H3,4360.0,4343.2163,1
Hybrid,BMRI.JK,2069,H1,4390.0,4350.305,1
Hybrid,BMRI.JK,2070,H2,4360.0,4347.675,1
Hybrid,BMRI.JK,2071,H3,4420.0,4339.0586,0
Hybrid,BMRI.JK,2070,H1,4360.0,4281.7925,1
Hybrid,BMRI.JK,2071,H2,4420.0,4281.76,0
Hybrid,BMRI.JK,2072,H3,4400.0,4274.983,0
Hybrid,BMRI.JK,2071,H1,4420.0,4309.746,0
Hybrid,BMRI.JK,2072,H2,4400.0,4301.84,0
Hybrid,BMRI.JK,2073,H3,4400.0,4275.8623,0
Hybrid,BMRI.JK,2072,H1,4400.0,4354.868,1
Hybrid,BMRI.JK,2073,H2,4400.0,4312.7812,1
Hybrid,BMRI.JK,2074,H3,4380.0,4320.383,1
Hybrid,BMRI.JK,2073,H1,4400.0,4329.2104,0
Hybrid,BMRI.JK,2074,H2,4380.0,4329.6807,1
Hybrid,BMRI.JK,2075,H3,4360.0,4344.1587,1
Hybrid,BMRI.JK,2074,H1,4380.0,4363.5347,1
Hybrid,BMRI.JK,2075,H2,4360.0,4367.901,1
Hybrid,BMRI.JK,2076,H3,4310.0,4361.793,1
Hybrid,BMRI.JK,2075,H1,4360.0,4364.6562,1
Hybrid,BMRI.JK,2076,H2,4310.0,4363.0024,1
Hybrid,BMRI.JK,2077,H3,4260.0,4359.558,1
Hybrid,BMRI.JK,2076,H1,4310.0,4348.2046,1
Hybrid,BMRI.JK,2077,H2,4260.0,4351.757,1
Hybrid,BMRI.JK,2078,H3,4290.0,4354.768,1
Hybrid,BMRI.JK,2077,H1,4260.0,4234.265,1
Hybrid,BMRI.JK,2078,H2,4290.0,4261.049,1
Hybrid,BMRI.JK,2079,H3,4250.0,4278.9326,1
Hybrid,BMRI.JK,2078,H1,4290.0,4236.873,0
Hybrid,BMRI.JK,2079,H2,4250.0,4267.7144,0
Hybrid,BMRI.JK,2080,H3,4390.0,4281.716,1
Hybrid,BMRI.JK,2079,H1,4250.0,4310.132,0
Hybrid,BMRI.JK,2080,H2,4390.0,4333.4863,1
Hybrid,BMRI.JK,2081,H3,4250.0,4338.156,0
Hybrid,BMRI.JK,2080,H1,4390.0,4283.6147,1
Hybrid,BMRI.JK,2081,H2,4250.0,4286.607,0
Hybrid,BMRI.JK,2082,H3,4230.0,4286.1714,0
Hybrid,BMRI.JK,2081,H1,4250.0,4331.0376,1
Hybrid,BMRI.JK,2082,H2,4230.0,4329.6562,1
Hybrid,BMRI.JK,2083,H3,4090.0,4337.0293,1
Hybrid,BMRI.JK,2082,H1,4230.0,4252.3027,0
Hybrid,BMRI.JK,2083,H2,4090.0,4276.7104,0
Hybrid,BMRI.JK,2084,H3,4050.0,4295.964,0
Hybrid,BMRI.JK,2083,H1,4090.0,4270.0376,0
Hybrid,BMRI.JK,2084,H2,4050.0,4285.8555,0
Hybrid,BMRI.JK,2085,H3,4090.0,4299.5835,0
Hybrid,BMRI.JK,2084,H1,4050.0,4057.217,1
Hybrid,BMRI.JK,2085,H2,4090.0,4092.1821,1
Hybrid,BMRI.JK,2086,H3,4050.0,4106.6685,0
Hybrid,BMRI.JK,2085,H1,4090.0,4038.668,0
Hybrid,BMRI.JK,2086,H2,4050.0,4074.3516,0
Hybrid,BMRI.JK,2087,H3,4300.0,4083.5168,1
Hybrid,BMRI.JK,2086,H1,4050.0,4137.6157,0
Hybrid,BMRI.JK,2087,H2,4300.0,4145.647,1
Hybrid,BMRI.JK,2088,H3,4350.0,4165.6357,1
Hybrid,BMRI.JK,2087,H1,4300.0,4083.1643,1
Hybrid,BMRI.JK,2088,H2,4350.0,4117.093,1
Hybrid,BMRI.JK,2089,H3,4330.0,4146.849,1
Hybrid,BMRI.JK,2088,H1,4350.0,4262.2686,0
Hybrid,BMRI.JK,2089,H2,4330.0,4318.7593,1
Hybrid,BMRI.JK,2090,H3,4430.0,4338.045,1
Hybrid,BMRI.JK,2089,H1,4330.0,4311.1396,1
Hybrid,BMRI.JK,2090,H2,4430.0,4365.068,1
Hybrid,BMRI.JK,2091,H3,4550.0,4387.6777,1
Hybrid,BMRI.JK,2090,H1,4430.0,4379.714,1
Hybrid,BMRI.JK,2091,H2,4550.0,4402.731,1
Hybrid,BMRI.JK,2092,H3,4470.0,4408.0483,1
Hybrid,BMRI.JK,2091,H1,4550.0,4384.4106,0
Hybrid,BMRI.JK,2092,H2,4470.0,4405.276,0
Hybrid,BMRI.JK,2093,H3,4510.0,4427.6567,0
Hybrid,BMRI.JK,2092,H1,4470.0,4440.9253,1
Hybrid,BMRI.JK,2093,H2,4510.0,4483.453,1
Hybrid,BMRI.JK,2094,H3,4650.0,4505.4097,0
Hybrid,BMRI.JK,2093,H1,4510.0,4532.7603,1
Hybrid,BMRI.JK,2094,H2,4650.0,4561.9307,1
Hybrid,BMRI.JK,2095,H3,4800.0,4574.692,1
Hybrid,BMRI.JK,2094,H1,4650.0,4636.395,1
Hybrid,BMRI.JK,2095,H2,4800.0,4640.327,1
Hybrid,BMRI.JK,2096,H3,4720.0,4603.4014,1
Hybrid,BMRI.JK,2095,H1,4800.0,4673.1675,1
Hybrid,BMRI.JK,2096,H2,4720.0,4610.524,0
Hybrid,BMRI.JK,2097,H3,4760.0,4683.1016,1
Hybrid,BMRI.JK,2096,H1,4720.0,4749.843,1
Hybrid,BMRI.JK,2097,H2,4760.0,4812.6113,0
Hybrid,BMRI.JK,2098,H3,4730.0,4807.03,0
Hybrid,BMRI.JK,2097,H1,4760.0,4748.0156,1
Hybrid,BMRI.JK,2098,H2,4730.0,4735.7524,1
Hybrid,BMRI.JK,2099,H3,4770.0,4728.1504,1
Hybrid,BMRI.JK,2098,H1,4730.0,4724.89,1
Hybrid,BMRI.JK,2099,H2,4770.0,4723.3525,0
Hybrid,BMRI.JK,2100,H3,4750.0,4725.4463,1
Hybrid,BMRI.JK,2099,H1,4770.0,4745.943,1
Hybrid,BMRI.JK,2100,H2,4750.0,4747.051,1
Hybrid,BMRI.JK,2101,H3,4750.0,4733.3125,1
Hybrid,BMRI.JK,2100,H1,4750.0,4756.987,1
Hybrid,BMRI.JK,2101,H2,4750.0,4745.012,1
Hybrid,BMRI.JK,2102,H3,4730.0,4732.4614,1
Hybrid,BMRI.JK,2101,H1,4750.0,4743.5425,0
Hybrid,BMRI.JK,2102,H2,4730.0,4739.119,1
Hybrid,BMRI.JK,2103,H3,4680.0,4731.068,1
Hybrid,BMRI.JK,2102,H1,4730.0,4754.71,0
Hybrid,BMRI.JK,2103,H2,4680.0,4754.302,0
Hybrid,BMRI.JK,2104,H3,4760.0,4748.577,0
Hybrid,BMRI.JK,2103,H1,4680.0,4732.6733,0
Hybrid,BMRI.JK,2104,H2,4760.0,4737.995,1
Hybrid,BMRI.JK,2105,H3,4700.0,4742.914,0
Hybrid,BMRI.JK,2104,H1,4760.0,4708.506,1
Hybrid,BMRI.JK,2105,H2,4700.0,4722.5913,1
Hybrid,BMRI.JK,2106,H3,4750.0,4713.023,1
Hybrid,BMRI.JK,2105,H1,4700.0,4769.501,0
Hybrid,BMRI.JK,2106,H2,4750.0,4756.953,1
Hybrid,BMRI.JK,2107,H3,4820.0,4745.197,0
Hybrid,BMRI.JK,2106,H1,4750.0,4718.389,1
Hybrid,BMRI.JK,2107,H2,4820.0,4712.8267,1
Hybrid,BMRI.JK,2108,H3,4790.0,4704.914,1
Hybrid,BMRI.JK,2107,H1,4820.0,4772.3057,1
Hybrid,BMRI.JK,2108,H2,4790.0,4761.596,1
Hybrid,BMRI.JK,2109,H3,4850.0,4752.7505,1
Hybrid,BMRI.JK,2108,H1,4790.0,4785.8223,1
Hybrid,BMRI.JK,2109,H2,4850.0,4778.279,0
Hybrid,BMRI.JK,2110,H3,4940.0,4780.5757,0
Hybrid,BMRI.JK,2109,H1,4850.0,4788.043,0
Hybrid,BMRI.JK,2110,H2,4940.0,4793.777,1
Hybrid,BMRI.JK,2111,H3,4950.0,4782.068,0
Hybrid,BMRI.JK,2110,H1,4940.0,4851.543,1
Hybrid,BMRI.JK,2111,H2,4950.0,4833.946,0
Hybrid,BMRI.JK,2112,H3,5100.0,4823.109,0
Hybrid,BMRI.JK,2111,H1,4950.0,4967.1533,1
Hybrid,BMRI.JK,2112,H2,5100.0,4945.7197,1
Hybrid,BMRI.JK,2113,H3,5025.0,4930.91,0
Hybrid,BMRI.JK,2112,H1,5100.0,4970.481,1
Hybrid,BMRI.JK,2113,H2,5025.0,4957.193,1
Hybrid,BMRI.JK,2114,H3,5025.0,4945.0337,0
Hybrid,BMRI.JK,2113,H1,5025.0,4941.0737,1
Hybrid,BMRI.JK,2114,H2,5025.0,4925.3413,1
Hybrid,BMRI.JK,2115,H3,4860.0,4924.083,1
Hybrid,BMRI.JK,2114,H1,5025.0,4964.2607,0
Hybrid,BMRI.JK,2115,H2,4860.0,4962.901,1
Hybrid,BMRI.JK,2116,H3,4830.0,4948.7593,1
Hybrid,BMRI.JK,2115,H1,4860.0,5021.967,1
Hybrid,BMRI.JK,2116,H2,4830.0,5009.8926,1
Hybrid,BMRI.JK,2117,H3,4860.0,5012.2007,1
Hybrid,BMRI.JK,2116,H1,4830.0,4862.101,0
Hybrid,BMRI.JK,2117,H2,4860.0,4881.61,0
Hybrid,BMRI.JK,2118,H3,4850.0,4878.2583,0
Hybrid,BMRI.JK,2117,H1,4860.0,4860.175,1
Hybrid,BMRI.JK,2118,H2,4850.0,4857.9976,1
Hybrid,BMRI.JK,2119,H3,4880.0,4849.812,1
Hybrid,BMRI.JK,2118,H1,4850.0,4858.8604,1
Hybrid,BMRI.JK,2119,H2,4880.0,4860.597,1
Hybrid,BMRI.JK,2120,H3,4920.0,4866.2056,1
Hybrid,BMRI.JK,2119,H1,4880.0,4859.7,1
Hybrid,BMRI.JK,2120,H2,4920.0,4876.9624,1
Hybrid,BMRI.JK,2121,H3,4900.0,4865.261,1
Hybrid,BMRI.JK,2120,H1,4920.0,4909.573,1
Hybrid,BMRI.JK,2121,H2,4900.0,4903.851,1
Hybrid,BMRI.JK,2122,H3,4950.0,4898.443,1
Hybrid,BMRI.JK,2121,H1,4900.0,4946.0117,0
Hybrid,BMRI.JK,2122,H2,4950.0,4945.689,1
Hybrid,BMRI.JK,2123,H3,4890.0,4935.7686,0
Hybrid,BMRI.JK,2122,H1,4950.0,4933.038,1
Hybrid,BMRI.JK,2123,H2,4890.0,4932.7793,0
Hybrid,BMRI.JK,2124,H3,4970.0,4925.5337,1
Hybrid,BMRI.JK,2123,H1,4890.0,4975.2324,0
Hybrid,BMRI.JK,2124,H2,4970.0,4972.4756,1
Hybrid,BMRI.JK,2125,H3,4950.0,4979.4595,0
Hybrid,BMRI.JK,2124,H1,4970.0,4918.412,1
Hybrid,BMRI.JK,2125,H2,4950.0,4936.0137,1
Hybrid,BMRI.JK,2126,H3,4820.0,4925.768,0
Hybrid,BMRI.JK,2125,H1,4950.0,5078.064,0
Hybrid,BMRI.JK,2126,H2,4820.0,5055.9478,0
Hybrid,BMRI.JK,2127,H3,4990.0,5047.543,1
Hybrid,BMRI.JK,2126,H1,4820.0,4896.605,1
Hybrid,BMRI.JK,2127,H2,4990.0,4909.047,0
Hybrid,BMRI.JK,2128,H3,5000.0,4904.7886,0
Hybrid,BMRI.JK,2127,H1,4990.0,4909.26,1
Hybrid,BMRI.JK,2128,H2,5000.0,4916.4106,1
Hybrid,BMRI.JK,2129,H3,5025.0,4911.4272,1
Hybrid,BMRI.JK,2128,H1,5000.0,5135.9365,1
Hybrid,BMRI.JK,2129,H2,5025.0,5116.7227,1
Hybrid,BMRI.JK,2130,H3,5150.0,5116.572,1
Hybrid,BMRI.JK,2129,H1,5025.0,5035.449,1
Hybrid,BMRI.JK,2130,H2,5150.0,5041.675,1
Hybrid,BMRI.JK,2131,H3,5175.0,5029.517,1
Hybrid,BMRI.JK,2130,H1,5150.0,5065.5,1
Hybrid,BMRI.JK,2131,H2,5175.0,5043.1826,1
Hybrid,BMRI.JK,2132,H3,5100.0,5036.084,1
Hybrid,BMRI.JK,2131,H1,5175.0,5124.08,0
Hybrid,BMRI.JK,2132,H2,5100.0,5105.714,1
Hybrid,BMRI.JK,2133,H3,5050.0,5092.7197,1
Hybrid,BMRI.JK,2132,H1,5100.0,5159.6235,1
Hybrid,BMRI.JK,2133,H2,5050.0,5140.627,1
Hybrid,BMRI.JK,2134,H3,5050.0,5127.6396,1
Hybrid,BMRI.JK,2133,H1,5050.0,5116.626,0
Hybrid,BMRI.JK,2134,H2,5050.0,5103.9585,0
Hybrid,BMRI.JK,2135,H3,5075.0,5103.6064,0
Hybrid,BMRI.JK,2134,H1,5050.0,5105.535,0
Hybrid,BMRI.JK,2135,H2,5075.0,5106.5767,1
Hybrid,BMRI.JK,2136,H3,5100.0,5098.0815,1
Hybrid,BMRI.JK,2135,H1,5075.0,5082.5396,1
Hybrid,BMRI.JK,2136,H2,5100.0,5070.37,1
Hybrid,BMRI.JK,2137,H3,5075.0,5063.908,1
Hybrid,BMRI.JK,2136,H1,5100.0,5077.4644,1
Hybrid,BMRI.JK,2137,H2,5075.0,5074.403,1
Hybrid,BMRI.JK,2138,H3,5050.0,5065.8354,1
Hybrid,BMRI.JK,2137,H1,5075.0,5105.827,0
Hybrid,BMRI.JK,2138,H2,5050.0,5100.56,0
Hybrid,BMRI.JK,2139,H3,4880.0,5094.491,1
Hybrid,BMRI.JK,2138,H1,5050.0,5121.25,0
Hybrid,BMRI.JK,2139,H2,4880.0,5120.5503,0
Hybrid,BMRI.JK,2140,H3,4810.0,5112.3086,0
Hybrid,BMRI.JK,2139,H1,4880.0,4975.836,1
Hybrid,BMRI.JK,2140,H2,4810.0,4991.251,1
Hybrid,BMRI.JK,2141,H3,4810.0,4998.655,1
Hybrid,BMRI.JK,2140,H1,4810.0,4818.877,1
Hybrid,BMRI.JK,2141,H2,4810.0,4845.488,1
Hybrid,BMRI.JK,2142,H3,4760.0,4843.03,1
Hybrid,BMRI.JK,2141,H1,4810.0,4839.186,0
Hybrid,BMRI.JK,2142,H2,4760.0,4835.9287,0
Hybrid,BMRI.JK,2143,H3,4770.0,4827.9707,0
Hybrid,BMRI.JK,2142,H1,4760.0,4832.1577,0
Hybrid,BMRI.JK,2143,H2,4770.0,4827.617,0
Hybrid,BMRI.JK,2144,H3,4820.0,4822.8286,1
Hybrid,BMRI.JK,2143,H1,4770.0,4801.858,1
Hybrid,BMRI.JK,2144,H2,4820.0,4798.698,1
Hybrid,BMRI.JK,2145,H3,4840.0,4791.989,1
Hybrid,TLKM.JK,1820,H1,3080.0,3061.1614,1
Hybrid,TLKM.JK,1821,H2,3080.0,3055.858,1
Hybrid,TLKM.JK,1822,H3,3020.0,3051.1821,1
Hybrid,TLKM.JK,1821,H1,3080.0,3054.674,0
Hybrid,TLKM.JK,1822,H2,3020.0,3046.1606,1
Hybrid,TLKM.JK,1823,H3,3040.0,3045.3154,1
Hybrid,TLKM.JK,1822,H1,3020.0,3057.6318,1
Hybrid,TLKM.JK,1823,H2,3040.0,3054.1897,1
Hybrid,TLKM.JK,1824,H3,3030.0,3050.397,1
Hybrid,TLKM.JK,1823,H1,3040.0,3042.4536,1
Hybrid,TLKM.JK,1824,H2,3030.0,3036.325,1
Hybrid,TLKM.JK,1825,H3,3030.0,3035.0122,1
Hybrid,TLKM.JK,1824,H1,3030.0,3053.6123,0
Hybrid,TLKM.JK,1825,H2,3030.0,3050.809,0
Hybrid,TLKM.JK,1826,H3,3040.0,3048.8223,0
Hybrid,TLKM.JK,1825,H1,3030.0,3043.186,0
Hybrid,TLKM.JK,1826,H2,3040.0,3039.5708,1
Hybrid,TLKM.JK,1827,H3,3050.0,3033.3242,1
Hybrid,TLKM.JK,1826,H1,3040.0,3040.685,1
Hybrid,TLKM.JK,1827,H2,3050.0,3033.6294,1
Hybrid,TLKM.JK,1828,H3,3110.0,3032.7783,1
Hybrid,TLKM.JK,1827,H1,3050.0,3040.7441,1
Hybrid,TLKM.JK,1828,H2,3110.0,3038.6956,0
Hybrid,TLKM.JK,1829,H3,3090.0,3036.635,0
Hybrid,TLKM.JK,1828,H1,3110.0,3046.1345,0
Hybrid,TLKM.JK,1829,H2,3090.0,3041.93,0
Hybrid,TLKM.JK,1830,H3,3120.0,3039.713,0
Hybrid,TLKM.JK,1829,H1,3090.0,3079.494,1
Hybrid,TLKM.JK,1830,H2,3120.0,3075.822,0
Hybrid,TLKM.JK,1831,H3,3140.0,3071.233,0
Hybrid,TLKM.JK,1830,H1,3120.0,3072.8147,0
Hybrid,TLKM.JK,1831,H2,3140.0,3066.3875,0
Hybrid,TLKM.JK,1832,H3,3150.0,3065.052,0
Hybrid,TLKM.JK,1831,H1,3140.0,3093.7122,0
Hybrid,TLKM.JK,1832,H2,3150.0,3090.0156,0
Hybrid,TLKM.JK,1833,H3,3170.0,3086.8945,0
Hybrid,TLKM.JK,1832,H1,3150.0,3106.574,0
Hybrid,TLKM.JK,1833,H2,3170.0,3100.2222,0
Hybrid,TLKM.JK,1834,H3,3160.0,3098.2227,0
Hybrid,TLKM.JK,1833,H1,3170.0,3116.9917,0
Hybrid,TLKM.JK,1834,H2,3160.0,3112.2598,0
Hybrid,TLKM.JK,1835,H3,3190.0,3110.692,0
Hybrid,TLKM.JK,1834,H1,3160.0,3127.1128,1
Hybrid,TLKM.JK,1835,H2,3190.0,3122.756,0
Hybrid,TLKM.JK,1836,H3,3170.0,3116.8992,0
Hybrid,TLKM.JK,1835,H1,3190.0,3127.8438,0
Hybrid,TLKM.JK,1836,H2,3170.0,3119.0723,0
Hybrid,TLKM.JK,1837,H3,3050.0,3116.285,1
Hybrid,TLKM.JK,1836,H1,3170.0,3197.0022,0
Hybrid,TLKM.JK,1837,H2,3050.0,3188.9854,1
Hybrid,TLKM.JK,1838,H3,2990.0,3136.178,1
Hybrid,TLKM.JK,1837,H1,3050.0,3145.5952,1
Hybrid,TLKM.JK,1838,H2,2990.0,3088.0098,1
Hybrid,TLKM.JK,1839,H3,3020.0,3130.5083,1
Hybrid,TLKM.JK,1838,H1,2990.0,3033.0737,1
Hybrid,TLKM.JK,1839,H2,3020.0,3064.1355,0
Hybrid,TLKM.JK,1840,H3,2920.0,3063.4648,0
Hybrid,TLKM.JK,1839,H1,3020.0,3020.5034,1
Hybrid,TLKM.JK,1840,H2,2920.0,3014.6338,0
Hybrid,TLKM.JK,1841,H3,2890.0,3006.9023,0
Hybrid,TLKM.JK,1840,H1,2920.0,3015.1865,1
Hybrid,TLKM.JK,1841,H2,2890.0,3004.8604,1
Hybrid,TLKM.JK,1842,H3,2880.0,3002.9517,1
Hybrid,TLKM.JK,1841,H1,2890.0,2946.2546,0
Hybrid,TLKM.JK,1842,H2,2880.0,2944.413,0
Hybrid,TLKM.JK,1843,H3,2900.0,2942.7666,0
Hybrid,TLKM.JK,1842,H1,2880.0,2902.167,0
Hybrid,TLKM.JK,1843,H2,2900.0,2897.6406,1
Hybrid,TLKM.JK,1844,H3,2990.0,2900.1177,1
Hybrid,TLKM.JK,1843,H1,2900.0,2847.472,0
Hybrid,TLKM.JK,1844,H2,2990.0,2845.6592,0
Hybrid,TLKM.JK,1845,H3,2960.0,2849.6895,0
Hybrid,TLKM.JK,1844,H1,2990.0,2849.5918,0
Hybrid,TLKM.JK,1845,H2,2960.0,2850.7422,0
Hybrid,TLKM.JK,1846,H3,2950.0,2853.8364,0
Hybrid,TLKM.JK,1845,H1,2960.0,2918.7593,1
Hybrid,TLKM.JK,1846,H2,2950.0,2921.358,1
Hybrid,TLKM.JK,1847,H3,2940.0,2929.5742,1
Hybrid,TLKM.JK,1846,H1,2950.0,2916.361,1
Hybrid,TLKM.JK,1847,H2,2940.0,2919.9316,1
Hybrid,TLKM.JK,1848,H3,2900.0,2926.9907,1
Hybrid,TLKM.JK,1847,H1,2940.0,2920.2275,1
Hybrid,TLKM.JK,1848,H2,2900.0,2921.8396,1
Hybrid,TLKM.JK,1849,H3,2940.0,2925.971,1
Hybrid,TLKM.JK,1848,H1,2900.0,2919.7026,1
Hybrid,TLKM.JK,1849,H2,2940.0,2920.7627,0
Hybrid,TLKM.JK,1850,H3,3000.0,2926.3022,0
Hybrid,TLKM.JK,1849,H1,2940.0,2898.4421,0
Hybrid,TLKM.JK,1850,H2,3000.0,2901.6416,1
Hybrid,TLKM.JK,1851,H3,3040.0,2906.0193,1
Hybrid,TLKM.JK,1850,H1,3000.0,2933.2625,0
Hybrid,TLKM.JK,1851,H2,3040.0,2934.2393,0
Hybrid,TLKM.JK,1852,H3,3100.0,2941.3901,1
Hybrid,TLKM.JK,1851,H1,3040.0,2974.546,0
Hybrid,TLKM.JK,1852,H2,3100.0,2979.1355,0
Hybrid,TLKM.JK,1853,H3,3100.0,2986.5962,0
Hybrid,TLKM.JK,1852,H1,3100.0,3028.8145,0
Hybrid,TLKM.JK,1853,H2,3100.0,3033.152,0
Hybrid,TLKM.JK,1854,H3,3010.0,3041.9219,0
Hybrid,TLKM.JK,1853,H1,3100.0,3053.1665,0
Hybrid,TLKM.JK,1854,H2,3010.0,3053.768,1
Hybrid,TLKM.JK,1855,H3,2940.0,3057.6616,1
Hybrid,TLKM.JK,1854,H1,3010.0,3021.5693,1
Hybrid,TLKM.JK,1855,H2,2940.0,3021.367,1
Hybrid,TLKM.JK,1856,H3,2900.0,3017.5479,1
Hybrid,TLKM.JK,1855,H1,2940.0,2998.1416,1
Hybrid,TLKM.JK,1856,H2,2900.0,2991.5938,1
Hybrid,TLKM.JK,1857,H3,2910.0,2991.9412,1
Hybrid,TLKM.JK,1856,H1,2900.0,2945.0703,0
Hybrid,TLKM.JK,1857,H2,2910.0,2939.6616,1
Hybrid,TLKM.JK,1858,H3,2920.0,2936.764,1
Hybrid,TLKM.JK,1857,H1,2910.0,2901.456,1
Hybrid,TLKM.JK,1858,H2,2920.0,2892.5747,0
Hybrid,TLKM.JK,1859,H3,2900.0,2890.662,0
Hybrid,TLKM.JK,1858,H1,2920.0,2893.5366,0
Hybrid,TLKM.JK,1859,H2,2900.0,2886.8179,1
Hybrid,TLKM.JK,1860,H3,2900.0,2885.788,1
Hybrid,TLKM.JK,1859,H1,2900.0,2891.637,1
Hybrid,TLKM.JK,1860,H2,2900.0,2886.0166,1
Hybrid,TLKM.JK,1861,H3,2820.0,2864.903,1
Hybrid,TLKM.JK,1860,H1,2900.0,2874.9854,0
Hybrid,TLKM.JK,1861,H2,2820.0,2854.6208,1
Hybrid,TLKM.JK,1862,H3,2780.0,2869.181,1
Hybrid,TLKM.JK,1861,H1,2820.0,2861.7083,1
Hybrid,TLKM.JK,1862,H2,2780.0,2877.5127,1
Hybrid,TLKM.JK,1863,H3,2800.0,2879.8152,1
Hybrid,TLKM.JK,1862,H1,2780.0,2816.349,1
Hybrid,TLKM.JK,1863,H2,2800.0,2812.7725,1
Hybrid,TLKM.JK,1864,H3,2770.0,2818.8923,1
Hybrid,TLKM.JK,1863,H1,2800.0,2767.0208,0
Hybrid,TLKM.JK,1864,H2,2770.0,2765.5586,1
Hybrid,TLKM.JK,1865,H3,2740.0,2770.0107,1
Hybrid,TLKM.JK,1864,H1,2770.0,2764.1147,1
Hybrid,TLKM.JK,1865,H2,2740.0,2763.4814,1
Hybrid,TLKM.JK,1866,H3,2760.0,2766.3828,1
Hybrid,TLKM.JK,1865,H1,2740.0,2741.6829,1
Hybrid,TLKM.JK,1866,H2,2760.0,2740.2817,1
Hybrid,TLKM.JK,1867,H3,2750.0,2743.005,1
Hybrid,TLKM.JK,1866,H1,2760.0,2714.3384,0
Hybrid,TLKM.JK,1867,H2,2750.0,2714.0723,0
Hybrid,TLKM.JK,1868,H3,2690.0,2717.0776,1
Hybrid,TLKM.JK,1867,H1,2750.0,2710.9543,1
Hybrid,TLKM.JK,1868,H2,2690.0,2712.9688,1
Hybrid,TLKM.JK,1869,H3,2600.0,2716.624,1
Hybrid,TLKM.JK,1868,H1,2690.0,2699.1177,1
Hybrid,TLKM.JK,1869,H2,2600.0,2700.4155,1
Hybrid,TLKM.JK,1870,H3,2580.0,2705.0562,1
Hybrid,TLKM.JK,1869,H1,2600.0,2625.5132,1
Hybrid,TLKM.JK,1870,H2,2580.0,2628.376,1
Hybrid,TLKM.JK,1871,H3,2530.0,2633.6362,1
Hybrid,TLKM.JK,1870,H1,2580.0,2601.3574,0
Hybrid,TLKM.JK,1871,H2,2530.0,2606.851,0
Hybrid,TLKM.JK,1872,H3,2540.0,2608.8552,0
Hybrid,TLKM.JK,1871,H1,2530.0,2602.8389,0
Hybrid,TLKM.JK,1872,H2,2540.0,2607.6323,0
Hybrid,TLKM.JK,1873,H3,2590.0,2613.503,1
Hybrid,TLKM.JK,1872,H1,2540.0,2588.6965,1
Hybrid,TLKM.JK,1873,H2,2590.0,2597.6494,1
Hybrid,TLKM.JK,1874,H3,2780.0,2602.1206,1
Hybrid,TLKM.JK,1873,H1,2590.0,2596.6416,1
Hybrid,TLKM.JK,1874,H2,2780.0,2604.4087,1
Hybrid,TLKM.JK,1875,H3,2680.0,2612.431,1
Hybrid,TLKM.JK,1874,H1,2780.0,2626.4133,1
Hybrid,TLKM.JK,1875,H2,2680.0,2640.1868,1
Hybrid,TLKM.JK,1876,H3,2770.0,2655.1187,1
Hybrid,TLKM.JK,1875,H1,2680.0,2720.8884,1
Hybrid,TLKM.JK,1876,H2,2770.0,2741.371,1
Hybrid,TLKM.JK,1877,H3,2750.0,2758.6816,1
Hybrid,TLKM.JK,1876,H1,2770.0,2693.4434,1
Hybrid,TLKM.JK,1877,H2,2750.0,2708.1006,1
Hybrid,TLKM.JK,1878,H3,2740.0,2723.6113,1
Hybrid,TLKM.JK,1877,H1,2750.0,2722.9805,1
Hybrid,TLKM.JK,1878,H2,2740.0,2745.1553,1
Hybrid,TLKM.JK,1879,H3,2710.0,2765.2327,1
Hybrid,TLKM.JK,1878,H1,2740.0,2692.8806,1
Hybrid,TLKM.JK,1879,H2,2710.0,2704.3064,1
Hybrid,TLKM.JK,1880,H3,2720.0,2721.2622,1
Hybrid,TLKM.JK,1879,H1,2710.0,2701.5547,1
Hybrid,TLKM.JK,1880,H2,2720.0,2717.1938,1
Hybrid,TLKM.JK,1881,H3,2710.0,2729.8123,1
Hybrid,TLKM.JK,1880,H1,2720.0,2687.3706,0
Hybrid,TLKM.JK,1881,H2,2710.0,2693.1558,0
Hybrid,TLKM.JK,1882,H3,2680.0,2701.4463,1
Hybrid,TLKM.JK,1881,H1,2710.0,2689.8442,1
Hybrid,TLKM.JK,1882,H2,2680.0,2688.8071,1
Hybrid,TLKM.JK,1883,H3,2820.0,2693.1772,0
Hybrid,TLKM.JK,1882,H1,2680.0,2679.8657,1
Hybrid,TLKM.JK,1883,H2,2820.0,2676.1936,0
Hybrid,TLKM.JK,1884,H3,2840.0,2678.2856,0
Hybrid,TLKM.JK,1883,H1,2820.0,2675.215,0
Hybrid,TLKM.JK,1884,H2,2840.0,2671.5637,0
Hybrid,TLKM.JK,1885,H3,2770.0,2673.2021,0
Hybrid,TLKM.JK,1884,H1,2840.0,2744.5278,0
Hybrid,TLKM.JK,1885,H2,2770.0,2745.6313,1
Hybrid,TLKM.JK,1886,H3,2760.0,2749.5212,1
Hybrid,TLKM.JK,1885,H1,2770.0,2778.8594,1
Hybrid,TLKM.JK,1886,H2,2760.0,2777.5127,1
Hybrid,TLKM.JK,1887,H3,2740.0,2780.575,1
Hybrid,TLKM.JK,1886,H1,2760.0,2760.6409,1
Hybrid,TLKM.JK,1887,H2,2740.0,2756.6265,1
Hybrid,TLKM.JK,1888,H3,2770.0,2756.8057,0
Hybrid,TLKM.JK,1887,H1,2740.0,2745.5112,1
Hybrid,TLKM.JK,1888,H2,2770.0,2741.068,0
Hybrid,TLKM.JK,1889,H3,2860.0,2740.501,0
Hybrid,TLKM.JK,1888,H1,2770.0,2745.7615,1
Hybrid,TLKM.JK,1889,H2,2860.0,2741.8127,1
Hybrid,TLKM.JK,1890,H3,2820.0,2740.7444,1
Hybrid,TLKM.JK,1889,H1,2860.0,2741.962,0
Hybrid,TLKM.JK,1890,H2,2820.0,2740.3608,0
Hybrid,TLKM.JK,1891,H3,2790.0,2741.0107,0
Hybrid,TLKM.JK,1890,H1,2820.0,2781.1482,1
Hybrid,TLKM.JK,1891,H2,2790.0,2782.2422,1
Hybrid,TLKM.JK,1892,H3,2660.0,2789.145,1
Hybrid,TLKM.JK,1891,H1,2790.0,2754.2922,1
Hybrid,TLKM.JK,1892,H2,2660.0,2754.8657,1
Hybrid,TLKM.JK,1893,H3,2620.0,2755.5203,1
Hybrid,TLKM.JK,1892,H1,2660.0,2742.3762,1
Hybrid,TLKM.JK,1893,H2,2620.0,2740.6243,1
Hybrid,TLKM.JK,1894,H3,2570.0,2741.8223,1
Hybrid,TLKM.JK,1893,H1,2620.0,2610.3115,1
Hybrid,TLKM.JK,1894,H2,2570.0,2607.8843,1
Hybrid,TLKM.JK,1895,H3,2530.0,2611.3018,1
Hybrid,TLKM.JK,1894,H1,2570.0,2605.373,1
Hybrid,TLKM.JK,1895,H2,2530.0,2608.1128,1
Hybrid,TLKM.JK,1896,H3,2550.0,2608.7761,1
Hybrid,TLKM.JK,1895,H1,2530.0,2591.3906,0
Hybrid,TLKM.JK,1896,H2,2550.0,2592.2046,0
Hybrid,TLKM.JK,1897,H3,2650.0,2595.8345,1
Hybrid,TLKM.JK,1896,H1,2550.0,2571.3818,1
Hybrid,TLKM.JK,1897,H2,2650.0,2574.7168,1
Hybrid,TLKM.JK,1898,H3,2740.0,2576.3813,1
Hybrid,TLKM.JK,1897,H1,2650.0,2566.7354,1
Hybrid,TLKM.JK,1898,H2,2740.0,2570.2686,1
Hybrid,TLKM.JK,1899,H3,2750.0,2576.2266,1
Hybrid,TLKM.JK,1898,H1,2740.0,2596.855,0
Hybrid,TLKM.JK,1899,H2,2750.0,2609.675,0
Hybrid,TLKM.JK,1900,H3,2710.0,2619.7766,0
Hybrid,TLKM.JK,1899,H1,2750.0,2672.4688,0
Hybrid,TLKM.JK,1900,H2,2710.0,2688.7207,1
Hybrid,TLKM.JK,1901,H3,2700.0,2705.4185,1
Hybrid,TLKM.JK,1900,H1,2710.0,2669.6616,1
Hybrid,TLKM.JK,1901,H2,2700.0,2684.615,1
Hybrid,TLKM.JK,1902,H3,2750.0,2690.3445,0
Hybrid,TLKM.JK,1901,H1,2700.0,2652.7395,1
Hybrid,TLKM.JK,1902,H2,2750.0,2654.7957,0
Hybrid,TLKM.JK,1903,H3,2690.0,2660.388,1
Hybrid,TLKM.JK,1902,H1,2750.0,2648.7935,0
Hybrid,TLKM.JK,1903,H2,2690.0,2649.6892,1
Hybrid,TLKM.JK,1904,H3,2570.0,2650.3433,1
Hybrid,TLKM.JK,1903,H1,2690.0,2684.3193,1
Hybrid,TLKM.JK,1904,H2,2570.0,2684.1272,1
Hybrid,TLKM.JK,1905,H3,2650.0,2689.2373,1
Hybrid,TLKM.JK,1904,H1,2570.0,2634.774,1
Hybrid,TLKM.JK,1905,H2,2650.0,2634.5254,1
Hybrid,TLKM.JK,1906,H3,2620.0,2639.03,1
Hybrid,TLKM.JK,1905,H1,2650.0,2610.4854,1
Hybrid,TLKM.JK,1906,H2,2620.0,2615.0127,1
Hybrid,TLKM.JK,1907,H3,2680.0,2616.0242,1
Hybrid,TLKM.JK,1906,H1,2620.0,2614.898,1
Hybrid,TLKM.JK,1907,H2,2680.0,2619.1772,0
Hybrid,TLKM.JK,1908,H3,2670.0,2628.7632,0
Hybrid,TLKM.JK,1907,H1,2680.0,2601.7642,0
Hybrid,TLKM.JK,1908,H2,2670.0,2610.4048,0
Hybrid,TLKM.JK,1909,H3,2620.0,2613.374,0
Hybrid,TLKM.JK,1908,H1,2670.0,2609.6245,1
Hybrid,TLKM.JK,1909,H2,2620.0,2610.7268,1
Hybrid,TLKM.JK,1910,H3,2630.0,2616.546,1
Hybrid,TLKM.JK,1909,H1,2620.0,2600.8691,1
Hybrid,TLKM.JK,1910,H2,2630.0,2604.1787,1
Hybrid,TLKM.JK,1911,H3,2590.0,2612.5618,1
Hybrid,TLKM.JK,1910,H1,2630.0,2591.7095,0
Hybrid,TLKM.JK,1911,H2,2590.0,2597.7656,1
Hybrid,TLKM.JK,1912,H3,2660.0,2597.5405,0
Hybrid,TLKM.JK,1911,H1,2590.0,2598.6323,1
Hybrid,TLKM.JK,1912,H2,2660.0,2596.587,0
Hybrid,TLKM.JK,1913,H3,2610.0,2601.671,1
Hybrid,TLKM.JK,1912,H1,2660.0,2591.6626,1
Hybrid,TLKM.JK,1913,H2,2610.0,2596.4912,1
Hybrid,TLKM.JK,1914,H3,2630.0,2597.4849,1
Hybrid,TLKM.JK,1913,H1,2610.0,2632.8342,1
Hybrid,TLKM.JK,1914,H2,2630.0,2636.0557,1
Hybrid,TLKM.JK,1915,H3,2730.0,2641.926,0
Hybrid,TLKM.JK,1914,H1,2630.0,2627.7058,1
Hybrid,TLKM.JK,1915,H2,2730.0,2632.9014,1
Hybrid,TLKM.JK,1916,H3,2710.0,2640.1523,1
Hybrid,TLKM.JK,1915,H1,2730.0,2627.653,0
Hybrid,TLKM.JK,1916,H2,2710.0,2638.9565,1
Hybrid,TLKM.JK,1917,H3,2690.0,2643.6914,1
Hybrid,TLKM.JK,1916,H1,2710.0,2678.4604,1
Hybrid,TLKM.JK,1917,H2,2690.0,2687.674,1
Hybrid,TLKM.JK,1918,H3,2640.0,2700.7393,1
Hybrid,TLKM.JK,1917,H1,2690.0,2645.6157,1
Hybrid,TLKM.JK,1918,H2,2640.0,2653.765,1
Hybrid,TLKM.JK,1919,H3,2660.0,2630.1865,1
Hybrid,TLKM.JK,1918,H1,2640.0,2652.881,1
Hybrid,TLKM.JK,1919,H2,2660.0,2621.7134,1
Hybrid,TLKM.JK,1920,H3,2630.0,2653.354,1
Hybrid,TLKM.JK,1919,H1,2660.0,2606.3535,0
Hybrid,TLKM.JK,1920,H2,2630.0,2629.6875,1
Hybrid,TLKM.JK,1921,H3,2640.0,2632.9167,0
Hybrid,TLKM.JK,1920,H1,2630.0,2635.5776,1
Hybrid,TLKM.JK,1921,H2,2640.0,2636.4414,1
Hybrid,TLKM.JK,1922,H3,2620.0,2640.7988,1
Hybrid,TLKM.JK,1921,H1,2640.0,2619.9502,0
Hybrid,TLKM.JK,1922,H2,2620.0,2622.6091,1
Hybrid,TLKM.JK,1923,H3,2560.0,2629.5374,1
Hybrid,TLKM.JK,1922,H1,2620.0,2570.665,1
Hybrid,TLKM.JK,1923,H2,2560.0,2580.8823,1
Hybrid,TLKM.JK,1924,H3,2590.0,2581.6187,1
Hybrid,TLKM.JK,1923,H1,2560.0,2566.2056,1
Hybrid,TLKM.JK,1924,H2,2590.0,2565.5615,1
Hybrid,TLKM.JK,1925,H3,2440.0,2571.8267,1
Hybrid,TLKM.JK,1924,H1,2590.0,2542.441,0
Hybrid,TLKM.JK,1925,H2,2440.0,2548.1123,1
Hybrid,TLKM.JK,1926,H3,2320.0,2549.2563,1
Hybrid,TLKM.JK,1925,H1,2440.0,2552.3552,1
Hybrid,TLKM.JK,1926,H2,2320.0,2554.2178,1
Hybrid,TLKM.JK,1927,H3,2480.0,2561.9314,1
Hybrid,TLKM.JK,1926,H1,2320.0,2433.269,1
Hybrid,TLKM.JK,1927,H2,2480.0,2436.1165,0
Hybrid,TLKM.JK,1928,H3,2420.0,2445.056,0
Hybrid,TLKM.JK,1927,H1,2480.0,2427.8574,1
Hybrid,TLKM.JK,1928,H2,2420.0,2441.1877,1
Hybrid,TLKM.JK,1929,H3,2530.0,2442.3716,1
Hybrid,TLKM.JK,1928,H1,2420.0,2511.6216,0
Hybrid,TLKM.JK,1929,H2,2530.0,2517.1836,1
Hybrid,TLKM.JK,1930,H3,2650.0,2531.943,1
Hybrid,TLKM.JK,1929,H1,2530.0,2504.1218,1
Hybrid,TLKM.JK,1930,H2,2650.0,2513.649,1
Hybrid,TLKM.JK,1931,H3,2680.0,2518.9888,1
Hybrid,TLKM.JK,1930,H1,2650.0,2557.3616,1
Hybrid,TLKM.JK,1931,H2,2680.0,2563.4583,1
Hybrid,TLKM.JK,1932,H3,2670.0,2575.4,1
Hybrid,TLKM.JK,1931,H1,2680.0,2586.7666,0
Hybrid,TLKM.JK,1932,H2,2670.0,2598.018,0
Hybrid,TLKM.JK,1933,H3,2670.0,2618.8325,0
Hybrid,TLKM.JK,1932,H1,2670.0,2606.8774,1
Hybrid,TLKM.JK,1933,H2,2670.0,2617.6528,1
Hybrid,TLKM.JK,1934,H3,2650.0,2621.4888,1
Hybrid,TLKM.JK,1933,H1,2670.0,2565.0212,0
Hybrid,TLKM.JK,1934,H2,2650.0,2571.5605,1
Hybrid,TLKM.JK,1935,H3,2600.0,2588.2124,1
Hybrid,TLKM.JK,1934,H1,2650.0,2569.2754,1
Hybrid,TLKM.JK,1935,H2,2600.0,2578.044,1
Hybrid,TLKM.JK,1936,H3,2460.0,2584.6597,1
Hybrid,TLKM.JK,1935,H1,2600.0,2558.6084,1
Hybrid,TLKM.JK,1936,H2,2460.0,2558.2256,1
Hybrid,TLKM.JK,1937,H3,2520.0,2566.3965,1
Hybrid,TLKM.JK,1936,H1,2460.0,2529.5977,1
Hybrid,TLKM.JK,1937,H2,2520.0,2530.4941,1
Hybrid,TLKM.JK,1938,H3,2490.0,2539.6592,1
Hybrid,TLKM.JK,1937,H1,2520.0,2401.1074,0
Hybrid,TLKM.JK,1938,H2,2490.0,2409.7925,0
Hybrid,TLKM.JK,1939,H3,2350.0,2407.0305,1
Hybrid,TLKM.JK,1938,H1,2490.0,2416.3086,1
Hybrid,TLKM.JK,1939,H2,2350.0,2414.0483,1
Hybrid,TLKM.JK,1940,H3,2400.0,2422.1313,1
Hybrid,TLKM.JK,1939,H1,2350.0,2394.7944,1
Hybrid,TLKM.JK,1940,H2,2400.0,2395.017,1
Hybrid,TLKM.JK,1941,H3,2380.0,2404.3037,1
Hybrid,TLKM.JK,1940,H1,2400.0,2386.8584,1
Hybrid,TLKM.JK,1941,H2,2380.0,2391.4106,1
Hybrid,TLKM.JK,1942,H3,2450.0,2400.9395,1
Hybrid,TLKM.JK,1941,H1,2380.0,2380.0857,1
Hybrid,TLKM.JK,1942,H2,2450.0,2384.5469,0
Hybrid,TLKM.JK,1943,H3,2400.0,2396.276,1
Hybrid,TLKM.JK,1942,H1,2450.0,2361.9307,0
Hybrid,TLKM.JK,1943,H2,2400.0,2370.2046,0
Hybrid,TLKM.JK,1944,H3,2410.0,2375.8298,0
Hybrid,TLKM.JK,1943,H1,2400.0,2368.1714,1
Hybrid,TLKM.JK,1944,H2,2410.0,2374.7617,1
Hybrid,TLKM.JK,1945,H3,2390.0,2388.4966,1
Hybrid,TLKM.JK,1944,H1,2410.0,2353.5586,0
Hybrid,TLKM.JK,1945,H2,2390.0,2363.1582,1
Hybrid,TLKM.JK,1946,H3,2370.0,2371.5273,1
Hybrid,TLKM.JK,1945,H1,2390.0,2369.2456,1
Hybrid,TLKM.JK,1946,H2,2370.0,2371.2988,1
Hybrid,TLKM.JK,1947,H3,2450.0,2382.2886,0
Hybrid,TLKM.JK,1946,H1,2370.0,2363.508,1
Hybrid,TLKM.JK,1947,H2,2450.0,2368.9941,0
Hybrid,TLKM.JK,1948,H3,2430.0,2384.4194,0
Hybrid,TLKM.JK,1947,H1,2450.0,2366.1025,0
Hybrid,TLKM.JK,1948,H2,2430.0,2374.0652,1
Hybrid,TLKM.JK,1949,H3,2420.0,2382.7852,1
Hybrid,TLKM.JK,1948,H1,2430.0,2391.778,1
Hybrid,TLKM.JK,1949,H2,2420.0,2396.503,1
Hybrid,TLKM.JK,1950,H3,2420.0,2410.9775,1
Hybrid,TLKM.JK,1949,H1,2420.0,2380.5986,1
Hybrid,TLKM.JK,1950,H2,2420.0,2385.884,1
Hybrid,TLKM.JK,1951,H3,2420.0,2394.9385,1
Hybrid,TLKM.JK,1950,H1,2420.0,2377.5886,0
Hybrid,TLKM.JK,1951,H2,2420.0,2379.0342,0
Hybrid,TLKM.JK,1952,H3,2430.0,2386.809,0
Hybrid,TLKM.JK,1951,H1,2420.0,2371.189,0
Hybrid,TLKM.JK,1952,H2,2430.0,2371.61,0
Hybrid,TLKM.JK,1953,H3,2390.0,2380.8928,1
Hybrid,TLKM.JK,1952,H1,2430.0,2358.7595,0
Hybrid,TLKM.JK,1953,H2,2390.0,2362.434,1
Hybrid,TLKM.JK,1954,H3,2310.0,2370.9253,1
Hybrid,TLKM.JK,1953,H1,2390.0,2364.9565,1
Hybrid,TLKM.JK,1954,H2,2310.0,2367.27,1
Hybrid,TLKM.JK,1955,H3,2330.0,2377.767,1
Hybrid,TLKM.JK,1954,H1,2310.0,2355.1943,1
Hybrid,TLKM.JK,1955,H2,2330.0,2357.832,1
Hybrid,TLKM.JK,1956,H3,2340.0,2363.0693,1
Hybrid,TLKM.JK,1955,H1,2330.0,2346.1858,1
Hybrid,TLKM.JK,1956,H2,2340.0,2348.7307,1
Hybrid,TLKM.JK,1957,H3,2440.0,2353.8315,1
Hybrid,TLKM.JK,1956,H1,2340.0,2325.6936,0
Hybrid,TLKM.JK,1957,H2,2440.0,2330.6924,1
Hybrid,TLKM.JK,1958,H3,2410.0,2341.5508,1
Hybrid,TLKM.JK,1957,H1,2440.0,2321.5552,0
Hybrid,TLKM.JK,1958,H2,2410.0,2326.1003,0
Hybrid,TLKM.JK,1959,H3,2290.0,2334.222,1
Hybrid,TLKM.JK,1958,H1,2410.0,2340.67,1
Hybrid,TLKM.JK,1959,H2,2290.0,2346.873,1
Hybrid,TLKM.JK,1960,H3,2320.0,2354.8394,1
Hybrid,TLKM.JK,1959,H1,2290.0,2341.8271,1
Hybrid,TLKM.JK,1960,H2,2320.0,2344.7498,1
Hybrid,TLKM.JK,1961,H3,2350.0,2357.5269,1
Hybrid,TLKM.JK,1960,H1,2320.0,2355.1277,1
Hybrid,TLKM.JK,1961,H2,2350.0,2363.147,1
Hybrid,TLKM.JK,1962,H3,2330.0,2369.2,1
Hybrid,TLKM.JK,1961,H1,2350.0,2365.147,1
Hybrid,TLKM.JK,1962,H2,2330.0,2367.1677,1
Hybrid,TLKM.JK,1963,H3,2430.0,2384.602,1
Hybrid,TLKM.JK,1962,H1,2330.0,2355.5288,0
Hybrid,TLKM.JK,1963,H2,2430.0,2363.9092,1
Hybrid,TLKM.JK,1964,H3,2450.0,2368.6516,1
Hybrid,TLKM.JK,1963,H1,2430.0,2384.5024,1
Hybrid,TLKM.JK,1964,H2,2450.0,2381.0254,1
Hybrid,TLKM.JK,1965,H3,2480.0,2386.5613,1
Hybrid,TLKM.JK,1964,H1,2450.0,2431.02,1
Hybrid,TLKM.JK,1965,H2,2480.0,2432.3809,1
Hybrid,TLKM.JK,1966,H3,2550.0,2456.4438,1
Hybrid,TLKM.JK,1965,H1,2480.0,2478.2244,1
Hybrid,TLKM.JK,1966,H2,2550.0,2489.6616,1
Hybrid,TLKM.JK,1967,H3,2570.0,2506.2378,1
Hybrid,TLKM.JK,1966,H1,2550.0,2491.7214,1
Hybrid,TLKM.JK,1967,H2,2570.0,2495.6313,1
Hybrid,TLKM.JK,1968,H3,2550.0,2505.7979,1
Hybrid,TLKM.JK,1967,H1,2570.0,2568.124,1
Hybrid,TLKM.JK,1968,H2,2550.0,2571.131,0
Hybrid,TLKM.JK,1969,H3,2630.0,2588.6245,1
Hybrid,TLKM.JK,1968,H1,2550.0,2602.1392,0
Hybrid,TLKM.JK,1969,H2,2630.0,2609.2744,1
Hybrid,TLKM.JK,1970,H3,2630.0,2635.9766,1
Hybrid,TLKM.JK,1969,H1,2630.0,2604.2285,1
Hybrid,TLKM.JK,1970,H2,2630.0,2615.5884,1
Hybrid,TLKM.JK,1971,H3,2600.0,2629.9297,1
Hybrid,TLKM.JK,1970,H1,2630.0,2623.1182,0
Hybrid,TLKM.JK,1971,H2,2600.0,2631.7368,0
Hybrid,TLKM.JK,1972,H3,2560.0,2651.6794,0
Hybrid,TLKM.JK,1971,H1,2600.0,2613.1318,1
Hybrid,TLKM.JK,1972,H2,2560.0,2619.04,1
Hybrid,TLKM.JK,1973,H3,2590.0,2628.7349,1
Hybrid,TLKM.JK,1972,H1,2560.0,2602.1921,0
Hybrid,TLKM.JK,1973,H2,2590.0,2602.9968,0
Hybrid,TLKM.JK,1974,H3,2640.0,2576.7974,0
Hybrid,TLKM.JK,1973,H1,2590.0,2601.998,1
Hybrid,TLKM.JK,1974,H2,2640.0,2570.004,1
Hybrid,TLKM.JK,1975,H3,2680.0,2607.6396,1
Hybrid,TLKM.JK,1974,H1,2640.0,2587.3315,0
Hybrid,TLKM.JK,1975,H2,2680.0,2622.4102,1
Hybrid,TLKM.JK,1976,H3,2700.0,2635.2847,1
Hybrid,TLKM.JK,1975,H1,2680.0,2625.1304,0
Hybrid,TLKM.JK,1976,H2,2700.0,2632.443,0
Hybrid,TLKM.JK,1977,H3,2680.0,2637.51,0
Hybrid,TLKM.JK,1976,H1,2700.0,2629.5366,0
Hybrid,TLKM.JK,1977,H2,2680.0,2632.8489,0
Hybrid,TLKM.JK,1978,H3,2620.0,2639.443,1
Hybrid,TLKM.JK,1977,H1,2680.0,2640.1006,1
Hybrid,TLKM.JK,1978,H2,2620.0,2645.3418,1
Hybrid,TLKM.JK,1979,H3,2570.0,2655.226,1
Hybrid,TLKM.JK,1978,H1,2620.0,2628.1836,1
Hybrid,TLKM.JK,1979,H2,2570.0,2632.2695,1
Hybrid,TLKM.JK,1980,H3,2600.0,2632.867,1
Hybrid,TLKM.JK,1979,H1,2570.0,2627.5994,0
Hybrid,TLKM.JK,1980,H2,2600.0,2627.2886,0
Hybrid,TLKM.JK,1981,H3,2590.0,2629.1929,0
Hybrid,TLKM.JK,1980,H1,2600.0,2617.521,1
Hybrid,TLKM.JK,1981,H2,2590.0,2619.9875,1
Hybrid,TLKM.JK,1982,H3,2660.0,2626.2104,1
Hybrid,TLKM.JK,1981,H1,2590.0,2616.2974,0
Hybrid,TLKM.JK,1982,H2,2660.0,2623.1755,1
Hybrid,TLKM.JK,1983,H3,2740.0,2623.5872,1
Hybrid,TLKM.JK,1982,H1,2660.0,2614.876,1
Hybrid,TLKM.JK,1983,H2,2740.0,2616.8513,1
Hybrid,TLKM.JK,1984,H3,2820.0,2622.669,1
Hybrid,TLKM.JK,1983,H1,2740.0,2643.3362,0
Hybrid,TLKM.JK,1984,H2,2820.0,2656.7036,0
Hybrid,TLKM.JK,1985,H3,2740.0,2663.03,1
Hybrid,TLKM.JK,1984,H1,2820.0,2693.564,0
Hybrid,TLKM.JK,1985,H2,2740.0,2704.8208,0
Hybrid,TLKM.JK,1986,H3,2750.0,2716.9546,0
Hybrid,TLKM.JK,1985,H1,2740.0,2772.7808,1
Hybrid,TLKM.JK,1986,H2,2750.0,2787.3127,1
Hybrid,TLKM.JK,1987,H3,2800.0,2803.874,1
Hybrid,TLKM.JK,1986,H1,2750.0,2755.0024,1
Hybrid,TLKM.JK,1987,H2,2800.0,2766.75,1
Hybrid,TLKM.JK,1988,H3,2690.0,2773.3857,0
Hybrid,TLKM.JK,1987,H1,2800.0,2724.52,0
Hybrid,TLKM.JK,1988,H2,2690.0,2729.4436,1
Hybrid,TLKM.JK,1989,H3,2800.0,2740.0833,0
Hybrid,TLKM.JK,1988,H1,2690.0,2758.2463,1
Hybrid,TLKM.JK,1989,H2,2800.0,2764.3787,0
Hybrid,TLKM.JK,1990,H3,2830.0,2769.8179,0
Hybrid,TLKM.JK,1989,H1,2800.0,2735.458,1
Hybrid,TLKM.JK,1990,H2,2830.0,2735.1846,1
Hybrid,TLKM.JK,1991,H3,2820.0,2739.444,1
Hybrid,TLKM.JK,1990,H1,2830.0,2779.2915,0
Hybrid,TLKM.JK,1991,H2,2820.0,2785.2983,0
Hybrid,TLKM.JK,1992,H3,2780.0,2795.0396,1
Hybrid,TLKM.JK,1991,H1,2820.0,2820.3599,1
Hybrid,TLKM.JK,1992,H2,2780.0,2829.3972,1
Hybrid,TLKM.JK,1993,H3,2800.0,2838.684,0
Hybrid,TLKM.JK,1992,H1,2780.0,2830.928,0
Hybrid,TLKM.JK,1993,H2,2800.0,2839.3054,0
Hybrid,TLKM.JK,1994,H3,2820.0,2850.7205,0
Hybrid,TLKM.JK,1993,H1,2800.0,2843.205,1
Hybrid,TLKM.JK,1994,H2,2820.0,2853.0945,1
Hybrid,TLKM.JK,1995,H3,2840.0,2864.9841,1
Hybrid,TLKM.JK,1994,H1,2820.0,2838.454,1
Hybrid,TLKM.JK,1995,H2,2840.0,2845.3242,1
Hybrid,TLKM.JK,1996,H3,2910.0,2853.7776,1
Hybrid,TLKM.JK,1995,H1,2840.0,2814.1196,0
Hybrid,TLKM.JK,1996,H2,2910.0,2814.5925,0
Hybrid,TLKM.JK,1997,H3,2800.0,2821.006,0
Hybrid,TLKM.JK,1996,H1,2910.0,2808.5005,0
Hybrid,TLKM.JK,1997,H2,2800.0,2804.11,1
Hybrid,TLKM.JK,1998,H3,2780.0,2805.9043,1
Hybrid,TLKM.JK,1997,H1,2800.0,2795.4128,1
Hybrid,TLKM.JK,1998,H2,2780.0,2789.5044,1
Hybrid,TLKM.JK,1999,H3,2740.0,2788.7686,1
Hybrid,TLKM.JK,1998,H1,2780.0,2760.3137,1
Hybrid,TLKM.JK,1999,H2,2740.0,2752.6033,1
Hybrid,TLKM.JK,2000,H3,2740.0,2750.9856,1
Hybrid,TLKM.JK,1999,H1,2740.0,2727.6094,1
Hybrid,TLKM.JK,2000,H2,2740.0,2718.2695,1
Hybrid,TLKM.JK,2001,H3,2760.0,2715.5205,1
Hybrid,TLKM.JK,2000,H1,2740.0,2714.3281,0
Hybrid,TLKM.JK,2001,H2,2760.0,2706.4392,0
Hybrid,TLKM.JK,2002,H3,2770.0,2705.0576,0
Hybrid,TLKM.JK,2001,H1,2760.0,2705.8394,0
Hybrid,TLKM.JK,2002,H2,2770.0,2699.7827,0
Hybrid,TLKM.JK,2003,H3,2690.0,2699.2349,1
Hybrid,TLKM.JK,2002,H1,2770.0,2717.4473,0
Hybrid,TLKM.JK,2003,H2,2690.0,2713.2397,1
Hybrid,TLKM.JK,2004,H3,2640.0,2713.5613,1
Hybrid,TLKM.JK,2003,H1,2690.0,2713.8928,1
Hybrid,TLKM.JK,2004,H2,2640.0,2709.5293,1
Hybrid,TLKM.JK,2005,H3,2580.0,2710.4512,1
Hybrid,TLKM.JK,2004,H1,2640.0,2689.4639,1
Hybrid,TLKM.JK,2005,H2,2580.0,2687.9858,1
Hybrid,TLKM.JK,2006,H3,2590.0,2689.8943,1
Hybrid,TLKM.JK,2005,H1,2580.0,2681.6372,0
Hybrid,TLKM.JK,2006,H2,2590.0,2683.8813,0
Hybrid,TLKM.JK,2007,H3,2620.0,2688.8394,0
Hybrid,TLKM.JK,2006,H1,2590.0,2650.5537,1
Hybrid,TLKM.JK,2007,H2,2620.0,2653.3193,1
Hybrid,TLKM.JK,2008,H3,2710.0,2657.017,1
Hybrid,TLKM.JK,2007,H1,2620.0,2650.434,1
Hybrid,TLKM.JK,2008,H2,2710.0,2655.6492,1
Hybrid,TLKM.JK,2009,H3,2780.0,2630.5686,1
Hybrid,TLKM.JK,2008,H1,2710.0,2666.6172,1
Hybrid,TLKM.JK,2009,H2,2780.0,2649.041,1
Hybrid,TLKM.JK,2010,H3,2810.0,2690.0283,1
Hybrid,TLKM.JK,2009,H1,2780.0,2660.5347,0
Hybrid,TLKM.JK,2010,H2,2810.0,2708.538,0
Hybrid,TLKM.JK,2011,H3,2780.0,2721.888,1
Hybrid,TLKM.JK,2010,H1,2810.0,2732.423,0
Hybrid,TLKM.JK,2011,H2,2780.0,2748.7126,0
Hybrid,TLKM.JK,2012,H3,2710.0,2768.0183,1
Hybrid,TLKM.JK,2011,H1,2780.0,2737.4312,1
Hybrid,TLKM.JK,2012,H2,2710.0,2750.0227,1
Hybrid,TLKM.JK,2013,H3,2630.0,2759.2546,1
Hybrid,TLKM.JK,2012,H1,2710.0,2702.4248,1
Hybrid,TLKM.JK,2013,H2,2630.0,2701.8044,1
Hybrid,TLKM.JK,2014,H3,2700.0,2707.8574,1
Hybrid,TLKM.JK,2013,H1,2630.0,2655.27,1
Hybrid,TLKM.JK,2014,H2,2700.0,2652.445,1
Hybrid,TLKM.JK,2015,H3,2650.0,2651.8303,1
Hybrid,TLKM.JK,2014,H1,2700.0,2618.4465,0
Hybrid,TLKM.JK,2015,H2,2650.0,2614.8423,0
Hybrid,TLKM.JK,2016,H3,2670.0,2617.0903,0
Hybrid,TLKM.JK,2015,H1,2650.0,2688.4448,1
Hybrid,TLKM.JK,2016,H2,2670.0,2691.4775,1
Hybrid,TLKM.JK,2017,H3,2690.0,2699.6582,1
Hybrid,TLKM.JK,2016,H1,2670.0,2669.601,1
Hybrid,TLKM.JK,2017,H2,2690.0,2670.6611,1
Hybrid,TLKM.JK,2018,H3,2730.0,2671.3916,1
Hybrid,TLKM.JK,2017,H1,2690.0,2674.413,1
Hybrid,TLKM.JK,2018,H2,2730.0,2670.4312,1
Hybrid,TLKM.JK,2019,H3,2690.0,2673.516,1
Hybrid,TLKM.JK,2018,H1,2730.0,2677.0264,0
Hybrid,TLKM.JK,2019,H2,2690.0,2678.2559,0
Hybrid,TLKM.JK,2020,H3,2640.0,2679.4072,1
Hybrid,TLKM.JK,2019,H1,2690.0,2702.8618,1
Hybrid,TLKM.JK,2020,H2,2640.0,2700.9614,1
Hybrid,TLKM.JK,2021,H3,2650.0,2705.3193,1
Hybrid,TLKM.JK,2020,H1,2640.0,2720.9666,0
Hybrid,TLKM.JK,2021,H2,2650.0,2723.062,0
Hybrid,TLKM.JK,2022,H3,2770.0,2730.1453,1
Hybrid,TLKM.JK,2021,H1,2650.0,2685.1472,1
Hybrid,TLKM.JK,2022,H2,2770.0,2686.6191,1
Hybrid,TLKM.JK,2023,H3,2770.0,2687.4216,1
Hybrid,TLKM.JK,2022,H1,2770.0,2672.9033,1
Hybrid,TLKM.JK,2023,H2,2770.0,2669.7295,1
Hybrid,TLKM.JK,2024,H3,2800.0,2674.0737,1
Hybrid,TLKM.JK,2023,H1,2770.0,2714.6177,0
Hybrid,TLKM.JK,2024,H2,2800.0,2722.118,0
Hybrid,TLKM.JK,2025,H3,2850.0,2726.4312,0
Hybrid,TLKM.JK,2024,H1,2800.0,2718.1619,0
Hybrid,TLKM.JK,2025,H2,2850.0,2718.446,0
Hybrid,TLKM.JK,2026,H3,2850.0,2723.7964,0
Hybrid,TLKM.JK,2025,H1,2850.0,2764.5422,0
Hybrid,TLKM.JK,2026,H2,2850.0,2768.6929,0
Hybrid,TLKM.JK,2027,H3,2840.0,2778.7305,0
Hybrid,TLKM.JK,2026,H1,2850.0,2808.9497,0
Hybrid,TLKM.JK,2027,H2,2840.0,2814.5107,1
Hybrid,TLKM.JK,2028,H3,2820.0,2821.1116,1
Hybrid,TLKM.JK,2027,H1,2840.0,2809.6987,1
Hybrid,TLKM.JK,2028,H2,2820.0,2808.2942,1
Hybrid,TLKM.JK,2029,H3,2860.0,2812.291,0
Hybrid,TLKM.JK,2028,H1,2820.0,2834.2827,1
Hybrid,TLKM.JK,2029,H2,2860.0,2836.267,0
Hybrid,TLKM.JK,2030,H3,2880.0,2838.8877,0
Hybrid,TLKM.JK,2029,H1,2860.0,2813.3994,0
Hybrid,TLKM.JK,2030,H2,2880.0,2810.7595,0
Hybrid,TLKM.JK,2031,H3,2880.0,2812.69,0
Hybrid,TLKM.JK,2030,H1,2880.0,2831.2812,0
Hybrid,TLKM.JK,2031,H2,2880.0,2830.434,0
Hybrid,TLKM.JK,2032,H3,2880.0,2805.0388,0
Hybrid,TLKM.JK,2031,H1,2880.0,2843.6157,0
Hybrid,TLKM.JK,2032,H2,2880.0,2817.5186,0
Hybrid,TLKM.JK,2033,H3,2980.0,2845.921,0
Hybrid,TLKM.JK,2032,H1,2880.0,2841.0774,0
Hybrid,TLKM.JK,2033,H2,2980.0,2870.3801,0
Hybrid,TLKM.JK,2034,H3,3030.0,2870.9077,0
Hybrid,TLKM.JK,2033,H1,2980.0,2904.292,1
Hybrid,TLKM.JK,2034,H2,3030.0,2908.8289,1
Hybrid,TLKM.JK,2035,H3,3030.0,2915.674,1
Hybrid,TLKM.JK,2034,H1,3030.0,2957.4988,0
Hybrid,TLKM.JK,2035,H2,3030.0,2961.1018,0
Hybrid,TLKM.JK,2036,H3,2990.0,2967.9023,0
Hybrid,TLKM.JK,2035,H1,3030.0,2979.5264,0
Hybrid,TLKM.JK,2036,H2,2990.0,2980.977,1
Hybrid,TLKM.JK,2037,H3,2950.0,2981.2537,1
Hybrid,TLKM.JK,2036,H1,2990.0,2990.6038,1
Hybrid,TLKM.JK,2037,H2,2950.0,2986.796,1
Hybrid,TLKM.JK,2038,H3,2940.0,2987.1318,1
Hybrid,TLKM.JK,2037,H1,2950.0,2978.189,1
Hybrid,TLKM.JK,2038,H2,2940.0,2976.4568,1
Hybrid,TLKM.JK,2039,H3,2990.0,2973.794,0
Hybrid,TLKM.JK,2038,H1,2940.0,2956.697,0
Hybrid,TLKM.JK,2039,H2,2990.0,2951.5686,1
Hybrid,TLKM.JK,2040,H3,3180.0,2950.356,1
Hybrid,TLKM.JK,2039,H1,2990.0,2952.6821,1
Hybrid,TLKM.JK,2040,H2,3180.0,2950.0676,1
Hybrid,TLKM.JK,2041,H3,3360.0,2949.067,1
Hybrid,TLKM.JK,2040,H1,3180.0,2998.8184,1
Hybrid,TLKM.JK,2041,H2,3360.0,2996.6433,1
Hybrid,TLKM.JK,2042,H3,3420.0,2993.3032,1
Hybrid,TLKM.JK,2041,H1,3360.0,3128.1162,0
Hybrid,TLKM.JK,2042,H2,3420.0,3119.4512,0
Hybrid,TLKM.JK,2043,H3,3310.0,3124.026,0
Hybrid,TLKM.JK,2042,H1,3420.0,3204.5996,0
Hybrid,TLKM.JK,2043,H2,3310.0,3200.1016,1
Hybrid,TLKM.JK,2044,H3,3250.0,3200.185,1
Hybrid,TLKM.JK,2043,H1,3310.0,3268.3696,1
Hybrid,TLKM.JK,2044,H2,3250.0,3255.6633,1
Hybrid,TLKM.JK,2045,H3,3220.0,3256.687,1
Hybrid,TLKM.JK,2044,H1,3250.0,3266.7983,1
Hybrid,TLKM.JK,2045,H2,3220.0,3258.3413,1
Hybrid,TLKM.JK,2046,H3,3250.0,3248.2402,1
Hybrid,TLKM.JK,2045,H1,3220.0,3219.1152,1
Hybrid,TLKM.JK,2046,H2,3250.0,3204.275,0
Hybrid,TLKM.JK,2047,H3,3240.0,3202.562,1
Hybrid,TLKM.JK,2046,H1,3250.0,3211.4673,0
Hybrid,TLKM.JK,2047,H2,3240.0,3206.5005,0
Hybrid,TLKM.JK,2048,H3,3310.0,3199.234,0
Hybrid,TLKM.JK,2047,H1,3240.0,3225.4648,1
Hybrid,TLKM.JK,2048,H2,3310.0,3215.391,0
Hybrid,TLKM.JK,2049,H3,3260.0,3215.77,0
Hybrid,TLKM.JK,2048,H1,3310.0,3208.4875,0
Hybrid,TLKM.JK,2049,H2,3260.0,3205.8005,0
Hybrid,TLKM.JK,2050,H3,3170.0,3205.6587,1
Hybrid,TLKM.JK,2049,H1,3260.0,3258.6995,1
Hybrid,TLKM.JK,2050,H2,3170.0,3256.9094,1
Hybrid,TLKM.JK,2051,H3,3180.0,3252.587,1
Hybrid,TLKM.JK,2050,H1,3170.0,3242.7563,1
Hybrid,TLKM.JK,2051,H2,3180.0,3234.2993,1
Hybrid,TLKM.JK,2052,H3,3130.0,3236.89,1
Hybrid,TLKM.JK,2051,H1,3180.0,3182.779,1
Hybrid,TLKM.JK,2052,H2,3130.0,3182.1982,0
Hybrid,TLKM.JK,2053,H3,3110.0,3168.7778,1
Hybrid,TLKM.JK,2052,H1,3130.0,3191.7495,0
Hybrid,TLKM.JK,2053,H2,3110.0,3174.6426,1
Hybrid,TLKM.JK,2054,H3,3070.0,3172.803,1
Hybrid,TLKM.JK,2053,H1,3110.0,3149.1392,0
Hybrid,TLKM.JK,2054,H2,3070.0,3143.8374,0
Hybrid,TLKM.JK,2055,H3,3110.0,3141.7617,0
Hybrid,TLKM.JK,2054,H1,3070.0,3126.6118,0
Hybrid,TLKM.JK,2055,H2,3110.0,3117.254,0
Hybrid,TLKM.JK,2056,H3,3150.0,3107.8857,0
Hybrid,TLKM.JK,2055,H1,3110.0,3092.0342,1
Hybrid,TLKM.JK,2056,H2,3150.0,3077.116,1
Hybrid,TLKM.JK,2057,H3,3090.0,3073.3928,1
Hybrid,TLKM.JK,2056,H1,3150.0,3104.6099,0
Hybrid,TLKM.JK,2057,H2,3090.0,3096.733,1
Hybrid,TLKM.JK,2058,H3,3050.0,3097.3274,1
Hybrid,TLKM.JK,2057,H1,3090.0,3126.409,1
Hybrid,TLKM.JK,2058,H2,3050.0,3121.111,1
Hybrid,TLKM.JK,2059,H3,3150.0,3120.1184,0
Hybrid,TLKM.JK,2058,H1,3050.0,3109.3167,0
Hybrid,TLKM.JK,2059,H2,3150.0,3105.5774,1
Hybrid,TLKM.JK,2060,H3,3080.0,3100.812,0
Hybrid,TLKM.JK,2059,H1,3150.0,3087.9092,1
Hybrid,TLKM.JK,2060,H2,3080.0,3076.6582,1
Hybrid,TLKM.JK,2061,H3,3100.0,3080.728,1
Hybrid,TLKM.JK,2060,H1,3080.0,3099.755,1
Hybrid,TLKM.JK,2061,H2,3100.0,3098.8442,1
Hybrid,TLKM.JK,2062,H3,3260.0,3095.5078,0
Hybrid,TLKM.JK,2061,H1,3100.0,3075.5706,0
Hybrid,TLKM.JK,2062,H2,3260.0,3069.5103,0
Hybrid,TLKM.JK,2063,H3,3300.0,3073.0005,0
Hybrid,TLKM.JK,2062,H1,3260.0,3155.412,1
Hybrid,TLKM.JK,2063,H2,3300.0,3156.5337,1
Hybrid,TLKM.JK,2064,H3,3340.0,3162.611,1
Hybrid,TLKM.JK,2063,H1,3300.0,3265.0305,1
Hybrid,TLKM.JK,2064,H2,3340.0,3265.381,1
Hybrid,TLKM.JK,2065,H3,3250.0,3267.3557,0
Hybrid,TLKM.JK,2064,H1,3340.0,3271.3293,0
Hybrid,TLKM.JK,2065,H2,3250.0,3265.8801,1
Hybrid,TLKM.JK,2066,H3,3230.0,3264.668,1
Hybrid,TLKM.JK,2065,H1,3250.0,3297.8877,1
Hybrid,TLKM.JK,2066,H2,3230.0,3289.3875,1
Hybrid,TLKM.JK,2067,H3,3220.0,3284.166,1
Hybrid,TLKM.JK,2066,H1,3230.0,3260.8877,0
Hybrid,TLKM.JK,2067,H2,3220.0,3249.6636,1
Hybrid,TLKM.JK,2068,H3,3190.0,3245.7712,1
Hybrid,TLKM.JK,2067,H1,3220.0,3226.1316,1
Hybrid,TLKM.JK,2068,H2,3190.0,3217.4304,1
Hybrid,TLKM.JK,2069,H3,3160.0,3215.1985,1
Hybrid,TLKM.JK,2068,H1,3190.0,3160.0913,1
Hybrid,TLKM.JK,2069,H2,3160.0,3154.271,1
Hybrid,TLKM.JK,2070,H3,3120.0,3144.5571,1
Hybrid,TLKM.JK,2069,H1,3160.0,3167.18,1
Hybrid,TLKM.JK,2070,H2,3120.0,3156.4048,1
Hybrid,TLKM.JK,2071,H3,3110.0,3152.7886,1
Hybrid,TLKM.JK,2070,H1,3120.0,3134.2773,1
Hybrid,TLKM.JK,2071,H2,3110.0,3127.7861,1
Hybrid,TLKM.JK,2072,H3,3080.0,3121.0837,1
Hybrid,TLKM.JK,2071,H1,3110.0,3099.5178,1
Hybrid,TLKM.JK,2072,H2,3080.0,3089.112,1
Hybrid,TLKM.JK,2073,H3,3060.0,3062.3604,1
Hybrid,TLKM.JK,2072,H1,3080.0,3084.7014,1
Hybrid,TLKM.JK,2073,H2,3060.0,3055.5088,1
Hybrid,TLKM.JK,2074,H3,3060.0,3079.4507,1
Hybrid,TLKM.JK,2073,H1,3060.0,3044.2795,1
Hybrid,TLKM.JK,2074,H2,3060.0,3068.3267,1
Hybrid,TLKM.JK,2075,H3,3130.0,3063.053,0
Hybrid,TLKM.JK,2074,H1,3060.0,3101.1177,0
Hybrid,TLKM.JK,2075,H2,3130.0,3091.959,1
Hybrid,TLKM.JK,2076,H3,3070.0,3092.8218,1
Hybrid,TLKM.JK,2075,H1,3130.0,3064.2737,1
Hybrid,TLKM.JK,2076,H2,3070.0,3060.1562,1
Hybrid,TLKM.JK,2077,H3,3010.0,3056.4268,1
Hybrid,TLKM.JK,2076,H1,3070.0,3104.5488,1
Hybrid,TLKM.JK,2077,H2,3010.0,3098.441,1
Hybrid,TLKM.JK,2078,H3,3010.0,3102.3267,1
Hybrid,TLKM.JK,2077,H1,3010.0,3021.8184,1
Hybrid,TLKM.JK,2078,H2,3010.0,3017.9277,1
Hybrid,TLKM.JK,2079,H3,2990.0,3017.7356,1
Hybrid,TLKM.JK,2078,H1,3010.0,2980.517,0
Hybrid,TLKM.JK,2079,H2,2990.0,2980.0132,1
Hybrid,TLKM.JK,2080,H3,3010.0,2980.6714,0
Hybrid,TLKM.JK,2079,H1,2990.0,2987.2788,1
Hybrid,TLKM.JK,2080,H2,3010.0,2983.8047,0
Hybrid,TLKM.JK,2081,H3,3040.0,2988.07,0
Hybrid,TLKM.JK,2080,H1,3010.0,2960.243,0
Hybrid,TLKM.JK,2081,H2,3040.0,2962.8594,0
Hybrid,TLKM.JK,2082,H3,3020.0,2966.4717,0
Hybrid,TLKM.JK,2081,H1,3040.0,2975.5256,0
Hybrid,TLKM.JK,2082,H2,3020.0,2975.563,0
Hybrid,TLKM.JK,2083,H3,2960.0,2982.4497,1
Hybrid,TLKM.JK,2082,H1,3020.0,3025.6045,1
Hybrid,TLKM.JK,2083,H2,2960.0,3031.311,1
Hybrid,TLKM.JK,2084,H3,3080.0,3040.8108,1
Hybrid,TLKM.JK,2083,H1,2960.0,3009.5586,1
Hybrid,TLKM.JK,2084,H2,3080.0,3014.8374,0
Hybrid,TLKM.JK,2085,H3,2950.0,3018.522,1
Hybrid,TLKM.JK,2084,H1,3080.0,2994.0017,1
Hybrid,TLKM.JK,2085,H2,2950.0,2994.7747,0
Hybrid,TLKM.JK,2086,H3,2880.0,3001.7317,0
Hybrid,TLKM.JK,2085,H1,2950.0,3028.7705,1
Hybrid,TLKM.JK,2086,H2,2880.0,3029.3167,1
Hybrid,TLKM.JK,2087,H3,2940.0,3033.585,1
Hybrid,TLKM.JK,2086,H1,2880.0,2960.0254,0
Hybrid,TLKM.JK,2087,H2,2940.0,2958.713,0
Hybrid,TLKM.JK,2088,H3,3280.0,2966.2964,1
Hybrid,TLKM.JK,2087,H1,2940.0,2888.25,1
Hybrid,TLKM.JK,2088,H2,3280.0,2887.5073,1
Hybrid,TLKM.JK,2089,H3,3150.0,2892.3367,1
Hybrid,TLKM.JK,2088,H1,3280.0,3108.8586,1
Hybrid,TLKM.JK,2089,H2,3150.0,3119.7603,1
Hybrid,TLKM.JK,2090,H3,3360.0,3127.3027,1
Hybrid,TLKM.JK,2089,H1,3150.0,3233.1006,1
Hybrid,TLKM.JK,2090,H2,3360.0,3242.0208,0
Hybrid,TLKM.JK,2091,H3,3290.0,3261.6248,0
Hybrid,TLKM.JK,2090,H1,3360.0,3252.1667,1
Hybrid,TLKM.JK,2091,H2,3290.0,3263.7656,1
Hybrid,TLKM.JK,2092,H3,3330.0,3267.7117,1
Hybrid,TLKM.JK,2091,H1,3290.0,3295.584,1
Hybrid,TLKM.JK,2092,H2,3330.0,3296.059,1
Hybrid,TLKM.JK,2093,H3,3400.0,3306.6729,0
Hybrid,TLKM.JK,2092,H1,3330.0,3271.225,0
Hybrid,TLKM.JK,2093,H2,3400.0,3278.1702,0
Hybrid,TLKM.JK,2094,H3,3290.0,3283.8826,0
Hybrid,TLKM.JK,2093,H1,3400.0,3415.3625,1
Hybrid,TLKM.JK,2094,H2,3290.0,3415.9404,0
Hybrid,TLKM.JK,2095,H3,3250.0,3414.4314,0
Hybrid,TLKM.JK,2094,H1,3290.0,3411.6516,0
Hybrid,TLKM.JK,2095,H2,3250.0,3406.042,0
Hybrid,TLKM.JK,2096,H3,3210.0,3231.7178,1
Hybrid,TLKM.JK,2095,H1,3250.0,3326.7444,0
Hybrid,TLKM.JK,2096,H2,3210.0,3169.6736,1
Hybrid,TLKM.JK,2097,H3,3350.0,3334.1172,1
Hybrid,TLKM.JK,2096,H1,3210.0,3167.5232,1
Hybrid,TLKM.JK,2097,H2,3350.0,3318.2183,1
Hybrid,TLKM.JK,2098,H3,3500.0,3324.2498,1
Hybrid,TLKM.JK,2097,H1,3350.0,3313.6794,1
Hybrid,TLKM.JK,2098,H2,3500.0,3308.5703,1
Hybrid,TLKM.JK,2099,H3,3540.0,3306.8804,1
Hybrid,TLKM.JK,2098,H1,3500.0,3387.6553,1
Hybrid,TLKM.JK,2099,H2,3540.0,3378.7695,1
Hybrid,TLKM.JK,2100,H3,3480.0,3369.3853,1
Hybrid,TLKM.JK,2099,H1,3540.0,3492.7993,0
Hybrid,TLKM.JK,2100,H2,3480.0,3477.855,1
Hybrid,TLKM.JK,2101,H3,3470.0,3481.6157,1
Hybrid,TLKM.JK,2100,H1,3480.0,3525.4658,1
Hybrid,TLKM.JK,2101,H2,3470.0,3519.4492,1
Hybrid,TLKM.JK,2102,H3,3440.0,3517.724,1
Hybrid,TLKM.JK,2101,H1,3470.0,3499.8196,0
Hybrid,TLKM.JK,2102,H2,3440.0,3493.908,0
Hybrid,TLKM.JK,2103,H3,3520.0,3497.516,1
Hybrid,TLKM.JK,2102,H1,3440.0,3530.8647,0
Hybrid,TLKM.JK,2103,H2,3520.0,3524.8499,1
Hybrid,TLKM.JK,2104,H3,3560.0,3527.3281,1
Hybrid,TLKM.JK,2103,H1,3520.0,3503.7178,1
Hybrid,TLKM.JK,2104,H2,3560.0,3496.1885,1
Hybrid,TLKM.JK,2105,H3,3500.0,3490.8237,1
Hybrid,TLKM.JK,2104,H1,3560.0,3511.1533,0
Hybrid,TLKM.JK,2105,H2,3500.0,3500.1614,1
Hybrid,TLKM.JK,2106,H3,3550.0,3500.3904,0
Hybrid,TLKM.JK,2105,H1,3500.0,3525.6265,1
Hybrid,TLKM.JK,2106,H2,3550.0,3519.4783,1
Hybrid,TLKM.JK,2107,H3,3610.0,3520.597,0
Hybrid,TLKM.JK,2106,H1,3550.0,3493.7852,0
Hybrid,TLKM.JK,2107,H2,3610.0,3492.3708,0
Hybrid,TLKM.JK,2108,H3,3620.0,3495.8896,0
Hybrid,TLKM.JK,2107,H1,3610.0,3532.868,0
Hybrid,TLKM.JK,2108,H2,3620.0,3530.7917,0
Hybrid,TLKM.JK,2109,H3,3650.0,3533.7231,0
Hybrid,TLKM.JK,2108,H1,3620.0,3554.2617,0
Hybrid,TLKM.JK,2109,H2,3650.0,3556.4893,0
Hybrid,TLKM.JK,2110,H3,3640.0,3558.7034,0
Hybrid,TLKM.JK,2109,H1,3650.0,3587.5366,0
Hybrid,TLKM.JK,2110,H2,3640.0,3586.6245,0
Hybrid,TLKM.JK,2111,H3,3500.0,3587.649,1
Hybrid,TLKM.JK,2110,H1,3640.0,3603.1738,1
Hybrid,TLKM.JK,2111,H2,3500.0,3601.448,1
Hybrid,TLKM.JK,2112,H3,3700.0,3602.8853,0
Hybrid,TLKM.JK,2111,H1,3500.0,3596.7983,1
Hybrid,TLKM.JK,2112,H2,3700.0,3595.2097,0
Hybrid,TLKM.JK,2113,H3,3650.0,3597.6602,0
Hybrid,TLKM.JK,2112,H1,3700.0,3499.8127,0
Hybrid,TLKM.JK,2113,H2,3650.0,3499.6855,0
Hybrid,TLKM.JK,2114,H3,3720.0,3504.1428,1
Hybrid,TLKM.JK,2113,H1,3650.0,3689.9058,1
Hybrid,TLKM.JK,2114,H2,3720.0,3687.2205,0
Hybrid,TLKM.JK,2115,H3,3570.0,3685.3647,1
Hybrid,TLKM.JK,2114,H1,3720.0,3631.4504,0
Hybrid,TLKM.JK,2115,H2,3570.0,3633.0984,1
Hybrid,TLKM.JK,2116,H3,3510.0,3633.226,1
Hybrid,TLKM.JK,2115,H1,3570.0,3675.486,1
Hybrid,TLKM.JK,2116,H2,3510.0,3671.061,1
Hybrid,TLKM.JK,2117,H3,3650.0,3670.6143,1
Hybrid,TLKM.JK,2116,H1,3510.0,3539.8545,1
Hybrid,TLKM.JK,2117,H2,3650.0,3540.8853,0
Hybrid,TLKM.JK,2118,H3,3560.0,3546.3516,1
Hybrid,TLKM.JK,2117,H1,3650.0,3522.0376,1
Hybrid,TLKM.JK,2118,H2,3560.0,3522.926,1
Hybrid,TLKM.JK,2119,H3,3580.0,3528.294,1
Hybrid,TLKM.JK,2118,H1,3560.0,3647.8137,1
Hybrid,TLKM.JK,2119,H2,3580.0,3651.7808,0
Hybrid,TLKM.JK,2120,H3,3630.0,3652.3672,0
Hybrid,TLKM.JK,2119,H1,3580.0,3609.1758,1
Hybrid,TLKM.JK,2120,H2,3630.0,3615.0657,1
Hybrid,TLKM.JK,2121,H3,3700.0,3622.5293,1
Hybrid,TLKM.JK,2120,H1,3630.0,3630.5186,1
Hybrid,TLKM.JK,2121,H2,3700.0,3632.6973,1
Hybrid,TLKM.JK,2122,H3,3630.0,3636.5864,1
Hybrid,TLKM.JK,2121,H1,3700.0,3661.4539,1
Hybrid,TLKM.JK,2122,H2,3630.0,3660.3037,0
Hybrid,TLKM.JK,2123,H3,3570.0,3665.3237,0
Hybrid,TLKM.JK,2122,H1,3630.0,3719.718,0
Hybrid,TLKM.JK,2123,H2,3570.0,3719.1902,0
Hybrid,TLKM.JK,2124,H3,3640.0,3721.961,0
Hybrid,TLKM.JK,2123,H1,3570.0,3641.3154,0
Hybrid,TLKM.JK,2124,H2,3640.0,3649.271,1
Hybrid,TLKM.JK,2125,H3,3570.0,3651.7974,0
Hybrid,TLKM.JK,2124,H1,3640.0,3638.9392,1
Hybrid,TLKM.JK,2125,H2,3570.0,3640.9146,0
Hybrid,TLKM.JK,2126,H3,3550.0,3645.914,0
Hybrid,TLKM.JK,2125,H1,3570.0,3760.9866,0
Hybrid,TLKM.JK,2126,H2,3550.0,3757.723,0
Hybrid,TLKM.JK,2127,H3,3470.0,3756.6216,0
Hybrid,TLKM.JK,2126,H1,3550.0,3645.992,0
Hybrid,TLKM.JK,2127,H2,3470.0,3650.2793,0
Hybrid,TLKM.JK,2128,H3,3520.0,3657.92,0
Hybrid,TLKM.JK,2127,H1,3470.0,3587.6929,0
Hybrid,TLKM.JK,2128,H2,3520.0,3599.0474,0
Hybrid,TLKM.JK,2129,H3,3500.0,3609.9604,0
Hybrid,TLKM.JK,2128,H1,3520.0,3532.2285,1
Hybrid,TLKM.JK,2129,H2,3500.0,3540.518,1
Hybrid,TLKM.JK,2130,H3,3460.0,3545.6526,0
Hybrid,TLKM.JK,2129,H1,3500.0,3576.594,0
Hybrid,TLKM.JK,2130,H2,3460.0,3575.7463,0
Hybrid,TLKM.JK,2131,H3,3410.0,3581.8933,0
Hybrid,TLKM.JK,2130,H1,3460.0,3503.4177,0
Hybrid,TLKM.JK,2131,H2,3410.0,3513.2495,0
Hybrid,TLKM.JK,2132,H3,3470.0,3517.987,0
Hybrid,TLKM.JK,2131,H1,3410.0,3465.3809,0
Hybrid,TLKM.JK,2132,H2,3470.0,3470.881,1
Hybrid,TLKM.JK,2133,H3,3470.0,3481.0469,1
Hybrid,TLKM.JK,2132,H1,3470.0,3469.6882,1
Hybrid,TLKM.JK,2133,H2,3470.0,3475.618,1
Hybrid,TLKM.JK,2134,H3,3460.0,3485.5254,1
Hybrid,TLKM.JK,2133,H1,3470.0,3559.2593,0
Hybrid,TLKM.JK,2134,H2,3460.0,3564.774,0
Hybrid,TLKM.JK,2135,H3,3490.0,3565.016,1
Hybrid,TLKM.JK,2134,H1,3460.0,3499.9954,0
Hybrid,TLKM.JK,2135,H2,3490.0,3503.127,1
Hybrid,TLKM.JK,2136,H3,3480.0,3511.4536,1
Hybrid,TLKM.JK,2135,H1,3490.0,3489.9243,1
Hybrid,TLKM.JK,2136,H2,3480.0,3492.666,1
Hybrid,TLKM.JK,2137,H3,3470.0,3497.305,1
Hybrid,TLKM.JK,2136,H1,3480.0,3484.6228,1
Hybrid,TLKM.JK,2137,H2,3470.0,3485.2227,1
Hybrid,TLKM.JK,2138,H3,3580.0,3483.1191,0
Hybrid,TLKM.JK,2137,H1,3470.0,3482.5132,0
Hybrid,TLKM.JK,2138,H2,3580.0,3478.9138,0
Hybrid,TLKM.JK,2139,H3,3520.0,3481.8086,1
Hybrid,TLKM.JK,2138,H1,3580.0,3512.6846,1
Hybrid,TLKM.JK,2139,H2,3520.0,3508.218,1
Hybrid,TLKM.JK,2140,H3,3540.0,3511.4531,1
Hybrid,TLKM.JK,2139,H1,3520.0,3569.2144,1
Hybrid,TLKM.JK,2140,H2,3540.0,3562.4539,1
Hybrid,TLKM.JK,2141,H3,3530.0,3560.657,1
Hybrid,TLKM.JK,2140,H1,3540.0,3508.8276,0
Hybrid,TLKM.JK,2141,H2,3530.0,3502.6719,0
Hybrid,TLKM.JK,2142,H3,3450.0,3502.0771,1
Hybrid,TLKM.JK,2141,H1,3530.0,3523.052,1
Hybrid,TLKM.JK,2142,H2,3450.0,3515.3867,1
Hybrid,TLKM.JK,2143,H3,3520.0,3513.8257,1
Hybrid,TLKM.JK,2142,H1,3450.0,3513.183,1
Hybrid,TLKM.JK,2143,H2,3520.0,3507.409,1
Hybrid,TLKM.JK,2144,H3,3620.0,3509.5662,0
Hybrid,TLKM.JK,2143,H1,3520.0,3483.5068,1
Hybrid,TLKM.JK,2144,H2,3620.0,3481.9766,1
Hybrid,TLKM.JK,2145,H3,3650.0,3485.3953,1
Hybrid,UNVR.JK,1820,H1,2250.0,2255.1667,1
Hybrid,UNVR.JK,1821,H2,2240.0,2246.1968,1
Hybrid,UNVR.JK,1822,H3,2220.0,2241.5417,1
Hybrid,UNVR.JK,1821,H1,2240.0,2239.7275,1
Hybrid,UNVR.JK,1822,H2,2220.0,2227.166,1
Hybrid,UNVR.JK,1823,H3,2220.0,2222.752,1
Hybrid,UNVR.JK,1822,H1,2220.0,2237.8643,1
Hybrid,UNVR.JK,1823,H2,2220.0,2223.0479,1
Hybrid,UNVR.JK,1824,H3,2190.0,2217.2585,1
Hybrid,UNVR.JK,1823,H1,2220.0,2191.7612,0
Hybrid,UNVR.JK,1824,H2,2190.0,2175.2083,1
Hybrid,UNVR.JK,1825,H3,2210.0,2171.5835,1
Hybrid,UNVR.JK,1824,H1,2190.0,2212.4731,1
Hybrid,UNVR.JK,1825,H2,2210.0,2196.8843,1
Hybrid,UNVR.JK,1826,H3,2190.0,2199.6223,1
Hybrid,UNVR.JK,1825,H1,2210.0,2190.381,1
Hybrid,UNVR.JK,1826,H2,2190.0,2181.6594,0
Hybrid,UNVR.JK,1827,H3,2220.0,2177.5984,0
Hybrid,UNVR.JK,1826,H1,2190.0,2200.5042,1
Hybrid,UNVR.JK,1827,H2,2220.0,2187.0872,0
Hybrid,UNVR.JK,1828,H3,2200.0,2182.9302,1
Hybrid,UNVR.JK,1827,H1,2220.0,2173.445,0
Hybrid,UNVR.JK,1828,H2,2200.0,2159.2075,0
Hybrid,UNVR.JK,1829,H3,2180.0,2152.3772,1
Hybrid,UNVR.JK,1828,H1,2200.0,2196.3452,1
Hybrid,UNVR.JK,1829,H2,2180.0,2178.3218,1
Hybrid,UNVR.JK,1830,H3,2210.0,2179.4421,1
Hybrid,UNVR.JK,1829,H1,2180.0,2176.2827,1
Hybrid,UNVR.JK,1830,H2,2210.0,2167.4182,0
Hybrid,UNVR.JK,1831,H3,2200.0,2163.523,0
Hybrid,UNVR.JK,1830,H1,2210.0,2172.4338,0
Hybrid,UNVR.JK,1831,H2,2200.0,2159.454,0
Hybrid,UNVR.JK,1832,H3,2170.0,2154.9863,1
Hybrid,UNVR.JK,1831,H1,2200.0,2194.197,1
Hybrid,UNVR.JK,1832,H2,2170.0,2178.5374,1
Hybrid,UNVR.JK,1833,H3,2210.0,2173.1353,0
Hybrid,UNVR.JK,1832,H1,2170.0,2168.3657,1
Hybrid,UNVR.JK,1833,H2,2210.0,2152.6943,0
Hybrid,UNVR.JK,1834,H3,2260.0,2149.043,0
Hybrid,UNVR.JK,1833,H1,2210.0,2149.8977,0
Hybrid,UNVR.JK,1834,H2,2260.0,2134.657,0
Hybrid,UNVR.JK,1835,H3,2300.0,2137.389,0
Hybrid,UNVR.JK,1834,H1,2260.0,2177.517,0
Hybrid,UNVR.JK,1835,H2,2300.0,2167.8123,0
Hybrid,UNVR.JK,1836,H3,2300.0,2163.533,0
Hybrid,UNVR.JK,1835,H1,2300.0,2214.848,0
Hybrid,UNVR.JK,1836,H2,2300.0,2201.608,0
Hybrid,UNVR.JK,1837,H3,2270.0,2196.123,0
Hybrid,UNVR.JK,1836,H1,2300.0,2261.318,0
Hybrid,UNVR.JK,1837,H2,2270.0,2245.1824,1
Hybrid,UNVR.JK,1838,H3,2210.0,2203.5823,1
Hybrid,UNVR.JK,1837,H1,2270.0,2233.823,1
Hybrid,UNVR.JK,1838,H2,2210.0,2186.9907,1
Hybrid,UNVR.JK,1839,H3,2210.0,2247.7388,1
Hybrid,UNVR.JK,1838,H1,2210.0,2172.783,1
Hybrid,UNVR.JK,1839,H2,2210.0,2221.7708,1
Hybrid,UNVR.JK,1840,H3,2170.0,2231.4536,1
Hybrid,UNVR.JK,1839,H1,2210.0,2179.0398,0
Hybrid,UNVR.JK,1840,H2,2170.0,2175.107,1
Hybrid,UNVR.JK,1841,H3,2190.0,2171.792,1
Hybrid,UNVR.JK,1840,H1,2170.0,2220.2168,0
Hybrid,UNVR.JK,1841,H2,2190.0,2211.459,0
Hybrid,UNVR.JK,1842,H3,2170.0,2209.0378,1
Hybrid,UNVR.JK,1841,H1,2190.0,2185.592,1
Hybrid,UNVR.JK,1842,H2,2170.0,2176.6758,0
Hybrid,UNVR.JK,1843,H3,2270.0,2172.9084,1
Hybrid,UNVR.JK,1842,H1,2170.0,2187.382,1
Hybrid,UNVR.JK,1843,H2,2270.0,2176.1565,0
Hybrid,UNVR.JK,1844,H3,2310.0,2174.6511,0
Hybrid,UNVR.JK,1843,H1,2270.0,2166.3333,0
Hybrid,UNVR.JK,1844,H2,2310.0,2156.4646,0
Hybrid,UNVR.JK,1845,H3,2280.0,2161.2861,0
Hybrid,UNVR.JK,1844,H1,2310.0,2226.4236,0
Hybrid,UNVR.JK,1845,H2,2280.0,2225.9817,0
Hybrid,UNVR.JK,1846,H3,2280.0,2231.8044,0
Hybrid,UNVR.JK,1845,H1,2280.0,2255.1162,1
Hybrid,UNVR.JK,1846,H2,2280.0,2252.047,1
Hybrid,UNVR.JK,1847,H3,2270.0,2252.1423,1
Hybrid,UNVR.JK,1846,H1,2280.0,2225.2422,0
Hybrid,UNVR.JK,1847,H2,2270.0,2219.1611,1
Hybrid,UNVR.JK,1848,H3,2320.0,2217.9497,0
Hybrid,UNVR.JK,1847,H1,2270.0,2250.9392,1
Hybrid,UNVR.JK,1848,H2,2320.0,2242.3735,0
Hybrid,UNVR.JK,1849,H3,2350.0,2240.8313,0
Hybrid,UNVR.JK,1848,H1,2320.0,2241.8892,0
Hybrid,UNVR.JK,1849,H2,2350.0,2233.2812,0
Hybrid,UNVR.JK,1850,H3,2440.0,2237.7954,0
Hybrid,UNVR.JK,1849,H1,2350.0,2285.9255,0
Hybrid,UNVR.JK,1850,H2,2440.0,2283.0662,0
Hybrid,UNVR.JK,1851,H3,2370.0,2280.518,0
Hybrid,UNVR.JK,1850,H1,2440.0,2312.6453,0
Hybrid,UNVR.JK,1851,H2,2370.0,2305.187,0
Hybrid,UNVR.JK,1852,H3,2330.0,2301.9243,1
Hybrid,UNVR.JK,1851,H1,2370.0,2399.2603,1
Hybrid,UNVR.JK,1852,H2,2330.0,2390.5151,1
Hybrid,UNVR.JK,1853,H3,2330.0,2397.0212,1
Hybrid,UNVR.JK,1852,H1,2330.0,2306.7554,1
Hybrid,UNVR.JK,1853,H2,2330.0,2304.6284,1
Hybrid,UNVR.JK,1854,H3,2320.0,2303.3335,1
Hybrid,UNVR.JK,1853,H1,2330.0,2296.99,0
Hybrid,UNVR.JK,1854,H2,2320.0,2290.1406,1
Hybrid,UNVR.JK,1855,H3,2330.0,2292.8271,0
Hybrid,UNVR.JK,1854,H1,2320.0,2297.739,1
Hybrid,UNVR.JK,1855,H2,2330.0,2295.2136,0
Hybrid,UNVR.JK,1856,H3,2130.0,2289.665,1
Hybrid,UNVR.JK,1855,H1,2330.0,2305.1973,0
Hybrid,UNVR.JK,1856,H2,2130.0,2296.9988,1
Hybrid,UNVR.JK,1857,H3,2100.0,2293.6628,1
Hybrid,UNVR.JK,1856,H1,2130.0,2287.4521,1
Hybrid,UNVR.JK,1857,H2,2100.0,2279.4617,1
Hybrid,UNVR.JK,1858,H3,2020.0,2276.3855,1
Hybrid,UNVR.JK,1857,H1,2100.0,2066.0293,1
Hybrid,UNVR.JK,1858,H2,2020.0,2052.5166,1
Hybrid,UNVR.JK,1859,H3,2020.0,2047.6721,1
Hybrid,UNVR.JK,1858,H1,2020.0,2015.7551,1
Hybrid,UNVR.JK,1859,H2,2020.0,2003.1509,1
Hybrid,UNVR.JK,1860,H3,1960.0,2007.3977,1
Hybrid,UNVR.JK,1859,H1,2020.0,1966.2388,0
Hybrid,UNVR.JK,1860,H2,1960.0,1961.6636,1
Hybrid,UNVR.JK,1861,H3,1965.0,1987.4648,1
Hybrid,UNVR.JK,1860,H1,1960.0,1998.6067,1
Hybrid,UNVR.JK,1861,H2,1965.0,2014.7244,1
Hybrid,UNVR.JK,1862,H3,1955.0,2001.8872,1
Hybrid,UNVR.JK,1861,H1,1965.0,1953.5767,0
Hybrid,UNVR.JK,1862,H2,1955.0,1940.5471,1
Hybrid,UNVR.JK,1863,H3,1870.0,1942.679,1
Hybrid,UNVR.JK,1862,H1,1955.0,1941.3833,1
Hybrid,UNVR.JK,1863,H2,1870.0,1935.3264,1
Hybrid,UNVR.JK,1864,H3,1780.0,1935.2368,1
Hybrid,UNVR.JK,1863,H1,1870.0,1935.3479,1
Hybrid,UNVR.JK,1864,H2,1780.0,1927.4128,1
Hybrid,UNVR.JK,1865,H3,1755.0,1932.3606,1
Hybrid,UNVR.JK,1864,H1,1780.0,1827.355,1
Hybrid,UNVR.JK,1865,H2,1755.0,1823.145,1
Hybrid,UNVR.JK,1866,H3,1735.0,1822.1602,1
Hybrid,UNVR.JK,1865,H1,1755.0,1720.9448,1
Hybrid,UNVR.JK,1866,H2,1735.0,1712.8828,1
Hybrid,UNVR.JK,1867,H3,1760.0,1714.6934,1
Hybrid,UNVR.JK,1866,H1,1735.0,1716.5693,1
Hybrid,UNVR.JK,1867,H2,1760.0,1714.7266,0
Hybrid,UNVR.JK,1868,H3,1740.0,1717.334,1
Hybrid,UNVR.JK,1867,H1,1760.0,1710.2725,0
Hybrid,UNVR.JK,1868,H2,1740.0,1707.0942,0
Hybrid,UNVR.JK,1869,H3,1825.0,1706.8271,0
Hybrid,UNVR.JK,1868,H1,1740.0,1734.0815,1
Hybrid,UNVR.JK,1869,H2,1825.0,1730.2461,0
Hybrid,UNVR.JK,1870,H3,1800.0,1735.3257,0
Hybrid,UNVR.JK,1869,H1,1825.0,1716.3491,0
Hybrid,UNVR.JK,1870,H2,1800.0,1716.1831,0
Hybrid,UNVR.JK,1871,H3,1770.0,1717.5112,0
Hybrid,UNVR.JK,1870,H1,1800.0,1774.023,1
Hybrid,UNVR.JK,1871,H2,1770.0,1772.1392,1
Hybrid,UNVR.JK,1872,H3,1845.0,1774.1382,0
Hybrid,UNVR.JK,1871,H1,1770.0,1740.0801,1
Hybrid,UNVR.JK,1872,H2,1845.0,1739.773,0
Hybrid,UNVR.JK,1873,H3,1820.0,1743.31,0
Hybrid,UNVR.JK,1872,H1,1845.0,1748.6992,0
Hybrid,UNVR.JK,1873,H2,1820.0,1748.248,0
Hybrid,UNVR.JK,1874,H3,1805.0,1747.7705,0
Hybrid,UNVR.JK,1873,H1,1820.0,1783.3145,1
Hybrid,UNVR.JK,1874,H2,1805.0,1780.3848,1
Hybrid,UNVR.JK,1875,H3,1805.0,1785.4341,1
Hybrid,UNVR.JK,1874,H1,1805.0,1767.728,1
Hybrid,UNVR.JK,1875,H2,1805.0,1769.19,1
Hybrid,UNVR.JK,1876,H3,1740.0,1767.9229,1
Hybrid,UNVR.JK,1875,H1,1805.0,1792.9482,0
Hybrid,UNVR.JK,1876,H2,1740.0,1790.8901,1
Hybrid,UNVR.JK,1877,H3,1795.0,1792.1455,1
Hybrid,UNVR.JK,1876,H1,1740.0,1795.564,1
Hybrid,UNVR.JK,1877,H2,1795.0,1797.5869,1
Hybrid,UNVR.JK,1878,H3,1915.0,1799.0552,0
Hybrid,UNVR.JK,1877,H1,1795.0,1736.478,0
Hybrid,UNVR.JK,1878,H2,1915.0,1733.7778,0
Hybrid,UNVR.JK,1879,H3,1870.0,1734.668,0
Hybrid,UNVR.JK,1878,H1,1915.0,1766.9863,0
Hybrid,UNVR.JK,1879,H2,1870.0,1766.665,0
Hybrid,UNVR.JK,1880,H3,1885.0,1771.1772,0
Hybrid,UNVR.JK,1879,H1,1870.0,1859.2021,1
Hybrid,UNVR.JK,1880,H2,1885.0,1868.9067,1
Hybrid,UNVR.JK,1881,H3,1865.0,1876.7368,1
Hybrid,UNVR.JK,1880,H1,1885.0,1854.6235,0
Hybrid,UNVR.JK,1881,H2,1865.0,1856.4824,1
Hybrid,UNVR.JK,1882,H3,1875.0,1848.3999,0
Hybrid,UNVR.JK,1881,H1,1865.0,1893.0435,0
Hybrid,UNVR.JK,1882,H2,1875.0,1881.4331,1
Hybrid,UNVR.JK,1883,H3,1875.0,1883.0825,1
Hybrid,UNVR.JK,1882,H1,1875.0,1886.896,1
Hybrid,UNVR.JK,1883,H2,1875.0,1888.3003,1
Hybrid,UNVR.JK,1884,H3,1910.0,1890.8569,1
Hybrid,UNVR.JK,1883,H1,1875.0,1872.7881,1
Hybrid,UNVR.JK,1884,H2,1910.0,1872.9497,0
Hybrid,UNVR.JK,1885,H3,1875.0,1866.627,0
Hybrid,UNVR.JK,1884,H1,1910.0,1860.6089,0
Hybrid,UNVR.JK,1885,H2,1875.0,1855.0312,0
Hybrid,UNVR.JK,1886,H3,1870.0,1858.0337,1
Hybrid,UNVR.JK,1885,H1,1875.0,1868.5767,1
Hybrid,UNVR.JK,1886,H2,1870.0,1872.7437,1
Hybrid,UNVR.JK,1887,H3,1895.0,1868.8774,1
Hybrid,UNVR.JK,1886,H1,1870.0,1848.6299,1
Hybrid,UNVR.JK,1887,H2,1895.0,1844.001,0
Hybrid,UNVR.JK,1888,H3,2000.0,1845.8877,0
Hybrid,UNVR.JK,1887,H1,1895.0,1836.3057,0
Hybrid,UNVR.JK,1888,H2,2000.0,1838.8569,0
Hybrid,UNVR.JK,1889,H3,1945.0,1842.5371,0
Hybrid,UNVR.JK,1888,H1,2000.0,1864.9409,0
Hybrid,UNVR.JK,1889,H2,1945.0,1866.4043,0
Hybrid,UNVR.JK,1890,H3,1905.0,1863.1284,0
Hybrid,UNVR.JK,1889,H1,1945.0,1929.323,1
Hybrid,UNVR.JK,1890,H2,1905.0,1929.6213,1
Hybrid,UNVR.JK,1891,H3,1870.0,1942.1323,1
Hybrid,UNVR.JK,1890,H1,1905.0,1895.145,1
Hybrid,UNVR.JK,1891,H2,1870.0,1901.5469,1
Hybrid,UNVR.JK,1892,H3,1825.0,1903.0269,1
Hybrid,UNVR.JK,1891,H1,1870.0,1879.4268,1
Hybrid,UNVR.JK,1892,H2,1825.0,1877.5479,1
Hybrid,UNVR.JK,1893,H3,1760.0,1878.5122,1
Hybrid,UNVR.JK,1892,H1,1825.0,1858.2427,1
Hybrid,UNVR.JK,1893,H2,1760.0,1860.2524,1
Hybrid,UNVR.JK,1894,H3,1805.0,1861.7085,1
Hybrid,UNVR.JK,1893,H1,1760.0,1817.7817,1
Hybrid,UNVR.JK,1894,H2,1805.0,1819.395,1
Hybrid,UNVR.JK,1895,H3,1770.0,1813.2104,1
Hybrid,UNVR.JK,1894,H1,1805.0,1750.9731,0
Hybrid,UNVR.JK,1895,H2,1770.0,1744.3926,0
Hybrid,UNVR.JK,1896,H3,1750.0,1750.2646,1
Hybrid,UNVR.JK,1895,H1,1770.0,1789.3428,1
Hybrid,UNVR.JK,1896,H2,1750.0,1794.856,1
Hybrid,UNVR.JK,1897,H3,1785.0,1798.0356,1
Hybrid,UNVR.JK,1896,H1,1750.0,1765.7383,1
Hybrid,UNVR.JK,1897,H2,1785.0,1763.5005,0
Hybrid,UNVR.JK,1898,H3,1780.0,1767.4512,0
Hybrid,UNVR.JK,1897,H1,1785.0,1741.5698,0
Hybrid,UNVR.JK,1898,H2,1780.0,1745.9697,0
Hybrid,UNVR.JK,1899,H3,1840.0,1752.0571,1
Hybrid,UNVR.JK,1898,H1,1780.0,1760.7852,1
Hybrid,UNVR.JK,1899,H2,1840.0,1765.1001,0
Hybrid,UNVR.JK,1900,H3,1885.0,1764.4795,0
Hybrid,UNVR.JK,1899,H1,1840.0,1768.6514,0
Hybrid,UNVR.JK,1900,H2,1885.0,1767.815,0
Hybrid,UNVR.JK,1901,H3,1835.0,1767.4961,0
Hybrid,UNVR.JK,1900,H1,1885.0,1781.8774,0
Hybrid,UNVR.JK,1901,H2,1835.0,1781.6382,1
Hybrid,UNVR.JK,1902,H3,1775.0,1780.7471,1
Hybrid,UNVR.JK,1901,H1,1835.0,1807.2354,1
Hybrid,UNVR.JK,1902,H2,1775.0,1801.1406,1
Hybrid,UNVR.JK,1903,H3,1745.0,1804.9229,1
Hybrid,UNVR.JK,1902,H1,1775.0,1770.7266,1
Hybrid,UNVR.JK,1903,H2,1745.0,1769.5132,1
Hybrid,UNVR.JK,1904,H3,1780.0,1765.5703,1
Hybrid,UNVR.JK,1903,H1,1745.0,1734.1304,1
Hybrid,UNVR.JK,1904,H2,1780.0,1728.1274,0
Hybrid,UNVR.JK,1905,H3,1725.0,1730.7305,1
Hybrid,UNVR.JK,1904,H1,1780.0,1713.2974,0
Hybrid,UNVR.JK,1905,H2,1725.0,1712.5073,1
Hybrid,UNVR.JK,1906,H3,1690.0,1713.249,1
Hybrid,UNVR.JK,1905,H1,1725.0,1755.7397,1
Hybrid,UNVR.JK,1906,H2,1690.0,1754.9946,1
Hybrid,UNVR.JK,1907,H3,1705.0,1754.5645,1
Hybrid,UNVR.JK,1906,H1,1690.0,1710.6694,1
Hybrid,UNVR.JK,1907,H2,1705.0,1709.6147,1
Hybrid,UNVR.JK,1908,H3,1720.0,1714.6143,1
Hybrid,UNVR.JK,1907,H1,1705.0,1667.9814,0
Hybrid,UNVR.JK,1908,H2,1720.0,1667.9419,0
Hybrid,UNVR.JK,1909,H3,1745.0,1668.2334,0
Hybrid,UNVR.JK,1908,H1,1720.0,1685.669,0
Hybrid,UNVR.JK,1909,H2,1745.0,1682.477,0
Hybrid,UNVR.JK,1910,H3,1735.0,1689.5679,0
Hybrid,UNVR.JK,1909,H1,1745.0,1695.8691,0
Hybrid,UNVR.JK,1910,H2,1735.0,1698.2695,0
Hybrid,UNVR.JK,1911,H3,1785.0,1705.0205,0
Hybrid,UNVR.JK,1910,H1,1735.0,1724.688,1
Hybrid,UNVR.JK,1911,H2,1785.0,1728.6758,0
Hybrid,UNVR.JK,1912,H3,1790.0,1730.3701,0
Hybrid,UNVR.JK,1911,H1,1785.0,1722.8765,0
Hybrid,UNVR.JK,1912,H2,1790.0,1722.9541,0
Hybrid,UNVR.JK,1913,H3,1750.0,1730.458,0
Hybrid,UNVR.JK,1912,H1,1790.0,1777.2476,0
Hybrid,UNVR.JK,1913,H2,1750.0,1785.1782,0
Hybrid,UNVR.JK,1914,H3,1730.0,1785.148,0
Hybrid,UNVR.JK,1913,H1,1750.0,1739.605,1
Hybrid,UNVR.JK,1914,H2,1730.0,1735.9702,1
Hybrid,UNVR.JK,1915,H3,1695.0,1738.648,1
Hybrid,UNVR.JK,1914,H1,1730.0,1708.1602,1
Hybrid,UNVR.JK,1915,H2,1695.0,1710.1074,1
Hybrid,UNVR.JK,1916,H3,1740.0,1710.9316,1
Hybrid,UNVR.JK,1915,H1,1695.0,1682.5806,1
Hybrid,UNVR.JK,1916,H2,1740.0,1683.0796,0
Hybrid,UNVR.JK,1917,H3,1690.0,1682.0073,1
Hybrid,UNVR.JK,1916,H1,1740.0,1677.0059,0
Hybrid,UNVR.JK,1917,H2,1690.0,1676.8467,1
Hybrid,UNVR.JK,1918,H3,1650.0,1679.459,1
Hybrid,UNVR.JK,1917,H1,1690.0,1695.2832,1
Hybrid,UNVR.JK,1918,H2,1650.0,1696.9722,1
Hybrid,UNVR.JK,1919,H3,1630.0,1676.1636,1
Hybrid,UNVR.JK,1918,H1,1650.0,1648.3408,1
Hybrid,UNVR.JK,1919,H2,1630.0,1635.4922,1
Hybrid,UNVR.JK,1920,H3,1580.0,1648.5752,1
Hybrid,UNVR.JK,1919,H1,1630.0,1599.7222,1
Hybrid,UNVR.JK,1920,H2,1580.0,1611.479,1
Hybrid,UNVR.JK,1921,H3,1565.0,1611.2646,1
Hybrid,UNVR.JK,1920,H1,1580.0,1604.7852,1
Hybrid,UNVR.JK,1921,H2,1565.0,1605.1694,1
Hybrid,UNVR.JK,1922,H3,1565.0,1613.5986,1
Hybrid,UNVR.JK,1921,H1,1565.0,1560.2393,1
Hybrid,UNVR.JK,1922,H2,1565.0,1565.1626,1
Hybrid,UNVR.JK,1923,H3,1510.0,1571.6724,1
Hybrid,UNVR.JK,1922,H1,1565.0,1558.1064,0
Hybrid,UNVR.JK,1923,H2,1510.0,1562.8359,1
Hybrid,UNVR.JK,1924,H3,1425.0,1566.4731,0
Hybrid,UNVR.JK,1923,H1,1510.0,1556.7036,1
Hybrid,UNVR.JK,1924,H2,1425.0,1559.7549,1
Hybrid,UNVR.JK,1925,H3,1505.0,1562.8247,1
Hybrid,UNVR.JK,1924,H1,1425.0,1511.562,0
Hybrid,UNVR.JK,1925,H2,1505.0,1509.5537,1
Hybrid,UNVR.JK,1926,H3,1425.0,1514.2549,0
Hybrid,UNVR.JK,1925,H1,1505.0,1451.9551,1
Hybrid,UNVR.JK,1926,H2,1425.0,1451.8105,0
Hybrid,UNVR.JK,1927,H3,1375.0,1462.4902,0
Hybrid,UNVR.JK,1926,H1,1425.0,1448.4834,1
Hybrid,UNVR.JK,1927,H2,1375.0,1453.9995,1
Hybrid,UNVR.JK,1928,H3,1415.0,1466.227,1
Hybrid,UNVR.JK,1927,H1,1375.0,1399.2822,1
Hybrid,UNVR.JK,1928,H2,1415.0,1401.7744,1
Hybrid,UNVR.JK,1929,H3,1465.0,1403.5161,0
Hybrid,UNVR.JK,1928,H1,1415.0,1388.7373,1
Hybrid,UNVR.JK,1929,H2,1465.0,1386.8501,1
Hybrid,UNVR.JK,1930,H3,1440.0,1387.186,1
Hybrid,UNVR.JK,1929,H1,1465.0,1432.8638,1
Hybrid,UNVR.JK,1930,H2,1440.0,1430.2192,1
Hybrid,UNVR.JK,1931,H3,1450.0,1435.0259,1
Hybrid,UNVR.JK,1930,H1,1440.0,1423.7036,1
Hybrid,UNVR.JK,1931,H2,1450.0,1417.8291,1
Hybrid,UNVR.JK,1932,H3,1375.0,1425.7686,1
Hybrid,UNVR.JK,1931,H1,1450.0,1418.8301,0
Hybrid,UNVR.JK,1932,H2,1375.0,1415.3228,1
Hybrid,UNVR.JK,1933,H3,1350.0,1419.606,1
Hybrid,UNVR.JK,1932,H1,1375.0,1440.2495,1
Hybrid,UNVR.JK,1933,H2,1350.0,1437.2407,1
Hybrid,UNVR.JK,1934,H3,1290.0,1435.1992,1
Hybrid,UNVR.JK,1933,H1,1350.0,1366.1421,1
Hybrid,UNVR.JK,1934,H2,1290.0,1357.0166,1
Hybrid,UNVR.JK,1935,H3,1265.0,1354.456,1
Hybrid,UNVR.JK,1934,H1,1290.0,1302.0615,1
Hybrid,UNVR.JK,1935,H2,1265.0,1284.2075,1
Hybrid,UNVR.JK,1936,H3,1150.0,1280.5361,1
Hybrid,UNVR.JK,1935,H1,1265.0,1238.6401,1
Hybrid,UNVR.JK,1936,H2,1150.0,1220.8345,1
Hybrid,UNVR.JK,1937,H3,1200.0,1221.7759,1
Hybrid,UNVR.JK,1936,H1,1150.0,1201.2891,1
Hybrid,UNVR.JK,1937,H2,1200.0,1185.4707,1
Hybrid,UNVR.JK,1938,H3,1200.0,1185.8755,1
Hybrid,UNVR.JK,1937,H1,1200.0,1130.6611,0
Hybrid,UNVR.JK,1938,H2,1200.0,1115.0757,0
Hybrid,UNVR.JK,1939,H3,1015.0,1118.9219,1
Hybrid,UNVR.JK,1938,H1,1200.0,1125.352,0
Hybrid,UNVR.JK,1939,H2,1015.0,1123.6611,1
Hybrid,UNVR.JK,1940,H3,1125.0,1115.1797,1
Hybrid,UNVR.JK,1939,H1,1015.0,1151.7856,1
Hybrid,UNVR.JK,1940,H2,1125.0,1137.0645,1
Hybrid,UNVR.JK,1941,H3,1090.0,1148.6782,1
Hybrid,UNVR.JK,1940,H1,1125.0,1073.5122,1
Hybrid,UNVR.JK,1941,H2,1090.0,1092.6582,1
Hybrid,UNVR.JK,1942,H3,1120.0,1110.3496,1
Hybrid,UNVR.JK,1941,H1,1090.0,1061.7788,1
Hybrid,UNVR.JK,1942,H2,1120.0,1092.748,1
Hybrid,UNVR.JK,1943,H3,1140.0,1110.9473,0
Hybrid,UNVR.JK,1942,H1,1120.0,1063.813,0
Hybrid,UNVR.JK,1943,H2,1140.0,1092.3306,1
Hybrid,UNVR.JK,1944,H3,1200.0,1117.2798,1
Hybrid,UNVR.JK,1943,H1,1140.0,1084.8779,0
Hybrid,UNVR.JK,1944,H2,1200.0,1116.5415,0
Hybrid,UNVR.JK,1945,H3,1180.0,1131.9517,1
Hybrid,UNVR.JK,1944,H1,1200.0,1133.3496,0
Hybrid,UNVR.JK,1945,H2,1180.0,1149.417,1
Hybrid,UNVR.JK,1946,H3,1190.0,1173.5503,1
Hybrid,UNVR.JK,1945,H1,1180.0,1161.3818,1
Hybrid,UNVR.JK,1946,H2,1190.0,1180.1768,1
Hybrid,UNVR.JK,1947,H3,1150.0,1201.9614,0
Hybrid,UNVR.JK,1946,H1,1190.0,1183.1753,1
Hybrid,UNVR.JK,1947,H2,1150.0,1183.606,0
Hybrid,UNVR.JK,1948,H3,1260.0,1192.6431,1
Hybrid,UNVR.JK,1947,H1,1150.0,1212.9443,0
Hybrid,UNVR.JK,1948,H2,1260.0,1194.4829,1
Hybrid,UNVR.JK,1949,H3,1300.0,1199.0371,1
Hybrid,UNVR.JK,1948,H1,1260.0,1209.9307,1
Hybrid,UNVR.JK,1949,H2,1300.0,1193.9585,1
Hybrid,UNVR.JK,1950,H3,1365.0,1182.0,1
Hybrid,UNVR.JK,1949,H1,1300.0,1227.7588,0
Hybrid,UNVR.JK,1950,H2,1365.0,1217.6152,0
Hybrid,UNVR.JK,1951,H3,1360.0,1226.4497,0
Hybrid,UNVR.JK,1950,H1,1365.0,1274.4946,0
Hybrid,UNVR.JK,1951,H2,1360.0,1270.3989,0
Hybrid,UNVR.JK,1952,H3,1360.0,1282.0371,0
Hybrid,UNVR.JK,1951,H1,1360.0,1357.106,1
Hybrid,UNVR.JK,1952,H2,1360.0,1353.94,1
Hybrid,UNVR.JK,1953,H3,1305.0,1367.749,0
Hybrid,UNVR.JK,1952,H1,1360.0,1360.7227,1
Hybrid,UNVR.JK,1953,H2,1305.0,1341.7466,1
Hybrid,UNVR.JK,1954,H3,1295.0,1346.9619,1
Hybrid,UNVR.JK,1953,H1,1305.0,1344.6646,1
Hybrid,UNVR.JK,1954,H2,1295.0,1326.4512,1
Hybrid,UNVR.JK,1955,H3,1250.0,1319.7231,1
Hybrid,UNVR.JK,1954,H1,1295.0,1314.2056,0
Hybrid,UNVR.JK,1955,H2,1250.0,1277.7134,1
Hybrid,UNVR.JK,1956,H3,1245.0,1274.2881,1
Hybrid,UNVR.JK,1955,H1,1250.0,1296.5391,0
Hybrid,UNVR.JK,1956,H2,1245.0,1272.0596,1
Hybrid,UNVR.JK,1957,H3,1240.0,1269.7461,1
Hybrid,UNVR.JK,1956,H1,1245.0,1275.0454,0
Hybrid,UNVR.JK,1957,H2,1240.0,1249.3999,1
Hybrid,UNVR.JK,1958,H3,1265.0,1232.0308,0
Hybrid,UNVR.JK,1957,H1,1240.0,1296.2378,0
Hybrid,UNVR.JK,1958,H2,1265.0,1261.4961,1
Hybrid,UNVR.JK,1959,H3,1180.0,1248.1353,0
Hybrid,UNVR.JK,1958,H1,1265.0,1281.959,1
Hybrid,UNVR.JK,1959,H2,1180.0,1258.1387,0
Hybrid,UNVR.JK,1960,H3,1155.0,1249.0615,0
Hybrid,UNVR.JK,1959,H1,1180.0,1303.9932,0
Hybrid,UNVR.JK,1960,H2,1155.0,1280.8467,0
Hybrid,UNVR.JK,1961,H3,1285.0,1267.1431,1
Hybrid,UNVR.JK,1960,H1,1155.0,1265.3027,0
Hybrid,UNVR.JK,1961,H2,1285.0,1231.7842,1
Hybrid,UNVR.JK,1962,H3,1310.0,1220.4614,1
Hybrid,UNVR.JK,1961,H1,1285.0,1226.0806,1
Hybrid,UNVR.JK,1962,H2,1310.0,1203.8418,1
Hybrid,UNVR.JK,1963,H3,1360.0,1185.8179,1
Hybrid,UNVR.JK,1962,H1,1310.0,1316.7358,1
Hybrid,UNVR.JK,1963,H2,1360.0,1296.7417,1
Hybrid,UNVR.JK,1964,H3,1330.0,1296.5718,1
Hybrid,UNVR.JK,1963,H1,1360.0,1322.625,1
Hybrid,UNVR.JK,1964,H2,1330.0,1305.3398,0
Hybrid,UNVR.JK,1965,H3,1320.0,1307.0801,0
Hybrid,UNVR.JK,1964,H1,1330.0,1367.2739,0
Hybrid,UNVR.JK,1965,H2,1320.0,1358.8032,1
Hybrid,UNVR.JK,1966,H3,1320.0,1372.8965,0
Hybrid,UNVR.JK,1965,H1,1320.0,1387.7183,0
Hybrid,UNVR.JK,1966,H2,1320.0,1370.6216,0
Hybrid,UNVR.JK,1967,H3,1345.0,1368.5015,1
Hybrid,UNVR.JK,1966,H1,1320.0,1374.8281,0
Hybrid,UNVR.JK,1967,H2,1345.0,1354.5103,1
Hybrid,UNVR.JK,1968,H3,1385.0,1352.8765,1
Hybrid,UNVR.JK,1967,H1,1345.0,1385.3877,1
Hybrid,UNVR.JK,1968,H2,1385.0,1368.1636,1
Hybrid,UNVR.JK,1969,H3,1425.0,1365.2754,1
Hybrid,UNVR.JK,1968,H1,1385.0,1446.7812,1
Hybrid,UNVR.JK,1969,H2,1425.0,1434.5396,1
Hybrid,UNVR.JK,1970,H3,1495.0,1441.2368,1
Hybrid,UNVR.JK,1969,H1,1425.0,1491.1426,1
Hybrid,UNVR.JK,1970,H2,1495.0,1483.6299,1
Hybrid,UNVR.JK,1971,H3,1750.0,1486.6353,1
Hybrid,UNVR.JK,1970,H1,1495.0,1559.5908,1
Hybrid,UNVR.JK,1971,H2,1750.0,1553.7617,1
Hybrid,UNVR.JK,1972,H3,1665.0,1564.4741,1
Hybrid,UNVR.JK,1971,H1,1750.0,1646.938,1
Hybrid,UNVR.JK,1972,H2,1665.0,1642.4634,1
Hybrid,UNVR.JK,1973,H3,1680.0,1651.4258,1
Hybrid,UNVR.JK,1972,H1,1665.0,1710.9482,1
Hybrid,UNVR.JK,1973,H2,1680.0,1713.7451,1
Hybrid,UNVR.JK,1974,H3,1715.0,1686.021,1
Hybrid,UNVR.JK,1973,H1,1680.0,1684.4902,1
Hybrid,UNVR.JK,1974,H2,1715.0,1639.4731,0
Hybrid,UNVR.JK,1975,H3,1755.0,1678.4639,1
Hybrid,UNVR.JK,1974,H1,1715.0,1690.2012,1
Hybrid,UNVR.JK,1975,H2,1755.0,1716.8809,1
Hybrid,UNVR.JK,1976,H3,1775.0,1730.8604,1
Hybrid,UNVR.JK,1975,H1,1755.0,1774.23,1
Hybrid,UNVR.JK,1976,H2,1775.0,1763.9502,1
Hybrid,UNVR.JK,1977,H3,1835.0,1765.6455,1
Hybrid,UNVR.JK,1976,H1,1775.0,1779.8374,1
Hybrid,UNVR.JK,1977,H2,1835.0,1760.9985,1
Hybrid,UNVR.JK,1978,H3,1810.0,1761.5747,1
Hybrid,UNVR.JK,1977,H1,1835.0,1790.8823,1
Hybrid,UNVR.JK,1978,H2,1810.0,1776.3418,1
Hybrid,UNVR.JK,1979,H3,1780.0,1783.4683,1
Hybrid,UNVR.JK,1978,H1,1810.0,1813.8267,1
Hybrid,UNVR.JK,1979,H2,1780.0,1800.7847,1
Hybrid,UNVR.JK,1980,H3,1780.0,1795.2251,1
Hybrid,UNVR.JK,1979,H1,1780.0,1801.915,1
Hybrid,UNVR.JK,1980,H2,1780.0,1784.7441,1
Hybrid,UNVR.JK,1981,H3,1785.0,1776.6196,1
Hybrid,UNVR.JK,1980,H1,1780.0,1784.21,1
Hybrid,UNVR.JK,1981,H2,1785.0,1764.6973,0
Hybrid,UNVR.JK,1982,H3,1790.0,1758.4819,0
Hybrid,UNVR.JK,1981,H1,1785.0,1777.1309,0
Hybrid,UNVR.JK,1982,H2,1790.0,1762.3179,0
Hybrid,UNVR.JK,1983,H3,1765.0,1753.2856,1
Hybrid,UNVR.JK,1982,H1,1790.0,1781.0708,0
Hybrid,UNVR.JK,1983,H2,1765.0,1766.1284,1
Hybrid,UNVR.JK,1984,H3,1765.0,1758.9531,1
Hybrid,UNVR.JK,1983,H1,1765.0,1768.3755,1
Hybrid,UNVR.JK,1984,H2,1765.0,1752.228,1
Hybrid,UNVR.JK,1985,H3,1710.0,1744.6558,1
Hybrid,UNVR.JK,1984,H1,1765.0,1776.3623,0
Hybrid,UNVR.JK,1985,H2,1710.0,1761.623,1
Hybrid,UNVR.JK,1986,H3,1760.0,1759.6284,1
Hybrid,UNVR.JK,1985,H1,1710.0,1748.5679,1
Hybrid,UNVR.JK,1986,H2,1760.0,1734.1162,1
Hybrid,UNVR.JK,1987,H3,1815.0,1734.6362,0
Hybrid,UNVR.JK,1986,H1,1760.0,1732.2627,1
Hybrid,UNVR.JK,1987,H2,1815.0,1721.5679,1
Hybrid,UNVR.JK,1988,H3,1785.0,1715.7773,1
Hybrid,UNVR.JK,1987,H1,1815.0,1772.7305,1
Hybrid,UNVR.JK,1988,H2,1785.0,1758.417,0
Hybrid,UNVR.JK,1989,H3,1765.0,1757.7393,0
Hybrid,UNVR.JK,1988,H1,1785.0,1754.271,1
Hybrid,UNVR.JK,1989,H2,1765.0,1746.2427,1
Hybrid,UNVR.JK,1990,H3,1740.0,1746.3481,1
Hybrid,UNVR.JK,1989,H1,1765.0,1735.8872,1
Hybrid,UNVR.JK,1990,H2,1740.0,1722.7749,1
Hybrid,UNVR.JK,1991,H3,1730.0,1723.0283,1
Hybrid,UNVR.JK,1990,H1,1740.0,1715.3765,1
Hybrid,UNVR.JK,1991,H2,1730.0,1705.2114,1
Hybrid,UNVR.JK,1992,H3,1730.0,1696.4585,1
Hybrid,UNVR.JK,1991,H1,1730.0,1699.4897,1
Hybrid,UNVR.JK,1992,H2,1730.0,1684.647,1
Hybrid,UNVR.JK,1993,H3,1690.0,1681.1172,1
Hybrid,UNVR.JK,1992,H1,1730.0,1697.2119,0
Hybrid,UNVR.JK,1993,H2,1690.0,1687.4121,1
Hybrid,UNVR.JK,1994,H3,1645.0,1686.9019,1
Hybrid,UNVR.JK,1993,H1,1690.0,1684.915,1
Hybrid,UNVR.JK,1994,H2,1645.0,1678.3599,1
Hybrid,UNVR.JK,1995,H3,1625.0,1672.9067,1
Hybrid,UNVR.JK,1994,H1,1645.0,1636.6006,1
Hybrid,UNVR.JK,1995,H2,1625.0,1623.6733,1
Hybrid,UNVR.JK,1996,H3,1620.0,1621.6992,1
Hybrid,UNVR.JK,1995,H1,1625.0,1574.6572,1
Hybrid,UNVR.JK,1996,H2,1620.0,1567.4512,1
Hybrid,UNVR.JK,1997,H3,1615.0,1568.5488,1
Hybrid,UNVR.JK,1996,H1,1620.0,1570.688,1
Hybrid,UNVR.JK,1997,H2,1615.0,1566.1597,1
Hybrid,UNVR.JK,1998,H3,1625.0,1563.6572,0
Hybrid,UNVR.JK,1997,H1,1615.0,1585.0244,1
Hybrid,UNVR.JK,1998,H2,1625.0,1579.7725,0
Hybrid,UNVR.JK,1999,H3,1560.0,1583.6025,1
Hybrid,UNVR.JK,1998,H1,1625.0,1570.4736,0
Hybrid,UNVR.JK,1999,H2,1560.0,1573.3608,1
Hybrid,UNVR.JK,2000,H3,1500.0,1576.1733,1
Hybrid,UNVR.JK,1999,H1,1560.0,1576.3706,1
Hybrid,UNVR.JK,2000,H2,1500.0,1575.1855,1
Hybrid,UNVR.JK,2001,H3,1480.0,1578.2134,1
Hybrid,UNVR.JK,2000,H1,1500.0,1495.7153,1
Hybrid,UNVR.JK,2001,H2,1480.0,1496.2231,1
Hybrid,UNVR.JK,2002,H3,1470.0,1504.2686,1
Hybrid,UNVR.JK,2001,H1,1480.0,1460.5781,1
Hybrid,UNVR.JK,2002,H2,1470.0,1463.6274,1
Hybrid,UNVR.JK,2003,H3,1450.0,1465.3843,1
Hybrid,UNVR.JK,2002,H1,1470.0,1472.7056,1
Hybrid,UNVR.JK,2003,H2,1450.0,1471.9185,1
Hybrid,UNVR.JK,2004,H3,1380.0,1479.561,1
Hybrid,UNVR.JK,2003,H1,1450.0,1457.7881,1
Hybrid,UNVR.JK,2004,H2,1380.0,1464.0552,1
Hybrid,UNVR.JK,2005,H3,1365.0,1471.1787,0
Hybrid,UNVR.JK,2004,H1,1380.0,1437.0303,1
Hybrid,UNVR.JK,2005,H2,1365.0,1438.0693,1
Hybrid,UNVR.JK,2006,H3,1445.0,1443.3418,1
Hybrid,UNVR.JK,2005,H1,1365.0,1368.3296,1
Hybrid,UNVR.JK,2006,H2,1445.0,1368.0874,0
Hybrid,UNVR.JK,2007,H3,1455.0,1374.2324,0
Hybrid,UNVR.JK,2006,H1,1445.0,1343.4668,0
Hybrid,UNVR.JK,2007,H2,1455.0,1342.6245,0
Hybrid,UNVR.JK,2008,H3,1460.0,1343.7354,0
Hybrid,UNVR.JK,2007,H1,1455.0,1408.3491,0
Hybrid,UNVR.JK,2008,H2,1460.0,1409.4043,0
Hybrid,UNVR.JK,2009,H3,1450.0,1404.3159,0
Hybrid,UNVR.JK,2008,H1,1460.0,1416.2998,0
Hybrid,UNVR.JK,2009,H2,1450.0,1404.6426,1
Hybrid,UNVR.JK,2010,H3,1470.0,1448.8423,0
Hybrid,UNVR.JK,2009,H1,1450.0,1409.1177,1
Hybrid,UNVR.JK,2010,H2,1470.0,1448.2241,0
Hybrid,UNVR.JK,2011,H3,1470.0,1447.3169,0
Hybrid,UNVR.JK,2010,H1,1470.0,1445.894,0
Hybrid,UNVR.JK,2011,H2,1470.0,1446.0723,0
Hybrid,UNVR.JK,2012,H3,1595.0,1451.5005,1
Hybrid,UNVR.JK,2011,H1,1470.0,1469.293,1
Hybrid,UNVR.JK,2012,H2,1595.0,1472.2095,1
Hybrid,UNVR.JK,2013,H3,1545.0,1474.8643,1
Hybrid,UNVR.JK,2012,H1,1595.0,1461.8369,0
Hybrid,UNVR.JK,2013,H2,1545.0,1463.1104,0
Hybrid,UNVR.JK,2014,H3,1560.0,1473.896,1
Hybrid,UNVR.JK,2013,H1,1545.0,1502.249,1
Hybrid,UNVR.JK,2014,H2,1560.0,1516.9287,1
Hybrid,UNVR.JK,2015,H3,1520.0,1523.9507,1
Hybrid,UNVR.JK,2014,H1,1560.0,1483.4209,0
Hybrid,UNVR.JK,2015,H2,1520.0,1483.0332,1
Hybrid,UNVR.JK,2016,H3,1515.0,1490.394,1
Hybrid,UNVR.JK,2015,H1,1520.0,1521.4199,1
Hybrid,UNVR.JK,2016,H2,1515.0,1524.3789,1
Hybrid,UNVR.JK,2017,H3,1580.0,1531.0762,0
Hybrid,UNVR.JK,2016,H1,1515.0,1508.7412,1
Hybrid,UNVR.JK,2017,H2,1580.0,1512.7891,0
Hybrid,UNVR.JK,2018,H3,1575.0,1511.6865,0
Hybrid,UNVR.JK,2017,H1,1580.0,1520.332,1
Hybrid,UNVR.JK,2018,H2,1575.0,1522.688,1
Hybrid,UNVR.JK,2019,H3,1575.0,1528.1113,1
Hybrid,UNVR.JK,2018,H1,1575.0,1589.5557,0
Hybrid,UNVR.JK,2019,H2,1575.0,1601.1318,0
Hybrid,UNVR.JK,2020,H3,1570.0,1606.0674,0
Hybrid,UNVR.JK,2019,H1,1575.0,1594.8052,0
Hybrid,UNVR.JK,2020,H2,1570.0,1592.4111,0
Hybrid,UNVR.JK,2021,H3,1560.0,1596.0737,0
Hybrid,UNVR.JK,2020,H1,1570.0,1580.2148,0
Hybrid,UNVR.JK,2021,H2,1560.0,1579.5347,0
Hybrid,UNVR.JK,2022,H3,1575.0,1581.3975,0
Hybrid,UNVR.JK,2021,H1,1560.0,1589.6636,0
Hybrid,UNVR.JK,2022,H2,1575.0,1590.0547,1
Hybrid,UNVR.JK,2023,H3,1510.0,1586.6562,0
Hybrid,UNVR.JK,2022,H1,1575.0,1575.2637,1
Hybrid,UNVR.JK,2023,H2,1510.0,1574.9033,0
Hybrid,UNVR.JK,2024,H3,1550.0,1577.6885,0
Hybrid,UNVR.JK,2023,H1,1510.0,1584.5269,0
Hybrid,UNVR.JK,2024,H2,1550.0,1587.1562,0
Hybrid,UNVR.JK,2025,H3,1570.0,1583.478,0
Hybrid,UNVR.JK,2024,H1,1550.0,1511.8535,1
Hybrid,UNVR.JK,2025,H2,1570.0,1507.8726,0
Hybrid,UNVR.JK,2026,H3,1570.0,1510.2412,1
Hybrid,UNVR.JK,2025,H1,1570.0,1579.8555,1
Hybrid,UNVR.JK,2026,H2,1570.0,1582.7192,1
Hybrid,UNVR.JK,2027,H3,1585.0,1595.6538,1
Hybrid,UNVR.JK,2026,H1,1570.0,1598.9858,0
Hybrid,UNVR.JK,2027,H2,1585.0,1602.0771,1
Hybrid,UNVR.JK,2028,H3,1545.0,1601.9487,0
Hybrid,UNVR.JK,2027,H1,1585.0,1585.7803,1
Hybrid,UNVR.JK,2028,H2,1545.0,1585.0098,0
Hybrid,UNVR.JK,2029,H3,1555.0,1588.5923,0
Hybrid,UNVR.JK,2028,H1,1545.0,1597.3535,0
Hybrid,UNVR.JK,2029,H2,1555.0,1599.8608,0
Hybrid,UNVR.JK,2030,H3,1555.0,1595.9814,0
Hybrid,UNVR.JK,2029,H1,1555.0,1559.6084,1
Hybrid,UNVR.JK,2030,H2,1555.0,1556.7725,1
Hybrid,UNVR.JK,2031,H3,1530.0,1558.7275,0
Hybrid,UNVR.JK,2030,H1,1555.0,1569.3516,0
Hybrid,UNVR.JK,2031,H2,1530.0,1571.2583,0
Hybrid,UNVR.JK,2032,H3,1710.0,1569.9106,1
Hybrid,UNVR.JK,2031,H1,1530.0,1572.1011,0
Hybrid,UNVR.JK,2032,H2,1710.0,1575.1475,1
Hybrid,UNVR.JK,2033,H3,1770.0,1580.8423,1
Hybrid,UNVR.JK,2032,H1,1710.0,1548.6099,1
Hybrid,UNVR.JK,2033,H2,1770.0,1558.6665,1
Hybrid,UNVR.JK,2034,H3,1760.0,1554.9214,1
Hybrid,UNVR.JK,2033,H1,1770.0,1695.7134,0
Hybrid,UNVR.JK,2034,H2,1760.0,1710.6655,1
Hybrid,UNVR.JK,2035,H3,1800.0,1720.8921,1
Hybrid,UNVR.JK,2034,H1,1760.0,1737.5151,1
Hybrid,UNVR.JK,2035,H2,1800.0,1741.792,0
Hybrid,UNVR.JK,2036,H3,1735.0,1751.3608,1
Hybrid,UNVR.JK,2035,H1,1800.0,1741.4438,0
Hybrid,UNVR.JK,2036,H2,1735.0,1740.312,1
Hybrid,UNVR.JK,2037,H3,1765.0,1740.6064,0
Hybrid,UNVR.JK,2036,H1,1735.0,1775.9521,1
Hybrid,UNVR.JK,2037,H2,1765.0,1767.2725,1
Hybrid,UNVR.JK,2038,H3,1750.0,1769.3335,1
Hybrid,UNVR.JK,2037,H1,1765.0,1728.313,0
Hybrid,UNVR.JK,2038,H2,1750.0,1727.0073,0
Hybrid,UNVR.JK,2039,H3,1760.0,1722.6958,0
Hybrid,UNVR.JK,2038,H1,1750.0,1767.6738,0
Hybrid,UNVR.JK,2039,H2,1760.0,1759.562,1
Hybrid,UNVR.JK,2040,H3,1790.0,1757.0039,0
Hybrid,UNVR.JK,2039,H1,1760.0,1739.6304,0
Hybrid,UNVR.JK,2040,H2,1790.0,1736.1738,0
Hybrid,UNVR.JK,2041,H3,1785.0,1734.8232,0
Hybrid,UNVR.JK,2040,H1,1790.0,1726.896,0
Hybrid,UNVR.JK,2041,H2,1785.0,1724.0405,0
Hybrid,UNVR.JK,2042,H3,1830.0,1716.3564,0
Hybrid,UNVR.JK,2041,H1,1785.0,1769.5508,1
Hybrid,UNVR.JK,2042,H2,1830.0,1762.0293,0
Hybrid,UNVR.JK,2043,H3,1750.0,1763.6089,1
Hybrid,UNVR.JK,2042,H1,1830.0,1760.9067,0
Hybrid,UNVR.JK,2043,H2,1750.0,1762.0708,1
Hybrid,UNVR.JK,2044,H3,1830.0,1758.5879,0
Hybrid,UNVR.JK,2043,H1,1750.0,1803.8394,1
Hybrid,UNVR.JK,2044,H2,1830.0,1794.7812,0
Hybrid,UNVR.JK,2045,H3,1805.0,1799.2661,1
Hybrid,UNVR.JK,2044,H1,1830.0,1738.7236,0
Hybrid,UNVR.JK,2045,H2,1805.0,1735.4644,0
Hybrid,UNVR.JK,2046,H3,1815.0,1731.0605,0
Hybrid,UNVR.JK,2045,H1,1805.0,1811.311,1
Hybrid,UNVR.JK,2046,H2,1815.0,1805.147,1
Hybrid,UNVR.JK,2047,H3,1770.0,1814.6816,1
Hybrid,UNVR.JK,2046,H1,1815.0,1805.5171,1
Hybrid,UNVR.JK,2047,H2,1770.0,1805.0127,0
Hybrid,UNVR.JK,2048,H3,1775.0,1805.1802,0
Hybrid,UNVR.JK,2047,H1,1770.0,1809.5532,1
Hybrid,UNVR.JK,2048,H2,1775.0,1803.9058,1
Hybrid,UNVR.JK,2049,H3,1790.0,1802.7456,1
Hybrid,UNVR.JK,2048,H1,1775.0,1773.8218,1
Hybrid,UNVR.JK,2049,H2,1790.0,1770.3472,1
Hybrid,UNVR.JK,2050,H3,1755.0,1768.5718,1
Hybrid,UNVR.JK,2049,H1,1790.0,1791.2495,1
Hybrid,UNVR.JK,2050,H2,1755.0,1786.6123,0
Hybrid,UNVR.JK,2051,H3,1750.0,1779.457,0
Hybrid,UNVR.JK,2050,H1,1755.0,1801.1934,0
Hybrid,UNVR.JK,2051,H2,1750.0,1791.9873,0
Hybrid,UNVR.JK,2052,H3,1700.0,1792.3433,0
Hybrid,UNVR.JK,2051,H1,1750.0,1767.4707,0
Hybrid,UNVR.JK,2052,H2,1700.0,1768.2158,0
Hybrid,UNVR.JK,2053,H3,1700.0,1753.2998,1
Hybrid,UNVR.JK,2052,H1,1700.0,1760.7573,0
Hybrid,UNVR.JK,2053,H2,1700.0,1745.231,1
Hybrid,UNVR.JK,2054,H3,1700.0,1739.0078,1
Hybrid,UNVR.JK,2053,H1,1700.0,1696.0107,1
Hybrid,UNVR.JK,2054,H2,1700.0,1690.7178,0
Hybrid,UNVR.JK,2055,H3,1710.0,1691.9155,0
Hybrid,UNVR.JK,2054,H1,1700.0,1670.1289,0
Hybrid,UNVR.JK,2055,H2,1710.0,1667.6328,0
Hybrid,UNVR.JK,2056,H3,1705.0,1666.271,0
Hybrid,UNVR.JK,2055,H1,1710.0,1695.0605,0
Hybrid,UNVR.JK,2056,H2,1705.0,1692.6436,0
Hybrid,UNVR.JK,2057,H3,1695.0,1689.7905,1
Hybrid,UNVR.JK,2056,H1,1705.0,1704.6401,1
Hybrid,UNVR.JK,2057,H2,1695.0,1699.9512,1
Hybrid,UNVR.JK,2058,H3,1655.0,1700.8354,1
Hybrid,UNVR.JK,2057,H1,1695.0,1669.2188,1
Hybrid,UNVR.JK,2058,H2,1655.0,1665.0986,1
Hybrid,UNVR.JK,2059,H3,1700.0,1667.9736,1
Hybrid,UNVR.JK,2058,H1,1655.0,1677.8447,1
Hybrid,UNVR.JK,2059,H2,1700.0,1676.8022,0
Hybrid,UNVR.JK,2060,H3,1720.0,1678.7495,0
Hybrid,UNVR.JK,2059,H1,1700.0,1643.0757,0
Hybrid,UNVR.JK,2060,H2,1720.0,1640.9678,0
Hybrid,UNVR.JK,2061,H3,1695.0,1640.3857,0
Hybrid,UNVR.JK,2060,H1,1720.0,1693.794,0
Hybrid,UNVR.JK,2061,H2,1695.0,1692.1167,1
Hybrid,UNVR.JK,2062,H3,1690.0,1694.2764,1
Hybrid,UNVR.JK,2061,H1,1695.0,1678.939,1
Hybrid,UNVR.JK,2062,H2,1690.0,1675.5693,1
Hybrid,UNVR.JK,2063,H3,1740.0,1674.1865,0
Hybrid,UNVR.JK,2062,H1,1690.0,1669.251,1
Hybrid,UNVR.JK,2063,H2,1740.0,1668.0947,0
Hybrid,UNVR.JK,2064,H3,1735.0,1672.1104,0
Hybrid,UNVR.JK,2063,H1,1740.0,1671.0884,0
Hybrid,UNVR.JK,2064,H2,1735.0,1672.54,0
Hybrid,UNVR.JK,2065,H3,1710.0,1676.0981,0
Hybrid,UNVR.JK,2064,H1,1735.0,1720.043,1
Hybrid,UNVR.JK,2065,H2,1710.0,1723.2856,1
Hybrid,UNVR.JK,2066,H3,1715.0,1722.623,1
Hybrid,UNVR.JK,2065,H1,1710.0,1717.081,1
Hybrid,UNVR.JK,2066,H2,1715.0,1716.5518,1
Hybrid,UNVR.JK,2067,H3,1715.0,1716.2856,1
Hybrid,UNVR.JK,2066,H1,1715.0,1647.6489,0
Hybrid,UNVR.JK,2067,H2,1715.0,1642.8276,0
Hybrid,UNVR.JK,2068,H3,1775.0,1640.8076,0
Hybrid,UNVR.JK,2067,H1,1715.0,1676.7354,0
Hybrid,UNVR.JK,2068,H2,1775.0,1674.8286,0
Hybrid,UNVR.JK,2069,H3,1735.0,1677.2622,0
Hybrid,UNVR.JK,2068,H1,1775.0,1708.1494,0
Hybrid,UNVR.JK,2069,H2,1735.0,1710.0713,0
Hybrid,UNVR.JK,2070,H3,1735.0,1712.7983,0
Hybrid,UNVR.JK,2069,H1,1735.0,1769.6255,1
Hybrid,UNVR.JK,2070,H2,1735.0,1777.5703,0
Hybrid,UNVR.JK,2071,H3,1830.0,1777.918,1
Hybrid,UNVR.JK,2070,H1,1735.0,1706.397,0
Hybrid,UNVR.JK,2071,H2,1830.0,1705.0098,0
Hybrid,UNVR.JK,2072,H3,1760.0,1703.9854,0
Hybrid,UNVR.JK,2071,H1,1830.0,1713.8999,0
Hybrid,UNVR.JK,2072,H2,1760.0,1712.6846,0
Hybrid,UNVR.JK,2073,H3,1780.0,1663.0703,0
Hybrid,UNVR.JK,2072,H1,1760.0,1820.2422,1
Hybrid,UNVR.JK,2073,H2,1780.0,1777.6865,1
Hybrid,UNVR.JK,2074,H3,1780.0,1855.6069,0
Hybrid,UNVR.JK,2073,H1,1780.0,1725.5708,0
Hybrid,UNVR.JK,2074,H2,1780.0,1785.2422,1
Hybrid,UNVR.JK,2075,H3,1790.0,1798.436,1
Hybrid,UNVR.JK,2074,H1,1780.0,1826.3604,0
Hybrid,UNVR.JK,2075,H2,1790.0,1827.0054,1
Hybrid,UNVR.JK,2076,H3,1835.0,1826.167,1
Hybrid,UNVR.JK,2075,H1,1790.0,1809.127,1
Hybrid,UNVR.JK,2076,H2,1835.0,1801.877,1
Hybrid,UNVR.JK,2077,H3,1860.0,1806.5913,1
Hybrid,UNVR.JK,2076,H1,1835.0,1787.5571,0
Hybrid,UNVR.JK,2077,H2,1860.0,1782.271,0
Hybrid,UNVR.JK,2078,H3,1830.0,1783.6885,0
Hybrid,UNVR.JK,2077,H1,1860.0,1826.8501,0
Hybrid,UNVR.JK,2078,H2,1830.0,1817.7168,1
Hybrid,UNVR.JK,2079,H3,1855.0,1821.9585,0
Hybrid,UNVR.JK,2078,H1,1830.0,1862.8145,0
Hybrid,UNVR.JK,2079,H2,1855.0,1857.6714,1
Hybrid,UNVR.JK,2080,H3,1915.0,1856.0464,0
Hybrid,UNVR.JK,2079,H1,1855.0,1853.0493,1
Hybrid,UNVR.JK,2080,H2,1915.0,1844.1924,1
Hybrid,UNVR.JK,2081,H3,1900.0,1836.9004,1
Hybrid,UNVR.JK,2080,H1,1915.0,1887.3467,1
Hybrid,UNVR.JK,2081,H2,1900.0,1878.0088,1
Hybrid,UNVR.JK,2082,H3,1850.0,1868.895,0
Hybrid,UNVR.JK,2081,H1,1900.0,1931.6189,0
Hybrid,UNVR.JK,2082,H2,1850.0,1925.5164,0
Hybrid,UNVR.JK,2083,H3,1800.0,1925.4932,0
Hybrid,UNVR.JK,2082,H1,1850.0,1932.3914,0
Hybrid,UNVR.JK,2083,H2,1800.0,1919.8379,0
Hybrid,UNVR.JK,2084,H3,1835.0,1918.1611,0
Hybrid,UNVR.JK,2083,H1,1800.0,1871.0552,0
Hybrid,UNVR.JK,2084,H2,1835.0,1862.2744,0
Hybrid,UNVR.JK,2085,H3,1985.0,1853.4966,1
Hybrid,UNVR.JK,2084,H1,1835.0,1867.5371,1
Hybrid,UNVR.JK,2085,H2,1985.0,1855.5708,1
Hybrid,UNVR.JK,2086,H3,1900.0,1847.6206,1
Hybrid,UNVR.JK,2085,H1,1985.0,1932.706,1
Hybrid,UNVR.JK,2086,H2,1900.0,1919.6179,1
Hybrid,UNVR.JK,2087,H3,2080.0,1914.0339,1
Hybrid,UNVR.JK,2086,H1,1900.0,2067.1475,0
Hybrid,UNVR.JK,2087,H2,2080.0,2060.8193,1
Hybrid,UNVR.JK,2088,H3,2050.0,2063.547,1
Hybrid,UNVR.JK,2087,H1,2080.0,1977.7083,1
Hybrid,UNVR.JK,2088,H2,2050.0,1965.7288,1
Hybrid,UNVR.JK,2089,H3,2070.0,1967.6172,1
Hybrid,UNVR.JK,2088,H1,2050.0,2188.7576,0
Hybrid,UNVR.JK,2089,H2,2070.0,2194.257,0
Hybrid,UNVR.JK,2090,H3,2260.0,2220.2517,1
Hybrid,UNVR.JK,2089,H1,2070.0,2182.7798,1
Hybrid,UNVR.JK,2090,H2,2260.0,2171.034,1
Hybrid,UNVR.JK,2091,H3,2530.0,2171.7478,1
Hybrid,UNVR.JK,2090,H1,2260.0,2188.3293,1
Hybrid,UNVR.JK,2091,H2,2530.0,2170.157,1
Hybrid,UNVR.JK,2092,H3,2710.0,2179.0522,1
Hybrid,UNVR.JK,2091,H1,2530.0,2453.61,1
Hybrid,UNVR.JK,2092,H2,2710.0,2442.6968,1
Hybrid,UNVR.JK,2093,H3,2490.0,2449.9478,1
Hybrid,UNVR.JK,2092,H1,2710.0,2496.5667,0
Hybrid,UNVR.JK,2093,H2,2490.0,2495.2659,1
Hybrid,UNVR.JK,2094,H3,2580.0,2517.412,0
Hybrid,UNVR.JK,2093,H1,2490.0,2627.91,1
Hybrid,UNVR.JK,2094,H2,2580.0,2627.3813,1
Hybrid,UNVR.JK,2095,H3,2560.0,2633.1067,1
Hybrid,UNVR.JK,2094,H1,2580.0,2495.4004,1
Hybrid,UNVR.JK,2095,H2,2560.0,2473.8882,0
Hybrid,UNVR.JK,2096,H3,2580.0,2427.463,0
Hybrid,UNVR.JK,2095,H1,2560.0,2568.1875,1
Hybrid,UNVR.JK,2096,H2,2580.0,2511.043,0
Hybrid,UNVR.JK,2097,H3,2670.0,2547.8955,0
Hybrid,UNVR.JK,2096,H1,2580.0,2530.3098,0
Hybrid,UNVR.JK,2097,H2,2670.0,2566.8828,1
Hybrid,UNVR.JK,2098,H3,2690.0,2566.1072,1
Hybrid,UNVR.JK,2097,H1,2670.0,2657.3105,1
Hybrid,UNVR.JK,2098,H2,2690.0,2639.243,1
Hybrid,UNVR.JK,2099,H3,2690.0,2633.5798,1
Hybrid,UNVR.JK,2098,H1,2690.0,2678.464,1
Hybrid,UNVR.JK,2099,H2,2690.0,2663.3044,0
Hybrid,UNVR.JK,2100,H3,2620.0,2639.8713,1
Hybrid,UNVR.JK,2099,H1,2690.0,2676.346,0
Hybrid,UNVR.JK,2100,H2,2620.0,2645.8604,1
Hybrid,UNVR.JK,2101,H3,2530.0,2636.339,1
Hybrid,UNVR.JK,2100,H1,2620.0,2590.9373,1
Hybrid,UNVR.JK,2101,H2,2530.0,2576.3503,1
Hybrid,UNVR.JK,2102,H3,2530.0,2565.6963,1
Hybrid,UNVR.JK,2101,H1,2530.0,2553.694,1
Hybrid,UNVR.JK,2102,H2,2530.0,2533.6597,1
Hybrid,UNVR.JK,2103,H3,2490.0,2524.7373,1
Hybrid,UNVR.JK,2102,H1,2530.0,2522.9944,0
Hybrid,UNVR.JK,2103,H2,2490.0,2507.937,1
Hybrid,UNVR.JK,2104,H3,2550.0,2502.5637,0
Hybrid,UNVR.JK,2103,H1,2490.0,2552.229,0
Hybrid,UNVR.JK,2104,H2,2550.0,2538.6538,1
Hybrid,UNVR.JK,2105,H3,2490.0,2518.0322,1
Hybrid,UNVR.JK,2104,H1,2550.0,2505.1836,1
Hybrid,UNVR.JK,2105,H2,2490.0,2478.9143,0
Hybrid,UNVR.JK,2106,H3,2510.0,2473.7244,0
Hybrid,UNVR.JK,2105,H1,2490.0,2550.87,0
Hybrid,UNVR.JK,2106,H2,2510.0,2536.3276,1
Hybrid,UNVR.JK,2107,H3,2590.0,2532.4863,0
Hybrid,UNVR.JK,2106,H1,2510.0,2521.9124,1
Hybrid,UNVR.JK,2107,H2,2590.0,2507.7158,1
Hybrid,UNVR.JK,2108,H3,2510.0,2502.9207,1
Hybrid,UNVR.JK,2107,H1,2590.0,2561.382,1
Hybrid,UNVR.JK,2108,H2,2510.0,2546.6797,0
Hybrid,UNVR.JK,2109,H3,2580.0,2544.4756,1
Hybrid,UNVR.JK,2108,H1,2510.0,2615.029,0
Hybrid,UNVR.JK,2109,H2,2580.0,2603.2932,0
Hybrid,UNVR.JK,2110,H3,2600.0,2588.9902,0
Hybrid,UNVR.JK,2109,H1,2580.0,2508.0557,0
Hybrid,UNVR.JK,2110,H2,2600.0,2484.5522,0
Hybrid,UNVR.JK,2111,H3,2540.0,2482.567,0
Hybrid,UNVR.JK,2110,H1,2600.0,2563.9949,0
Hybrid,UNVR.JK,2111,H2,2540.0,2551.5068,1
Hybrid,UNVR.JK,2112,H3,2670.0,2552.1409,0
Hybrid,UNVR.JK,2111,H1,2540.0,2583.7573,1
Hybrid,UNVR.JK,2112,H2,2670.0,2571.7224,0
Hybrid,UNVR.JK,2113,H3,2630.0,2570.168,0
Hybrid,UNVR.JK,2112,H1,2670.0,2517.9463,0
Hybrid,UNVR.JK,2113,H2,2630.0,2506.9338,0
Hybrid,UNVR.JK,2114,H3,2600.0,2505.998,0
Hybrid,UNVR.JK,2113,H1,2630.0,2617.0369,1
Hybrid,UNVR.JK,2114,H2,2600.0,2608.4775,1
Hybrid,UNVR.JK,2115,H3,2600.0,2594.557,1
Hybrid,UNVR.JK,2114,H1,2600.0,2619.5798,1
Hybrid,UNVR.JK,2115,H2,2600.0,2601.6653,1
Hybrid,UNVR.JK,2116,H3,2600.0,2599.021,1
Hybrid,UNVR.JK,2115,H1,2600.0,2592.9443,0
Hybrid,UNVR.JK,2116,H2,2600.0,2585.8838,0
Hybrid,UNVR.JK,2117,H3,2620.0,2570.9329,0
Hybrid,UNVR.JK,2116,H1,2600.0,2612.3547,0
Hybrid,UNVR.JK,2117,H2,2620.0,2592.341,0
Hybrid,UNVR.JK,2118,H3,2650.0,2596.303,0
Hybrid,UNVR.JK,2117,H1,2620.0,2581.2478,0
Hybrid,UNVR.JK,2118,H2,2650.0,2584.6797,0
Hybrid,UNVR.JK,2119,H3,2770.0,2587.8242,0
Hybrid,UNVR.JK,2118,H1,2650.0,2584.019,0
Hybrid,UNVR.JK,2119,H2,2770.0,2589.1907,0
Hybrid,UNVR.JK,2120,H3,2770.0,2577.037,0
Hybrid,UNVR.JK,2119,H1,2770.0,2605.751,0
Hybrid,UNVR.JK,2120,H2,2770.0,2596.6304,0
Hybrid,UNVR.JK,2121,H3,2710.0,2601.3333,0
Hybrid,UNVR.JK,2120,H1,2770.0,2710.681,0
Hybrid,UNVR.JK,2121,H2,2710.0,2717.114,1
Hybrid,UNVR.JK,2122,H3,2620.0,2715.736,1
Hybrid,UNVR.JK,2121,H1,2710.0,2721.889,1
Hybrid,UNVR.JK,2122,H2,2620.0,2728.4185,1
Hybrid,UNVR.JK,2123,H3,2670.0,2733.2212,1
Hybrid,UNVR.JK,2122,H1,2620.0,2638.0447,1
Hybrid,UNVR.JK,2123,H2,2670.0,2646.8186,1
Hybrid,UNVR.JK,2124,H3,2730.0,2649.262,0
Hybrid,UNVR.JK,2123,H1,2670.0,2623.6086,1
Hybrid,UNVR.JK,2124,H2,2730.0,2629.1023,1
Hybrid,UNVR.JK,2125,H3,2640.0,2615.528,0
Hybrid,UNVR.JK,2124,H1,2730.0,2702.177,1
Hybrid,UNVR.JK,2125,H2,2640.0,2692.1406,0
Hybrid,UNVR.JK,2126,H3,2630.0,2698.6785,0
Hybrid,UNVR.JK,2125,H1,2640.0,2715.279,1
Hybrid,UNVR.JK,2126,H2,2630.0,2725.1501,1
Hybrid,UNVR.JK,2127,H3,2580.0,2728.5156,1
Hybrid,UNVR.JK,2126,H1,2630.0,2628.247,1
Hybrid,UNVR.JK,2127,H2,2580.0,2632.1875,1
Hybrid,UNVR.JK,2128,H3,2710.0,2636.7288,0
Hybrid,UNVR.JK,2127,H1,2580.0,2580.3545,1
Hybrid,UNVR.JK,2128,H2,2710.0,2587.3281,0
Hybrid,UNVR.JK,2129,H3,2630.0,2588.6282,0
Hybrid,UNVR.JK,2128,H1,2710.0,2586.436,1
Hybrid,UNVR.JK,2129,H2,2630.0,2589.8657,1
Hybrid,UNVR.JK,2130,H3,2650.0,2576.07,0
Hybrid,UNVR.JK,2129,H1,2630.0,2704.9395,1
Hybrid,UNVR.JK,2130,H2,2650.0,2697.809,1
Hybrid,UNVR.JK,2131,H3,2770.0,2709.2954,0
Hybrid,UNVR.JK,2130,H1,2650.0,2565.5537,0
Hybrid,UNVR.JK,2131,H2,2770.0,2579.352,0
Hybrid,UNVR.JK,2132,H3,2700.0,2581.663,0
Hybrid,UNVR.JK,2131,H1,2770.0,2641.3115,0
Hybrid,UNVR.JK,2132,H2,2700.0,2645.8855,0
Hybrid,UNVR.JK,2133,H3,2610.0,2650.9602,0
Hybrid,UNVR.JK,2132,H1,2700.0,2753.8865,1
Hybrid,UNVR.JK,2133,H2,2610.0,2762.8938,1
Hybrid,UNVR.JK,2134,H3,2600.0,2774.3135,0
Hybrid,UNVR.JK,2133,H1,2610.0,2643.1763,1
Hybrid,UNVR.JK,2134,H2,2600.0,2651.8335,1
Hybrid,UNVR.JK,2135,H3,2600.0,2653.305,1
Hybrid,UNVR.JK,2134,H1,2600.0,2573.6113,1
Hybrid,UNVR.JK,2135,H2,2600.0,2575.7996,1
Hybrid,UNVR.JK,2136,H3,2600.0,2578.4128,1
Hybrid,UNVR.JK,2135,H1,2600.0,2510.1152,0
Hybrid,UNVR.JK,2136,H2,2600.0,2512.028,0
Hybrid,UNVR.JK,2137,H3,2620.0,2503.4727,0
Hybrid,UNVR.JK,2136,H1,2600.0,2534.1445,0
Hybrid,UNVR.JK,2137,H2,2620.0,2528.836,0
Hybrid,UNVR.JK,2138,H3,2580.0,2531.867,1
Hybrid,UNVR.JK,2137,H1,2620.0,2578.1262,0
Hybrid,UNVR.JK,2138,H2,2580.0,2582.2651,1
Hybrid,UNVR.JK,2139,H3,2610.0,2580.093,0
Hybrid,UNVR.JK,2138,H1,2580.0,2602.675,1
Hybrid,UNVR.JK,2139,H2,2610.0,2594.6409,1
Hybrid,UNVR.JK,2140,H3,2600.0,2594.9849,1
Hybrid,UNVR.JK,2139,H1,2610.0,2570.1602,0
Hybrid,UNVR.JK,2140,H2,2600.0,2565.0298,0
Hybrid,UNVR.JK,2141,H3,2620.0,2553.8904,0
Hybrid,UNVR.JK,2140,H1,2600.0,2599.968,1
Hybrid,UNVR.JK,2141,H2,2620.0,2587.5764,0
Hybrid,UNVR.JK,2142,H3,2620.0,2580.8784,0
Hybrid,UNVR.JK,2141,H1,2620.0,2557.6672,0
Hybrid,UNVR.JK,2142,H2,2620.0,2546.55,0
Hybrid,UNVR.JK,2143,H3,2600.0,2551.49,0
Hybrid,UNVR.JK,2142,H1,2620.0,2564.7834,0
Hybrid,UNVR.JK,2143,H2,2600.0,2563.4607,1
Hybrid,UNVR.JK,2144,H3,2600.0,2557.5957,1
Hybrid,UNVR.JK,2143,H1,2600.0,2537.2197,1
Hybrid,UNVR.JK,2144,H2,2600.0,2525.8008,1
Hybrid,UNVR.JK,2145,H3,2580.0,2523.556,1
