model,kind,MAE,MSE,RMSE,MAPE(%),sMAPE(%),R2
baseline,raw,329.00069000000013,117380.97953872106,342.6090768481201,6.634862012864212,6.352722299652723,0.9768564931602525
baseline,bias_corrected,75.68709000000013,9139.525518244915,95.60086567727781,1.4187416021943022,1.4036425692112622,0.9981979987543572
hybrid,raw,112.51139000000003,15676.863263079014,125.20728119034857,2.1824968568515986,2.1452059572150795,0.9969090597677696
hybrid,bias_corrected,34.498368000000255,3018.050383346903,54.936785338668145,0.7667630182391378,0.7608436034510896,0.9994049438847403
