date,ticker,Open,High,Low,Close,Adj Close,Volume
2017-01-02,ASII.JK,8275.0,8275.0,8275.0,8275.0,4925.52587890625,0.0
2017-01-03,ASII.JK,8150.0,8225.0,8050.0,8200.0,4880.8837890625,24401500.0
2017-01-04,ASII.JK,8150.0,8175.0,7925.0,8000.0,4761.8369140625,40244000.0
2017-01-05,ASII.JK,8050.0,8125.0,8000.0,8125.0,4836.24072265625,30992200.0
2017-01-06,ASII.JK,8175.0,8250.0,8125.0,8175.0,4866.00341796875,16866600.0
2017-01-09,ASII.JK,8250.0,8250.0,8125.0,8150.0,4851.1220703125,14383700.0
2017-01-10,ASII.JK,8175.0,8225.0,8100.0,8200.0,4880.8837890625,21384600.0
2017-01-11,ASII.JK,8200.0,8200.0,8025.0,8025.0,4776.71875,14060000.0
2017-01-12,ASII.JK,8025.0,8100.0,7925.0,7925.0,4717.19580078125,25391700.0
2017-01-13,ASII.JK,7925.0,8125.0,7925.0,8000.0,4761.8369140625,30164500.0
2017-01-16,ASII.JK,8075.0,8075.0,7975.0,7975.0,4746.95703125,12032400.0
2017-01-17,ASII.JK,7950.0,8075.0,7950.0,8050.0,4791.59912109375,5848500.0
2017-01-18,ASII.JK,8100.0,8175.0,8050.0,8125.0,4836.24072265625,17112300.0
2017-01-19,ASII.JK,8125.0,8150.0,8050.0,8150.0,4851.1220703125,15267800.0
2017-01-20,ASII.JK,8150.0,8150.0,8000.0,8000.0,4761.8369140625,11094700.0
2017-01-23,ASII.JK,8050.0,8100.0,7950.0,8025.0,4776.71875,9106800.0
2017-01-24,ASII.JK,8100.0,8100.0,8025.0,8050.0,4791.59912109375,16250900.0
2017-01-25,ASII.JK,8100.0,8100.0,8050.0,8100.0,4821.3603515625,25295000.0
2017-01-26,ASII.JK,8150.0,8150.0,8050.0,8075.0,4806.47998046875,22812200.0
2017-01-27,ASII.JK,8100.0,8125.0,8025.0,8100.0,4821.3603515625,12243700.0
2017-01-30,ASII.JK,8100.0,8125.0,7900.0,7900.0,4702.31494140625,17179100.0
2017-01-31,ASII.JK,7950.0,8050.0,7950.0,7950.0,4732.0771484375,22016600.0
2017-02-01,ASII.JK,8000.0,8100.0,7975.0,8050.0,4791.59912109375,20593800.0
2017-02-02,ASII.JK,8025.0,8100.0,8000.0,8100.0,4821.3603515625,19035500.0
2017-02-03,ASII.JK,8125.0,8200.0,8100.0,8100.0,4821.3603515625,20891200.0
2017-02-06,ASII.JK,8175.0,8200.0,8100.0,8125.0,4836.24072265625,18280300.0
2017-02-07,ASII.JK,8150.0,8150.0,8075.0,8125.0,4836.24072265625,14697600.0
2017-02-08,ASII.JK,8150.0,8175.0,8050.0,8050.0,4791.59912109375,21574700.0
2017-02-09,ASII.JK,8050.0,8150.0,8050.0,8075.0,4806.47998046875,30856800.0
2017-02-10,ASII.JK,8050.0,8125.0,8050.0,8050.0,4791.59912109375,26024600.0
2017-02-13,ASII.JK,8050.0,8125.0,8000.0,8100.0,4821.3603515625,20576800.0
2017-02-14,ASII.JK,8100.0,8125.0,8050.0,8075.0,4806.47998046875,23611200.0
2017-02-15,ASII.JK,8075.0,8075.0,8075.0,8075.0,4806.47998046875,0.0
2017-02-16,ASII.JK,8100.0,8150.0,8050.0,8100.0,4821.3603515625,38036600.0
2017-02-17,ASII.JK,7975.0,8000.0,7850.0,7900.0,4702.31494140625,53666200.0
2017-02-20,ASII.JK,7900.0,7975.0,7875.0,7950.0,4732.0771484375,13073400.0
2017-02-21,ASII.JK,7950.0,7975.0,7900.0,7925.0,4717.19580078125,30564700.0
2017-02-22,ASII.JK,7975.0,8050.0,7950.0,7975.0,4746.95703125,23042300.0
2017-02-23,ASII.JK,7950.0,8050.0,7925.0,8050.0,4791.59912109375,15700700.0
2017-02-24,ASII.JK,8000.0,8150.0,7975.0,8125.0,4836.24072265625,26949200.0
2017-02-27,ASII.JK,8150.0,8150.0,8025.0,8025.0,4776.71875,21673600.0
2017-02-28,ASII.JK,8125.0,8425.0,8125.0,8200.0,4880.8837890625,93601900.0
2017-03-01,ASII.JK,8225.0,8350.0,8175.0,8325.0,4955.28759765625,38356600.0
2017-03-02,ASII.JK,8400.0,8550.0,8375.0,8475.0,5044.57177734375,62638300.0
2017-03-03,ASII.JK,8500.0,8550.0,8375.0,8400.0,4999.93017578125,19648000.0
2017-03-06,ASII.JK,8450.0,8550.0,8400.0,8550.0,5089.2138671875,47114500.0
2017-03-07,ASII.JK,8575.0,8575.0,8500.0,8500.0,5059.4521484375,40699100.0
2017-03-08,ASII.JK,8550.0,8550.0,8350.0,8400.0,4999.93017578125,19314600.0
2017-03-09,ASII.JK,8250.0,8375.0,8250.0,8250.0,4910.6455078125,15842000.0
2017-03-10,ASII.JK,8275.0,8275.0,8100.0,8150.0,4851.1220703125,14405300.0
2017-03-13,ASII.JK,8175.0,8250.0,8175.0,8250.0,4910.6455078125,20977300.0
2017-03-14,ASII.JK,8250.0,8275.0,8175.0,8200.0,4880.8837890625,21438000.0
2017-03-15,ASII.JK,8225.0,8250.0,8150.0,8175.0,4866.00341796875,16327000.0
2017-03-16,ASII.JK,8250.0,8575.0,8250.0,8575.0,5104.09521484375,56153700.0
2017-03-17,ASII.JK,8600.0,8800.0,8425.0,8475.0,5044.57177734375,54184000.0
2017-03-20,ASII.JK,8500.0,8600.0,8350.0,8500.0,5059.4521484375,17509900.0
2017-03-21,ASII.JK,8550.0,8550.0,8425.0,8475.0,5044.57177734375,28519700.0
2017-03-22,ASII.JK,8425.0,8450.0,8325.0,8400.0,4999.93017578125,47467800.0
2017-03-23,ASII.JK,8450.0,8475.0,8375.0,8450.0,5029.69140625,30401200.0
2017-03-24,ASII.JK,8425.0,8575.0,8425.0,8525.0,5074.33349609375,27602200.0
2017-03-27,ASII.JK,8525.0,8525.0,8475.0,8525.0,5074.33349609375,27343500.0
2017-03-29,ASII.JK,8550.0,8800.0,8550.0,8725.0,5193.3779296875,58758000.0
2017-03-30,ASII.JK,8675.0,8725.0,8500.0,8675.0,5163.6181640625,37527000.0
2017-03-31,ASII.JK,8725.0,8800.0,8625.0,8625.0,5133.8564453125,51447000.0
2017-04-03,ASII.JK,8700.0,8800.0,8650.0,8775.0,5223.140625,20295500.0
2017-04-04,ASII.JK,8800.0,8925.0,8750.0,8775.0,5223.140625,33188800.0
2017-04-05,ASII.JK,8775.0,8775.0,8775.0,8775.0,5223.140625,0.0
2017-04-06,ASII.JK,8675.0,8750.0,8625.0,8750.0,5208.25927734375,15591900.0
2017-04-07,ASII.JK,8750.0,8750.0,8550.0,8575.0,5104.09521484375,28337200.0
2017-04-10,ASII.JK,8600.0,8625.0,8500.0,8600.0,5118.97509765625,17526600.0
2017-04-11,ASII.JK,8575.0,8600.0,8550.0,8575.0,5104.09521484375,27937100.0
2017-04-12,ASII.JK,8600.0,8650.0,8525.0,8575.0,5104.09521484375,12732300.0
2017-04-13,ASII.JK,8575.0,8650.0,8500.0,8500.0,5059.4521484375,21574000.0
2017-04-17,ASII.JK,8575.0,8575.0,8375.0,8375.0,4985.04833984375,14593900.0
2017-04-18,ASII.JK,8375.0,8525.0,8350.0,8375.0,4985.04833984375,33899000.0
2017-04-19,ASII.JK,8375.0,8375.0,8375.0,8375.0,4985.04833984375,0.0
2017-04-20,ASII.JK,8425.0,8600.0,8375.0,8575.0,5104.09521484375,37608900.0
2017-04-21,ASII.JK,8600.0,9150.0,8575.0,9150.0,5446.35205078125,74209300.0
2017-04-25,ASII.JK,9250.0,9350.0,8975.0,9025.0,5371.9501953125,34514400.0
2017-04-26,ASII.JK,9050.0,9100.0,8925.0,9025.0,5371.9501953125,33994900.0
2017-04-27,ASII.JK,9000.0,9050.0,8925.0,9000.0,5357.06787109375,34402800.0
2017-04-28,ASII.JK,9025.0,9075.0,8925.0,8950.0,5327.30615234375,29155000.0
2017-05-02,ASII.JK,9000.0,9025.0,8900.0,9000.0,5425.568359375,31580900.0
2017-05-03,ASII.JK,9050.0,9050.0,8850.0,8850.0,5335.142578125,17435900.0
2017-05-04,ASII.JK,8850.0,8900.0,8675.0,8800.0,5305.0009765625,26140500.0
2017-05-05,ASII.JK,8750.0,8775.0,8700.0,8700.0,5244.71630859375,29628000.0
2017-05-08,ASII.JK,8850.0,8900.0,8800.0,8800.0,5305.0009765625,37860400.0
2017-05-09,ASII.JK,8900.0,8900.0,8700.0,8700.0,5244.71630859375,19822400.0
2017-05-10,ASII.JK,8625.0,8675.0,8575.0,8600.0,5184.4326171875,43704700.0
2017-05-12,ASII.JK,8675.0,8750.0,8650.0,8675.0,5229.646484375,30361100.0
2017-05-15,ASII.JK,8700.0,8700.0,8525.0,8700.0,5244.71630859375,30796400.0
2017-05-16,ASII.JK,8700.0,8750.0,8600.0,8600.0,5184.4326171875,25436100.0
2017-05-17,ASII.JK,8675.0,8675.0,8325.0,8350.0,5033.7216796875,48442000.0
2017-05-18,ASII.JK,8350.0,8500.0,8325.0,8500.0,5124.1484375,53502800.0
2017-05-19,ASII.JK,8525.0,9000.0,8450.0,8750.0,5274.85791015625,52777500.0
2017-05-22,ASII.JK,8825.0,8950.0,8700.0,8775.0,5289.93017578125,50711500.0
2017-05-23,ASII.JK,8700.0,8800.0,8650.0,8700.0,5244.71630859375,40611000.0
2017-05-24,ASII.JK,8575.0,8725.0,8550.0,8725.0,5259.787109375,28548100.0
2017-05-26,ASII.JK,8725.0,8775.0,8675.0,8750.0,5274.85791015625,21515800.0
2017-05-29,ASII.JK,8725.0,8750.0,8625.0,8700.0,5244.71630859375,17837200.0
2017-05-30,ASII.JK,8625.0,8725.0,8625.0,8675.0,5229.646484375,18482400.0
2017-05-31,ASII.JK,8625.0,8750.0,8625.0,8750.0,5274.85791015625,40011500.0
2017-06-01,ASII.JK,8750.0,8750.0,8750.0,8750.0,5274.85791015625,0.0
2017-06-02,ASII.JK,8750.0,9000.0,8725.0,9000.0,5425.568359375,34516200.0
2017-06-05,ASII.JK,9000.0,9050.0,8925.0,9000.0,5425.568359375,26482300.0
2017-06-06,ASII.JK,8975.0,9025.0,8825.0,8875.0,5350.21435546875,31668900.0
2017-06-07,ASII.JK,8950.0,8950.0,8850.0,8900.0,5365.28564453125,13672900.0
2017-06-08,ASII.JK,8850.0,8900.0,8825.0,8825.0,5320.072265625,12097300.0
2017-06-09,ASII.JK,8750.0,8750.0,8650.0,8650.0,5214.57470703125,20044400.0
2017-06-12,ASII.JK,8675.0,8850.0,8675.0,8725.0,5259.787109375,12909000.0
2017-06-13,ASII.JK,8725.0,8825.0,8725.0,8800.0,5305.0009765625,16459600.0
2017-06-14,ASII.JK,8850.0,9150.0,8775.0,9150.0,5515.9951171875,21545600.0
2017-06-15,ASII.JK,8900.0,8925.0,8850.0,8900.0,5365.28564453125,23078400.0
2017-06-16,ASII.JK,8900.0,8925.0,8725.0,8725.0,5259.787109375,53399700.0
2017-06-19,ASII.JK,8725.0,8800.0,8725.0,8725.0,5259.787109375,19307300.0
2017-06-20,ASII.JK,8725.0,8975.0,8700.0,8950.0,5395.4267578125,37530000.0
2017-06-21,ASII.JK,8725.0,9025.0,8725.0,8900.0,5365.28564453125,45981300.0
2017-06-22,ASII.JK,8950.0,8975.0,8750.0,8925.0,5380.35595703125,45673700.0
2017-06-23,ASII.JK,8925.0,8925.0,8925.0,8925.0,5380.35595703125,0.0
2017-06-26,ASII.JK,8925.0,8925.0,8925.0,8925.0,5380.35595703125,0.0
2017-06-27,ASII.JK,8925.0,8925.0,8925.0,8925.0,5380.35595703125,0.0
2017-06-28,ASII.JK,8925.0,8925.0,8925.0,8925.0,5380.35595703125,0.0
2017-06-29,ASII.JK,8925.0,8925.0,8925.0,8925.0,5380.35595703125,0.0
2017-06-30,ASII.JK,8925.0,8925.0,8925.0,8925.0,5380.35595703125,0.0
2017-07-03,ASII.JK,8950.0,9025.0,8725.0,8775.0,5289.93017578125,60820600.0
2017-07-04,ASII.JK,8825.0,8825.0,8700.0,8775.0,5289.93017578125,27327700.0
2017-07-05,ASII.JK,8800.0,8825.0,8750.0,8800.0,5305.0009765625,49131100.0
2017-07-06,ASII.JK,8750.0,8825.0,8750.0,8800.0,5305.0009765625,33107000.0
2017-07-07,ASII.JK,8800.0,8850.0,8725.0,8775.0,5289.93017578125,31017800.0
2017-07-10,ASII.JK,8775.0,8825.0,8725.0,8775.0,5289.93017578125,27066400.0
2017-07-11,ASII.JK,8775.0,8800.0,8700.0,8725.0,5259.787109375,28895800.0
2017-07-12,ASII.JK,8700.0,8750.0,8650.0,8725.0,5259.787109375,36580200.0
2017-07-13,ASII.JK,8800.0,8800.0,8700.0,8725.0,5259.787109375,65107500.0
2017-07-14,ASII.JK,8750.0,8750.0,8700.0,8725.0,5259.787109375,34370300.0
2017-07-17,ASII.JK,8725.0,8750.0,8675.0,8725.0,5259.787109375,20377100.0
2017-07-18,ASII.JK,8700.0,8725.0,8650.0,8675.0,5229.646484375,26018200.0
2017-07-19,ASII.JK,8675.0,8675.0,8450.0,8475.0,5109.07763671875,86130500.0
2017-07-20,ASII.JK,8500.0,8550.0,8475.0,8550.0,5154.291015625,22992700.0
2017-07-21,ASII.JK,8525.0,8525.0,8200.0,8200.0,4943.2958984375,46991000.0
2017-07-24,ASII.JK,8200.0,8225.0,8000.0,8225.0,4958.3671875,61331300.0
2017-07-25,ASII.JK,8250.0,8250.0,8050.0,8100.0,4883.01220703125,71959500.0
2017-07-26,ASII.JK,8200.0,8200.0,8050.0,8100.0,4883.01220703125,42348400.0
2017-07-27,ASII.JK,8050.0,8150.0,8050.0,8075.0,4867.94140625,33556800.0
2017-07-28,ASII.JK,8075.0,8075.0,7900.0,7950.0,4792.5869140625,96029800.0
2017-07-31,ASII.JK,7925.0,8100.0,7900.0,7975.0,4807.6572265625,57540900.0
2017-08-01,ASII.JK,7975.0,7975.0,7800.0,7850.0,4732.30322265625,75196300.0
2017-08-02,ASII.JK,7825.0,7900.0,7725.0,7825.0,4717.23095703125,61600300.0
2017-08-03,ASII.JK,7825.0,7825.0,7725.0,7775.0,4687.0888671875,39479300.0
2017-08-04,ASII.JK,7750.0,7800.0,7650.0,7775.0,4687.0888671875,62576700.0
2017-08-07,ASII.JK,7800.0,7950.0,7775.0,7900.0,4762.44384765625,58213100.0
2017-08-08,ASII.JK,7925.0,8000.0,7900.0,8000.0,4822.7275390625,49160800.0
2017-08-09,ASII.JK,8000.0,8000.0,7900.0,8000.0,4822.7275390625,30630400.0
2017-08-10,ASII.JK,7975.0,8000.0,7850.0,7925.0,4777.5146484375,32682600.0
2017-08-11,ASII.JK,7900.0,7900.0,7725.0,7775.0,4687.0888671875,40834900.0
2017-08-14,ASII.JK,7800.0,7925.0,7775.0,7850.0,4732.30322265625,27663800.0
2017-08-15,ASII.JK,7875.0,7900.0,7800.0,7825.0,4717.23095703125,25118000.0
2017-08-16,ASII.JK,7800.0,7875.0,7775.0,7850.0,4732.30322265625,23947900.0
2017-08-17,ASII.JK,7850.0,7850.0,7850.0,7850.0,4732.30322265625,0.0
2017-08-18,ASII.JK,7825.0,7975.0,7800.0,7900.0,4762.44384765625,69231100.0
2017-08-21,ASII.JK,7900.0,7950.0,7775.0,7875.0,4747.373046875,39339900.0
2017-08-22,ASII.JK,7825.0,7950.0,7825.0,7925.0,4777.5146484375,21229100.0
2017-08-23,ASII.JK,7975.0,8000.0,7900.0,7975.0,4807.6572265625,22579300.0
2017-08-24,ASII.JK,7900.0,8050.0,7900.0,7975.0,4807.6572265625,33232300.0
2017-08-25,ASII.JK,8000.0,8000.0,7950.0,8000.0,4822.7275390625,14260900.0
2017-08-28,ASII.JK,7975.0,8025.0,7950.0,8000.0,4822.7275390625,13320400.0
2017-08-29,ASII.JK,7925.0,7950.0,7825.0,7900.0,4762.44384765625,23577800.0
2017-08-30,ASII.JK,7900.0,7950.0,7850.0,7875.0,4747.373046875,19964000.0
2017-08-31,ASII.JK,7850.0,7925.0,7850.0,7875.0,4747.373046875,16196800.0
2017-09-01,ASII.JK,7875.0,7875.0,7875.0,7875.0,4747.373046875,0.0
2017-09-04,ASII.JK,7925.0,7925.0,7750.0,7750.0,4672.01806640625,25464400.0
2017-09-05,ASII.JK,7650.0,7825.0,7650.0,7800.0,4702.16015625,32642400.0
2017-09-06,ASII.JK,7725.0,7850.0,7725.0,7825.0,4717.23095703125,21294500.0
2017-09-07,ASII.JK,7725.0,7725.0,7625.0,7650.0,4611.734375,66835400.0
2017-09-08,ASII.JK,7700.0,7850.0,7700.0,7825.0,4717.23095703125,21174500.0
2017-09-11,ASII.JK,7900.0,7950.0,7875.0,7900.0,4762.44384765625,23092100.0
2017-09-12,ASII.JK,7900.0,7925.0,7875.0,7900.0,4762.44384765625,20592600.0
2017-09-13,ASII.JK,7900.0,7925.0,7875.0,7900.0,4762.44384765625,18785000.0
2017-09-14,ASII.JK,7900.0,7950.0,7875.0,7900.0,4762.44384765625,23106600.0
2017-09-15,ASII.JK,7850.0,7900.0,7800.0,7850.0,4732.30322265625,68407700.0
2017-09-18,ASII.JK,7900.0,7900.0,7825.0,7850.0,4732.30322265625,13151900.0
2017-09-19,ASII.JK,7850.0,7925.0,7775.0,7925.0,4777.5146484375,29776800.0
2017-09-20,ASII.JK,7900.0,7925.0,7775.0,7825.0,4717.23095703125,29674000.0
2017-09-21,ASII.JK,7825.0,7825.0,7825.0,7825.0,4717.23095703125,0.0
2017-09-22,ASII.JK,7750.0,7825.0,7725.0,7775.0,4687.0888671875,26283500.0
2017-09-25,ASII.JK,7775.0,7825.0,7725.0,7800.0,4702.16015625,11458400.0
2017-09-26,ASII.JK,7750.0,7850.0,7750.0,7800.0,4702.16015625,24368000.0
2017-09-27,ASII.JK,7825.0,7850.0,7775.0,7825.0,4717.23095703125,26298600.0
2017-09-28,ASII.JK,7800.0,7850.0,7700.0,7700.0,4641.875,39139000.0
2017-09-29,ASII.JK,7725.0,7950.0,7725.0,7900.0,4762.44384765625,46487800.0
2017-10-02,ASII.JK,7900.0,7950.0,7875.0,7925.0,4777.5146484375,9926400.0
2017-10-03,ASII.JK,7900.0,8025.0,7800.0,8000.0,4856.431640625,21948000.0
2017-10-04,ASII.JK,8000.0,8050.0,7975.0,8000.0,4856.431640625,13975000.0
2017-10-05,ASII.JK,8025.0,8025.0,7925.0,7950.0,4826.07861328125,14579200.0
2017-10-06,ASII.JK,8025.0,8025.0,7950.0,7975.0,4841.25634765625,22631900.0
2017-10-09,ASII.JK,8000.0,8025.0,7975.0,7975.0,4841.25634765625,6730400.0
2017-10-10,ASII.JK,7950.0,8025.0,7950.0,7975.0,4841.25634765625,20537300.0
2017-10-11,ASII.JK,7975.0,8025.0,7900.0,8025.0,4871.60791015625,21573000.0
2017-10-12,ASII.JK,8050.0,8200.0,8025.0,8200.0,4977.84326171875,22737500.0
2017-10-13,ASII.JK,8175.0,8475.0,8150.0,8475.0,5144.78271484375,41940300.0
2017-10-16,ASII.JK,8475.0,8525.0,8275.0,8375.0,5084.0771484375,26598000.0
2017-10-17,ASII.JK,8300.0,8325.0,8100.0,8250.0,5008.19580078125,37010200.0
2017-10-18,ASII.JK,8150.0,8200.0,8025.0,8050.0,4886.78515625,32143300.0
2017-10-19,ASII.JK,8050.0,8100.0,7925.0,7925.0,4810.9033203125,32412000.0
2017-10-20,ASII.JK,8000.0,8150.0,7950.0,8000.0,4856.431640625,24764300.0
2017-10-23,ASII.JK,8000.0,8150.0,8000.0,8050.0,4886.78515625,12519500.0
2017-10-24,ASII.JK,8000.0,8200.0,8000.0,8175.0,4962.66748046875,14194000.0
2017-10-25,ASII.JK,8200.0,8200.0,8050.0,8150.0,4947.48974609375,31668600.0
2017-10-26,ASII.JK,8150.0,8150.0,7975.0,8000.0,4856.431640625,21507300.0
2017-10-27,ASII.JK,7975.0,8075.0,7900.0,7900.0,4795.7265625,25414900.0
2017-10-30,ASII.JK,7950.0,8025.0,7900.0,8000.0,4856.431640625,20373600.0
2017-10-31,ASII.JK,8075.0,8075.0,8000.0,8000.0,4856.431640625,20477100.0
2017-11-01,ASII.JK,8000.0,8100.0,8000.0,8075.0,4901.9609375,20372200.0
2017-11-02,ASII.JK,8100.0,8200.0,8075.0,8150.0,4947.48974609375,27319900.0
2017-11-03,ASII.JK,8150.0,8150.0,8025.0,8100.0,4917.13818359375,18109000.0
2017-11-06,ASII.JK,8075.0,8125.0,8050.0,8075.0,4901.9609375,13226900.0
2017-11-07,ASII.JK,8075.0,8200.0,8050.0,8200.0,4977.84326171875,14733300.0
2017-11-08,ASII.JK,8150.0,8300.0,8100.0,8300.0,5038.54833984375,17351000.0
2017-11-09,ASII.JK,8300.0,8325.0,8225.0,8275.0,5023.3720703125,19154200.0
2017-11-10,ASII.JK,8225.0,8425.0,8200.0,8350.0,5068.9013671875,21907200.0
2017-11-13,ASII.JK,8350.0,8375.0,8300.0,8350.0,5068.9013671875,19112700.0
2017-11-14,ASII.JK,8350.0,8375.0,8275.0,8300.0,5038.54833984375,30370500.0
2017-11-15,ASII.JK,8300.0,8300.0,8150.0,8175.0,4962.66748046875,27970500.0
2017-11-16,ASII.JK,8200.0,8300.0,8175.0,8250.0,5008.19580078125,18888400.0
2017-11-17,ASII.JK,8300.0,8325.0,8200.0,8200.0,4977.84326171875,18047300.0
2017-11-20,ASII.JK,8300.0,8300.0,8200.0,8200.0,4977.84326171875,15859900.0
2017-11-21,ASII.JK,8175.0,8250.0,8075.0,8125.0,4932.314453125,20031300.0
2017-11-22,ASII.JK,8150.0,8450.0,8150.0,8450.0,5129.60595703125,44718900.0
2017-11-23,ASII.JK,8500.0,8500.0,8400.0,8475.0,5144.78271484375,22538000.0
2017-11-24,ASII.JK,8400.0,8550.0,8375.0,8550.0,5190.31201171875,16053600.0
2017-11-27,ASII.JK,8475.0,8600.0,8450.0,8525.0,5175.13525390625,29480600.0
2017-11-28,ASII.JK,8450.0,8450.0,8350.0,8375.0,5084.0771484375,37782300.0
2017-11-29,ASII.JK,8375.0,8400.0,8325.0,8350.0,5068.9013671875,20756600.0
2017-11-30,ASII.JK,8300.0,8350.0,7975.0,7975.0,4841.25634765625,66309200.0
2017-12-01,ASII.JK,7975.0,7975.0,7975.0,7975.0,4841.25634765625,0.0
2017-12-04,ASII.JK,8175.0,8300.0,8100.0,8100.0,4917.13818359375,42133200.0
2017-12-05,ASII.JK,8125.0,8300.0,8125.0,8200.0,4977.84326171875,28286400.0
2017-12-06,ASII.JK,8150.0,8475.0,8150.0,8350.0,5068.9013671875,35433100.0
2017-12-07,ASII.JK,8350.0,8375.0,8275.0,8300.0,5038.54833984375,13232000.0
2017-12-08,ASII.JK,8250.0,8325.0,8225.0,8250.0,5008.19580078125,10274500.0
2017-12-11,ASII.JK,8250.0,8450.0,8250.0,8400.0,5099.25439453125,16605000.0
2017-12-12,ASII.JK,8450.0,8450.0,8175.0,8200.0,4977.84326171875,35361100.0
2017-12-13,ASII.JK,8175.0,8200.0,8075.0,8100.0,4917.13818359375,29885700.0
2017-12-14,ASII.JK,8200.0,8350.0,8150.0,8325.0,5053.72412109375,32461700.0
2017-12-15,ASII.JK,8325.0,8325.0,8200.0,8300.0,5038.54833984375,27656800.0
2017-12-18,ASII.JK,8200.0,8275.0,8075.0,8175.0,4962.66748046875,24673600.0
2017-12-19,ASII.JK,8150.0,8200.0,8125.0,8175.0,4962.66748046875,18550800.0
2017-12-20,ASII.JK,8150.0,8175.0,7975.0,8000.0,4856.431640625,38299700.0
2017-12-21,ASII.JK,8050.0,8175.0,8025.0,8100.0,4917.13818359375,15656700.0
2017-12-22,ASII.JK,8100.0,8200.0,8075.0,8200.0,4977.84326171875,15451000.0
2017-12-25,ASII.JK,8200.0,8200.0,8200.0,8200.0,4977.84326171875,0.0
2017-12-26,ASII.JK,8200.0,8200.0,8200.0,8200.0,4977.84326171875,0.0
2017-12-27,ASII.JK,8200.0,8225.0,8125.0,8150.0,4947.48974609375,28066200.0
2017-12-28,ASII.JK,8200.0,8200.0,8025.0,8050.0,4886.78515625,43106600.0
2017-12-29,ASII.JK,8150.0,8350.0,8100.0,8300.0,5038.54833984375,89127600.0
2018-01-01,ASII.JK,8300.0,8300.0,8300.0,8300.0,5038.54833984375,0.0
2018-01-02,ASII.JK,8300.0,8400.0,8150.0,8200.0,4977.84326171875,24661300.0
2018-01-03,ASII.JK,8250.0,8250.0,8000.0,8050.0,4886.78515625,40976100.0
2018-01-04,ASII.JK,8075.0,8225.0,8050.0,8225.0,4993.01904296875,30604400.0
2018-01-05,ASII.JK,8150.0,8300.0,8125.0,8300.0,5038.54833984375,18885300.0
2018-01-08,ASII.JK,8300.0,8325.0,8200.0,8300.0,5038.54833984375,17178400.0
2018-01-09,ASII.JK,8300.0,8300.0,8150.0,8175.0,4962.66748046875,23323800.0
2018-01-10,ASII.JK,8275.0,8300.0,8175.0,8275.0,5023.3720703125,29616100.0
2018-01-11,ASII.JK,8275.0,8275.0,8125.0,8250.0,5008.19580078125,19294700.0
2018-01-12,ASII.JK,8200.0,8250.0,8175.0,8175.0,4962.66748046875,15456000.0
2018-01-15,ASII.JK,8175.0,8200.0,8125.0,8175.0,4962.66748046875,12912900.0
2018-01-16,ASII.JK,8200.0,8250.0,8125.0,8225.0,4993.01904296875,25472200.0
2018-01-17,ASII.JK,8150.0,8300.0,8125.0,8200.0,4977.84326171875,44342900.0
2018-01-18,ASII.JK,8275.0,8300.0,8200.0,8300.0,5038.54833984375,41790200.0
2018-01-19,ASII.JK,8300.0,8350.0,8250.0,8350.0,5068.9013671875,28789700.0
2018-01-22,ASII.JK,8350.0,8350.0,8200.0,8250.0,5008.19580078125,40680600.0
2018-01-23,ASII.JK,8300.0,8525.0,8250.0,8525.0,5175.13525390625,39074200.0
2018-01-24,ASII.JK,8525.0,8750.0,8450.0,8725.0,5296.54541015625,36840200.0
2018-01-25,ASII.JK,8675.0,8750.0,8625.0,8725.0,5296.54541015625,27585500.0
2018-01-26,ASII.JK,8725.0,8725.0,8500.0,8625.0,5235.84130859375,24505100.0
2018-01-29,ASII.JK,8650.0,8675.0,8500.0,8650.0,5251.0166015625,17150200.0
2018-01-30,ASII.JK,8650.0,8650.0,8400.0,8425.0,5114.4296875,23643200.0
2018-01-31,ASII.JK,8400.0,8700.0,8375.0,8500.0,5159.95849609375,29112000.0
2018-02-01,ASII.JK,8525.0,8750.0,8525.0,8575.0,5205.4873046875,31700800.0
2018-02-02,ASII.JK,8700.0,8750.0,8625.0,8700.0,5281.3701171875,24482800.0
2018-02-05,ASII.JK,8500.0,8650.0,8450.0,8525.0,5175.13525390625,23045600.0
2018-02-06,ASII.JK,8350.0,8475.0,8350.0,8425.0,5114.4296875,33410900.0
2018-02-07,ASII.JK,8500.0,8600.0,8375.0,8450.0,5129.60595703125,31215400.0
2018-02-08,ASII.JK,8500.0,8525.0,8350.0,8375.0,5084.0771484375,28406900.0
2018-02-09,ASII.JK,8250.0,8350.0,8175.0,8200.0,4977.84326171875,64748600.0
2018-02-12,ASII.JK,8300.0,8300.0,8200.0,8200.0,4977.84326171875,20368800.0
2018-02-13,ASII.JK,8200.0,8300.0,8200.0,8275.0,5023.3720703125,30608200.0
2018-02-14,ASII.JK,8275.0,8375.0,8275.0,8375.0,5084.0771484375,24033700.0
2018-02-15,ASII.JK,8425.0,8425.0,8275.0,8275.0,5023.3720703125,14832000.0
2018-02-16,ASII.JK,8275.0,8275.0,8275.0,8275.0,5023.3720703125,0.0
2018-02-19,ASII.JK,8350.0,8425.0,8300.0,8425.0,5114.4296875,22998500.0
2018-02-20,ASII.JK,8350.0,8375.0,8250.0,8300.0,5038.54833984375,17276200.0
2018-02-21,ASII.JK,8325.0,8350.0,8125.0,8175.0,4962.66748046875,43896000.0
2018-02-22,ASII.JK,8200.0,8225.0,8000.0,8000.0,4856.431640625,33253700.0
2018-02-23,ASII.JK,8125.0,8250.0,8100.0,8200.0,4977.84326171875,29457600.0
2018-02-26,ASII.JK,8200.0,8225.0,8050.0,8100.0,4917.13818359375,23816800.0
2018-02-27,ASII.JK,8100.0,8200.0,8075.0,8200.0,4977.84326171875,23718200.0
2018-02-28,ASII.JK,8175.0,8175.0,8075.0,8075.0,4901.9609375,45102600.0
2018-03-01,ASII.JK,8100.0,8175.0,8075.0,8075.0,4901.9609375,25963100.0
2018-03-02,ASII.JK,8075.0,8150.0,8025.0,8150.0,4947.48974609375,15833800.0
2018-03-05,ASII.JK,8175.0,8175.0,8075.0,8150.0,4947.48974609375,19421500.0
2018-03-06,ASII.JK,8200.0,8200.0,8025.0,8050.0,4886.78515625,29864500.0
2018-03-07,ASII.JK,8000.0,8025.0,7775.0,7825.0,4750.197265625,56371600.0
2018-03-08,ASII.JK,7925.0,7925.0,7775.0,7850.0,4765.37353515625,45172700.0
2018-03-09,ASII.JK,7900.0,7900.0,7750.0,7775.0,4719.8447265625,26855700.0
2018-03-12,ASII.JK,7850.0,7875.0,7775.0,7800.0,4735.021484375,34352400.0
2018-03-13,ASII.JK,7775.0,7775.0,7675.0,7700.0,4674.31494140625,29718200.0
2018-03-14,ASII.JK,7650.0,7725.0,7575.0,7575.0,4598.43359375,25878500.0
2018-03-15,ASII.JK,7525.0,7575.0,7425.0,7450.0,4522.55224609375,38893700.0
2018-03-16,ASII.JK,7450.0,7525.0,7350.0,7450.0,4522.55224609375,93558800.0
2018-03-19,ASII.JK,7450.0,7475.0,7250.0,7275.0,4416.318359375,44260000.0
2018-03-20,ASII.JK,7225.0,7350.0,7200.0,7300.0,4431.494140625,53047800.0
2018-03-21,ASII.JK,7350.0,7350.0,7275.0,7300.0,4431.494140625,41451100.0
2018-03-22,ASII.JK,7350.0,7450.0,7325.0,7350.0,4461.845703125,40302400.0
2018-03-23,ASII.JK,7050.0,7275.0,7050.0,7275.0,4416.318359375,38206300.0
2018-03-26,ASII.JK,7275.0,7275.0,7175.0,7225.0,4385.9658203125,22640900.0
2018-03-27,ASII.JK,7300.0,7375.0,7250.0,7300.0,4431.494140625,24060300.0
2018-03-28,ASII.JK,7225.0,7250.0,7075.0,7100.0,4310.083984375,32341200.0
2018-03-29,ASII.JK,7175.0,7325.0,7050.0,7300.0,4431.494140625,40859700.0
2018-03-30,ASII.JK,7300.0,7300.0,7300.0,7300.0,4431.494140625,0.0
2018-04-02,ASII.JK,7350.0,7600.0,7300.0,7550.0,4583.25830078125,30899400.0
2018-04-03,ASII.JK,7500.0,7750.0,7450.0,7675.0,4659.14013671875,30007800.0
2018-04-04,ASII.JK,7675.0,7675.0,7475.0,7575.0,4598.43359375,22563400.0
2018-04-05,ASII.JK,7625.0,7650.0,7475.0,7600.0,4613.60986328125,16561500.0
2018-04-06,ASII.JK,7600.0,7600.0,7525.0,7525.0,4568.08056640625,8268700.0
2018-04-09,ASII.JK,7550.0,7750.0,7550.0,7750.0,4704.66845703125,17097200.0
2018-04-10,ASII.JK,7700.0,7850.0,7675.0,7825.0,4750.197265625,27654600.0
2018-04-11,ASII.JK,7875.0,7975.0,7850.0,7950.0,4826.07861328125,34716800.0
2018-04-12,ASII.JK,7850.0,7925.0,7700.0,7725.0,4689.4921875,26558600.0
2018-04-13,ASII.JK,7750.0,7825.0,7525.0,7525.0,4568.08056640625,17816300.0
2018-04-16,ASII.JK,7525.0,7525.0,7525.0,7525.0,4568.08056640625,0.0
2018-04-17,ASII.JK,7525.0,7525.0,7525.0,7525.0,4568.08056640625,0.0
2018-04-18,ASII.JK,7625.0,7625.0,7475.0,7525.0,4568.08056640625,23356500.0
2018-04-19,ASII.JK,7525.0,7525.0,7525.0,7525.0,4568.08056640625,0.0
2018-04-20,ASII.JK,7525.0,7525.0,7525.0,7525.0,4568.08056640625,0.0
2018-04-23,ASII.JK,7600.0,7600.0,7475.0,7475.0,4537.728515625,12648900.0
2018-04-24,ASII.JK,7400.0,7475.0,7300.0,7325.0,4446.6708984375,33995200.0
2018-04-25,ASII.JK,7325.0,7325.0,7325.0,7325.0,4446.6708984375,0.0
2018-04-26,ASII.JK,7325.0,7325.0,7325.0,7325.0,4446.6708984375,0.0
2018-04-27,ASII.JK,7325.0,7325.0,7325.0,7325.0,4446.6708984375,0.0
2018-04-30,ASII.JK,7275.0,7300.0,7150.0,7150.0,4340.43603515625,20489400.0
2018-05-01,ASII.JK,7150.0,7150.0,7150.0,7150.0,4340.43603515625,0.0
2018-05-02,ASII.JK,7200.0,7375.0,7150.0,7375.0,4477.02392578125,28029500.0
2018-05-03,ASII.JK,7375.0,7400.0,7275.0,7275.0,4416.318359375,38116700.0
2018-05-04,ASII.JK,7200.0,7300.0,7125.0,7250.0,4481.21826171875,20155100.0
2018-05-07,ASII.JK,7300.0,7300.0,7050.0,7075.0,4373.05126953125,24167400.0
2018-05-08,ASII.JK,7075.0,7100.0,6825.0,6950.0,4295.7880859375,45877500.0
2018-05-09,ASII.JK,6800.0,7125.0,6800.0,7100.0,4388.50390625,51249600.0
2018-05-10,ASII.JK,7100.0,7100.0,7100.0,7100.0,4388.50390625,0.0
2018-05-11,ASII.JK,7150.0,7200.0,7050.0,7050.0,4357.5986328125,21370800.0
2018-05-14,ASII.JK,6950.0,7100.0,6950.0,7025.0,4342.14599609375,28081600.0
2018-05-15,ASII.JK,7025.0,7100.0,6925.0,6925.0,4280.33544921875,30656400.0
2018-05-16,ASII.JK,6900.0,6925.0,6650.0,6900.0,4264.8837890625,39298500.0
2018-05-17,ASII.JK,6900.0,6925.0,6725.0,6725.0,4156.71630859375,31996300.0
2018-05-18,ASII.JK,6800.0,6800.0,6525.0,6525.0,4033.0966796875,32946300.0
2018-05-21,ASII.JK,6600.0,6675.0,6525.0,6525.0,4033.0966796875,19666000.0
2018-05-22,ASII.JK,6575.0,7000.0,6550.0,6950.0,4295.7880859375,52564600.0
2018-05-23,ASII.JK,7000.0,7225.0,6950.0,7000.0,4326.69384765625,46432300.0
2018-05-24,ASII.JK,7150.0,7300.0,7125.0,7225.0,4465.7666015625,31517700.0
2018-05-25,ASII.JK,7275.0,7275.0,7050.0,7250.0,4481.21826171875,23149300.0
2018-05-28,ASII.JK,7100.0,7300.0,7100.0,7175.0,4434.86083984375,20768800.0
2018-05-29,ASII.JK,7175.0,7175.0,7175.0,7175.0,4434.86083984375,0.0
2018-05-30,ASII.JK,7125.0,7200.0,6950.0,7000.0,4326.69384765625,38264900.0
2018-05-31,ASII.JK,7075.0,7150.0,6850.0,6900.0,4264.8837890625,99330400.0
2018-06-01,ASII.JK,6900.0,6900.0,6900.0,6900.0,4264.8837890625,0.0
2018-06-04,ASII.JK,7050.0,7100.0,6975.0,7000.0,4326.69384765625,29071700.0
2018-06-05,ASII.JK,6950.0,7050.0,6950.0,7000.0,4326.69384765625,32973400.0
2018-06-06,ASII.JK,7000.0,7025.0,6950.0,6975.0,4311.240234375,27978000.0
2018-06-07,ASII.JK,7000.0,7025.0,6950.0,6975.0,4311.240234375,34005400.0
2018-06-08,ASII.JK,6875.0,6975.0,6875.0,6900.0,4264.8837890625,82723800.0
2018-06-11,ASII.JK,6900.0,6900.0,6900.0,6900.0,4264.8837890625,0.0
2018-06-12,ASII.JK,6900.0,6900.0,6900.0,6900.0,4264.8837890625,0.0
2018-06-13,ASII.JK,6900.0,6900.0,6900.0,6900.0,4264.8837890625,0.0
2018-06-14,ASII.JK,6900.0,6900.0,6900.0,6900.0,4264.8837890625,0.0
2018-06-15,ASII.JK,6900.0,6900.0,6900.0,6900.0,4264.8837890625,0.0
2018-06-18,ASII.JK,6900.0,6900.0,6900.0,6900.0,4264.8837890625,0.0
2018-06-19,ASII.JK,6900.0,6900.0,6900.0,6900.0,4264.8837890625,0.0
2018-06-20,ASII.JK,6850.0,6950.0,6625.0,6950.0,4295.7880859375,94750500.0
2018-06-21,ASII.JK,7100.0,7100.0,6675.0,6675.0,4125.81005859375,40710000.0
2018-06-22,ASII.JK,6675.0,6675.0,6575.0,6600.0,4079.453125,30220100.0
2018-06-25,ASII.JK,6700.0,6725.0,6575.0,6600.0,4079.453125,35216300.0
2018-06-26,ASII.JK,6550.0,6800.0,6550.0,6700.0,4141.26416015625,21592800.0
2018-06-27,ASII.JK,6725.0,6750.0,6425.0,6425.0,3971.285888671875,26041600.0
2018-06-28,ASII.JK,6425.0,6475.0,6275.0,6350.0,3924.929443359375,47122000.0
2018-06-29,ASII.JK,6400.0,6600.0,6375.0,6600.0,4079.453125,44077400.0
2018-07-02,ASII.JK,6650.0,6650.0,6250.0,6250.0,3863.11962890625,30044400.0
2018-07-03,ASII.JK,6250.0,6400.0,6100.0,6100.0,3770.404296875,31918600.0
2018-07-04,ASII.JK,6175.0,6425.0,6125.0,6250.0,3863.11962890625,26706500.0
2018-07-05,ASII.JK,6200.0,6375.0,6200.0,6300.0,3894.024169921875,10071000.0
2018-07-06,ASII.JK,6375.0,6375.0,6250.0,6300.0,3894.024169921875,12516100.0
2018-07-09,ASII.JK,6350.0,6400.0,6250.0,6325.0,3909.47607421875,17337000.0
2018-07-10,ASII.JK,6450.0,6550.0,6350.0,6350.0,3924.929443359375,36086900.0
2018-07-11,ASII.JK,6300.0,6625.0,6275.0,6625.0,4094.90625,29415100.0
2018-07-12,ASII.JK,6575.0,6700.0,6550.0,6675.0,4125.81005859375,22465500.0
2018-07-13,ASII.JK,6750.0,6825.0,6650.0,6800.0,4203.0751953125,27647800.0
2018-07-16,ASII.JK,6700.0,6725.0,6550.0,6700.0,4141.26416015625,16831500.0
2018-07-17,ASII.JK,6550.0,6675.0,6500.0,6625.0,4094.90625,15901500.0
2018-07-18,ASII.JK,6700.0,6750.0,6575.0,6650.0,4110.3583984375,19002100.0
2018-07-19,ASII.JK,6650.0,6750.0,6650.0,6700.0,4141.26416015625,27562100.0
2018-07-20,ASII.JK,6700.0,6750.0,6575.0,6675.0,4125.81005859375,22005400.0
2018-07-23,ASII.JK,6750.0,6750.0,6675.0,6675.0,4125.81005859375,13735600.0
2018-07-24,ASII.JK,6625.0,6750.0,6625.0,6650.0,4110.3583984375,8932500.0
2018-07-25,ASII.JK,6725.0,6900.0,6650.0,6875.0,4249.43115234375,15946900.0
2018-07-26,ASII.JK,6925.0,6950.0,6650.0,6675.0,4125.81005859375,20823800.0
2018-07-27,ASII.JK,6700.0,7000.0,6700.0,6975.0,4311.240234375,31156700.0
2018-07-30,ASII.JK,7000.0,7100.0,6900.0,7100.0,4388.50390625,21379900.0
2018-07-31,ASII.JK,7050.0,7150.0,6975.0,7150.0,4419.40869140625,25841400.0
2018-08-01,ASII.JK,7150.0,7475.0,7150.0,7475.0,4620.29052734375,53935800.0
2018-08-02,ASII.JK,7500.0,7500.0,7300.0,7300.0,4512.12353515625,19141400.0
2018-08-03,ASII.JK,7275.0,7300.0,7050.0,7125.0,4403.95654296875,24035700.0
2018-08-06,ASII.JK,7250.0,7475.0,7200.0,7425.0,4589.38525390625,37077600.0
2018-08-07,ASII.JK,7475.0,7475.0,7325.0,7375.0,4558.48095703125,23222200.0
2018-08-08,ASII.JK,7400.0,7450.0,7325.0,7425.0,4589.38525390625,16794100.0
2018-08-09,ASII.JK,7300.0,7525.0,7300.0,7500.0,4635.744140625,17331500.0
2018-08-10,ASII.JK,7450.0,7475.0,7325.0,7400.0,4573.93359375,16288400.0
2018-08-13,ASII.JK,7275.0,7275.0,7075.0,7100.0,4388.50390625,25732900.0
2018-08-14,ASII.JK,7075.0,7225.0,6825.0,6825.0,4218.5263671875,34274000.0
2018-08-15,ASII.JK,6900.0,7050.0,6600.0,6975.0,4311.240234375,44615000.0
2018-08-16,ASII.JK,6975.0,7250.0,6850.0,7100.0,4388.50390625,21705200.0
2018-08-17,ASII.JK,7100.0,7100.0,7100.0,7100.0,4388.50390625,0.0
2018-08-20,ASII.JK,7250.0,7400.0,7150.0,7400.0,4573.93359375,44690500.0
2018-08-21,ASII.JK,7400.0,7475.0,7325.0,7475.0,4620.29052734375,20659500.0
2018-08-22,ASII.JK,7475.0,7475.0,7475.0,7475.0,4620.29052734375,0.0
2018-08-23,ASII.JK,7475.0,7525.0,7300.0,7425.0,4589.38525390625,30246600.0
2018-08-24,ASII.JK,7375.0,7450.0,7275.0,7375.0,4558.48095703125,15617800.0
2018-08-27,ASII.JK,7375.0,7600.0,7350.0,7575.0,4682.10009765625,32820400.0
2018-08-28,ASII.JK,7575.0,7600.0,7350.0,7350.0,4543.02734375,17798200.0
2018-08-29,ASII.JK,7450.0,7550.0,7375.0,7475.0,4620.29052734375,26083000.0
2018-08-30,ASII.JK,7500.0,7500.0,7350.0,7475.0,4620.29052734375,15151400.0
2018-08-31,ASII.JK,7400.0,7400.0,7200.0,7250.0,4481.21826171875,40829300.0
2018-09-03,ASII.JK,7275.0,7275.0,7075.0,7100.0,4388.50390625,25016000.0
2018-09-04,ASII.JK,7100.0,7100.0,7000.0,7075.0,4373.05126953125,30739500.0
2018-09-05,ASII.JK,6900.0,6950.0,6725.0,6775.0,4187.62060546875,52098900.0
2018-09-06,ASII.JK,6675.0,6875.0,6600.0,6800.0,4203.0751953125,60188600.0
2018-09-07,ASII.JK,6900.0,7175.0,6825.0,7175.0,4434.86083984375,42928600.0
2018-09-10,ASII.JK,7125.0,7175.0,6975.0,7175.0,4434.86083984375,21884300.0
2018-09-11,ASII.JK,7175.0,7175.0,7175.0,7175.0,4434.86083984375,0.0
2018-09-12,ASII.JK,7175.0,7275.0,7125.0,7125.0,4403.95654296875,27126400.0
2018-09-13,ASII.JK,7275.0,7275.0,7000.0,7075.0,4373.05126953125,22644700.0
2018-09-14,ASII.JK,7075.0,7225.0,7050.0,7225.0,4465.7666015625,17697900.0
2018-09-17,ASII.JK,7125.0,7125.0,6950.0,6950.0,4295.7880859375,15380700.0
2018-09-18,ASII.JK,6925.0,7125.0,6875.0,7025.0,4342.14599609375,31839500.0
2018-09-19,ASII.JK,7100.0,7400.0,7100.0,7400.0,4573.93359375,28048600.0
2018-09-20,ASII.JK,7400.0,7575.0,7325.0,7500.0,4635.744140625,37420600.0
2018-09-21,ASII.JK,7475.0,7475.0,7225.0,7250.0,4481.21826171875,48533000.0
2018-09-24,ASII.JK,7200.0,7225.0,7075.0,7125.0,4403.95654296875,24764900.0
2018-09-25,ASII.JK,7100.0,7200.0,7075.0,7200.0,4450.31396484375,14404300.0
2018-09-26,ASII.JK,7200.0,7425.0,7200.0,7350.0,4543.02734375,25803300.0
2018-09-27,ASII.JK,7225.0,7375.0,7200.0,7375.0,4558.48095703125,29349300.0
2018-09-28,ASII.JK,7275.0,7450.0,7275.0,7350.0,4543.02734375,31995300.0
2018-10-01,ASII.JK,7225.0,7475.0,7225.0,7325.0,4527.57568359375,14131300.0
2018-10-02,ASII.JK,7450.0,7450.0,7125.0,7200.0,4450.31396484375,19915100.0
2018-10-03,ASII.JK,7250.0,7275.0,7175.0,7200.0,4450.31396484375,16575900.0
2018-10-04,ASII.JK,7125.0,7150.0,7025.0,7075.0,4373.05126953125,19705600.0
2018-10-05,ASII.JK,6975.0,7050.0,6900.0,6950.0,4332.53125,25996300.0
2018-10-08,ASII.JK,6900.0,6975.0,6850.0,6850.0,4270.1923828125,19133100.0
2018-10-09,ASII.JK,6975.0,7025.0,6850.0,7025.0,4379.28564453125,17361000.0
2018-10-10,ASII.JK,7000.0,7050.0,6900.0,6950.0,4332.53125,17102700.0
2018-10-11,ASII.JK,6800.0,6825.0,6700.0,6725.0,4192.26953125,40456500.0
2018-10-12,ASII.JK,6775.0,6925.0,6775.0,6850.0,4270.1923828125,28756200.0
2018-10-15,ASII.JK,6850.0,6925.0,6825.0,6850.0,4270.1923828125,18822300.0
2018-10-16,ASII.JK,6900.0,6975.0,6825.0,6975.0,4348.11474609375,18553300.0
2018-10-17,ASII.JK,7075.0,7100.0,6975.0,7025.0,4379.28564453125,23333900.0
2018-10-18,ASII.JK,7025.0,7025.0,6950.0,7025.0,4379.28564453125,12591900.0
2018-10-19,ASII.JK,7000.0,7350.0,6975.0,7300.0,4550.7158203125,48440500.0
2018-10-22,ASII.JK,7275.0,7300.0,7200.0,7275.0,4535.130859375,22418400.0
2018-10-23,ASII.JK,7200.0,7375.0,7125.0,7350.0,4581.884765625,38954800.0
2018-10-24,ASII.JK,7350.0,7450.0,7300.0,7300.0,4550.7158203125,36406600.0
2018-10-25,ASII.JK,7100.0,7375.0,7100.0,7375.0,4597.4697265625,26522600.0
2018-10-26,ASII.JK,7375.0,7425.0,7275.0,7425.0,4628.638671875,22297400.0
2018-10-29,ASII.JK,7475.0,7625.0,7450.0,7500.0,4675.3935546875,50786300.0
2018-10-30,ASII.JK,7500.0,7750.0,7450.0,7700.0,4800.06982421875,39056900.0
2018-10-31,ASII.JK,7725.0,7900.0,7700.0,7900.0,4924.74755859375,46586400.0
2018-11-01,ASII.JK,7925.0,8050.0,7900.0,8050.0,5018.2548828125,59367100.0
2018-11-02,ASII.JK,8150.0,8200.0,8050.0,8175.0,5096.17919921875,58720200.0
2018-11-05,ASII.JK,8150.0,8250.0,8050.0,8250.0,5142.9326171875,32945600.0
2018-11-06,ASII.JK,8250.0,8250.0,7975.0,8100.0,5049.4248046875,40294600.0
2018-11-07,ASII.JK,8125.0,8325.0,8050.0,8225.0,5127.34765625,44005500.0
2018-11-08,ASII.JK,8300.0,8425.0,8150.0,8200.0,5111.7626953125,48031900.0
2018-11-09,ASII.JK,8200.0,8250.0,8100.0,8175.0,5096.17919921875,26391600.0
2018-11-12,ASII.JK,8050.0,8125.0,7875.0,7875.0,4909.16259765625,27601900.0
2018-11-13,ASII.JK,7850.0,8100.0,7825.0,8000.0,4987.08544921875,40483500.0
2018-11-14,ASII.JK,8200.0,8300.0,8100.0,8175.0,5096.17919921875,35668500.0
2018-11-15,ASII.JK,8325.0,8525.0,8275.0,8525.0,5314.36376953125,59979400.0
2018-11-16,ASII.JK,8500.0,8575.0,8400.0,8550.0,5329.947265625,45617600.0
2018-11-19,ASII.JK,8550.0,8550.0,8400.0,8500.0,5298.7783203125,26364000.0
2018-11-20,ASII.JK,8500.0,8500.0,8500.0,8500.0,5298.7783203125,0.0
2018-11-21,ASII.JK,8300.0,8575.0,8275.0,8450.0,5267.609375,27715700.0
2018-11-22,ASII.JK,8250.0,8475.0,8250.0,8450.0,5267.609375,21296200.0
2018-11-23,ASII.JK,8400.0,8425.0,8300.0,8400.0,5236.44091796875,7150800.0
2018-11-26,ASII.JK,8375.0,8425.0,8325.0,8325.0,5189.6865234375,18712300.0
2018-11-27,ASII.JK,8225.0,8450.0,8225.0,8400.0,5236.44091796875,21522600.0
2018-11-28,ASII.JK,8400.0,8400.0,8175.0,8400.0,5236.44091796875,40728200.0
2018-11-29,ASII.JK,8450.0,8575.0,8400.0,8475.0,5283.193359375,46667000.0
2018-11-30,ASII.JK,8575.0,8625.0,8375.0,8550.0,5329.947265625,69165200.0
2018-12-03,ASII.JK,8700.0,8775.0,8525.0,8600.0,5361.1171875,44652600.0
2018-12-04,ASII.JK,8600.0,8600.0,8425.0,8525.0,5314.36376953125,50127600.0
2018-12-05,ASII.JK,8400.0,8475.0,8250.0,8325.0,5189.6865234375,28909900.0
2018-12-06,ASII.JK,8200.0,8250.0,8050.0,8100.0,5049.4248046875,55894200.0
2018-12-07,ASII.JK,8100.0,8275.0,8075.0,8225.0,5127.34765625,58677800.0
2018-12-10,ASII.JK,8075.0,8175.0,8050.0,8150.0,5080.59375,23912000.0
2018-12-11,ASII.JK,8150.0,8250.0,8150.0,8150.0,5080.59375,34673200.0
2018-12-12,ASII.JK,8275.0,8275.0,8200.0,8250.0,5142.9326171875,23533500.0
2018-12-13,ASII.JK,8300.0,8625.0,8275.0,8450.0,5267.609375,57420600.0
2018-12-14,ASII.JK,8500.0,8500.0,8400.0,8450.0,5267.609375,36739100.0
2018-12-17,ASII.JK,8450.0,8450.0,8250.0,8300.0,5174.1005859375,37179000.0
2018-12-18,ASII.JK,8200.0,8375.0,8200.0,8375.0,5220.85498046875,27136700.0
2018-12-19,ASII.JK,8350.0,8450.0,8325.0,8425.0,5252.0244140625,29886700.0
2018-12-20,ASII.JK,8325.0,8525.0,8325.0,8475.0,5283.193359375,24652800.0
2018-12-21,ASII.JK,8450.0,8450.0,8300.0,8425.0,5252.0244140625,31157200.0
2018-12-24,ASII.JK,8425.0,8425.0,8425.0,8425.0,5252.0244140625,0.0
2018-12-25,ASII.JK,8425.0,8425.0,8425.0,8425.0,5252.0244140625,0.0
2018-12-26,ASII.JK,8250.0,8300.0,8125.0,8125.0,5065.00927734375,19355100.0
2018-12-27,ASII.JK,8300.0,8325.0,8175.0,8225.0,5127.34765625,25748300.0
2018-12-28,ASII.JK,8275.0,8400.0,8225.0,8225.0,5127.34765625,24480400.0
2018-12-31,ASII.JK,8225.0,8225.0,8225.0,8225.0,5127.34765625,0.0
2019-01-01,ASII.JK,8225.0,8225.0,8225.0,8225.0,5127.34765625,0.0
2019-01-02,ASII.JK,8200.0,8275.0,8125.0,8200.0,5111.7626953125,14014100.0
2019-01-03,ASII.JK,8100.0,8400.0,8100.0,8375.0,5220.85498046875,25148400.0
2019-01-04,ASII.JK,8400.0,8450.0,8200.0,8350.0,5205.27001953125,32475900.0
2019-01-07,ASII.JK,8450.0,8475.0,8150.0,8150.0,5080.59375,32649700.0
2019-01-08,ASII.JK,8150.0,8225.0,8125.0,8175.0,5096.17919921875,29130800.0
2019-01-09,ASII.JK,8225.0,8275.0,8150.0,8200.0,5111.7626953125,42977800.0
2019-01-10,ASII.JK,8175.0,8200.0,7950.0,8200.0,5111.7626953125,76803900.0
2019-01-11,ASII.JK,8300.0,8300.0,8225.0,8300.0,5174.1005859375,32212200.0
2019-01-14,ASII.JK,8225.0,8225.0,8050.0,8150.0,5080.59375,40449800.0
2019-01-15,ASII.JK,8150.0,8150.0,8050.0,8150.0,5080.59375,56524700.0
2019-01-16,ASII.JK,8175.0,8250.0,8125.0,8250.0,5142.9326171875,33593600.0
2019-01-17,ASII.JK,8250.0,8325.0,8200.0,8275.0,5158.517578125,38888100.0
2019-01-18,ASII.JK,8300.0,8475.0,8275.0,8475.0,5283.193359375,45180500.0
2019-01-21,ASII.JK,8475.0,8550.0,8300.0,8325.0,5189.6865234375,39949600.0
2019-01-22,ASII.JK,8375.0,8375.0,8150.0,8200.0,5111.7626953125,33129500.0
2019-01-23,ASII.JK,8200.0,8275.0,8175.0,8175.0,5096.17919921875,26554900.0
2019-01-24,ASII.JK,8225.0,8450.0,8225.0,8425.0,5252.0244140625,56764700.0
2019-01-25,ASII.JK,8475.0,8475.0,8275.0,8425.0,5252.0244140625,27967500.0
2019-01-28,ASII.JK,8450.0,8450.0,8275.0,8375.0,5220.85498046875,25672700.0
2019-01-29,ASII.JK,8375.0,8400.0,8275.0,8375.0,5220.85498046875,34675500.0
2019-01-30,ASII.JK,8275.0,8375.0,8225.0,8350.0,5205.27001953125,40835000.0
2019-01-31,ASII.JK,8375.0,8450.0,8325.0,8450.0,5267.609375,49304900.0
2019-02-01,ASII.JK,8475.0,8500.0,8350.0,8450.0,5267.609375,23915300.0
2019-02-04,ASII.JK,8450.0,8475.0,8175.0,8200.0,5111.7626953125,27634200.0
2019-02-05,ASII.JK,8200.0,8200.0,8200.0,8200.0,5111.7626953125,0.0
2019-02-06,ASII.JK,8275.0,8350.0,8225.0,8225.0,5127.34765625,28617900.0
2019-02-07,ASII.JK,8225.0,8275.0,8150.0,8200.0,5111.7626953125,27500100.0
2019-02-08,ASII.JK,8150.0,8225.0,8100.0,8150.0,5080.59375,36834100.0
2019-02-11,ASII.JK,8125.0,8150.0,8000.0,8000.0,4987.08544921875,34439900.0
2019-02-12,ASII.JK,8000.0,8000.0,7650.0,7650.0,4768.900390625,84655500.0
2019-02-13,ASII.JK,7700.0,7775.0,7550.0,7675.0,4784.48583984375,60065900.0
2019-02-14,ASII.JK,7775.0,7775.0,7550.0,7600.0,4737.73193359375,37462300.0
2019-02-15,ASII.JK,7650.0,7650.0,7525.0,7600.0,4737.73193359375,51353000.0
2019-02-18,ASII.JK,7725.0,7925.0,7700.0,7875.0,4909.16259765625,39041200.0
2019-02-19,ASII.JK,7800.0,7875.0,7725.0,7775.0,4846.82421875,24292900.0
2019-02-20,ASII.JK,7850.0,7875.0,7625.0,7775.0,4846.82421875,46538800.0
2019-02-21,ASII.JK,7700.0,7725.0,7650.0,7700.0,4800.06982421875,41248700.0
2019-02-22,ASII.JK,7650.0,7700.0,7575.0,7625.0,4753.31640625,32076500.0
2019-02-25,ASII.JK,7625.0,7800.0,7575.0,7650.0,4768.900390625,34983600.0
2019-02-26,ASII.JK,7625.0,7675.0,7600.0,7600.0,4737.73193359375,29923400.0
2019-02-27,ASII.JK,7650.0,7650.0,7525.0,7600.0,4737.73193359375,38903200.0
2019-02-28,ASII.JK,7550.0,7550.0,7150.0,7150.0,4457.20849609375,119005400.0
2019-03-01,ASII.JK,7250.0,7400.0,7225.0,7225.0,4503.96240234375,56265500.0
2019-03-04,ASII.JK,7200.0,7275.0,7150.0,7150.0,4457.20849609375,31484700.0
2019-03-05,ASII.JK,7125.0,7375.0,7025.0,7300.0,4550.7158203125,60708500.0
2019-03-06,ASII.JK,7400.0,7400.0,7275.0,7325.0,4566.30078125,35643300.0
2019-03-07,ASII.JK,7325.0,7325.0,7325.0,7325.0,4566.30078125,0.0
2019-03-08,ASII.JK,7200.0,7225.0,7150.0,7150.0,4457.20849609375,86989800.0
2019-03-11,ASII.JK,7300.0,7300.0,7175.0,7225.0,4503.96240234375,33829300.0
2019-03-12,ASII.JK,7250.0,7350.0,7175.0,7175.0,4472.79248046875,36724200.0
2019-03-13,ASII.JK,7100.0,7150.0,7100.0,7125.0,4441.62353515625,35882400.0
2019-03-14,ASII.JK,7125.0,7250.0,7125.0,7200.0,4488.3779296875,29057900.0
2019-03-15,ASII.JK,7200.0,7375.0,7200.0,7325.0,4566.30078125,39356200.0
2019-03-18,ASII.JK,7300.0,7375.0,7275.0,7325.0,4566.30078125,32558100.0
2019-03-19,ASII.JK,7300.0,7325.0,7225.0,7275.0,4535.130859375,40585700.0
2019-03-20,ASII.JK,7300.0,7350.0,7225.0,7275.0,4535.130859375,30377700.0
2019-03-21,ASII.JK,7300.0,7325.0,7225.0,7250.0,4519.54638671875,31066900.0
2019-03-22,ASII.JK,7275.0,7300.0,7225.0,7225.0,4503.96240234375,13387300.0
2019-03-25,ASII.JK,7175.0,7175.0,7000.0,7050.0,4394.86962890625,51758500.0
2019-03-26,ASII.JK,7100.0,7175.0,7075.0,7100.0,4426.0390625,23711700.0
2019-03-27,ASII.JK,7175.0,7200.0,7100.0,7175.0,4472.79248046875,12546100.0
2019-03-28,ASII.JK,7150.0,7150.0,7050.0,7100.0,4426.0390625,17584700.0
2019-03-29,ASII.JK,7100.0,7300.0,7100.0,7300.0,4550.7158203125,30122900.0
2019-04-01,ASII.JK,7375.0,7400.0,7275.0,7350.0,4581.884765625,13152600.0
2019-04-02,ASII.JK,7325.0,7450.0,7300.0,7425.0,4628.638671875,28647700.0
2019-04-03,ASII.JK,7425.0,7425.0,7425.0,7425.0,4628.638671875,0.0
2019-04-04,ASII.JK,7500.0,7625.0,7500.0,7550.0,4706.56201171875,38598100.0
2019-04-05,ASII.JK,7575.0,7650.0,7500.0,7650.0,4768.900390625,21303800.0
2019-04-08,ASII.JK,7600.0,7625.0,7375.0,7525.0,4690.97705078125,23973800.0
2019-04-09,ASII.JK,7475.0,7700.0,7475.0,7675.0,4784.48583984375,31230600.0
2019-04-10,ASII.JK,7725.0,7725.0,7625.0,7650.0,4768.900390625,18506200.0
2019-04-11,ASII.JK,7675.0,7675.0,7475.0,7525.0,4690.97705078125,17082800.0
2019-04-12,ASII.JK,7450.0,7575.0,7450.0,7525.0,4690.97705078125,12332300.0
2019-04-15,ASII.JK,7575.0,7625.0,7475.0,7600.0,4737.73193359375,30002000.0
2019-04-16,ASII.JK,7550.0,7800.0,7550.0,7750.0,4831.2392578125,37600500.0
2019-04-17,ASII.JK,7750.0,7750.0,7750.0,7750.0,4831.2392578125,0.0
2019-04-18,ASII.JK,7925.0,8025.0,7775.0,7850.0,4893.578125,88459900.0
2019-04-19,ASII.JK,7850.0,7850.0,7850.0,7850.0,4893.578125,0.0
2019-04-22,ASII.JK,7850.0,7850.0,7500.0,7525.0,4690.97705078125,33999600.0
2019-04-23,ASII.JK,7625.0,7675.0,7550.0,7650.0,4768.900390625,30486900.0
2019-04-24,ASII.JK,7625.0,7675.0,7600.0,7650.0,4768.900390625,22044600.0
2019-04-25,ASII.JK,7550.0,7600.0,7400.0,7550.0,4706.56201171875,34998300.0
2019-04-26,ASII.JK,7475.0,7650.0,7475.0,7650.0,4768.900390625,31531100.0
2019-04-29,ASII.JK,7525.0,7700.0,7500.0,7600.0,4737.73193359375,33169300.0
2019-04-30,ASII.JK,7650.0,7675.0,7575.0,7625.0,4753.31640625,29569700.0
2019-05-01,ASII.JK,7625.0,7625.0,7625.0,7625.0,4753.31640625,0.0
2019-05-02,ASII.JK,7600.0,7675.0,7450.0,7475.0,4659.80810546875,37010600.0
2019-05-03,ASII.JK,7475.0,7500.0,7400.0,7425.0,4628.638671875,30801100.0
2019-05-06,ASII.JK,7350.0,7450.0,7300.0,7425.0,4628.638671875,22291100.0
2019-05-07,ASII.JK,7400.0,7550.0,7375.0,7525.0,4790.4189453125,22700800.0
2019-05-08,ASII.JK,7450.0,7475.0,7375.0,7400.0,4710.84375,22454500.0
2019-05-09,ASII.JK,7325.0,7350.0,7125.0,7150.0,4551.69384765625,42585100.0
2019-05-10,ASII.JK,7200.0,7225.0,7075.0,7175.0,4567.60888671875,37086400.0
2019-05-13,ASII.JK,7100.0,7150.0,6975.0,7025.0,4472.11865234375,26992400.0
2019-05-14,ASII.JK,6900.0,7050.0,6825.0,7000.0,4456.20361328125,47782200.0
2019-05-15,ASII.JK,7075.0,7075.0,6875.0,6950.0,4424.37353515625,30786000.0
2019-05-16,ASII.JK,6900.0,6950.0,6725.0,6775.0,4312.9677734375,47245500.0
2019-05-17,ASII.JK,6900.0,6925.0,6700.0,6700.0,4265.2236328125,25102800.0
2019-05-20,ASII.JK,6650.0,6925.0,6625.0,6900.0,4392.54345703125,28865800.0
2019-05-21,ASII.JK,6925.0,7050.0,6925.0,7000.0,4456.20361328125,35020100.0
2019-05-22,ASII.JK,7000.0,7025.0,6850.0,7000.0,4456.20361328125,22967500.0
2019-05-23,ASII.JK,7000.0,7125.0,6975.0,7100.0,4519.86279296875,26460200.0
2019-05-24,ASII.JK,7125.0,7200.0,7050.0,7175.0,4567.60888671875,22372000.0
2019-05-27,ASII.JK,7175.0,7225.0,7100.0,7125.0,4535.7783203125,20859100.0
2019-05-28,ASII.JK,7200.0,7200.0,7050.0,7075.0,4503.94873046875,77066000.0
2019-05-29,ASII.JK,7075.0,7275.0,7050.0,7200.0,4583.5234375,28805600.0
2019-05-30,ASII.JK,7200.0,7200.0,7200.0,7200.0,4583.5234375,0.0
2019-05-31,ASII.JK,7250.0,7450.0,7175.0,7450.0,4742.67333984375,46478800.0
2019-06-03,ASII.JK,7450.0,7450.0,7450.0,7450.0,4742.67333984375,0.0
2019-06-04,ASII.JK,7450.0,7450.0,7450.0,7450.0,4742.67333984375,0.0
2019-06-05,ASII.JK,7450.0,7450.0,7450.0,7450.0,4742.67333984375,0.0
2019-06-06,ASII.JK,7450.0,7450.0,7450.0,7450.0,4742.67333984375,0.0
2019-06-07,ASII.JK,7450.0,7450.0,7450.0,7450.0,4742.67333984375,0.0
2019-06-10,ASII.JK,7575.0,7700.0,7550.0,7675.0,4885.90869140625,50332200.0
2019-06-11,ASII.JK,7525.0,7675.0,7450.0,7625.0,4854.07861328125,37387000.0
2019-06-12,ASII.JK,7500.0,7575.0,7450.0,7500.0,4774.50341796875,27570300.0
2019-06-13,ASII.JK,7450.0,7525.0,7375.0,7500.0,4774.50341796875,33860400.0
2019-06-14,ASII.JK,7500.0,7575.0,7400.0,7425.0,4726.75830078125,28282900.0
2019-06-17,ASII.JK,7425.0,7450.0,7375.0,7375.0,4694.9287109375,11239700.0
2019-06-18,ASII.JK,7425.0,7500.0,7400.0,7500.0,4774.50341796875,17393200.0
2019-06-20,ASII.JK,7575.0,7625.0,7500.0,7600.0,4838.1630859375,26961500.0
2019-06-21,ASII.JK,7625.0,7625.0,7350.0,7450.0,4742.67333984375,72597200.0
2019-06-24,ASII.JK,7375.0,7450.0,7300.0,7350.0,4679.01318359375,23779400.0
2019-06-25,ASII.JK,7275.0,7400.0,7275.0,7350.0,4679.01318359375,23606900.0
2019-06-26,ASII.JK,7375.0,7375.0,7225.0,7250.0,4615.35400390625,20215500.0
2019-06-27,ASII.JK,7250.0,7425.0,7250.0,7375.0,4694.9287109375,24916300.0
2019-06-28,ASII.JK,7400.0,7475.0,7350.0,7450.0,4742.67333984375,22286100.0
2019-07-01,ASII.JK,7475.0,7500.0,7300.0,7375.0,4694.9287109375,28466100.0
2019-07-02,ASII.JK,7400.0,7400.0,7250.0,7300.0,4647.1826171875,30466600.0
2019-07-03,ASII.JK,7275.0,7350.0,7225.0,7275.0,4631.2685546875,30525700.0
2019-07-04,ASII.JK,7300.0,7300.0,7200.0,7250.0,4615.35400390625,25196500.0
2019-07-05,ASII.JK,7200.0,7250.0,7150.0,7150.0,4551.69384765625,17084700.0
2019-07-08,ASII.JK,7225.0,7325.0,7175.0,7300.0,4647.1826171875,20878100.0
2019-07-09,ASII.JK,7325.0,7325.0,7225.0,7275.0,4631.2685546875,21689700.0
2019-07-10,ASII.JK,7325.0,7450.0,7300.0,7450.0,4742.67333984375,39466400.0
2019-07-11,ASII.JK,7475.0,7525.0,7425.0,7525.0,4790.4189453125,33821300.0
2019-07-12,ASII.JK,7500.0,7500.0,7400.0,7450.0,4742.67333984375,31711400.0
2019-07-15,ASII.JK,7500.0,7500.0,7400.0,7425.0,4726.75830078125,26628700.0
2019-07-16,ASII.JK,7450.0,7475.0,7400.0,7450.0,4742.67333984375,18188000.0
2019-07-17,ASII.JK,7400.0,7400.0,7100.0,7100.0,4519.86279296875,56668400.0
2019-07-18,ASII.JK,7100.0,7200.0,7075.0,7150.0,4551.69384765625,22334900.0
2019-07-19,ASII.JK,7175.0,7200.0,7075.0,7100.0,4519.86279296875,28008400.0
2019-07-22,ASII.JK,7100.0,7150.0,7050.0,7100.0,4519.86279296875,18040600.0
2019-07-23,ASII.JK,7150.0,7200.0,7125.0,7150.0,4551.69384765625,25156100.0
2019-07-24,ASII.JK,7225.0,7250.0,7175.0,7175.0,4567.60888671875,25597700.0
2019-07-25,ASII.JK,7225.0,7300.0,7175.0,7300.0,4647.1826171875,35643500.0
2019-07-26,ASII.JK,7175.0,7175.0,7075.0,7075.0,4503.94873046875,26627900.0
2019-07-29,ASII.JK,7075.0,7175.0,7050.0,7175.0,4567.60888671875,18841000.0
2019-07-30,ASII.JK,7175.0,7275.0,7175.0,7275.0,4631.2685546875,30765800.0
2019-07-31,ASII.JK,7150.0,7200.0,7000.0,7000.0,4456.20361328125,61515300.0
2019-08-01,ASII.JK,7000.0,7075.0,6975.0,7025.0,4472.11865234375,37270900.0
2019-08-02,ASII.JK,6950.0,7100.0,6950.0,7075.0,4503.94873046875,40942800.0
2019-08-05,ASII.JK,6975.0,7025.0,6900.0,6925.0,4408.45849609375,44819000.0
2019-08-06,ASII.JK,6800.0,6900.0,6750.0,6750.0,4297.052734375,55429900.0
2019-08-07,ASII.JK,6750.0,6850.0,6725.0,6725.0,4281.138671875,31631500.0
2019-08-08,ASII.JK,6750.0,6950.0,6750.0,6900.0,4392.54345703125,31521500.0
2019-08-09,ASII.JK,6900.0,6950.0,6775.0,6775.0,4312.9677734375,22712900.0
2019-08-12,ASII.JK,6850.0,6850.0,6725.0,6750.0,4297.052734375,17186100.0
2019-08-13,ASII.JK,6750.0,6750.0,6600.0,6675.0,4249.30810546875,34123600.0
2019-08-14,ASII.JK,6725.0,6750.0,6600.0,6675.0,4249.30810546875,36012100.0
2019-08-15,ASII.JK,6600.0,6625.0,6500.0,6525.0,4153.81787109375,36960700.0
2019-08-16,ASII.JK,6575.0,6600.0,6500.0,6500.0,4137.9033203125,24416100.0
2019-08-19,ASII.JK,6600.0,6600.0,6425.0,6425.0,4090.157470703125,31718800.0
2019-08-20,ASII.JK,6475.0,6500.0,6375.0,6425.0,4090.157470703125,29465900.0
2019-08-21,ASII.JK,6425.0,6500.0,6350.0,6350.0,4042.41357421875,21306900.0
2019-08-22,ASII.JK,6375.0,6400.0,6250.0,6325.0,4026.49755859375,53070300.0
2019-08-23,ASII.JK,6350.0,6575.0,6275.0,6575.0,4185.6484375,35340800.0
2019-08-26,ASII.JK,6475.0,6650.0,6425.0,6575.0,4185.6484375,24275700.0
2019-08-27,ASII.JK,6625.0,6625.0,6500.0,6525.0,4153.81787109375,79684000.0
2019-08-28,ASII.JK,6525.0,6575.0,6425.0,6450.0,4106.0732421875,28499000.0
2019-08-29,ASII.JK,6475.0,6500.0,6425.0,6425.0,4090.157470703125,18028100.0
2019-08-30,ASII.JK,6500.0,6750.0,6475.0,6675.0,4249.30810546875,53158400.0
2019-09-02,ASII.JK,6725.0,6725.0,6550.0,6550.0,4169.7333984375,18009100.0
2019-09-03,ASII.JK,6600.0,6600.0,6400.0,6475.0,4121.98828125,26812500.0
2019-09-04,ASII.JK,6475.0,6500.0,6375.0,6500.0,4137.9033203125,25562700.0
2019-09-05,ASII.JK,6575.0,6700.0,6525.0,6700.0,4265.2236328125,26551900.0
2019-09-06,ASII.JK,6725.0,6750.0,6650.0,6750.0,4297.052734375,21425300.0
2019-09-09,ASII.JK,6750.0,6750.0,6625.0,6650.0,4233.3935546875,21619600.0
2019-09-10,ASII.JK,6675.0,6725.0,6600.0,6675.0,4249.30810546875,20241600.0
2019-09-11,ASII.JK,6700.0,6925.0,6675.0,6925.0,4408.45849609375,29449700.0
2019-09-12,ASII.JK,6900.0,6925.0,6750.0,6750.0,4297.052734375,18842400.0
2019-09-13,ASII.JK,6850.0,6875.0,6725.0,6750.0,4297.052734375,13398000.0
2019-09-16,ASII.JK,6750.0,6775.0,6575.0,6700.0,4265.2236328125,25529200.0
2019-09-17,ASII.JK,6700.0,6725.0,6475.0,6475.0,4121.98828125,27745300.0
2019-09-18,ASII.JK,6525.0,6700.0,6500.0,6700.0,4265.2236328125,24627700.0
2019-09-19,ASII.JK,6725.0,6725.0,6575.0,6600.0,4201.56298828125,13478800.0
2019-09-20,ASII.JK,6575.0,6600.0,6525.0,6575.0,4185.6484375,45888900.0
2019-09-23,ASII.JK,6575.0,6625.0,6550.0,6625.0,4217.47802734375,14044900.0
2019-09-24,ASII.JK,6575.0,6625.0,6450.0,6475.0,4121.98828125,29738600.0
2019-09-25,ASII.JK,6400.0,6500.0,6400.0,6500.0,4137.9033203125,17781500.0
2019-09-26,ASII.JK,6575.0,6700.0,6525.0,6700.0,4265.2236328125,37979500.0
2019-09-27,ASII.JK,6700.0,6700.0,6600.0,6650.0,4233.3935546875,9831000.0
2019-09-30,ASII.JK,6650.0,6675.0,6575.0,6600.0,4201.56298828125,21089600.0
2019-10-01,ASII.JK,6550.0,6625.0,6550.0,6550.0,4169.7333984375,7452500.0
2019-10-02,ASII.JK,6500.0,6550.0,6450.0,6450.0,4106.0732421875,11128500.0
2019-10-03,ASII.JK,6400.0,6500.0,6300.0,6475.0,4121.98828125,20769800.0
2019-10-04,ASII.JK,6550.0,6550.0,6400.0,6425.0,4090.157470703125,10680600.0
2019-10-07,ASII.JK,6400.0,6450.0,6300.0,6325.0,4062.53857421875,13250100.0
2019-10-08,ASII.JK,6325.0,6400.0,6275.0,6350.0,4078.59716796875,25385900.0
2019-10-09,ASII.JK,6300.0,6350.0,6250.0,6275.0,4030.424072265625,15376200.0
2019-10-10,ASII.JK,6275.0,6350.0,6250.0,6275.0,4030.424072265625,12172600.0
2019-10-11,ASII.JK,6275.0,6475.0,6275.0,6475.0,4158.88427734375,16181100.0
2019-10-14,ASII.JK,6550.0,6600.0,6375.0,6425.0,4126.7685546875,21236100.0
2019-10-15,ASII.JK,6400.0,6425.0,6350.0,6400.0,4110.71142578125,20590600.0
2019-10-16,ASII.JK,6400.0,6425.0,6300.0,6375.0,4094.654296875,32586000.0
2019-10-17,ASII.JK,6350.0,6625.0,6325.0,6625.0,4255.22900390625,49979500.0
2019-10-18,ASII.JK,6650.0,6750.0,6550.0,6700.0,4303.4013671875,38012800.0
2019-10-21,ASII.JK,6700.0,6750.0,6600.0,6725.0,4319.45947265625,12245000.0
2019-10-22,ASII.JK,6750.0,6750.0,6550.0,6750.0,4335.51611328125,32099000.0
2019-10-23,ASII.JK,6700.0,6775.0,6650.0,6750.0,4335.51611328125,28015600.0
2019-10-24,ASII.JK,6800.0,6975.0,6750.0,6950.0,4463.9765625,44294700.0
2019-10-25,ASII.JK,6950.0,6975.0,6775.0,6800.0,4367.6318359375,25245600.0
2019-10-28,ASII.JK,6800.0,6900.0,6775.0,6900.0,4431.861328125,12206400.0
2019-10-29,ASII.JK,6875.0,6975.0,6875.0,6975.0,4480.03271484375,32681600.0
2019-10-30,ASII.JK,7000.0,7000.0,6875.0,6950.0,4463.9765625,22319800.0
2019-10-31,ASII.JK,6950.0,6975.0,6825.0,6950.0,4463.9765625,26502100.0
2019-11-01,ASII.JK,6975.0,6975.0,6725.0,6800.0,4367.6318359375,17213000.0
2019-11-04,ASII.JK,6800.0,6825.0,6700.0,6700.0,4303.4013671875,19339100.0
2019-11-05,ASII.JK,6775.0,6950.0,6750.0,6900.0,4431.861328125,42041800.0
2019-11-06,ASII.JK,6975.0,6975.0,6825.0,6850.0,4399.74609375,29565500.0
2019-11-07,ASII.JK,6925.0,6925.0,6650.0,6725.0,4319.45947265625,29891900.0
2019-11-08,ASII.JK,6700.0,6700.0,6550.0,6625.0,4255.22900390625,34878600.0
2019-11-11,ASII.JK,6650.0,6650.0,6550.0,6650.0,4271.28662109375,19373700.0
2019-11-12,ASII.JK,6650.0,6800.0,6550.0,6775.0,4351.57373046875,29633100.0
2019-11-13,ASII.JK,6775.0,6775.0,6675.0,6725.0,4319.45947265625,20566300.0
2019-11-14,ASII.JK,6675.0,6700.0,6550.0,6575.0,4223.11376953125,18695900.0
2019-11-15,ASII.JK,6650.0,6650.0,6475.0,6525.0,4190.99853515625,30343300.0
2019-11-18,ASII.JK,6525.0,6600.0,6525.0,6600.0,4239.1708984375,27729100.0
2019-11-19,ASII.JK,6650.0,6700.0,6575.0,6650.0,4271.28662109375,18139800.0
2019-11-20,ASII.JK,6600.0,6675.0,6550.0,6625.0,4255.22900390625,24083000.0
2019-11-21,ASII.JK,6550.0,6650.0,6525.0,6600.0,4239.1708984375,19675100.0
2019-11-22,ASII.JK,6600.0,6650.0,6575.0,6625.0,4255.22900390625,23600000.0
2019-11-25,ASII.JK,6600.0,6600.0,6475.0,6500.0,4174.94140625,24848800.0
2019-11-26,ASII.JK,6575.0,6575.0,6350.0,6350.0,4078.59716796875,79166300.0
2019-11-27,ASII.JK,6400.0,6475.0,6350.0,6425.0,4126.7685546875,37566700.0
2019-11-28,ASII.JK,6425.0,6425.0,6350.0,6400.0,4110.71142578125,17353400.0
2019-11-29,ASII.JK,6400.0,6575.0,6375.0,6500.0,4174.94140625,33440400.0
2019-12-02,ASII.JK,6500.0,6650.0,6500.0,6650.0,4271.28662109375,22114700.0
2019-12-03,ASII.JK,6650.0,6675.0,6525.0,6525.0,4190.99853515625,15510600.0
2019-12-04,ASII.JK,6500.0,6575.0,6475.0,6550.0,4207.05615234375,16154100.0
2019-12-05,ASII.JK,6600.0,6700.0,6550.0,6700.0,4303.4013671875,26468200.0
2019-12-06,ASII.JK,6675.0,6775.0,6625.0,6775.0,4351.57373046875,27395100.0
2019-12-09,ASII.JK,6775.0,6775.0,6625.0,6675.0,4287.34375,16336900.0
2019-12-10,ASII.JK,6625.0,6750.0,6625.0,6650.0,4271.28662109375,19229100.0
2019-12-11,ASII.JK,6675.0,6675.0,6550.0,6550.0,4207.05615234375,22787600.0
2019-12-12,ASII.JK,6575.0,6600.0,6550.0,6550.0,4207.05615234375,16626700.0
2019-12-13,ASII.JK,6700.0,6900.0,6700.0,6850.0,4399.74609375,66943600.0
2019-12-16,ASII.JK,6900.0,7025.0,6875.0,6975.0,4480.03271484375,43517600.0
2019-12-17,ASII.JK,6975.0,7000.0,6875.0,6950.0,4463.9765625,29835500.0
2019-12-18,ASII.JK,6875.0,6925.0,6750.0,6900.0,4431.861328125,31614900.0
2019-12-19,ASII.JK,6875.0,6900.0,6775.0,6850.0,4399.74609375,17259400.0
2019-12-20,ASII.JK,6850.0,6925.0,6750.0,6925.0,4447.91845703125,38886700.0
2019-12-23,ASII.JK,7000.0,7000.0,6775.0,6900.0,4431.861328125,23654800.0
2019-12-26,ASII.JK,6800.0,6950.0,6800.0,6875.0,4415.80322265625,18685200.0
2019-12-27,ASII.JK,6925.0,6925.0,6850.0,6925.0,4447.91845703125,13714400.0
2019-12-30,ASII.JK,6925.0,6950.0,6850.0,6925.0,4447.91845703125,25494000.0
2020-01-02,ASII.JK,6925.0,6925.0,6775.0,6875.0,4415.80322265625,15008600.0
2020-01-03,ASII.JK,6925.0,6950.0,6825.0,6950.0,4463.9765625,19068800.0
2020-01-06,ASII.JK,6900.0,6900.0,6750.0,6750.0,4335.51611328125,22261900.0
2020-01-07,ASII.JK,6800.0,6825.0,6675.0,6775.0,4351.57373046875,27963000.0
2020-01-08,ASII.JK,6700.0,6825.0,6700.0,6775.0,4351.57373046875,15150400.0
2020-01-09,ASII.JK,6800.0,6875.0,6750.0,6875.0,4415.80322265625,19691200.0
2020-01-10,ASII.JK,6900.0,6925.0,6825.0,6825.0,4383.6884765625,17687600.0
2020-01-13,ASII.JK,6850.0,6925.0,6825.0,6925.0,4447.91845703125,29585200.0
2020-01-14,ASII.JK,6975.0,7175.0,6925.0,7175.0,4608.49365234375,41214400.0
2020-01-15,ASII.JK,7150.0,7250.0,7025.0,7200.0,4624.55078125,38535100.0
2020-01-16,ASII.JK,7125.0,7200.0,7075.0,7125.0,4576.37744140625,38504400.0
2020-01-17,ASII.JK,7075.0,7150.0,7000.0,7075.0,4544.263671875,26714800.0
2020-01-20,ASII.JK,7100.0,7125.0,6975.0,7000.0,4496.09130859375,22389100.0
2020-01-21,ASII.JK,7025.0,7025.0,6925.0,7025.0,4512.14892578125,12520300.0
2020-01-22,ASII.JK,7025.0,7075.0,6975.0,7000.0,4496.09130859375,20100300.0
2020-01-23,ASII.JK,7050.0,7100.0,7000.0,7050.0,4528.20654296875,18020200.0
2020-01-24,ASII.JK,7000.0,7050.0,6975.0,6975.0,4480.03271484375,13710000.0
2020-01-27,ASII.JK,6975.0,6975.0,6700.0,6725.0,4319.45947265625,17470800.0
2020-01-28,ASII.JK,6675.0,6825.0,6650.0,6825.0,4383.6884765625,23466100.0
2020-01-29,ASII.JK,6850.0,6850.0,6750.0,6825.0,4383.6884765625,12646100.0
2020-01-30,ASII.JK,6775.0,6800.0,6625.0,6625.0,4255.22900390625,25324800.0
2020-01-31,ASII.JK,6650.0,6675.0,6350.0,6350.0,4078.59716796875,66460400.0
2020-02-03,ASII.JK,6275.0,6425.0,6250.0,6275.0,4030.424072265625,34538400.0
2020-02-04,ASII.JK,6350.0,6450.0,6300.0,6400.0,4110.71142578125,46272800.0
2020-02-05,ASII.JK,6450.0,6500.0,6300.0,6400.0,4110.71142578125,32227100.0
2020-02-06,ASII.JK,6500.0,6525.0,6425.0,6500.0,4174.94140625,26015800.0
2020-02-07,ASII.JK,6550.0,6550.0,6400.0,6400.0,4110.71142578125,13918700.0
2020-02-10,ASII.JK,6400.0,6400.0,6175.0,6200.0,3982.252197265625,45366900.0
2020-02-11,ASII.JK,6300.0,6300.0,6050.0,6100.0,3918.022216796875,54325000.0
2020-02-12,ASII.JK,6075.0,6100.0,5925.0,5975.0,3837.735107421875,51100700.0
2020-02-13,ASII.JK,5975.0,6025.0,5925.0,5950.0,3821.676513671875,33021700.0
2020-02-14,ASII.JK,5975.0,6100.0,5925.0,6100.0,3918.022216796875,60901000.0
2020-02-17,ASII.JK,6150.0,6175.0,6050.0,6100.0,3918.022216796875,16567600.0
2020-02-18,ASII.JK,6050.0,6200.0,6050.0,6100.0,3918.022216796875,27960300.0
2020-02-19,ASII.JK,6175.0,6250.0,6150.0,6250.0,4014.366943359375,35186100.0
2020-02-20,ASII.JK,6275.0,6275.0,6125.0,6275.0,4030.424072265625,37995400.0
2020-02-21,ASII.JK,6275.0,6300.0,6150.0,6200.0,3982.252197265625,33804700.0
2020-02-24,ASII.JK,6050.0,6150.0,6025.0,6100.0,3918.022216796875,34190600.0
2020-02-25,ASII.JK,6000.0,6275.0,5975.0,6225.0,3998.309326171875,40723200.0
2020-02-26,ASII.JK,6100.0,6150.0,6050.0,6050.0,3885.906982421875,34453700.0
2020-02-27,ASII.JK,6100.0,6100.0,5950.0,5950.0,3821.676513671875,44801100.0
2020-02-28,ASII.JK,5850.0,5850.0,5525.0,5525.0,3548.7001953125,100693900.0
2020-03-02,ASII.JK,5700.0,5850.0,5625.0,5700.0,3661.102294921875,63765800.0
2020-03-03,ASII.JK,5850.0,5975.0,5775.0,5900.0,3789.5625,53817300.0
2020-03-04,ASII.JK,5900.0,6025.0,5875.0,5975.0,3837.735107421875,43566600.0
2020-03-05,ASII.JK,6025.0,6050.0,5875.0,6050.0,3885.906982421875,40537300.0
2020-03-06,ASII.JK,5950.0,5950.0,5675.0,5675.0,3645.04541015625,31282500.0
2020-03-09,ASII.JK,5500.0,5500.0,5025.0,5025.0,3227.550537109375,87904100.0
2020-03-10,ASII.JK,5100.0,5325.0,5100.0,5150.0,3307.838134765625,86444600.0
2020-03-11,ASII.JK,5150.0,5175.0,5050.0,5125.0,3291.7802734375,45134700.0
2020-03-12,ASII.JK,5000.0,5025.0,4820.0,4910.0,3153.686279296875,64824200.0
2020-03-13,ASII.JK,4910.0,4910.0,4910.0,4910.0,3153.686279296875,0.0
2020-03-16,ASII.JK,4770.0,4770.0,4530.0,4590.0,2948.150634765625,55655900.0
2020-03-17,ASII.JK,4590.0,4600.0,4270.0,4270.0,2742.61572265625,67166600.0
2020-03-18,ASII.JK,4290.0,4350.0,3980.0,4150.0,2665.539306640625,61972000.0
2020-03-19,ASII.JK,4020.0,4020.0,3860.0,3860.0,2479.272705078125,27066700.0
2020-03-20,ASII.JK,3890.0,3900.0,3590.0,3780.0,2427.888916015625,141147800.0
2020-03-23,ASII.JK,3780.0,3780.0,3520.0,3520.0,2260.891357421875,40318500.0
2020-03-24,ASII.JK,3570.0,3610.0,3280.0,3280.0,2106.73974609375,89502100.0
2020-03-26,ASII.JK,3220.0,3680.0,3220.0,3620.0,2325.121337890625,180290700.0
2020-03-27,ASII.JK,3650.0,4360.0,3650.0,4080.0,2620.578369140625,150312000.0
2020-03-30,ASII.JK,4080.0,4080.0,3800.0,3800.0,2440.73486328125,45490800.0
2020-03-31,ASII.JK,3880.0,3980.0,3740.0,3900.0,2504.965087890625,62534800.0
2020-04-01,ASII.JK,3880.0,4090.0,3650.0,3770.0,2421.46630859375,78042900.0
2020-04-02,ASII.JK,3670.0,3930.0,3580.0,3930.0,2524.233642578125,39717300.0
2020-04-03,ASII.JK,3990.0,4050.0,3860.0,3900.0,2504.965087890625,42577100.0
2020-04-06,ASII.JK,3920.0,4040.0,3880.0,4030.0,2588.463623046875,71205800.0
2020-04-07,ASII.JK,4060.0,4250.0,3960.0,4060.0,2607.73291015625,79018000.0
2020-04-08,ASII.JK,4000.0,4030.0,3810.0,3850.0,2472.849853515625,55980400.0
2020-04-09,ASII.JK,3870.0,4120.0,3870.0,4090.0,2627.00146484375,53526100.0
2020-04-13,ASII.JK,4090.0,4150.0,3920.0,3960.0,2543.503173828125,27520900.0
2020-04-14,ASII.JK,3960.0,4030.0,3920.0,3960.0,2543.503173828125,64571400.0
2020-04-15,ASII.JK,4000.0,4000.0,3800.0,3820.0,2453.580810546875,86149800.0
2020-04-16,ASII.JK,3780.0,3780.0,3620.0,3620.0,2325.121337890625,61494300.0
2020-04-17,ASII.JK,3680.0,3840.0,3680.0,3800.0,2440.73486328125,78593000.0
2020-04-20,ASII.JK,3800.0,3830.0,3710.0,3720.0,2389.351318359375,50406600.0
2020-04-21,ASII.JK,3710.0,3740.0,3610.0,3640.0,2337.96728515625,36590700.0
2020-04-22,ASII.JK,3600.0,3660.0,3450.0,3640.0,2337.96728515625,76750500.0
2020-04-23,ASII.JK,3700.0,3790.0,3650.0,3760.0,2415.043212890625,85068700.0
2020-04-24,ASII.JK,3760.0,3760.0,3610.0,3630.0,2331.5439453125,49597000.0
2020-04-27,ASII.JK,3670.0,3760.0,3570.0,3710.0,2382.927978515625,45682200.0
2020-04-28,ASII.JK,3750.0,3790.0,3630.0,3740.0,2402.197021484375,53532700.0
2020-04-29,ASII.JK,3770.0,3780.0,3650.0,3690.0,2370.081787109375,40557200.0
2020-04-30,ASII.JK,3750.0,3860.0,3720.0,3850.0,2472.849853515625,92257000.0
2020-05-04,ASII.JK,3750.0,3750.0,3610.0,3610.0,2318.69873046875,71301800.0
2020-05-05,ASII.JK,3630.0,3660.0,3580.0,3610.0,2318.69873046875,54983300.0
2020-05-06,ASII.JK,3610.0,3680.0,3580.0,3640.0,2337.96728515625,70425000.0
2020-05-08,ASII.JK,3690.0,3740.0,3600.0,3740.0,2402.197021484375,63346500.0
2020-05-11,ASII.JK,3760.0,3920.0,3750.0,3920.0,2517.810546875,79511800.0
2020-05-12,ASII.JK,3920.0,3920.0,3780.0,3820.0,2453.580810546875,58347900.0
2020-05-13,ASII.JK,3820.0,3820.0,3710.0,3730.0,2395.774169921875,44974600.0
2020-05-14,ASII.JK,3700.0,3710.0,3530.0,3570.0,2293.006591796875,80570900.0
2020-05-15,ASII.JK,3590.0,3720.0,3560.0,3710.0,2382.927978515625,65284900.0
2020-05-18,ASII.JK,3720.0,3950.0,3710.0,3910.0,2511.387939453125,88368200.0
2020-05-19,ASII.JK,4000.0,4040.0,3940.0,3950.0,2537.07958984375,77238800.0
2020-05-20,ASII.JK,3950.0,3980.0,3870.0,3970.0,2549.92578125,38965700.0
2020-05-26,ASII.JK,3970.0,4360.0,3970.0,4330.0,2781.1533203125,116041900.0
2020-05-27,ASII.JK,4350.0,4390.0,4220.0,4350.0,2793.999267578125,68841200.0
2020-05-28,ASII.JK,4370.0,4580.0,4350.0,4540.0,2916.035888671875,86825700.0
2020-05-29,ASII.JK,4520.0,4770.0,4470.0,4770.0,3063.7646484375,164786500.0
2020-06-02,ASII.JK,4760.0,4950.0,4630.0,4730.0,3038.07275390625,72425900.0
2020-06-03,ASII.JK,4750.0,4950.0,4680.0,4890.0,3140.841064453125,76654100.0
2020-06-04,ASII.JK,4950.0,4960.0,4740.0,4760.0,3057.341796875,82711000.0
2020-06-05,ASII.JK,4780.0,5025.0,4670.0,5000.0,3211.493408203125,63578800.0
2020-06-08,ASII.JK,5250.0,5250.0,4990.0,5025.0,3227.550537109375,53808200.0
2020-06-09,ASII.JK,5100.0,5125.0,4980.0,5000.0,3211.493408203125,43049500.0
2020-06-10,ASII.JK,5025.0,5025.0,4650.0,4850.0,3115.148193359375,39812900.0
2020-06-11,ASII.JK,4840.0,4840.0,4660.0,4700.0,3018.803466796875,53920100.0
2020-06-12,ASII.JK,4590.0,4820.0,4400.0,4790.0,3076.61083984375,45837700.0
2020-06-15,ASII.JK,4800.0,4850.0,4700.0,4740.0,3044.496337890625,42880500.0
2020-06-16,ASII.JK,4800.0,5000.0,4800.0,4970.0,3192.22509765625,38736700.0
2020-06-17,ASII.JK,4990.0,5000.0,4910.0,4970.0,3192.22509765625,24744500.0
2020-06-18,ASII.JK,4970.0,4970.0,4800.0,4800.0,3083.03369140625,40331900.0
2020-06-19,ASII.JK,4830.0,4910.0,4800.0,4890.0,3140.841064453125,62874800.0
2020-06-22,ASII.JK,4930.0,4940.0,4850.0,4890.0,3140.841064453125,25097200.0
2020-06-23,ASII.JK,4890.0,4940.0,4850.0,4900.0,3147.26318359375,29490500.0
2020-06-24,ASII.JK,4920.0,5050.0,4900.0,5000.0,3211.493408203125,55421700.0
2020-06-25,ASII.JK,4840.0,4920.0,4800.0,4900.0,3249.291015625,34952700.0
2020-06-26,ASII.JK,4950.0,4950.0,4900.0,4900.0,3249.291015625,24019200.0
2020-06-29,ASII.JK,4900.0,4900.0,4750.0,4800.0,3182.979248046875,29368700.0
2020-06-30,ASII.JK,4840.0,4880.0,4800.0,4800.0,3182.979248046875,25197000.0
2020-07-01,ASII.JK,4800.0,4860.0,4770.0,4810.0,3189.61083984375,22586000.0
2020-07-02,ASII.JK,4830.0,4890.0,4810.0,4870.0,3229.3974609375,26575000.0
2020-07-03,ASII.JK,4880.0,4910.0,4840.0,4850.0,3216.135009765625,20400200.0
2020-07-06,ASII.JK,4860.0,4900.0,4840.0,4840.0,3209.504150390625,17783800.0
2020-07-07,ASII.JK,4900.0,4910.0,4800.0,4830.0,3202.872802734375,46178600.0
2020-07-08,ASII.JK,4840.0,4930.0,4770.0,4910.0,3255.92236328125,45246000.0
2020-07-09,ASII.JK,4930.0,5000.0,4880.0,4900.0,3249.291015625,33377800.0
2020-07-10,ASII.JK,4880.0,4920.0,4830.0,4830.0,3202.872802734375,23181700.0
2020-07-13,ASII.JK,4850.0,4910.0,4850.0,4900.0,3249.291015625,22481400.0
2020-07-14,ASII.JK,4900.0,4950.0,4880.0,4950.0,3282.447509765625,22418400.0
2020-07-15,ASII.JK,4990.0,5200.0,4970.0,5150.0,3415.071533203125,64249400.0
2020-07-16,ASII.JK,5150.0,5350.0,5150.0,5250.0,3481.383544921875,72113500.0
2020-07-17,ASII.JK,5300.0,5300.0,5200.0,5200.0,3448.22705078125,46235300.0
2020-07-20,ASII.JK,5200.0,5225.0,5025.0,5100.0,3381.915771484375,24829000.0
2020-07-21,ASII.JK,5100.0,5450.0,5100.0,5375.0,3564.273193359375,51878900.0
2020-07-22,ASII.JK,5375.0,5400.0,5200.0,5300.0,3514.539306640625,29493500.0
2020-07-23,ASII.JK,5300.0,5325.0,5125.0,5175.0,3431.6494140625,27787400.0
2020-07-24,ASII.JK,5175.0,5175.0,5000.0,5050.0,3348.759033203125,32338100.0
2020-07-27,ASII.JK,5075.0,5150.0,5025.0,5125.0,3398.4931640625,17645200.0
2020-07-28,ASII.JK,5175.0,5225.0,5100.0,5175.0,3431.6494140625,30210400.0
2020-07-29,ASII.JK,5175.0,5225.0,5050.0,5075.0,3365.337158203125,32010100.0
2020-07-30,ASII.JK,5025.0,5225.0,5000.0,5150.0,3415.071533203125,32720500.0
2020-08-03,ASII.JK,5100.0,5150.0,4860.0,4880.0,3236.029052734375,66053200.0
2020-08-04,ASII.JK,4900.0,4960.0,4900.0,4960.0,3289.07861328125,32307000.0
2020-08-05,ASII.JK,4970.0,5100.0,4950.0,5050.0,3348.759033203125,22883900.0
2020-08-06,ASII.JK,5075.0,5225.0,5050.0,5225.0,3464.8056640625,45906700.0
2020-08-07,ASII.JK,5225.0,5300.0,5100.0,5275.0,3497.961181640625,35036700.0
2020-08-10,ASII.JK,5275.0,5275.0,5125.0,5125.0,3398.4931640625,30588200.0
2020-08-11,ASII.JK,5175.0,5250.0,5150.0,5225.0,3464.8056640625,19877700.0
2020-08-12,ASII.JK,5225.0,5400.0,5175.0,5400.0,3580.8515625,31304300.0
2020-08-13,ASII.JK,5450.0,5550.0,5375.0,5400.0,3580.8515625,36344700.0
2020-08-14,ASII.JK,5400.0,5450.0,5350.0,5375.0,3564.273193359375,15337700.0
2020-08-18,ASII.JK,5325.0,5450.0,5300.0,5375.0,3564.273193359375,34974800.0
2020-08-19,ASII.JK,5425.0,5425.0,5250.0,5300.0,3514.539306640625,24870200.0
2020-08-24,ASII.JK,5300.0,5350.0,5250.0,5300.0,3514.539306640625,20000900.0
2020-08-25,ASII.JK,5325.0,5375.0,5300.0,5300.0,3514.539306640625,27807900.0
2020-08-26,ASII.JK,5400.0,5400.0,5275.0,5350.0,3547.69482421875,29957700.0
2020-08-27,ASII.JK,5375.0,5400.0,5250.0,5300.0,3514.539306640625,27491500.0
2020-08-28,ASII.JK,5300.0,5325.0,5275.0,5325.0,3531.117919921875,20347900.0
2020-08-31,ASII.JK,5325.0,5350.0,5100.0,5100.0,3381.915771484375,42240600.0
2020-09-01,ASII.JK,5175.0,5250.0,5100.0,5250.0,3481.383544921875,20881000.0
2020-09-02,ASII.JK,5300.0,5350.0,5200.0,5300.0,3514.539306640625,19074500.0
2020-09-03,ASII.JK,5350.0,5350.0,5125.0,5175.0,3431.6494140625,38323300.0
2020-09-04,ASII.JK,5100.0,5150.0,5025.0,5050.0,3348.759033203125,47966200.0
2020-09-07,ASII.JK,5050.0,5075.0,4950.0,5025.0,3332.18115234375,37120700.0
2020-09-08,ASII.JK,5025.0,5125.0,5025.0,5125.0,3398.4931640625,22790200.0
2020-09-09,ASII.JK,5025.0,5025.0,4900.0,4900.0,3249.291015625,62626200.0
2020-09-10,ASII.JK,4560.0,4610.0,4560.0,4560.0,3023.83056640625,142910700.0
2020-09-11,ASII.JK,4350.0,4700.0,4310.0,4630.0,3070.248779296875,76725700.0
2020-09-14,ASII.JK,4780.0,4830.0,4700.0,4790.0,3176.34814453125,57904800.0
2020-09-15,ASII.JK,4850.0,4870.0,4770.0,4820.0,3196.241943359375,35809700.0
2020-09-16,ASII.JK,4850.0,4860.0,4780.0,4780.0,3169.716796875,21529200.0
2020-09-17,ASII.JK,4770.0,4880.0,4770.0,4860.0,3222.76611328125,26234600.0
2020-09-18,ASII.JK,4840.0,4870.0,4760.0,4780.0,3169.716796875,46011300.0
2020-09-21,ASII.JK,4790.0,4800.0,4620.0,4670.0,3096.77392578125,23388100.0
2020-09-22,ASII.JK,4600.0,4740.0,4590.0,4670.0,3096.77392578125,22893300.0
2020-09-23,ASII.JK,4680.0,4730.0,4590.0,4630.0,3070.248779296875,15696100.0
2020-09-24,ASII.JK,4620.0,4650.0,4560.0,4600.0,3050.355224609375,24393300.0
2020-09-25,ASII.JK,4610.0,4920.0,4610.0,4860.0,3222.76611328125,40064600.0
2020-09-28,ASII.JK,4870.0,4910.0,4740.0,4740.0,3143.192626953125,28967600.0
2020-09-29,ASII.JK,4760.0,4800.0,4560.0,4570.0,3030.46142578125,31707100.0
2020-09-30,ASII.JK,4560.0,4570.0,4450.0,4460.0,2957.5185546875,40490200.0
2020-10-01,ASII.JK,4490.0,4640.0,4490.0,4610.0,3056.986572265625,32822900.0
2020-10-02,ASII.JK,4630.0,4640.0,4520.0,4590.0,3043.7236328125,33355000.0
2020-10-05,ASII.JK,4600.0,4630.0,4540.0,4560.0,3023.83056640625,20624400.0
2020-10-06,ASII.JK,4650.0,4660.0,4600.0,4620.0,3063.6181640625,23682500.0
2020-10-07,ASII.JK,4590.0,4630.0,4560.0,4630.0,3088.29736328125,21814000.0
2020-10-08,ASII.JK,4640.0,4770.0,4630.0,4750.0,3168.339599609375,32946600.0
2020-10-09,ASII.JK,4720.0,4760.0,4700.0,4740.0,3161.66943359375,19525000.0
2020-10-12,ASII.JK,4790.0,4810.0,4700.0,4700.0,3134.98876953125,23749400.0
2020-10-13,ASII.JK,4700.0,4750.0,4650.0,4740.0,3161.66943359375,25032100.0
2020-10-14,ASII.JK,4710.0,4860.0,4710.0,4820.0,3215.03076171875,50174100.0
2020-10-15,ASII.JK,4820.0,4820.0,4740.0,4740.0,3161.66943359375,29382300.0
2020-10-16,ASII.JK,4740.0,4930.0,4700.0,4930.0,3288.4033203125,37775400.0
2020-10-19,ASII.JK,4930.0,5075.0,4880.0,5000.0,3335.094482421875,38057900.0
2020-10-20,ASII.JK,4990.0,5175.0,4960.0,5175.0,3451.822509765625,68915600.0
2020-10-21,ASII.JK,5200.0,5250.0,5175.0,5250.0,3501.84912109375,52567200.0
2020-10-22,ASII.JK,5200.0,5275.0,5200.0,5250.0,3501.84912109375,75883000.0
2020-10-23,ASII.JK,5300.0,5400.0,5250.0,5400.0,3601.902099609375,46040700.0
2020-10-26,ASII.JK,5400.0,5450.0,5300.0,5400.0,3601.902099609375,33055000.0
2020-10-27,ASII.JK,5300.0,5500.0,5300.0,5425.0,3618.578125,45393900.0
2020-11-02,ASII.JK,5325.0,5425.0,5275.0,5400.0,3601.902099609375,48772200.0
2020-11-03,ASII.JK,5450.0,5500.0,5425.0,5500.0,3668.603759765625,44789800.0
2020-11-04,ASII.JK,5475.0,5500.0,5350.0,5400.0,3601.902099609375,22433700.0
2020-11-05,ASII.JK,5500.0,5550.0,5425.0,5500.0,3668.603759765625,25384200.0
2020-11-06,ASII.JK,5525.0,5875.0,5525.0,5825.0,3885.384765625,62036900.0
2020-11-09,ASII.JK,5800.0,5850.0,5600.0,5600.0,3735.305419921875,53921900.0
2020-11-10,ASII.JK,5775.0,5850.0,5700.0,5750.0,3835.358154296875,60062700.0
2020-11-11,ASII.JK,5850.0,6025.0,5850.0,6000.0,4002.113037109375,56581600.0
2020-11-12,ASII.JK,5875.0,6025.0,5775.0,6000.0,4002.113037109375,67819100.0
2020-11-13,ASII.JK,5900.0,5925.0,5850.0,5900.0,3935.41162109375,24090900.0
2020-11-16,ASII.JK,5925.0,6000.0,5900.0,5925.0,3952.086669921875,62526400.0
2020-11-17,ASII.JK,5950.0,5975.0,5800.0,5800.0,3868.708984375,28012800.0
2020-11-18,ASII.JK,5825.0,5875.0,5750.0,5775.0,3852.0341796875,25384700.0
2020-11-19,ASII.JK,5750.0,5775.0,5725.0,5725.0,3818.6826171875,35427800.0
2020-11-20,ASII.JK,5725.0,5825.0,5700.0,5725.0,3818.6826171875,33703300.0
2020-11-23,ASII.JK,5725.0,5850.0,5725.0,5800.0,3868.708984375,40933800.0
2020-11-24,ASII.JK,5875.0,5875.0,5800.0,5800.0,3868.708984375,33117500.0
2020-11-25,ASII.JK,5825.0,5875.0,5550.0,5550.0,3701.9541015625,117614100.0
2020-11-26,ASII.JK,5525.0,5675.0,5500.0,5650.0,3768.656982421875,89572000.0
2020-11-27,ASII.JK,5650.0,5700.0,5525.0,5550.0,3701.9541015625,98376500.0
2020-11-30,ASII.JK,5550.0,5575.0,5200.0,5300.0,3535.19970703125,311402400.0
2020-12-01,ASII.JK,5425.0,5550.0,5400.0,5550.0,3701.9541015625,119445500.0
2020-12-02,ASII.JK,5600.0,5750.0,5575.0,5725.0,3818.6826171875,94220300.0
2020-12-03,ASII.JK,5725.0,5750.0,5600.0,5625.0,3751.981201171875,54407800.0
2020-12-04,ASII.JK,5625.0,5725.0,5550.0,5700.0,3802.007080078125,52405500.0
2020-12-07,ASII.JK,5800.0,5900.0,5725.0,5850.0,3902.06005859375,92859500.0
2020-12-08,ASII.JK,5850.0,5875.0,5675.0,5700.0,3802.007080078125,77339200.0
2020-12-10,ASII.JK,5800.0,5875.0,5750.0,5825.0,3885.384765625,92988900.0
2020-12-11,ASII.JK,5825.0,5875.0,5650.0,5675.0,3785.331787109375,53669200.0
2020-12-14,ASII.JK,5725.0,5750.0,5650.0,5675.0,3785.331787109375,43821600.0
2020-12-15,ASII.JK,5675.0,5975.0,5650.0,5950.0,3968.761474609375,128853200.0
2020-12-16,ASII.JK,6000.0,6200.0,6000.0,6125.0,4085.490966796875,98362500.0
2020-12-17,ASII.JK,6125.0,6200.0,6050.0,6200.0,4135.5166015625,76361900.0
2020-12-18,ASII.JK,6250.0,6275.0,6175.0,6200.0,4135.5166015625,81878000.0
2020-12-21,ASII.JK,6200.0,6225.0,6100.0,6150.0,4102.16650390625,54800500.0
2020-12-22,ASII.JK,6100.0,6250.0,5950.0,6075.0,4052.13916015625,94394100.0
2020-12-23,ASII.JK,6025.0,6100.0,5825.0,6000.0,4002.113037109375,73880100.0
2020-12-28,ASII.JK,6175.0,6175.0,5950.0,6075.0,4052.13916015625,32572200.0
2020-12-29,ASII.JK,6100.0,6175.0,6000.0,6050.0,4035.4638671875,40341500.0
2020-12-30,ASII.JK,6100.0,6125.0,6025.0,6025.0,4018.78857421875,39615400.0
2021-01-04,ASII.JK,6100.0,6250.0,6025.0,6225.0,4152.1923828125,34840200.0
2021-01-05,ASII.JK,6225.0,6250.0,6150.0,6175.0,4118.841796875,27318400.0
2021-01-06,ASII.JK,6175.0,6225.0,5950.0,6150.0,4102.16650390625,42778200.0
2021-01-07,ASII.JK,6175.0,6200.0,6075.0,6075.0,4052.13916015625,33536400.0
2021-01-08,ASII.JK,6150.0,6475.0,6100.0,6425.0,4285.59619140625,88590400.0
2021-01-11,ASII.JK,6500.0,6600.0,6475.0,6525.0,4352.29736328125,57622400.0
2021-01-12,ASII.JK,6425.0,6650.0,6400.0,6525.0,4352.29736328125,38226200.0
2021-01-13,ASII.JK,6600.0,6800.0,6500.0,6775.0,4519.05224609375,56171600.0
2021-01-14,ASII.JK,6850.0,6925.0,6775.0,6775.0,4519.05224609375,48209800.0
2021-01-15,ASII.JK,6800.0,6850.0,6525.0,6575.0,4385.6494140625,45722300.0
2021-01-18,ASII.JK,6575.0,6700.0,6525.0,6675.0,4452.35107421875,48444700.0
2021-01-19,ASII.JK,6775.0,6775.0,6575.0,6675.0,4452.35107421875,37236400.0
2021-01-20,ASII.JK,6625.0,6775.0,6625.0,6675.0,4452.35107421875,27403000.0
2021-01-21,ASII.JK,6800.0,6800.0,6725.0,6800.0,4535.728515625,32219700.0
2021-01-22,ASII.JK,6825.0,6850.0,6600.0,6700.0,4469.02734375,34960500.0
2021-01-25,ASII.JK,6650.0,6650.0,6325.0,6475.0,4318.94775390625,73391700.0
2021-01-26,ASII.JK,6475.0,6575.0,6300.0,6350.0,4235.56982421875,39158300.0
2021-01-27,ASII.JK,6350.0,6350.0,6150.0,6275.0,4185.54345703125,56444100.0
2021-01-28,ASII.JK,6150.0,6450.0,6150.0,6275.0,4185.54345703125,54596400.0
2021-01-29,ASII.JK,6300.0,6375.0,5950.0,6100.0,4068.81494140625,71886200.0
2021-02-01,ASII.JK,5850.0,6075.0,5750.0,6025.0,4018.78857421875,57416200.0
2021-02-02,ASII.JK,6150.0,6150.0,5875.0,5975.0,3985.437255859375,42421400.0
2021-02-03,ASII.JK,6075.0,6275.0,5950.0,6150.0,4102.16650390625,76420800.0
2021-02-04,ASII.JK,6225.0,6225.0,6125.0,6200.0,4135.5166015625,29508100.0
2021-02-05,ASII.JK,6250.0,6250.0,6050.0,6100.0,4068.81494140625,34366600.0
2021-02-08,ASII.JK,6200.0,6200.0,6075.0,6100.0,4068.81494140625,28817400.0
2021-02-09,ASII.JK,6100.0,6200.0,5825.0,5825.0,3885.384765625,113795000.0
2021-02-10,ASII.JK,5850.0,5975.0,5825.0,5900.0,3935.41162109375,43492200.0
2021-02-11,ASII.JK,5875.0,5950.0,5825.0,5850.0,3902.06005859375,37890700.0
2021-02-15,ASII.JK,6100.0,6250.0,5950.0,5950.0,3968.761474609375,178642200.0
2021-02-16,ASII.JK,5975.0,6000.0,5900.0,5925.0,3952.086669921875,35796600.0
2021-02-17,ASII.JK,5900.0,5925.0,5750.0,5800.0,3868.708984375,56517500.0
2021-02-18,ASII.JK,5750.0,5875.0,5725.0,5725.0,3818.6826171875,56765900.0
2021-02-19,ASII.JK,5725.0,5850.0,5725.0,5775.0,3852.0341796875,42627800.0
2021-02-22,ASII.JK,5825.0,5850.0,5700.0,5700.0,3802.007080078125,55230300.0
2021-02-23,ASII.JK,5700.0,5825.0,5700.0,5725.0,3818.6826171875,60745000.0
2021-02-24,ASII.JK,5775.0,5850.0,5600.0,5625.0,3751.981201171875,73050200.0
2021-02-25,ASII.JK,5700.0,5700.0,5475.0,5575.0,3718.6298828125,123672200.0
2021-02-26,ASII.JK,5450.0,5525.0,5350.0,5400.0,3601.902099609375,146271500.0
2021-03-01,ASII.JK,5500.0,5600.0,5450.0,5600.0,3735.305419921875,118418900.0
2021-03-02,ASII.JK,5650.0,5675.0,5550.0,5575.0,3718.6298828125,87061500.0
2021-03-03,ASII.JK,5625.0,5700.0,5525.0,5675.0,3785.331787109375,49030200.0
2021-03-04,ASII.JK,5675.0,5700.0,5525.0,5575.0,3718.6298828125,70766800.0
2021-03-05,ASII.JK,5525.0,5575.0,5475.0,5500.0,3668.603759765625,48034400.0
2021-03-08,ASII.JK,5550.0,5625.0,5475.0,5550.0,3701.9541015625,55652900.0
2021-03-09,ASII.JK,5550.0,5650.0,5400.0,5525.0,3685.279052734375,66908800.0
2021-03-10,ASII.JK,5500.0,5525.0,5400.0,5425.0,3618.578125,66154200.0
2021-03-12,ASII.JK,5550.0,5575.0,5450.0,5475.0,3651.928955078125,87065000.0
2021-03-15,ASII.JK,5525.0,5625.0,5500.0,5525.0,3685.279052734375,48489500.0
2021-03-16,ASII.JK,5600.0,5725.0,5550.0,5550.0,3701.9541015625,64804400.0
2021-03-17,ASII.JK,5625.0,5650.0,5550.0,5575.0,3718.6298828125,61881600.0
2021-03-18,ASII.JK,5675.0,5800.0,5625.0,5725.0,3818.6826171875,90338700.0
2021-03-19,ASII.JK,5725.0,5775.0,5625.0,5775.0,3852.0341796875,80429800.0
2021-03-22,ASII.JK,5750.0,5775.0,5550.0,5575.0,3718.6298828125,57320300.0
2021-03-23,ASII.JK,5550.0,5675.0,5550.0,5575.0,3718.6298828125,46973100.0
2021-03-24,ASII.JK,5575.0,5600.0,5450.0,5450.0,3635.253173828125,40065300.0
2021-03-25,ASII.JK,5450.0,5525.0,5400.0,5450.0,3635.253173828125,49497900.0
2021-03-26,ASII.JK,5525.0,5600.0,5475.0,5600.0,3735.305419921875,24880300.0
2021-03-29,ASII.JK,5600.0,5650.0,5525.0,5525.0,3685.279052734375,25164100.0
2021-03-30,ASII.JK,5475.0,5550.0,5400.0,5400.0,3601.902099609375,55842300.0
2021-03-31,ASII.JK,5450.0,5450.0,5225.0,5275.0,3518.5244140625,89835200.0
2021-04-01,ASII.JK,5350.0,5400.0,5325.0,5350.0,3568.551025390625,33323600.0
2021-04-05,ASII.JK,5425.0,5450.0,5350.0,5350.0,3568.551025390625,29142200.0
2021-04-06,ASII.JK,5375.0,5400.0,5300.0,5350.0,3568.551025390625,26040800.0
2021-04-07,ASII.JK,5300.0,5350.0,5275.0,5325.0,3551.876220703125,33361900.0
2021-04-08,ASII.JK,5375.0,5375.0,5300.0,5300.0,3535.19970703125,43680100.0
2021-04-09,ASII.JK,5300.0,5400.0,5275.0,5275.0,3518.5244140625,59348800.0
2021-04-12,ASII.JK,5250.0,5275.0,5050.0,5075.0,3385.12109375,68211200.0
2021-04-13,ASII.JK,5025.0,5175.0,5025.0,5075.0,3385.12109375,53505400.0
2021-04-14,ASII.JK,5150.0,5275.0,5100.0,5250.0,3501.84912109375,39277800.0
2021-04-15,ASII.JK,5250.0,5275.0,5175.0,5250.0,3501.84912109375,34533700.0
2021-04-16,ASII.JK,5300.0,5325.0,5200.0,5250.0,3501.84912109375,38151200.0
2021-04-19,ASII.JK,5225.0,5250.0,5200.0,5200.0,3468.498291015625,30832600.0
2021-04-20,ASII.JK,5150.0,5300.0,5150.0,5300.0,3535.19970703125,46601200.0
2021-04-21,ASII.JK,5225.0,5275.0,5200.0,5225.0,3485.173583984375,47261000.0
2021-04-22,ASII.JK,5225.0,5500.0,5225.0,5450.0,3635.253173828125,86785100.0
2021-04-23,ASII.JK,5500.0,5650.0,5475.0,5625.0,3751.981201171875,95175600.0
2021-04-26,ASII.JK,5625.0,5675.0,5600.0,5625.0,3751.981201171875,65428000.0
2021-04-27,ASII.JK,5625.0,5650.0,5475.0,5525.0,3685.279052734375,41552600.0
2021-04-28,ASII.JK,5400.0,5575.0,5325.0,5350.0,3568.551025390625,72011700.0
2021-04-29,ASII.JK,5350.0,5475.0,5350.0,5425.0,3618.578125,43203100.0
2021-04-30,ASII.JK,5450.0,5550.0,5375.0,5500.0,3668.603759765625,56668600.0
2021-05-03,ASII.JK,5450.0,5500.0,5400.0,5425.0,3676.737548828125,29451000.0
2021-05-04,ASII.JK,5500.0,5575.0,5425.0,5500.0,3727.5673828125,39860400.0
2021-05-05,ASII.JK,5525.0,5600.0,5475.0,5525.0,3744.5107421875,27270000.0
2021-05-06,ASII.JK,5600.0,5600.0,5400.0,5425.0,3676.737548828125,34361400.0
2021-05-07,ASII.JK,5450.0,5475.0,5275.0,5325.0,3608.963623046875,30771700.0
2021-05-10,ASII.JK,5350.0,5425.0,5350.0,5375.0,3642.85009765625,25429700.0
2021-05-11,ASII.JK,5400.0,5425.0,5175.0,5225.0,3541.18896484375,49162600.0
2021-05-17,ASII.JK,5300.0,5325.0,5125.0,5175.0,3507.3017578125,47623100.0
2021-05-18,ASII.JK,5150.0,5200.0,5100.0,5150.0,3490.3583984375,45784300.0
2021-05-19,ASII.JK,5100.0,5125.0,5025.0,5050.0,3422.58447265625,47008800.0
2021-05-20,ASII.JK,5050.0,5200.0,5025.0,5175.0,3507.3017578125,49746900.0
2021-05-21,ASII.JK,5175.0,5225.0,5050.0,5050.0,3422.58447265625,43416900.0
2021-05-24,ASII.JK,5100.0,5150.0,5025.0,5100.0,3456.4716796875,33540000.0
2021-05-25,ASII.JK,5100.0,5150.0,5050.0,5075.0,3439.527587890625,45393500.0
2021-05-27,ASII.JK,5100.0,5225.0,5075.0,5150.0,3490.3583984375,99709500.0
2021-05-28,ASII.JK,5175.0,5225.0,5125.0,5150.0,3490.3583984375,24346700.0
2021-05-31,ASII.JK,5175.0,5300.0,5150.0,5250.0,3558.13232421875,41498000.0
2021-06-02,ASII.JK,5350.0,5350.0,5275.0,5325.0,3608.963623046875,43217400.0
2021-06-03,ASII.JK,5350.0,5350.0,5275.0,5350.0,3625.90625,49012700.0
2021-06-04,ASII.JK,5325.0,5350.0,5200.0,5225.0,3541.18896484375,35211100.0
2021-06-07,ASII.JK,5225.0,5300.0,5200.0,5250.0,3558.13232421875,31693200.0
2021-06-08,ASII.JK,5300.0,5325.0,5200.0,5275.0,3575.07568359375,35402300.0
2021-06-09,ASII.JK,5275.0,5350.0,5225.0,5325.0,3608.963623046875,24331300.0
2021-06-10,ASII.JK,5400.0,5425.0,5325.0,5400.0,3659.79345703125,42924200.0
2021-06-11,ASII.JK,5400.0,5425.0,5250.0,5275.0,3575.07568359375,44421700.0
2021-06-14,ASII.JK,5350.0,5350.0,5150.0,5175.0,3507.3017578125,40699500.0
2021-06-15,ASII.JK,5175.0,5200.0,5125.0,5150.0,3490.3583984375,35915800.0
2021-06-16,ASII.JK,5200.0,5200.0,5125.0,5150.0,3490.3583984375,29144900.0
2021-06-17,ASII.JK,5125.0,5150.0,5075.0,5100.0,3456.4716796875,38074600.0
2021-06-18,ASII.JK,5075.0,5125.0,4900.0,5000.0,3388.697265625,112157600.0
2021-06-21,ASII.JK,4920.0,4970.0,4760.0,4920.0,3334.478271484375,48183300.0
2021-06-22,ASII.JK,4920.0,5025.0,4900.0,4920.0,3334.478271484375,47156200.0
2021-06-23,ASII.JK,4980.0,5025.0,4920.0,4930.0,3341.255615234375,46351900.0
2021-06-24,ASII.JK,4930.0,4980.0,4910.0,4940.0,3348.03271484375,24665200.0
2021-06-25,ASII.JK,4940.0,4980.0,4910.0,4920.0,3334.478271484375,33125300.0
2021-06-28,ASII.JK,4920.0,4930.0,4710.0,4710.0,3192.15283203125,53083400.0
2021-06-29,ASII.JK,4730.0,4920.0,4710.0,4840.0,3280.25927734375,70425700.0
2021-06-30,ASII.JK,4830.0,5000.0,4820.0,4940.0,3348.03271484375,34641700.0
2021-07-01,ASII.JK,4990.0,5100.0,4950.0,5025.0,3405.640625,42856900.0
2021-07-02,ASII.JK,5025.0,5075.0,4980.0,5000.0,3388.697265625,22436900.0
2021-07-05,ASII.JK,5050.0,5075.0,4920.0,4940.0,3348.03271484375,27554100.0
2021-07-06,ASII.JK,4970.0,4970.0,4890.0,4900.0,3320.923583984375,31280100.0
2021-07-07,ASII.JK,4900.0,4990.0,4860.0,4900.0,3320.923583984375,35907800.0
2021-07-08,ASII.JK,4930.0,4960.0,4850.0,4880.0,3307.368896484375,40566600.0
2021-07-09,ASII.JK,4880.0,4920.0,4870.0,4910.0,3327.70068359375,21088500.0
2021-07-12,ASII.JK,4910.0,4950.0,4880.0,4920.0,3334.478271484375,26816600.0
2021-07-13,ASII.JK,4950.0,4960.0,4850.0,4900.0,3320.923583984375,28998600.0
2021-07-14,ASII.JK,4920.0,4920.0,4730.0,4730.0,3205.707763671875,43408700.0
2021-07-15,ASII.JK,4730.0,4840.0,4640.0,4810.0,3259.927001953125,50750700.0
2021-07-16,ASII.JK,4840.0,4910.0,4820.0,4880.0,3307.368896484375,32544000.0
2021-07-19,ASII.JK,4850.0,4870.0,4780.0,4780.0,3239.594482421875,25106100.0
2021-07-21,ASII.JK,4780.0,4930.0,4780.0,4870.0,3300.591064453125,41716000.0
2021-07-22,ASII.JK,4930.0,5025.0,4900.0,4980.0,3375.142822265625,36287300.0
2021-07-23,ASII.JK,5000.0,5000.0,4910.0,4950.0,3354.810302734375,26847700.0
2021-07-26,ASII.JK,4950.0,4970.0,4770.0,4770.0,3232.817138671875,43373400.0
2021-07-27,ASII.JK,4770.0,4830.0,4730.0,4760.0,3226.0400390625,42635500.0
2021-07-28,ASII.JK,4780.0,4790.0,4710.0,4710.0,3192.15283203125,24083000.0
2021-07-29,ASII.JK,4720.0,4740.0,4650.0,4650.0,3151.489013671875,50238500.0
2021-07-30,ASII.JK,4710.0,4840.0,4670.0,4720.0,3198.929931640625,65379500.0
2021-08-02,ASII.JK,4730.0,4820.0,4730.0,4820.0,3266.703857421875,39192600.0
2021-08-03,ASII.JK,4840.0,4970.0,4830.0,4940.0,3348.03271484375,46414100.0
2021-08-04,ASII.JK,4970.0,4970.0,4870.0,4900.0,3320.923583984375,25646900.0
2021-08-05,ASII.JK,4900.0,4930.0,4860.0,4890.0,3314.14599609375,31304900.0
2021-08-06,ASII.JK,4940.0,4980.0,4880.0,4940.0,3348.03271484375,45454600.0
2021-08-09,ASII.JK,4940.0,4950.0,4830.0,4860.0,3293.813720703125,31858700.0
2021-08-10,ASII.JK,4900.0,4930.0,4840.0,4910.0,3327.70068359375,41920300.0
2021-08-12,ASII.JK,4940.0,4960.0,4880.0,4940.0,3348.03271484375,22191700.0
2021-08-13,ASII.JK,4960.0,5075.0,4960.0,5025.0,3405.640625,62673300.0
2021-08-16,ASII.JK,5050.0,5075.0,4990.0,5075.0,3439.527587890625,46949700.0
2021-08-18,ASII.JK,5100.0,5300.0,5075.0,5225.0,3541.18896484375,102560600.0
2021-08-19,ASII.JK,5225.0,5275.0,5075.0,5150.0,3490.3583984375,53594900.0
2021-08-20,ASII.JK,5150.0,5150.0,5000.0,5100.0,3456.4716796875,32878200.0
2021-08-23,ASII.JK,5100.0,5150.0,5050.0,5100.0,3456.4716796875,30921500.0
2021-08-24,ASII.JK,5175.0,5175.0,5050.0,5075.0,3439.527587890625,32783500.0
2021-08-25,ASII.JK,5150.0,5200.0,5075.0,5150.0,3490.3583984375,26870400.0
2021-08-26,ASII.JK,5200.0,5200.0,5050.0,5100.0,3456.4716796875,28757400.0
2021-08-27,ASII.JK,5100.0,5100.0,5050.0,5050.0,3422.58447265625,26966100.0
2021-08-30,ASII.JK,5100.0,5275.0,5100.0,5275.0,3575.07568359375,51914600.0
2021-08-31,ASII.JK,5275.0,5300.0,5200.0,5225.0,3541.18896484375,45649200.0
2021-09-01,ASII.JK,5225.0,5275.0,5100.0,5175.0,3507.3017578125,26732500.0
2021-09-02,ASII.JK,5200.0,5250.0,5175.0,5250.0,3558.13232421875,17335000.0
2021-09-03,ASII.JK,5250.0,5350.0,5200.0,5350.0,3625.90625,28004500.0
2021-09-06,ASII.JK,5375.0,5450.0,5325.0,5425.0,3676.737548828125,28315200.0
2021-09-07,ASII.JK,5425.0,5450.0,5300.0,5350.0,3625.90625,23685800.0
2021-09-08,ASII.JK,5375.0,5375.0,5250.0,5250.0,3558.13232421875,44076000.0
2021-09-09,ASII.JK,5250.0,5450.0,5250.0,5450.0,3693.68017578125,49118000.0
2021-09-10,ASII.JK,5450.0,5475.0,5375.0,5425.0,3676.737548828125,31997100.0
2021-09-13,ASII.JK,5425.0,5500.0,5350.0,5450.0,3693.68017578125,29796400.0
2021-09-14,ASII.JK,5500.0,5550.0,5450.0,5525.0,3744.5107421875,34356900.0
2021-09-15,ASII.JK,5525.0,5550.0,5375.0,5400.0,3659.79345703125,61522300.0
2021-09-16,ASII.JK,5425.0,5475.0,5350.0,5375.0,3642.85009765625,27187700.0
2021-09-17,ASII.JK,5375.0,5425.0,5275.0,5425.0,3676.737548828125,44004000.0
2021-09-20,ASII.JK,5425.0,5425.0,5225.0,5300.0,3592.018798828125,46896100.0
2021-09-21,ASII.JK,5275.0,5275.0,5150.0,5225.0,3541.18896484375,23656300.0
2021-09-22,ASII.JK,5225.0,5350.0,5200.0,5275.0,3575.07568359375,21750800.0
2021-09-23,ASII.JK,5275.0,5325.0,5150.0,5150.0,3490.3583984375,27178400.0
2021-09-24,ASII.JK,5150.0,5225.0,5125.0,5150.0,3490.3583984375,29394300.0
2021-09-27,ASII.JK,5150.0,5225.0,5125.0,5175.0,3507.3017578125,25252300.0
2021-09-28,ASII.JK,5175.0,5200.0,5075.0,5075.0,3439.527587890625,35640900.0
2021-09-29,ASII.JK,5075.0,5350.0,5050.0,5325.0,3608.963623046875,42995900.0
2021-09-30,ASII.JK,5375.0,5500.0,5300.0,5500.0,3727.5673828125,44723000.0
2021-10-01,ASII.JK,5450.0,5500.0,5400.0,5450.0,3693.68017578125,27484100.0
2021-10-04,ASII.JK,5500.0,5625.0,5475.0,5575.0,3778.3974609375,52074900.0
2021-10-05,ASII.JK,5575.0,5650.0,5500.0,5550.0,3761.453857421875,27128000.0
2021-10-06,ASII.JK,5600.0,6100.0,5575.0,5975.0,4049.493408203125,168237500.0
2021-10-07,ASII.JK,5975.0,6000.0,5700.0,5700.0,3863.114990234375,97516000.0
2021-10-08,ASII.JK,5700.0,5975.0,5625.0,5900.0,4030.483154296875,91094200.0
2021-10-11,ASII.JK,5925.0,5950.0,5775.0,5775.0,3945.091552734375,38994500.0
2021-10-12,ASII.JK,5800.0,5950.0,5775.0,5875.0,4013.404296875,68823100.0
2021-10-13,ASII.JK,5950.0,6300.0,5925.0,6275.0,4286.6572265625,143652900.0
2021-10-14,ASII.JK,6300.0,6450.0,6125.0,6225.0,4252.5009765625,104502800.0
2021-10-15,ASII.JK,6275.0,6300.0,6125.0,6250.0,4269.5791015625,82896700.0
2021-10-18,ASII.JK,6275.0,6350.0,6200.0,6225.0,4252.5009765625,61419000.0
2021-10-19,ASII.JK,6275.0,6375.0,6200.0,6350.0,4337.892578125,52117000.0
2021-10-21,ASII.JK,6350.0,6350.0,6125.0,6150.0,4201.265625,132905200.0
2021-10-22,ASII.JK,6150.0,6225.0,6125.0,6175.0,4218.3447265625,26886400.0
2021-10-25,ASII.JK,6200.0,6225.0,6025.0,6050.0,4132.95263671875,51872000.0
2021-10-26,ASII.JK,6050.0,6175.0,6050.0,6150.0,4201.265625,25950500.0
2021-10-27,ASII.JK,6100.0,6125.0,6000.0,6000.0,4098.7958984375,40588700.0
2021-10-28,ASII.JK,6000.0,6175.0,5950.0,6000.0,4098.7958984375,50046900.0
2021-10-29,ASII.JK,6225.0,6250.0,6025.0,6025.0,4115.8740234375,82397400.0
2021-11-01,ASII.JK,6050.0,6150.0,6025.0,6025.0,4115.8740234375,37254100.0
2021-11-02,ASII.JK,6025.0,6100.0,5900.0,5900.0,4030.483154296875,25293400.0
2021-11-03,ASII.JK,5900.0,6025.0,5825.0,5975.0,4081.717529296875,90495000.0
2021-11-04,ASII.JK,6075.0,6075.0,5950.0,5975.0,4081.717529296875,41774200.0
2021-11-05,ASII.JK,5900.0,5975.0,5850.0,5925.0,4047.5615234375,80775400.0
2021-11-08,ASII.JK,5925.0,6000.0,5900.0,5925.0,4047.5615234375,23177300.0
2021-11-09,ASII.JK,5900.0,5950.0,5850.0,5850.0,3996.325927734375,41112200.0
2021-11-10,ASII.JK,5925.0,6250.0,5875.0,6175.0,4218.3447265625,104312600.0
2021-11-11,ASII.JK,6200.0,6250.0,6150.0,6175.0,4218.3447265625,51111700.0
2021-11-12,ASII.JK,6200.0,6225.0,6075.0,6150.0,4201.265625,26920800.0
2021-11-15,ASII.JK,6150.0,6175.0,6050.0,6125.0,4184.1875,22148900.0
2021-11-16,ASII.JK,6125.0,6250.0,6100.0,6175.0,4218.3447265625,42681000.0
2021-11-17,ASII.JK,6225.0,6250.0,6175.0,6250.0,4269.5791015625,49120900.0
2021-11-18,ASII.JK,6250.0,6250.0,6175.0,6200.0,4235.421875,29629900.0
2021-11-19,ASII.JK,6225.0,6250.0,6200.0,6225.0,4252.5009765625,37505200.0
2021-11-22,ASII.JK,6250.0,6375.0,6125.0,6200.0,4235.421875,62612600.0
2021-11-23,ASII.JK,6250.0,6300.0,6175.0,6250.0,4269.5791015625,31557400.0
2021-11-24,ASII.JK,6275.0,6275.0,6200.0,6225.0,4252.5009765625,25645300.0
2021-11-25,ASII.JK,6250.0,6300.0,6175.0,6225.0,4252.5009765625,32763500.0
2021-11-26,ASII.JK,6200.0,6225.0,5875.0,5900.0,4030.483154296875,93634100.0
2021-11-29,ASII.JK,5900.0,6000.0,5750.0,5975.0,4081.717529296875,87367400.0
2021-11-30,ASII.JK,5950.0,5975.0,5750.0,5775.0,3945.091552734375,97592700.0
2021-12-01,ASII.JK,5825.0,5850.0,5625.0,5650.0,3859.699462890625,102412800.0
2021-12-02,ASII.JK,5650.0,5875.0,5600.0,5850.0,3996.325927734375,48422300.0
2021-12-03,ASII.JK,5900.0,5925.0,5725.0,5750.0,3928.0126953125,31882900.0
2021-12-06,ASII.JK,5750.0,5800.0,5650.0,5650.0,3859.699462890625,53112400.0
2021-12-07,ASII.JK,5700.0,5925.0,5700.0,5925.0,4047.5615234375,39679500.0
2021-12-08,ASII.JK,5925.0,5950.0,5775.0,5800.0,3962.16943359375,44189500.0
2021-12-09,ASII.JK,5900.0,6000.0,5800.0,6000.0,4098.7958984375,35386900.0
2021-12-10,ASII.JK,5950.0,5950.0,5800.0,5925.0,4047.5615234375,55629400.0
2021-12-13,ASII.JK,5925.0,5975.0,5875.0,5900.0,4030.483154296875,30655800.0
2021-12-14,ASII.JK,5925.0,5925.0,5850.0,5875.0,4013.404296875,17233700.0
2021-12-15,ASII.JK,5900.0,6050.0,5875.0,6000.0,4098.7958984375,51113700.0
2021-12-16,ASII.JK,6025.0,6050.0,5800.0,5800.0,3962.16943359375,56929600.0
2021-12-17,ASII.JK,5800.0,5825.0,5725.0,5800.0,3962.16943359375,55854900.0
2021-12-20,ASII.JK,5750.0,5775.0,5675.0,5675.0,3876.77783203125,26290000.0
2021-12-21,ASII.JK,5675.0,5750.0,5650.0,5650.0,3859.699462890625,29127800.0
2021-12-22,ASII.JK,5700.0,5775.0,5625.0,5625.0,3842.62109375,33727100.0
2021-12-23,ASII.JK,5650.0,5750.0,5625.0,5725.0,3910.934326171875,21744100.0
2021-12-24,ASII.JK,5725.0,5750.0,5650.0,5675.0,3876.77783203125,16203800.0
2021-12-27,ASII.JK,5725.0,5750.0,5650.0,5675.0,3876.77783203125,20426700.0
2021-12-28,ASII.JK,5675.0,5750.0,5650.0,5725.0,3910.934326171875,21833300.0
2021-12-29,ASII.JK,5750.0,5775.0,5675.0,5750.0,3928.0126953125,14260000.0
2021-12-30,ASII.JK,5775.0,5775.0,5700.0,5700.0,3893.85595703125,17144000.0
2022-01-03,ASII.JK,5675.0,5750.0,5625.0,5725.0,3910.934326171875,27052300.0
2022-01-04,ASII.JK,5750.0,5875.0,5725.0,5775.0,3945.091552734375,29770700.0
2022-01-05,ASII.JK,5725.0,5775.0,5550.0,5575.0,3808.46435546875,50423900.0
2022-01-06,ASII.JK,5600.0,5675.0,5575.0,5675.0,3876.77783203125,32155800.0
2022-01-07,ASII.JK,5725.0,5750.0,5650.0,5700.0,3893.85595703125,25014800.0
2022-01-10,ASII.JK,5675.0,5725.0,5650.0,5650.0,3859.699462890625,15379400.0
2022-01-11,ASII.JK,5700.0,5700.0,5650.0,5700.0,3893.85595703125,21800300.0
2022-01-12,ASII.JK,5725.0,5725.0,5650.0,5725.0,3910.934326171875,21283700.0
2022-01-13,ASII.JK,5725.0,5775.0,5675.0,5775.0,3945.091552734375,18618100.0
2022-01-14,ASII.JK,5775.0,5800.0,5700.0,5725.0,3910.934326171875,17719100.0
2022-01-17,ASII.JK,5775.0,5775.0,5650.0,5675.0,3876.77783203125,15859100.0
2022-01-18,ASII.JK,5675.0,5725.0,5575.0,5650.0,3859.699462890625,28165300.0
2022-01-19,ASII.JK,5650.0,5675.0,5575.0,5600.0,3825.54248046875,38051800.0
2022-01-20,ASII.JK,5600.0,5625.0,5500.0,5525.0,3774.307861328125,46564600.0
2022-01-21,ASII.JK,5525.0,5625.0,5500.0,5600.0,3825.54248046875,40709600.0
2022-01-24,ASII.JK,5600.0,5625.0,5525.0,5525.0,3774.307861328125,27127800.0
2022-01-25,ASII.JK,5500.0,5500.0,5375.0,5450.0,3723.072998046875,56709200.0
2022-01-26,ASII.JK,5500.0,5500.0,5425.0,5450.0,3723.072998046875,27985700.0
2022-01-27,ASII.JK,5425.0,5525.0,5400.0,5475.0,3740.152099609375,34574800.0
2022-01-28,ASII.JK,5475.0,5525.0,5450.0,5475.0,3740.152099609375,27378500.0
2022-01-31,ASII.JK,5475.0,5550.0,5450.0,5475.0,3740.152099609375,32006300.0
2022-02-02,ASII.JK,5500.0,5525.0,5425.0,5500.0,3757.229736328125,33450400.0
2022-02-03,ASII.JK,5500.0,5550.0,5450.0,5500.0,3757.229736328125,38565600.0
2022-02-04,ASII.JK,5525.0,5525.0,5475.0,5500.0,3757.229736328125,16052500.0
2022-02-07,ASII.JK,5500.0,5525.0,5450.0,5475.0,3740.152099609375,46685400.0
2022-02-08,ASII.JK,5525.0,5700.0,5500.0,5550.0,3791.385986328125,95691000.0
2022-02-09,ASII.JK,5550.0,5650.0,5475.0,5550.0,3791.385986328125,80244900.0
2022-02-10,ASII.JK,5575.0,5625.0,5450.0,5450.0,3723.072998046875,93265400.0
2022-02-11,ASII.JK,5450.0,5475.0,5400.0,5450.0,3723.072998046875,36376700.0
2022-02-14,ASII.JK,5400.0,5425.0,5250.0,5300.0,3620.6025390625,74307400.0
2022-02-15,ASII.JK,5300.0,5525.0,5300.0,5500.0,3757.229736328125,77964800.0
2022-02-16,ASII.JK,5550.0,5600.0,5475.0,5475.0,3740.152099609375,46730000.0
2022-02-17,ASII.JK,5500.0,5525.0,5425.0,5475.0,3740.152099609375,47572000.0
2022-02-18,ASII.JK,5450.0,5625.0,5425.0,5600.0,3825.54248046875,53981400.0
2022-02-21,ASII.JK,5625.0,5650.0,5550.0,5575.0,3808.46435546875,27509200.0
2022-02-22,ASII.JK,5525.0,5575.0,5450.0,5575.0,3808.46435546875,49233600.0
2022-02-23,ASII.JK,5575.0,5650.0,5525.0,5650.0,3859.699462890625,44299100.0
2022-02-24,ASII.JK,5625.0,5775.0,5525.0,5700.0,3893.85595703125,76492000.0
2022-02-25,ASII.JK,5700.0,5800.0,5650.0,5800.0,3962.16943359375,97598000.0
2022-03-01,ASII.JK,5800.0,5950.0,5700.0,5700.0,3893.85595703125,101227600.0
2022-03-02,ASII.JK,5650.0,5700.0,5500.0,5525.0,3774.307861328125,80565600.0
2022-03-04,ASII.JK,5575.0,5675.0,5525.0,5625.0,3842.62109375,50348400.0
2022-03-07,ASII.JK,5600.0,5825.0,5550.0,5800.0,3962.16943359375,59978000.0
2022-03-08,ASII.JK,6000.0,6550.0,5975.0,6250.0,4269.5791015625,256655000.0
2022-03-09,ASII.JK,6500.0,6500.0,6225.0,6300.0,4303.7353515625,107853200.0
2022-03-10,ASII.JK,6300.0,6300.0,6150.0,6250.0,4269.5791015625,56584100.0
2022-03-11,ASII.JK,6175.0,6300.0,6125.0,6275.0,4286.6572265625,32940500.0
2022-03-14,ASII.JK,6350.0,6425.0,6300.0,6375.0,4354.97021484375,61811900.0
2022-03-15,ASII.JK,6425.0,6450.0,6275.0,6300.0,4303.7353515625,57193600.0
2022-03-16,ASII.JK,6325.0,6400.0,6300.0,6400.0,4372.048828125,55776300.0
2022-03-17,ASII.JK,6400.0,6475.0,6350.0,6425.0,4389.12646484375,53844700.0
2022-03-18,ASII.JK,6450.0,6450.0,6325.0,6400.0,4372.048828125,69493500.0
2022-03-21,ASII.JK,6450.0,6600.0,6450.0,6600.0,4508.67578125,72452300.0
2022-03-22,ASII.JK,6600.0,6600.0,6500.0,6575.0,4491.59716796875,39260600.0
2022-03-23,ASII.JK,6575.0,6575.0,6450.0,6475.0,4423.28369140625,27348900.0
2022-03-24,ASII.JK,6425.0,6575.0,6425.0,6575.0,4491.59716796875,37635100.0
2022-03-25,ASII.JK,6550.0,6575.0,6375.0,6400.0,4372.048828125,42984300.0
2022-03-28,ASII.JK,6400.0,6775.0,6400.0,6700.0,4576.9892578125,68545500.0
2022-03-29,ASII.JK,6600.0,6700.0,6550.0,6550.0,4474.5185546875,24901500.0
2022-03-30,ASII.JK,6550.0,6650.0,6500.0,6650.0,4542.83251953125,34320500.0
2022-03-31,ASII.JK,6675.0,6675.0,6575.0,6575.0,4491.59716796875,41346500.0
2022-04-01,ASII.JK,6775.0,6775.0,6625.0,6700.0,4576.9892578125,35365600.0
2022-04-04,ASII.JK,6775.0,6825.0,6675.0,6825.0,4662.3798828125,29374100.0
2022-04-05,ASII.JK,6825.0,6900.0,6725.0,6900.0,4713.615234375,28581200.0
2022-04-06,ASII.JK,6825.0,7000.0,6800.0,7000.0,4781.92822265625,48854700.0
2022-04-07,ASII.JK,6950.0,7000.0,6850.0,6900.0,4713.615234375,41492600.0
2022-04-08,ASII.JK,7000.0,7075.0,6900.0,7000.0,4781.92822265625,55006300.0
2022-04-11,ASII.JK,6975.0,7000.0,6750.0,6850.0,4679.45849609375,51481700.0
2022-04-12,ASII.JK,6875.0,6950.0,6825.0,6950.0,4747.77197265625,41879800.0
2022-04-13,ASII.JK,6950.0,7000.0,6875.0,6975.0,4764.85009765625,52818100.0
2022-04-14,ASII.JK,6975.0,7050.0,6875.0,6875.0,4696.5361328125,23891600.0
2022-04-18,ASII.JK,6900.0,7050.0,6900.0,7000.0,4781.92822265625,32962100.0
2022-04-19,ASII.JK,7050.0,7050.0,6800.0,6900.0,4713.615234375,29237600.0
2022-04-20,ASII.JK,6900.0,6975.0,6825.0,6900.0,4713.615234375,39881900.0
2022-04-21,ASII.JK,6925.0,7100.0,6900.0,7000.0,4781.92822265625,51438900.0
2022-04-22,ASII.JK,6975.0,7100.0,6875.0,7050.0,4816.08544921875,39795300.0
2022-04-25,ASII.JK,7050.0,7150.0,6875.0,7075.0,4833.16357421875,52305700.0
2022-04-26,ASII.JK,7100.0,7200.0,7000.0,7200.0,4918.5556640625,39223700.0
2022-04-27,ASII.JK,7175.0,7200.0,7050.0,7125.0,4867.31982421875,34988500.0
2022-04-28,ASII.JK,7250.0,7700.0,7225.0,7575.0,5174.72998046875,118152200.0
2022-05-09,ASII.JK,7425.0,7425.0,7050.0,7050.0,4942.669921875,81089600.0
2022-05-10,ASII.JK,6650.0,7000.0,6625.0,7000.0,4907.615234375,118477400.0
2022-05-11,ASII.JK,7025.0,7225.0,6900.0,6900.0,4837.50634765625,71287600.0
2022-05-12,ASII.JK,6900.0,7025.0,6725.0,6850.0,4802.45166015625,45587500.0
2022-05-13,ASII.JK,6900.0,7225.0,6850.0,7125.0,4995.25146484375,73260300.0
2022-05-17,ASII.JK,7250.0,7300.0,7000.0,7000.0,4907.615234375,40279200.0
2022-05-18,ASII.JK,6975.0,7200.0,6925.0,7100.0,4977.7236328125,44859900.0
2022-05-19,ASII.JK,6925.0,7125.0,6850.0,7000.0,4907.615234375,27558300.0
2022-05-20,ASII.JK,7050.0,7200.0,7050.0,7125.0,4995.25146484375,37674800.0
2022-05-23,ASII.JK,7125.0,7175.0,6825.0,6950.0,4872.560546875,46368600.0
2022-05-24,ASII.JK,7025.0,7200.0,7025.0,7150.0,5012.77880859375,52177200.0
2022-05-25,ASII.JK,7100.0,7175.0,7050.0,7100.0,4977.7236328125,51200500.0
2022-05-27,ASII.JK,7200.0,7300.0,7150.0,7225.0,5065.35986328125,34766600.0
2022-05-30,ASII.JK,7275.0,7275.0,7125.0,7250.0,5082.8876953125,37147800.0
2022-05-31,ASII.JK,7250.0,7475.0,7250.0,7350.0,5152.99609375,90800300.0
2022-06-02,ASII.JK,7300.0,7500.0,7250.0,7325.0,5135.46875,72733400.0
2022-06-03,ASII.JK,7350.0,7475.0,7300.0,7300.0,5117.94091796875,43947400.0
2022-06-06,ASII.JK,7200.0,7250.0,7075.0,7225.0,5065.35986328125,53388400.0
2022-06-07,ASII.JK,7300.0,7400.0,7200.0,7200.0,5047.8330078125,54814500.0
2022-06-08,ASII.JK,7150.0,7350.0,7150.0,7175.0,5030.30615234375,33478600.0
2022-06-09,ASII.JK,7150.0,7350.0,7150.0,7200.0,5047.8330078125,37787500.0
2022-06-10,ASII.JK,7100.0,7175.0,6925.0,6925.0,4855.033203125,57621000.0
2022-06-13,ASII.JK,6900.0,7100.0,6725.0,7025.0,4925.142578125,59781700.0
2022-06-14,ASII.JK,6875.0,7000.0,6875.0,6975.0,4890.087890625,38001800.0
2022-06-15,ASII.JK,6975.0,6975.0,6700.0,6700.0,4697.28955078125,50804600.0
2022-06-16,ASII.JK,6850.0,6950.0,6750.0,6850.0,4802.45166015625,74982600.0
2022-06-17,ASII.JK,6675.0,6950.0,6675.0,6950.0,4872.560546875,63931400.0
2022-06-20,ASII.JK,6950.0,6975.0,6750.0,6925.0,4855.033203125,44263700.0
2022-06-21,ASII.JK,6900.0,6975.0,6850.0,6850.0,4802.45166015625,31247000.0
2022-06-22,ASII.JK,6850.0,6925.0,6775.0,6800.0,4767.39794921875,35536800.0
2022-06-23,ASII.JK,6850.0,6875.0,6750.0,6875.0,4819.978515625,30137200.0
2022-06-24,ASII.JK,6900.0,6900.0,6650.0,6675.0,4679.76171875,42386000.0
2022-06-27,ASII.JK,6700.0,6750.0,6550.0,6650.0,4662.23486328125,48277300.0
2022-06-28,ASII.JK,6650.0,6700.0,6600.0,6700.0,4697.28955078125,36838200.0
2022-06-29,ASII.JK,6625.0,6700.0,6500.0,6500.0,4557.0712890625,46682700.0
2022-06-30,ASII.JK,6525.0,6650.0,6500.0,6625.0,4644.70751953125,52839200.0
2022-07-01,ASII.JK,6675.0,6675.0,6500.0,6525.0,4574.59814453125,52387100.0
2022-07-04,ASII.JK,6500.0,6575.0,6300.0,6500.0,4557.0712890625,43087400.0
2022-07-05,ASII.JK,6500.0,6525.0,6325.0,6325.0,4434.380859375,39700000.0
2022-07-06,ASII.JK,6300.0,6400.0,6050.0,6075.0,4259.1083984375,67773900.0
2022-07-07,ASII.JK,6025.0,6125.0,5900.0,5950.0,4171.47265625,62871600.0
2022-07-08,ASII.JK,6025.0,6075.0,5950.0,5975.0,4189.0,78131700.0
2022-07-11,ASII.JK,5975.0,6075.0,5925.0,6050.0,4241.58203125,49946600.0
2022-07-12,ASII.JK,6050.0,6150.0,6050.0,6100.0,4276.6357421875,22900800.0
2022-07-13,ASII.JK,6100.0,6100.0,5825.0,5825.0,4083.83740234375,56747900.0
2022-07-14,ASII.JK,5825.0,6100.0,5825.0,6100.0,4276.6357421875,59847700.0
2022-07-15,ASII.JK,6000.0,6075.0,5925.0,5950.0,4171.47265625,32403800.0
2022-07-18,ASII.JK,5975.0,6025.0,5950.0,6025.0,4224.0546875,27618400.0
2022-07-19,ASII.JK,6025.0,6150.0,6025.0,6075.0,4259.1083984375,50725600.0
2022-07-20,ASII.JK,6175.0,6275.0,6100.0,6275.0,4399.32666015625,70493600.0
2022-07-21,ASII.JK,6200.0,6250.0,6050.0,6175.0,4329.21826171875,55415500.0
2022-07-22,ASII.JK,6175.0,6175.0,6050.0,6075.0,4259.1083984375,37583800.0
2022-07-25,ASII.JK,6050.0,6150.0,6050.0,6075.0,4259.1083984375,24674200.0
2022-07-26,ASII.JK,6100.0,6125.0,6075.0,6100.0,4276.6357421875,21937400.0
2022-07-27,ASII.JK,6125.0,6125.0,6000.0,6100.0,4276.6357421875,35066000.0
2022-07-28,ASII.JK,6125.0,6150.0,6025.0,6050.0,4241.58203125,51909300.0
2022-07-29,ASII.JK,6150.0,6425.0,6125.0,6325.0,4434.380859375,150285200.0
2022-08-01,ASII.JK,6425.0,6550.0,6350.0,6475.0,4539.5439453125,55511700.0
2022-08-02,ASII.JK,6475.0,6475.0,6275.0,6475.0,4539.5439453125,53235100.0
2022-08-03,ASII.JK,6450.0,6600.0,6375.0,6600.0,4627.18017578125,40666300.0
2022-08-04,ASII.JK,6700.0,6700.0,6450.0,6600.0,4627.18017578125,66966300.0
2022-08-05,ASII.JK,6600.0,6650.0,6475.0,6625.0,4644.70751953125,46702100.0
2022-08-08,ASII.JK,6625.0,6700.0,6525.0,6700.0,4697.28955078125,32971000.0
2022-08-09,ASII.JK,6725.0,6825.0,6700.0,6750.0,4732.34375,61001700.0
2022-08-10,ASII.JK,6775.0,6850.0,6600.0,6850.0,4802.45166015625,37086500.0
2022-08-11,ASII.JK,6975.0,7000.0,6900.0,6950.0,4872.560546875,42007400.0
2022-08-12,ASII.JK,6950.0,7000.0,6850.0,6950.0,4872.560546875,58469000.0
2022-08-15,ASII.JK,6925.0,6950.0,6800.0,6875.0,4819.978515625,35283300.0
2022-08-16,ASII.JK,6875.0,7050.0,6875.0,6975.0,4890.087890625,61907800.0
2022-08-18,ASII.JK,6975.0,7000.0,6850.0,6975.0,4890.087890625,25190000.0
2022-08-19,ASII.JK,6975.0,7000.0,6900.0,6975.0,4890.087890625,32914500.0
2022-08-22,ASII.JK,6875.0,6925.0,6800.0,6925.0,4855.033203125,48266600.0
2022-08-23,ASII.JK,6900.0,7025.0,6850.0,6975.0,4890.087890625,56381000.0
2022-08-24,ASII.JK,6925.0,7050.0,6900.0,7050.0,4942.669921875,30605000.0
2022-08-25,ASII.JK,7050.0,7050.0,6950.0,6975.0,4890.087890625,22793800.0
2022-08-26,ASII.JK,6975.0,7025.0,6850.0,6875.0,4819.978515625,31120500.0
2022-08-29,ASII.JK,6800.0,6900.0,6750.0,6825.0,4784.92431640625,29722100.0
2022-08-30,ASII.JK,6850.0,7025.0,6850.0,6900.0,4837.50634765625,45566100.0
2022-08-31,ASII.JK,6875.0,6975.0,6775.0,6975.0,4890.087890625,55714900.0
2022-09-01,ASII.JK,6975.0,7025.0,6900.0,6925.0,4855.033203125,36691900.0
2022-09-02,ASII.JK,6950.0,7000.0,6875.0,6925.0,4855.033203125,26077700.0
2022-09-05,ASII.JK,6900.0,6925.0,6850.0,6875.0,4819.978515625,24953800.0
2022-09-06,ASII.JK,6875.0,6950.0,6850.0,6900.0,4837.50634765625,18626800.0
2022-09-07,ASII.JK,6800.0,6875.0,6625.0,6650.0,4662.23486328125,77218400.0
2022-09-08,ASII.JK,6650.0,6750.0,6625.0,6650.0,4662.23486328125,39405200.0
2022-09-09,ASII.JK,6675.0,6775.0,6625.0,6775.0,4749.8701171875,31904200.0
2022-09-12,ASII.JK,6775.0,6975.0,6725.0,6975.0,4890.087890625,51563200.0
2022-09-13,ASII.JK,7025.0,7225.0,6950.0,7200.0,5047.8330078125,70555900.0
2022-09-14,ASII.JK,7100.0,7300.0,7050.0,7150.0,5012.77880859375,56832100.0
2022-09-15,ASII.JK,7125.0,7225.0,7050.0,7050.0,4942.669921875,63346200.0
2022-09-16,ASII.JK,7000.0,7050.0,6900.0,6900.0,4837.50634765625,65885100.0
2022-09-19,ASII.JK,6950.0,7225.0,6925.0,7125.0,4995.25146484375,52232700.0
2022-09-20,ASII.JK,7150.0,7250.0,7100.0,7175.0,5030.30615234375,47337700.0
2022-09-21,ASII.JK,7125.0,7200.0,7100.0,7150.0,5012.77880859375,26007500.0
2022-09-22,ASII.JK,7025.0,7225.0,7000.0,7175.0,5030.30615234375,26295200.0
2022-09-23,ASII.JK,7100.0,7175.0,7050.0,7150.0,5012.77880859375,22258800.0
2022-09-26,ASII.JK,7000.0,7025.0,6850.0,6975.0,4890.087890625,61422800.0
2022-09-27,ASII.JK,7000.0,7050.0,6950.0,6950.0,4872.560546875,42809400.0
2022-09-28,ASII.JK,6950.0,7000.0,6800.0,6800.0,4767.39794921875,50825400.0
2022-09-29,ASII.JK,6850.0,6900.0,6700.0,6775.0,4749.8701171875,36653400.0
2022-09-30,ASII.JK,6700.0,6750.0,6600.0,6625.0,4644.70751953125,71017400.0
2022-10-03,ASII.JK,6650.0,6700.0,6600.0,6625.0,4644.70751953125,27280600.0
2022-10-04,ASII.JK,6725.0,6800.0,6700.0,6725.0,4714.81591796875,33322400.0
2022-10-05,ASII.JK,6800.0,6825.0,6675.0,6675.0,4679.76171875,31019300.0
2022-10-06,ASII.JK,6675.0,6750.0,6600.0,6600.0,4627.18017578125,37002600.0
2022-10-07,ASII.JK,6550.0,6575.0,6450.0,6475.0,4539.5439453125,54850200.0
2022-10-10,ASII.JK,6425.0,6525.0,6375.0,6500.0,4557.0712890625,34319700.0
2022-10-11,ASII.JK,6400.0,6575.0,6400.0,6525.0,4574.59814453125,35320000.0
2022-10-12,ASII.JK,6450.0,6475.0,6350.0,6350.0,4512.77001953125,72794100.0
2022-10-13,ASII.JK,6375.0,6400.0,6275.0,6350.0,4512.77001953125,44281200.0
2022-10-14,ASII.JK,6500.0,6500.0,6350.0,6350.0,4512.77001953125,45496900.0
2022-10-17,ASII.JK,6325.0,6525.0,6200.0,6425.0,4566.06982421875,50710300.0
2022-10-18,ASII.JK,6450.0,6500.0,6350.0,6350.0,4512.77001953125,42600400.0
2022-10-19,ASII.JK,6425.0,6525.0,6400.0,6525.0,4637.1376953125,25542800.0
2022-10-20,ASII.JK,6500.0,6525.0,6400.0,6425.0,4566.06982421875,32226200.0
2022-10-21,ASII.JK,6475.0,6675.0,6450.0,6575.0,4672.67138671875,52148500.0
2022-10-24,ASII.JK,6575.0,6700.0,6575.0,6650.0,4725.9716796875,37202900.0
2022-10-25,ASII.JK,6700.0,6700.0,6600.0,6700.0,4761.50537109375,37836000.0
2022-10-26,ASII.JK,6700.0,6700.0,6575.0,6575.0,4672.67138671875,36289700.0
2022-10-27,ASII.JK,6575.0,6675.0,6525.0,6650.0,4725.9716796875,30429800.0
2022-10-28,ASII.JK,6650.0,6650.0,6500.0,6550.0,4654.904296875,28492900.0
2022-10-31,ASII.JK,6550.0,6650.0,6550.0,6650.0,4725.9716796875,45774000.0
2022-11-01,ASII.JK,6650.0,6675.0,6475.0,6575.0,4672.67138671875,59240700.0
2022-11-02,ASII.JK,6525.0,6550.0,6375.0,6425.0,4566.06982421875,59695600.0
2022-11-03,ASII.JK,6375.0,6425.0,6350.0,6375.0,4530.53662109375,29905800.0
2022-11-04,ASII.JK,6350.0,6425.0,6350.0,6425.0,4566.06982421875,60465200.0
2022-11-07,ASII.JK,6425.0,6500.0,6425.0,6500.0,4619.37109375,41824000.0
2022-11-08,ASII.JK,6500.0,6525.0,6450.0,6525.0,4637.1376953125,35241500.0
2022-11-09,ASII.JK,6525.0,6550.0,6475.0,6550.0,4654.904296875,45144800.0
2022-11-10,ASII.JK,6550.0,6550.0,6450.0,6525.0,4637.1376953125,33770400.0
2022-11-11,ASII.JK,6600.0,6625.0,6450.0,6450.0,4583.83740234375,50938200.0
2022-11-14,ASII.JK,6450.0,6475.0,6300.0,6300.0,4477.23583984375,46011200.0
2022-11-15,ASII.JK,6300.0,6350.0,6200.0,6225.0,4423.93603515625,65536000.0
2022-11-16,ASII.JK,6175.0,6200.0,6100.0,6175.0,4388.40234375,60298900.0
2022-11-17,ASII.JK,6200.0,6300.0,6050.0,6300.0,4477.23583984375,35165100.0
2022-11-18,ASII.JK,6275.0,6300.0,6200.0,6225.0,4423.93603515625,29302300.0
2022-11-21,ASII.JK,6275.0,6350.0,6250.0,6325.0,4495.0029296875,19074900.0
2022-11-22,ASII.JK,6325.0,6350.0,6225.0,6225.0,4423.93603515625,33102700.0
2022-11-23,ASII.JK,6275.0,6300.0,6200.0,6200.0,4406.1689453125,30863200.0
2022-11-24,ASII.JK,6200.0,6275.0,6200.0,6200.0,4406.1689453125,21534300.0
2022-11-25,ASII.JK,6175.0,6200.0,6125.0,6175.0,4388.40234375,40948100.0
2022-11-28,ASII.JK,6175.0,6275.0,6150.0,6225.0,4423.93603515625,37901700.0
2022-11-29,ASII.JK,6125.0,6150.0,6025.0,6050.0,4299.568359375,121505900.0
2022-11-30,ASII.JK,6050.0,6200.0,6025.0,6050.0,4299.568359375,191276100.0
2022-12-01,ASII.JK,6100.0,6200.0,6100.0,6175.0,4388.40234375,88307900.0
2022-12-02,ASII.JK,6175.0,6175.0,6050.0,6125.0,4352.86865234375,51843800.0
2022-12-05,ASII.JK,6075.0,6100.0,6000.0,6025.0,4281.80126953125,64357800.0
2022-12-06,ASII.JK,6000.0,6025.0,5800.0,5875.0,4175.2001953125,69873000.0
2022-12-07,ASII.JK,5800.0,5900.0,5700.0,5725.0,4068.599853515625,116677600.0
2022-12-08,ASII.JK,5650.0,5800.0,5550.0,5675.0,4033.066162109375,161238600.0
2022-12-09,ASII.JK,5700.0,5750.0,5650.0,5675.0,4033.066162109375,55355700.0
2022-12-12,ASII.JK,5675.0,5725.0,5625.0,5675.0,4033.066162109375,92687900.0
2022-12-13,ASII.JK,5700.0,5900.0,5675.0,5825.0,4139.66650390625,113893000.0
2022-12-14,ASII.JK,5925.0,5950.0,5775.0,5825.0,4139.66650390625,78775300.0
2022-12-15,ASII.JK,5825.0,5850.0,5750.0,5800.0,4121.89990234375,61581800.0
2022-12-16,ASII.JK,5775.0,5800.0,5700.0,5775.0,4104.13330078125,95271600.0
2022-12-19,ASII.JK,5850.0,5850.0,5650.0,5700.0,4050.832763671875,57531200.0
2022-12-20,ASII.JK,5675.0,5750.0,5675.0,5700.0,4050.832763671875,25876100.0
2022-12-21,ASII.JK,5700.0,5725.0,5650.0,5700.0,4050.832763671875,34940600.0
2022-12-22,ASII.JK,5700.0,5775.0,5675.0,5775.0,4104.13330078125,32103400.0
2022-12-23,ASII.JK,5750.0,5775.0,5650.0,5675.0,4033.066162109375,31969000.0
2022-12-26,ASII.JK,5675.0,5725.0,5625.0,5650.0,4015.299560546875,13540500.0
2022-12-27,ASII.JK,5700.0,5750.0,5650.0,5675.0,4033.066162109375,13680300.0
2022-12-28,ASII.JK,5725.0,5725.0,5575.0,5625.0,3997.532958984375,29919100.0
2022-12-29,ASII.JK,5600.0,5675.0,5550.0,5650.0,4015.299560546875,32241500.0
2022-12-30,ASII.JK,5675.0,5750.0,5650.0,5700.0,4050.832763671875,36384500.0
2023-01-02,ASII.JK,5725.0,5725.0,5625.0,5700.0,4050.832763671875,12068800.0
2023-01-03,ASII.JK,5675.0,5700.0,5625.0,5650.0,4015.299560546875,22854400.0
2023-01-04,ASII.JK,5650.0,5700.0,5625.0,5675.0,4033.066162109375,32578900.0
2023-01-05,ASII.JK,5650.0,5700.0,5375.0,5375.0,3819.864013671875,106047000.0
2023-01-06,ASII.JK,5400.0,5525.0,5350.0,5450.0,3873.164306640625,59754600.0
2023-01-09,ASII.JK,5500.0,5500.0,5275.0,5350.0,3802.097900390625,63437700.0
2023-01-10,ASII.JK,5375.0,5375.0,5275.0,5325.0,3784.33056640625,62964600.0
2023-01-11,ASII.JK,5325.0,5350.0,5200.0,5225.0,3713.263671875,45514800.0
2023-01-12,ASII.JK,5200.0,5375.0,5200.0,5350.0,3802.097900390625,61374300.0
2023-01-13,ASII.JK,5375.0,5500.0,5300.0,5450.0,3873.164306640625,52039800.0
2023-01-16,ASII.JK,5525.0,5600.0,5475.0,5600.0,3979.764892578125,48458700.0
2023-01-17,ASII.JK,5600.0,5650.0,5500.0,5550.0,3944.231201171875,66999600.0
2023-01-18,ASII.JK,5550.0,5650.0,5550.0,5650.0,4015.299560546875,28120700.0
2023-01-19,ASII.JK,5650.0,5875.0,5650.0,5850.0,4157.43359375,95543300.0
2023-01-20,ASII.JK,5875.0,5900.0,5775.0,5900.0,4192.96728515625,54173000.0
2023-01-24,ASII.JK,5900.0,5950.0,5850.0,5925.0,4210.73388671875,26217800.0
2023-01-25,ASII.JK,5900.0,5950.0,5850.0,5950.0,4228.5009765625,18115800.0
2023-01-26,ASII.JK,5925.0,5950.0,5850.0,5900.0,4192.96728515625,40168400.0
2023-01-27,ASII.JK,5925.0,5950.0,5875.0,5875.0,4175.2001953125,31869800.0
2023-01-30,ASII.JK,5875.0,5900.0,5775.0,5875.0,4175.2001953125,34817500.0
2023-01-31,ASII.JK,5925.0,6025.0,5900.0,6000.0,4264.03466796875,89064100.0
2023-02-01,ASII.JK,6000.0,6000.0,5925.0,6000.0,4264.03466796875,35355300.0
2023-02-02,ASII.JK,5950.0,5975.0,5875.0,5925.0,4210.73388671875,30039900.0
2023-02-03,ASII.JK,5975.0,5975.0,5875.0,5875.0,4175.2001953125,24629700.0
2023-02-06,ASII.JK,5875.0,5900.0,5825.0,5850.0,4157.43359375,31033700.0
2023-02-07,ASII.JK,5825.0,5925.0,5825.0,5875.0,4175.2001953125,29536700.0
2023-02-08,ASII.JK,5875.0,5900.0,5775.0,5800.0,4121.89990234375,27235100.0
2023-02-09,ASII.JK,5825.0,5850.0,5675.0,5675.0,4033.066162109375,48263600.0
2023-02-10,ASII.JK,5600.0,5700.0,5550.0,5700.0,4050.832763671875,71158200.0
2023-02-13,ASII.JK,5700.0,5750.0,5675.0,5725.0,4068.599853515625,22154800.0
2023-02-14,ASII.JK,5750.0,5800.0,5700.0,5725.0,4068.599853515625,31292000.0
2023-02-15,ASII.JK,5725.0,5725.0,5575.0,5675.0,4033.066162109375,38862100.0
2023-02-16,ASII.JK,5700.0,5700.0,5625.0,5700.0,4050.832763671875,19014100.0
2023-02-17,ASII.JK,5700.0,5725.0,5625.0,5675.0,4033.066162109375,31273200.0
2023-02-20,ASII.JK,5675.0,5700.0,5575.0,5600.0,3979.764892578125,29576500.0
2023-02-21,ASII.JK,5600.0,5650.0,5550.0,5575.0,3961.998291015625,26985200.0
2023-02-22,ASII.JK,5550.0,5650.0,5550.0,5625.0,3997.532958984375,24822300.0
2023-02-23,ASII.JK,5650.0,5700.0,5575.0,5650.0,4015.299560546875,33406700.0
2023-02-24,ASII.JK,5675.0,5800.0,5650.0,5750.0,4086.366943359375,30869400.0
2023-02-27,ASII.JK,5725.0,5800.0,5700.0,5800.0,4121.89990234375,28650400.0
2023-02-28,ASII.JK,6200.0,6275.0,6100.0,6100.0,4335.1015625,154669700.0
2023-03-01,ASII.JK,6100.0,6175.0,6050.0,6150.0,4370.634765625,49851200.0
2023-03-02,ASII.JK,6150.0,6175.0,6075.0,6150.0,4370.634765625,26943600.0
2023-03-03,ASII.JK,6150.0,6150.0,6025.0,6050.0,4299.568359375,32818500.0
2023-03-06,ASII.JK,6100.0,6125.0,6050.0,6075.0,4317.3349609375,22141000.0
2023-03-07,ASII.JK,6050.0,6075.0,5900.0,5950.0,4228.5009765625,41630000.0
2023-03-08,ASII.JK,5900.0,5975.0,5875.0,5925.0,4210.73388671875,40374900.0
2023-03-09,ASII.JK,5975.0,6050.0,5950.0,6025.0,4281.80126953125,23104400.0
2023-03-10,ASII.JK,5975.0,6000.0,5900.0,5975.0,4246.267578125,33330500.0
2023-03-13,ASII.JK,5900.0,5975.0,5850.0,5925.0,4210.73388671875,28402600.0
2023-03-14,ASII.JK,5900.0,5925.0,5750.0,5775.0,4104.13330078125,56988600.0
2023-03-15,ASII.JK,5850.0,5875.0,5775.0,5775.0,4104.13330078125,40170800.0
2023-03-16,ASII.JK,5775.0,5875.0,5675.0,5850.0,4157.43359375,33947700.0
2023-03-17,ASII.JK,5875.0,5925.0,5850.0,5850.0,4157.43359375,74811900.0
2023-03-20,ASII.JK,5850.0,5900.0,5800.0,5875.0,4175.2001953125,22146000.0
2023-03-21,ASII.JK,5850.0,5975.0,5850.0,5875.0,4175.2001953125,40671600.0
2023-03-24,ASII.JK,5925.0,6000.0,5900.0,5950.0,4228.5009765625,60721800.0
2023-03-27,ASII.JK,5950.0,5975.0,5875.0,5875.0,4175.2001953125,32493100.0
2023-03-28,ASII.JK,5900.0,5925.0,5850.0,5850.0,4157.43359375,42944400.0
2023-03-29,ASII.JK,5850.0,6050.0,5850.0,5950.0,4228.5009765625,81945000.0
2023-03-30,ASII.JK,5975.0,5975.0,5900.0,5900.0,4192.96728515625,40174400.0
2023-03-31,ASII.JK,5950.0,6025.0,5925.0,6000.0,4264.03466796875,40364100.0
2023-04-03,ASII.JK,6050.0,6100.0,5975.0,6000.0,4264.03466796875,44636200.0
2023-04-04,ASII.JK,6025.0,6050.0,5950.0,6025.0,4281.80126953125,35612700.0
2023-04-05,ASII.JK,6025.0,6050.0,5975.0,6000.0,4264.03466796875,27556300.0
2023-04-06,ASII.JK,6000.0,6000.0,5925.0,5925.0,4210.73388671875,32964500.0
2023-04-10,ASII.JK,5950.0,5975.0,5875.0,5975.0,4246.267578125,40039500.0
2023-04-11,ASII.JK,5950.0,6100.0,5925.0,6075.0,4317.3349609375,37545800.0
2023-04-12,ASII.JK,6150.0,6300.0,6125.0,6250.0,4441.70263671875,126817700.0
2023-04-13,ASII.JK,6225.0,6275.0,6175.0,6250.0,4441.70263671875,35138600.0
2023-04-14,ASII.JK,6275.0,6300.0,6200.0,6200.0,4406.1689453125,45556300.0
2023-04-17,ASII.JK,6200.0,6275.0,6200.0,6225.0,4423.93603515625,33965200.0
2023-04-18,ASII.JK,6275.0,6475.0,6275.0,6425.0,4566.06982421875,101792500.0
2023-04-26,ASII.JK,6625.0,6700.0,6500.0,6700.0,4761.50537109375,182919200.0
2023-04-27,ASII.JK,6675.0,6725.0,6625.0,6700.0,4761.50537109375,45762900.0
2023-04-28,ASII.JK,6700.0,6750.0,6675.0,6750.0,4797.0390625,64976400.0
2023-05-02,ASII.JK,6775.0,6775.0,6600.0,6675.0,4743.73876953125,62972600.0
2023-05-03,ASII.JK,6700.0,6725.0,6550.0,6625.0,4708.205078125,106341300.0
2023-05-04,ASII.JK,6600.0,6625.0,6550.0,6600.0,4690.4384765625,132167800.0
2023-05-05,ASII.JK,6150.0,6150.0,6150.0,6150.0,4769.54248046875,82270600.0
2023-05-08,ASII.JK,6150.0,6175.0,6050.0,6125.0,4750.15380859375,95087500.0
2023-05-09,ASII.JK,6125.0,6325.0,6075.0,6325.0,4905.26123046875,96938100.0
2023-05-10,ASII.JK,6350.0,6425.0,6300.0,6325.0,4905.26123046875,52404700.0
2023-05-11,ASII.JK,6350.0,6350.0,6175.0,6250.0,4847.09619140625,39596900.0
2023-05-12,ASII.JK,6225.0,6275.0,6175.0,6225.0,4827.7080078125,67576500.0
2023-05-15,ASII.JK,6275.0,6350.0,6175.0,6350.0,4924.64990234375,42039400.0
2023-05-16,ASII.JK,6350.0,6400.0,6250.0,6275.0,4866.48388671875,19445400.0
2023-05-17,ASII.JK,6350.0,6350.0,6275.0,6325.0,4905.26123046875,29480000.0
2023-05-19,ASII.JK,6400.0,6550.0,6350.0,6475.0,5021.591796875,75548600.0
2023-05-22,ASII.JK,6525.0,6650.0,6425.0,6600.0,5118.533203125,63793800.0
2023-05-23,ASII.JK,6600.0,6650.0,6550.0,6600.0,5118.533203125,49261900.0
2023-05-24,ASII.JK,6575.0,6675.0,6500.0,6675.0,5176.6982421875,54136600.0
2023-05-25,ASII.JK,6700.0,6700.0,6525.0,6600.0,5118.533203125,43564900.0
2023-05-26,ASII.JK,6600.0,6600.0,6525.0,6600.0,5118.533203125,25356200.0
2023-05-29,ASII.JK,6625.0,6625.0,6475.0,6600.0,5118.533203125,27939400.0
2023-05-30,ASII.JK,6575.0,6600.0,6500.0,6500.0,5040.98095703125,23340800.0
2023-05-31,ASII.JK,6500.0,6600.0,6450.0,6450.0,5002.203125,154796300.0
2023-06-05,ASII.JK,6525.0,7000.0,6500.0,6825.0,5293.02880859375,200252000.0
2023-06-06,ASII.JK,6800.0,6925.0,6750.0,6800.0,5273.64013671875,65282100.0
2023-06-07,ASII.JK,6800.0,6850.0,6675.0,6800.0,5273.64013671875,81991400.0
2023-06-08,ASII.JK,6725.0,6775.0,6700.0,6775.0,5254.251953125,32704900.0
2023-06-09,ASII.JK,6750.0,6800.0,6700.0,6800.0,5273.64013671875,24893400.0
2023-06-12,ASII.JK,6800.0,6800.0,6675.0,6775.0,5254.251953125,37558000.0
2023-06-13,ASII.JK,6775.0,6825.0,6750.0,6750.0,5234.86376953125,23911800.0
2023-06-14,ASII.JK,6750.0,6900.0,6750.0,6900.0,5351.19384765625,34146100.0
2023-06-15,ASII.JK,6900.0,6900.0,6825.0,6875.0,5331.80517578125,16414000.0
2023-06-16,ASII.JK,6850.0,6875.0,6775.0,6850.0,5312.4169921875,63892800.0
2023-06-19,ASII.JK,6800.0,6875.0,6775.0,6875.0,5331.80517578125,12514200.0
2023-06-20,ASII.JK,6825.0,6850.0,6775.0,6800.0,5273.64013671875,24394300.0
2023-06-21,ASII.JK,6775.0,6975.0,6750.0,6925.0,5370.58251953125,37629300.0
2023-06-22,ASII.JK,6875.0,6900.0,6775.0,6775.0,5254.251953125,51199300.0
2023-06-23,ASII.JK,6775.0,6825.0,6700.0,6775.0,5254.251953125,32156800.0
2023-06-26,ASII.JK,6800.0,6900.0,6775.0,6800.0,5273.64013671875,31726400.0
2023-06-27,ASII.JK,6800.0,6850.0,6775.0,6775.0,5254.251953125,36422700.0
2023-07-03,ASII.JK,6775.0,6825.0,6750.0,6825.0,5293.02880859375,37348600.0
2023-07-04,ASII.JK,6825.0,6825.0,6700.0,6775.0,5254.251953125,20047800.0
2023-07-05,ASII.JK,6775.0,6775.0,6700.0,6775.0,5254.251953125,34751800.0
2023-07-06,ASII.JK,6775.0,6800.0,6750.0,6800.0,5273.64013671875,35473800.0
2023-07-07,ASII.JK,6775.0,6825.0,6750.0,6825.0,5293.02880859375,28755500.0
2023-07-10,ASII.JK,6825.0,6825.0,6775.0,6775.0,5254.251953125,15301300.0
2023-07-11,ASII.JK,6775.0,6800.0,6750.0,6800.0,5273.64013671875,32949200.0
2023-07-12,ASII.JK,6775.0,6825.0,6750.0,6775.0,5254.251953125,29210200.0
2023-07-13,ASII.JK,6775.0,6825.0,6750.0,6800.0,5273.64013671875,31298400.0
2023-07-14,ASII.JK,6775.0,6825.0,6700.0,6750.0,5234.86376953125,56060600.0
2023-07-17,ASII.JK,6750.0,6775.0,6675.0,6675.0,5176.6982421875,41698600.0
2023-07-18,ASII.JK,6675.0,6700.0,6475.0,6575.0,5099.14501953125,68904700.0
2023-07-20,ASII.JK,6575.0,6575.0,6450.0,6525.0,5060.3681640625,64069100.0
2023-07-21,ASII.JK,6500.0,6525.0,6375.0,6450.0,5002.203125,64037700.0
2023-07-24,ASII.JK,6400.0,6600.0,6400.0,6550.0,5079.7568359375,40830500.0
2023-07-25,ASII.JK,6600.0,6625.0,6500.0,6500.0,5040.98095703125,23958900.0
2023-07-26,ASII.JK,6575.0,6625.0,6500.0,6600.0,5118.533203125,38599800.0
2023-07-27,ASII.JK,6600.0,6600.0,6500.0,6525.0,5060.3681640625,27816700.0
2023-07-28,ASII.JK,6500.0,6625.0,6475.0,6625.0,5137.921875,28288300.0
2023-07-31,ASII.JK,6750.0,6950.0,6725.0,6850.0,5312.4169921875,87828900.0
2023-08-01,ASII.JK,6875.0,6900.0,6800.0,6875.0,5331.80517578125,29425300.0
2023-08-02,ASII.JK,6825.0,6850.0,6775.0,6850.0,5312.4169921875,29463700.0
2023-08-03,ASII.JK,6800.0,6900.0,6775.0,6825.0,5293.02880859375,29272000.0
2023-08-04,ASII.JK,6825.0,6850.0,6750.0,6800.0,5273.64013671875,16646300.0
2023-08-07,ASII.JK,6825.0,6900.0,6750.0,6875.0,5331.80517578125,32608000.0
2023-08-08,ASII.JK,6850.0,6900.0,6825.0,6850.0,5312.4169921875,16515100.0
2023-08-09,ASII.JK,6850.0,6875.0,6825.0,6875.0,5331.80517578125,13781700.0
2023-08-10,ASII.JK,6850.0,6875.0,6750.0,6750.0,5234.86376953125,32076700.0
2023-08-11,ASII.JK,6750.0,6775.0,6650.0,6750.0,5234.86376953125,42320900.0
2023-08-14,ASII.JK,6700.0,6800.0,6700.0,6800.0,5273.64013671875,27616200.0
2023-08-15,ASII.JK,6725.0,6775.0,6675.0,6725.0,5215.4755859375,32385400.0
2023-08-16,ASII.JK,6675.0,6750.0,6650.0,6750.0,5234.86376953125,24913200.0
2023-08-18,ASII.JK,6675.0,6700.0,6500.0,6525.0,5060.3681640625,69001300.0
2023-08-21,ASII.JK,6525.0,6550.0,6425.0,6475.0,5021.591796875,34702500.0
2023-08-22,ASII.JK,6450.0,6600.0,6450.0,6550.0,5079.7568359375,37704700.0
2023-08-23,ASII.JK,6550.0,6600.0,6525.0,6550.0,5079.7568359375,27624900.0
2023-08-24,ASII.JK,6550.0,6600.0,6475.0,6475.0,5021.591796875,33278500.0
2023-08-25,ASII.JK,6475.0,6500.0,6400.0,6450.0,5002.203125,35673300.0
2023-08-28,ASII.JK,6500.0,6500.0,6400.0,6425.0,4982.814453125,14871100.0
2023-08-29,ASII.JK,6450.0,6450.0,6375.0,6400.0,4963.42626953125,29937800.0
2023-08-30,ASII.JK,6450.0,6525.0,6400.0,6450.0,5002.203125,41993300.0
2023-08-31,ASII.JK,6450.0,6475.0,6400.0,6450.0,5002.203125,44502000.0
2023-09-01,ASII.JK,6475.0,6575.0,6475.0,6550.0,5079.7568359375,26069500.0
2023-09-04,ASII.JK,6575.0,6600.0,6525.0,6600.0,5118.533203125,17384000.0
2023-09-05,ASII.JK,6600.0,6650.0,6550.0,6600.0,5118.533203125,23070700.0
2023-09-06,ASII.JK,6575.0,6625.0,6525.0,6525.0,5060.3681640625,18421300.0
2023-09-07,ASII.JK,6475.0,6500.0,6350.0,6400.0,4963.42626953125,49921600.0
2023-09-08,ASII.JK,6450.0,6450.0,6350.0,6400.0,4963.42626953125,32416900.0
2023-09-11,ASII.JK,6400.0,6425.0,6300.0,6375.0,4944.0380859375,33422100.0
2023-09-12,ASII.JK,6375.0,6375.0,6300.0,6300.0,4885.873046875,30225600.0
2023-09-13,ASII.JK,6325.0,6325.0,6225.0,6300.0,4885.873046875,40040900.0
2023-09-14,ASII.JK,6325.0,6375.0,6250.0,6325.0,4905.26123046875,40259300.0
2023-09-15,ASII.JK,6250.0,6325.0,6200.0,6300.0,4885.873046875,132198700.0
2023-09-18,ASII.JK,6275.0,6325.0,6250.0,6300.0,4885.873046875,35517300.0
2023-09-19,ASII.JK,6300.0,6375.0,6275.0,6350.0,4924.64990234375,31439200.0
2023-09-20,ASII.JK,6350.0,6400.0,6300.0,6300.0,4885.873046875,39764900.0
2023-09-21,ASII.JK,6300.0,6325.0,6200.0,6200.0,4808.3193359375,46231100.0
2023-09-22,ASII.JK,6200.0,6275.0,6175.0,6200.0,4808.3193359375,30610900.0
2023-09-25,ASII.JK,6225.0,6275.0,6200.0,6250.0,4847.09619140625,32700500.0
2023-09-26,ASII.JK,6225.0,6300.0,6200.0,6200.0,4808.3193359375,43217400.0
2023-09-27,ASII.JK,6200.0,6250.0,6125.0,6150.0,4769.54248046875,31688400.0
2023-09-29,ASII.JK,6250.0,6275.0,6200.0,6225.0,4827.7080078125,20902300.0
2023-10-02,ASII.JK,6275.0,6350.0,6250.0,6275.0,4866.48388671875,23884400.0
2023-10-03,ASII.JK,6275.0,6275.0,6200.0,6200.0,4808.3193359375,25350100.0
2023-10-04,ASII.JK,6175.0,6200.0,6050.0,6075.0,4711.37744140625,55496200.0
2023-10-05,ASII.JK,6125.0,6175.0,6025.0,6025.0,4672.60009765625,55924900.0
2023-10-06,ASII.JK,6050.0,6150.0,6050.0,6075.0,4711.37744140625,18104300.0
2023-10-09,ASII.JK,6150.0,6225.0,6100.0,6125.0,4750.15380859375,43718300.0
2023-10-10,ASII.JK,6175.0,6175.0,6050.0,6050.0,4691.9892578125,36797700.0
2023-10-11,ASII.JK,6075.0,6125.0,6050.0,6050.0,4691.9892578125,45959600.0
2023-10-12,ASII.JK,6000.0,6025.0,5950.0,5950.0,4690.41259765625,71954600.0
2023-10-13,ASII.JK,6000.0,6025.0,5950.0,5975.0,4710.11962890625,32794800.0
2023-10-16,ASII.JK,5925.0,5975.0,5825.0,5850.0,4611.58203125,52414600.0
2023-10-17,ASII.JK,5875.0,5925.0,5850.0,5850.0,4611.58203125,40295600.0
2023-10-18,ASII.JK,5850.0,6000.0,5825.0,5825.0,4591.8740234375,53751300.0
2023-10-19,ASII.JK,5825.0,5850.0,5700.0,5725.0,4513.0439453125,60258300.0
2023-10-20,ASII.JK,5675.0,5750.0,5650.0,5700.0,4493.3359375,56606100.0
2023-10-23,ASII.JK,5725.0,5750.0,5600.0,5600.0,4414.50537109375,57516800.0
2023-10-24,ASII.JK,5600.0,5850.0,5600.0,5800.0,4572.1669921875,57283100.0
2023-10-25,ASII.JK,5825.0,5925.0,5775.0,5775.0,4552.45947265625,51542400.0
2023-10-26,ASII.JK,5775.0,5800.0,5675.0,5725.0,4513.0439453125,18969800.0
2023-10-27,ASII.JK,5750.0,5775.0,5725.0,5725.0,4513.0439453125,35328800.0
2023-10-30,ASII.JK,5750.0,5825.0,5675.0,5800.0,4572.1669921875,17820800.0
2023-10-31,ASII.JK,5850.0,5900.0,5775.0,5775.0,4552.45947265625,46118000.0
2023-11-01,ASII.JK,5900.0,6000.0,5800.0,5800.0,4572.1669921875,91836500.0
2023-11-02,ASII.JK,5850.0,5900.0,5800.0,5800.0,4572.1669921875,46166200.0
2023-11-03,ASII.JK,5850.0,5925.0,5825.0,5900.0,4650.9970703125,43395900.0
2023-11-06,ASII.JK,5925.0,5950.0,5900.0,5925.0,4670.70458984375,29757300.0
2023-11-07,ASII.JK,5925.0,5950.0,5775.0,5825.0,4591.8740234375,30298200.0
2023-11-08,ASII.JK,5800.0,5825.0,5675.0,5725.0,4513.0439453125,38367700.0
2023-11-09,ASII.JK,5775.0,5825.0,5725.0,5750.0,4532.751953125,20420100.0
2023-11-10,ASII.JK,5725.0,5775.0,5725.0,5775.0,4552.45947265625,15229800.0
2023-11-13,ASII.JK,5825.0,5825.0,5650.0,5650.0,4453.92138671875,24673700.0
2023-11-14,ASII.JK,5675.0,5725.0,5650.0,5675.0,4473.62841796875,12066000.0
2023-11-15,ASII.JK,5750.0,5850.0,5700.0,5750.0,4532.751953125,34814300.0
2023-11-16,ASII.JK,5750.0,5825.0,5725.0,5825.0,4591.8740234375,17422800.0
2023-11-17,ASII.JK,5800.0,5825.0,5700.0,5700.0,4493.3359375,27116700.0
2023-11-20,ASII.JK,5725.0,5850.0,5700.0,5800.0,4572.1669921875,22940000.0
2023-11-21,ASII.JK,5800.0,5850.0,5750.0,5775.0,4552.45947265625,17153300.0
2023-11-22,ASII.JK,5775.0,5775.0,5650.0,5675.0,4473.62841796875,36329500.0
2023-11-23,ASII.JK,5675.0,5725.0,5675.0,5700.0,4493.3359375,43425400.0
2023-11-24,ASII.JK,5700.0,5750.0,5700.0,5725.0,4513.0439453125,9347300.0
2023-11-27,ASII.JK,5725.0,5750.0,5600.0,5625.0,4434.21337890625,63360900.0
2023-11-28,ASII.JK,5675.0,5675.0,5550.0,5550.0,4375.08984375,86907600.0
2023-11-29,ASII.JK,5600.0,5650.0,5525.0,5525.0,4355.3828125,75070800.0
2023-11-30,ASII.JK,5575.0,5575.0,5400.0,5400.0,4256.84521484375,161684600.0
2023-12-01,ASII.JK,5450.0,5750.0,5450.0,5750.0,4532.751953125,145374400.0
2023-12-04,ASII.JK,5750.0,5825.0,5725.0,5750.0,4532.751953125,57590700.0
2023-12-05,ASII.JK,5775.0,5800.0,5675.0,5725.0,4513.0439453125,25787200.0
2023-12-06,ASII.JK,5700.0,5825.0,5700.0,5725.0,4513.0439453125,41363700.0
2023-12-07,ASII.JK,5750.0,5750.0,5600.0,5675.0,4473.62841796875,40599000.0
2023-12-08,ASII.JK,5675.0,5700.0,5625.0,5675.0,4473.62841796875,26972000.0
2023-12-11,ASII.JK,5650.0,5675.0,5525.0,5600.0,4414.50537109375,39510200.0
2023-12-12,ASII.JK,5675.0,5675.0,5550.0,5575.0,4394.79736328125,19272900.0
2023-12-13,ASII.JK,5550.0,5600.0,5525.0,5525.0,4355.3828125,31196600.0
2023-12-14,ASII.JK,5600.0,5650.0,5575.0,5625.0,4434.21337890625,65510200.0
2023-12-15,ASII.JK,5625.0,5700.0,5600.0,5650.0,4453.92138671875,93580400.0
2023-12-18,ASII.JK,5650.0,5650.0,5550.0,5600.0,4414.50537109375,39134200.0
2023-12-19,ASII.JK,5625.0,5650.0,5600.0,5625.0,4434.21337890625,33668300.0
2023-12-20,ASII.JK,5650.0,5700.0,5625.0,5625.0,4434.21337890625,27178500.0
2023-12-21,ASII.JK,5600.0,5600.0,5475.0,5550.0,4375.08984375,114749900.0
2023-12-22,ASII.JK,5550.0,5600.0,5500.0,5550.0,4375.08984375,38055800.0
2023-12-27,ASII.JK,5550.0,5575.0,5500.0,5550.0,4375.08984375,34332400.0
2023-12-28,ASII.JK,5575.0,5600.0,5550.0,5600.0,4414.50537109375,31643200.0
2023-12-29,ASII.JK,5600.0,5675.0,5575.0,5650.0,4453.92138671875,36245000.0
2024-01-02,ASII.JK,5625.0,5700.0,5575.0,5700.0,4493.3359375,36479600.0
2024-01-03,ASII.JK,5700.0,5700.0,5600.0,5600.0,4414.50537109375,37187300.0
2024-01-04,ASII.JK,5600.0,5750.0,5600.0,5700.0,4493.3359375,52008000.0
2024-01-05,ASII.JK,5725.0,5750.0,5625.0,5625.0,4434.21337890625,39167600.0
2024-01-08,ASII.JK,5625.0,5675.0,5550.0,5575.0,4394.79736328125,39614600.0
2024-01-09,ASII.JK,5600.0,5600.0,5525.0,5575.0,4394.79736328125,36777600.0
2024-01-10,ASII.JK,5500.0,5575.0,5450.0,5525.0,4355.3828125,75423900.0
2024-01-11,ASII.JK,5550.0,5625.0,5525.0,5550.0,4375.08984375,39941000.0
2024-01-12,ASII.JK,5550.0,5625.0,5550.0,5600.0,4414.50537109375,28821000.0
2024-01-15,ASII.JK,5600.0,5600.0,5500.0,5525.0,4355.3828125,79502600.0
2024-01-16,ASII.JK,5525.0,5525.0,5475.0,5500.0,4335.67529296875,44840900.0
2024-01-17,ASII.JK,5500.0,5525.0,5350.0,5400.0,4256.84521484375,114587100.0
2024-01-18,ASII.JK,5400.0,5400.0,5325.0,5375.0,4237.13720703125,71517600.0
2024-01-19,ASII.JK,5375.0,5400.0,5300.0,5350.0,4217.4296875,52865000.0
2024-01-22,ASII.JK,5350.0,5425.0,5225.0,5225.0,4118.8916015625,169967200.0
2024-01-23,ASII.JK,5150.0,5200.0,5075.0,5125.0,4040.06103515625,176612600.0
2024-01-24,ASII.JK,5150.0,5175.0,4980.0,5075.0,4000.64599609375,246293300.0
2024-01-25,ASII.JK,5075.0,5150.0,5025.0,5050.0,3980.93798828125,81025300.0
2024-01-26,ASII.JK,5050.0,5075.0,4990.0,5075.0,4000.64599609375,71861600.0
2024-01-29,ASII.JK,5075.0,5075.0,4910.0,4930.0,3886.341552734375,132819200.0
2024-01-30,ASII.JK,4920.0,5175.0,4900.0,5100.0,4020.353515625,165689300.0
2024-01-31,ASII.JK,5125.0,5150.0,5050.0,5125.0,4040.06103515625,79343600.0
2024-02-01,ASII.JK,5100.0,5175.0,5075.0,5125.0,4040.06103515625,55358600.0
2024-02-02,ASII.JK,5150.0,5325.0,5125.0,5325.0,4197.7216796875,104840200.0
2024-02-05,ASII.JK,5325.0,5350.0,5150.0,5175.0,4079.476318359375,88826000.0
2024-02-06,ASII.JK,5175.0,5275.0,5150.0,5250.0,4138.59912109375,46257400.0
2024-02-07,ASII.JK,5250.0,5325.0,5250.0,5325.0,4197.7216796875,68376900.0
2024-02-12,ASII.JK,5300.0,5350.0,5225.0,5300.0,4178.01416015625,80552600.0
2024-02-13,ASII.JK,5300.0,5300.0,5150.0,5200.0,4099.18359375,63689100.0
2024-02-15,ASII.JK,5325.0,5325.0,5075.0,5125.0,4040.06103515625,124120800.0
2024-02-16,ASII.JK,5125.0,5200.0,5100.0,5200.0,4099.18359375,75502700.0
2024-02-19,ASII.JK,5200.0,5250.0,5075.0,5125.0,4040.06103515625,89709800.0
2024-02-20,ASII.JK,5125.0,5250.0,5125.0,5200.0,4099.18359375,41623800.0
2024-02-21,ASII.JK,5200.0,5300.0,5175.0,5250.0,4138.59912109375,68374800.0
2024-02-22,ASII.JK,5275.0,5300.0,5275.0,5275.0,4158.306640625,41938600.0
2024-02-23,ASII.JK,5250.0,5275.0,5100.0,5125.0,4040.06103515625,81214600.0
2024-02-26,ASII.JK,5150.0,5200.0,5075.0,5125.0,4040.06103515625,50291500.0
2024-02-27,ASII.JK,5125.0,5175.0,5050.0,5175.0,4079.476318359375,46555200.0
2024-02-28,ASII.JK,5325.0,5425.0,5200.0,5225.0,4118.8916015625,216020000.0
2024-02-29,ASII.JK,5250.0,5300.0,5200.0,5225.0,4118.8916015625,85412900.0
2024-03-01,ASII.JK,5225.0,5275.0,5150.0,5225.0,4118.8916015625,64835200.0
2024-03-04,ASII.JK,5250.0,5275.0,5175.0,5200.0,4099.18359375,57118400.0
2024-03-05,ASII.JK,5225.0,5225.0,5100.0,5100.0,4020.353515625,53172900.0
2024-03-06,ASII.JK,5125.0,5200.0,5100.0,5175.0,4079.476318359375,29210000.0
2024-03-07,ASII.JK,5175.0,5200.0,5100.0,5125.0,4040.06103515625,55244400.0
2024-03-08,ASII.JK,5150.0,5175.0,5125.0,5150.0,4059.7685546875,39983000.0
2024-03-13,ASII.JK,5150.0,5200.0,5125.0,5150.0,4059.7685546875,63672300.0
2024-03-14,ASII.JK,5175.0,5300.0,5150.0,5275.0,4158.306640625,79465800.0
2024-03-15,ASII.JK,5300.0,5300.0,5175.0,5175.0,4079.476318359375,164222200.0
2024-03-18,ASII.JK,5200.0,5250.0,5150.0,5150.0,4059.7685546875,50943600.0
2024-03-19,ASII.JK,5150.0,5250.0,5150.0,5225.0,4118.8916015625,48398600.0
2024-03-20,ASII.JK,5225.0,5275.0,5225.0,5275.0,4158.306640625,56191300.0
2024-03-21,ASII.JK,5300.0,5400.0,5275.0,5350.0,4217.4296875,67351800.0
2024-03-22,ASII.JK,5375.0,5375.0,5325.0,5375.0,4237.13720703125,46341000.0
2024-03-25,ASII.JK,5425.0,5425.0,5325.0,5350.0,4217.4296875,39759600.0
2024-03-26,ASII.JK,5375.0,5375.0,5250.0,5300.0,4178.01416015625,57175300.0
2024-03-27,ASII.JK,5300.0,5325.0,5250.0,5275.0,4158.306640625,47174800.0
2024-03-28,ASII.JK,5275.0,5275.0,5100.0,5150.0,4059.7685546875,107123600.0
2024-04-01,ASII.JK,5175.0,5225.0,5150.0,5200.0,4099.18359375,42828200.0
2024-04-02,ASII.JK,5225.0,5275.0,5175.0,5275.0,4158.306640625,41029100.0
2024-04-03,ASII.JK,5275.0,5275.0,5200.0,5250.0,4138.59912109375,39260600.0
2024-04-04,ASII.JK,5250.0,5250.0,5150.0,5175.0,4079.476318359375,48395600.0
2024-04-05,ASII.JK,5150.0,5325.0,5150.0,5275.0,4158.306640625,59190300.0
2024-04-16,ASII.JK,5175.0,5225.0,5100.0,5100.0,4020.353515625,137258300.0
2024-04-17,ASII.JK,5150.0,5175.0,5100.0,5125.0,4040.06103515625,47211000.0
2024-04-18,ASII.JK,5150.0,5150.0,5050.0,5100.0,4020.353515625,81583700.0
2024-04-19,ASII.JK,5050.0,5075.0,4870.0,4900.0,3862.692626953125,185008500.0
2024-04-22,ASII.JK,4940.0,4990.0,4940.0,4950.0,3902.107666015625,57689200.0
2024-04-23,ASII.JK,4990.0,5075.0,4990.0,5025.0,3961.23095703125,49438000.0
2024-04-24,ASII.JK,5000.0,5050.0,4910.0,4910.0,3870.57568359375,65796800.0
2024-04-25,ASII.JK,4910.0,4980.0,4910.0,4950.0,3902.107666015625,52139300.0
2024-04-26,ASII.JK,4980.0,4980.0,4880.0,4880.0,3846.926513671875,70877700.0
2024-04-29,ASII.JK,4920.0,5050.0,4900.0,5025.0,3961.23095703125,68303100.0
2024-04-30,ASII.JK,5050.0,5225.0,4980.0,5150.0,4059.7685546875,142632100.0
2024-05-02,ASII.JK,5225.0,5275.0,5175.0,5175.0,4079.476318359375,100889100.0
2024-05-03,ASII.JK,5225.0,5250.0,5200.0,5225.0,4118.8916015625,44094400.0
2024-05-06,ASII.JK,5250.0,5250.0,5075.0,5100.0,4020.353515625,70400000.0
2024-05-07,ASII.JK,5100.0,5125.0,5025.0,5050.0,3980.93798828125,58780600.0
2024-05-08,ASII.JK,5075.0,5150.0,5000.0,5125.0,4040.06103515625,86738900.0
2024-05-13,ASII.JK,5150.0,5175.0,5075.0,5075.0,4000.64599609375,143316000.0
2024-05-14,ASII.JK,4680.0,4690.0,4580.0,4580.0,3937.0341796875,264535600.0
2024-05-15,ASII.JK,4570.0,4620.0,4530.0,4530.0,3894.0537109375,109962400.0
2024-05-16,ASII.JK,4590.0,4720.0,4540.0,4710.0,4048.784423828125,149039700.0
2024-05-17,ASII.JK,4710.0,4810.0,4690.0,4800.0,4126.14990234375,101492400.0
2024-05-20,ASII.JK,4800.0,4830.0,4730.0,4740.0,4074.57275390625,58021800.0
2024-05-21,ASII.JK,4750.0,4770.0,4700.0,4700.0,4040.187744140625,57558000.0
2024-05-22,ASII.JK,4720.0,4730.0,4700.0,4710.0,4048.784423828125,25932300.0
2024-05-27,ASII.JK,4700.0,4720.0,4550.0,4550.0,3911.245849609375,86050000.0
2024-05-28,ASII.JK,4560.0,4600.0,4510.0,4510.0,3876.861328125,42542400.0
2024-05-29,ASII.JK,4800.0,4800.0,4370.0,4460.0,3833.880615234375,148814900.0
2024-05-30,ASII.JK,4450.0,4450.0,4310.0,4320.0,3713.534423828125,112636300.0
2024-05-31,ASII.JK,4340.0,4370.0,4290.0,4290.0,3687.746337890625,144592700.0
2024-06-03,ASII.JK,4330.0,4530.0,4330.0,4500.0,3868.264892578125,77444200.0
2024-06-04,ASII.JK,4510.0,4630.0,4480.0,4580.0,3937.0341796875,92676800.0
2024-06-05,ASII.JK,4560.0,4640.0,4550.0,4600.0,3954.226318359375,65856400.0
2024-06-06,ASII.JK,4620.0,4620.0,4530.0,4560.0,3919.84228515625,43632400.0
2024-06-07,ASII.JK,4550.0,4570.0,4530.0,4560.0,3919.84228515625,34027900.0
2024-06-10,ASII.JK,4560.0,4560.0,4500.0,4510.0,3876.861328125,19932200.0
2024-06-11,ASII.JK,4500.0,4500.0,4350.0,4350.0,3739.322998046875,71234400.0
2024-06-12,ASII.JK,4350.0,4410.0,4290.0,4360.0,3747.919189453125,65665400.0
2024-06-13,ASII.JK,4410.0,4480.0,4400.0,4460.0,3833.880615234375,55824400.0
2024-06-14,ASII.JK,4480.0,4530.0,4410.0,4420.0,3799.49560546875,57967500.0
2024-06-19,ASII.JK,4450.0,4510.0,4420.0,4450.0,3825.284423828125,48727600.0
2024-06-20,ASII.JK,4440.0,4470.0,4360.0,4450.0,3825.284423828125,35160300.0
2024-06-21,ASII.JK,4450.0,4530.0,4410.0,4490.0,3859.669189453125,98313200.0
2024-06-24,ASII.JK,4480.0,4500.0,4410.0,4430.0,3808.092041015625,36677200.0
2024-06-25,ASII.JK,4440.0,4440.0,4360.0,4400.0,3782.3037109375,50385000.0
2024-06-26,ASII.JK,4400.0,4450.0,4370.0,4420.0,3799.49560546875,38397100.0
2024-06-27,ASII.JK,4430.0,4440.0,4400.0,4430.0,3808.092041015625,21784700.0
2024-06-28,ASII.JK,4430.0,4560.0,4430.0,4460.0,3833.880615234375,127293900.0
2024-07-01,ASII.JK,4490.0,4620.0,4490.0,4620.0,3971.4189453125,141627300.0
2024-07-02,ASII.JK,4610.0,4620.0,4510.0,4530.0,3894.0537109375,72229800.0
2024-07-03,ASII.JK,4550.0,4580.0,4520.0,4570.0,3928.4375,30743200.0
2024-07-04,ASII.JK,4580.0,4610.0,4550.0,4550.0,3911.245849609375,44755400.0
2024-07-05,ASII.JK,4570.0,4610.0,4540.0,4580.0,3937.0341796875,53196500.0
2024-07-08,ASII.JK,4600.0,4640.0,4560.0,4640.0,3988.611083984375,69535000.0
2024-07-09,ASII.JK,4620.0,4620.0,4540.0,4560.0,3919.84228515625,84784500.0
2024-07-10,ASII.JK,4570.0,4580.0,4520.0,4540.0,3902.650146484375,44563900.0
2024-07-11,ASII.JK,4550.0,4600.0,4500.0,4510.0,3876.861328125,71140800.0
2024-07-12,ASII.JK,4510.0,4570.0,4500.0,4540.0,3902.650146484375,54299700.0
2024-07-15,ASII.JK,4540.0,4550.0,4460.0,4470.0,3842.4765625,53234000.0
2024-07-16,ASII.JK,4480.0,4490.0,4380.0,4380.0,3765.111328125,83814800.0
2024-07-17,ASII.JK,4420.0,4470.0,4400.0,4460.0,3833.880615234375,49379700.0
2024-07-18,ASII.JK,4470.0,4540.0,4460.0,4540.0,3902.650146484375,54184300.0
2024-07-19,ASII.JK,4520.0,4540.0,4480.0,4530.0,3894.0537109375,40785800.0
2024-07-22,ASII.JK,4530.0,4540.0,4480.0,4520.0,3885.45703125,33128600.0
2024-07-23,ASII.JK,4510.0,4530.0,4450.0,4450.0,3825.284423828125,46427300.0
2024-07-24,ASII.JK,4470.0,4560.0,4460.0,4530.0,3894.0537109375,50741700.0
2024-07-25,ASII.JK,4530.0,4530.0,4450.0,4490.0,3859.669189453125,40364400.0
2024-07-26,ASII.JK,4500.0,4620.0,4500.0,4610.0,3962.82275390625,92236800.0
2024-07-29,ASII.JK,4620.0,4630.0,4580.0,4610.0,3962.82275390625,42232800.0
2024-07-30,ASII.JK,4610.0,4610.0,4520.0,4540.0,3902.650146484375,40995800.0
2024-07-31,ASII.JK,4620.0,4730.0,4590.0,4720.0,4057.38037109375,170406600.0
2024-08-01,ASII.JK,4700.0,4740.0,4660.0,4740.0,4074.57275390625,50775700.0
2024-08-02,ASII.JK,4710.0,4740.0,4670.0,4690.0,4031.591796875,47509800.0
2024-08-05,ASII.JK,4640.0,4650.0,4520.0,4560.0,3919.84228515625,93952300.0
2024-08-06,ASII.JK,4600.0,4620.0,4540.0,4610.0,3962.82275390625,56748800.0
2024-08-07,ASII.JK,4600.0,4630.0,4560.0,4630.0,3980.01513671875,72464900.0
2024-08-08,ASII.JK,4620.0,4750.0,4600.0,4740.0,4074.57275390625,116387300.0
2024-08-09,ASII.JK,4760.0,4790.0,4730.0,4760.0,4091.764892578125,44489500.0
2024-08-12,ASII.JK,4760.0,4780.0,4720.0,4760.0,4091.764892578125,34027600.0
2024-08-13,ASII.JK,4800.0,4800.0,4740.0,4760.0,4091.764892578125,43904800.0
2024-08-14,ASII.JK,4800.0,4930.0,4770.0,4890.0,4203.5146484375,91874600.0
2024-08-15,ASII.JK,4890.0,4920.0,4840.0,4890.0,4203.5146484375,46694800.0
2024-08-16,ASII.JK,4900.0,4990.0,4900.0,4970.0,4272.28369140625,65502100.0
2024-08-19,ASII.JK,4970.0,5050.0,4940.0,5025.0,4319.56298828125,54296700.0
2024-08-20,ASII.JK,5050.0,5150.0,5025.0,5125.0,4405.5244140625,94493800.0
2024-08-21,ASII.JK,5150.0,5225.0,5075.0,5075.0,4362.54345703125,94502800.0
2024-08-22,ASII.JK,5025.0,5050.0,4990.0,5000.0,4298.07275390625,63177200.0
2024-08-23,ASII.JK,5050.0,5175.0,5050.0,5100.0,4384.0341796875,52275100.0
2024-08-26,ASII.JK,5125.0,5200.0,5125.0,5150.0,4427.0146484375,30540900.0
2024-08-27,ASII.JK,5150.0,5175.0,5075.0,5150.0,4427.0146484375,30475700.0
2024-08-28,ASII.JK,5150.0,5150.0,5000.0,5025.0,4319.56298828125,64090900.0
2024-08-29,ASII.JK,5050.0,5075.0,5000.0,5075.0,4362.54345703125,42502100.0
2024-08-30,ASII.JK,5075.0,5125.0,5025.0,5100.0,4384.0341796875,74429400.0
2024-09-02,ASII.JK,5100.0,5225.0,5100.0,5200.0,4469.99560546875,84858600.0
2024-09-03,ASII.JK,5225.0,5225.0,5125.0,5125.0,4405.5244140625,34864300.0
2024-09-04,ASII.JK,5050.0,5100.0,5025.0,5050.0,4341.05322265625,45331200.0
2024-09-05,ASII.JK,5075.0,5125.0,5050.0,5075.0,4362.54345703125,34711100.0
2024-09-06,ASII.JK,5050.0,5125.0,5050.0,5050.0,4341.05322265625,32014300.0
2024-09-09,ASII.JK,5050.0,5100.0,5000.0,5025.0,4319.56298828125,55466500.0
2024-09-10,ASII.JK,5075.0,5100.0,5000.0,5025.0,4319.56298828125,58871700.0
2024-09-11,ASII.JK,5025.0,5050.0,5000.0,5025.0,4319.56298828125,27381100.0
2024-09-12,ASII.JK,5025.0,5075.0,5025.0,5025.0,4319.56298828125,24718300.0
2024-09-13,ASII.JK,5025.0,5075.0,5025.0,5075.0,4362.54345703125,24921900.0
2024-09-17,ASII.JK,5075.0,5100.0,5025.0,5075.0,4362.54345703125,35574000.0
2024-09-18,ASII.JK,5100.0,5275.0,5075.0,5250.0,4512.97607421875,123540100.0
2024-09-19,ASII.JK,5275.0,5275.0,5200.0,5275.0,4534.46630859375,57254000.0
2024-09-20,ASII.JK,5275.0,5275.0,5200.0,5225.0,4491.48583984375,47509500.0
2024-09-23,ASII.JK,5250.0,5275.0,5225.0,5225.0,4491.48583984375,23362800.0
2024-09-24,ASII.JK,5250.0,5275.0,5225.0,5275.0,4534.46630859375,43482600.0
2024-09-25,ASII.JK,5300.0,5300.0,5150.0,5225.0,4491.48583984375,63437200.0
2024-09-26,ASII.JK,5250.0,5275.0,5175.0,5250.0,4512.97607421875,56030300.0
2024-09-27,ASII.JK,5275.0,5275.0,5050.0,5100.0,4384.0341796875,57476200.0
2024-09-30,ASII.JK,5100.0,5100.0,5000.0,5050.0,4341.05322265625,66737800.0
2024-10-01,ASII.JK,5100.0,5175.0,5075.0,5175.0,4448.5048828125,39024000.0
2024-10-02,ASII.JK,5150.0,5150.0,5050.0,5150.0,4427.0146484375,39888600.0
2024-10-03,ASII.JK,5175.0,5250.0,5100.0,5250.0,4512.97607421875,56763900.0
2024-10-04,ASII.JK,5250.0,5250.0,5100.0,5150.0,4427.0146484375,35939300.0
2024-10-07,ASII.JK,5150.0,5175.0,5075.0,5100.0,4384.0341796875,27889100.0
2024-10-08,ASII.JK,5100.0,5225.0,5075.0,5225.0,4491.48583984375,42347600.0
2024-10-09,ASII.JK,5225.0,5225.0,5075.0,5075.0,4362.54345703125,33544900.0
2024-10-10,ASII.JK,5100.0,5125.0,5075.0,5125.0,4405.5244140625,27734400.0
2024-10-11,ASII.JK,5125.0,5150.0,5075.0,5075.0,4362.54345703125,39320000.0
2024-10-14,ASII.JK,5025.0,5025.0,4920.0,4930.0,4321.3466796875,71369100.0
2024-10-15,ASII.JK,4930.0,4970.0,4900.0,4930.0,4321.3466796875,61263600.0
2024-10-16,ASII.JK,4950.0,4960.0,4900.0,4960.0,4347.64208984375,80530100.0
2024-10-17,ASII.JK,4950.0,4970.0,4930.0,4950.0,4338.876953125,54164800.0
2024-10-18,ASII.JK,4960.0,4960.0,4920.0,4920.0,4312.58056640625,39805400.0
2024-10-21,ASII.JK,4950.0,5100.0,4930.0,5100.0,4470.3583984375,88954300.0
2024-10-22,ASII.JK,5125.0,5275.0,5100.0,5275.0,4623.75244140625,132222000.0
2024-10-23,ASII.JK,5275.0,5300.0,5175.0,5300.0,4645.666015625,64519100.0
2024-10-24,ASII.JK,5300.0,5300.0,5200.0,5275.0,4623.75244140625,50777100.0
2024-10-25,ASII.JK,5275.0,5275.0,5200.0,5225.0,4579.92578125,27247500.0
2024-10-28,ASII.JK,5250.0,5250.0,5125.0,5250.0,4601.83935546875,40165900.0
2024-10-29,ASII.JK,5250.0,5250.0,5125.0,5125.0,4492.271484375,45247600.0
2024-10-30,ASII.JK,5125.0,5200.0,5050.0,5200.0,4558.01220703125,33200300.0
2024-10-31,ASII.JK,5300.0,5300.0,5100.0,5100.0,4470.3583984375,77263000.0
2024-11-01,ASII.JK,5125.0,5175.0,5050.0,5075.0,4448.4443359375,54219100.0
2024-11-04,ASII.JK,5075.0,5125.0,4980.0,5125.0,4492.271484375,52362100.0
2024-11-05,ASII.JK,5125.0,5200.0,5075.0,5175.0,4536.0986328125,31165800.0
2024-11-06,ASII.JK,5175.0,5175.0,5025.0,5050.0,4426.53125,32975900.0
2024-11-07,ASII.JK,5050.0,5075.0,5000.0,5000.0,4382.7041015625,46053500.0
2024-11-08,ASII.JK,5050.0,5075.0,4950.0,4960.0,4347.64208984375,32828900.0
2024-11-11,ASII.JK,4960.0,4990.0,4850.0,4970.0,4356.40771484375,49885000.0
2024-11-12,ASII.JK,5000.0,5000.0,4930.0,4970.0,4356.40771484375,43239600.0
2024-11-13,ASII.JK,5000.0,5025.0,4950.0,5025.0,4404.61767578125,24479600.0
2024-11-14,ASII.JK,5025.0,5025.0,4930.0,4950.0,4338.876953125,38255700.0
2024-11-15,ASII.JK,4940.0,4960.0,4920.0,4940.0,4330.111328125,14867600.0
2024-11-18,ASII.JK,4950.0,4970.0,4910.0,4930.0,4321.3466796875,17408700.0
2024-11-19,ASII.JK,4930.0,4970.0,4900.0,4970.0,4356.40771484375,36816800.0
2024-11-20,ASII.JK,4970.0,5025.0,4950.0,5000.0,4382.7041015625,18634300.0
2024-11-21,ASII.JK,4990.0,4990.0,4890.0,4890.0,4286.2841796875,27662900.0
2024-11-22,ASII.JK,4900.0,4960.0,4860.0,4910.0,4303.81494140625,21241800.0
2024-11-25,ASII.JK,4950.0,5175.0,4940.0,5175.0,4536.0986328125,84518400.0
2024-11-26,ASII.JK,5150.0,5200.0,5100.0,5150.0,4514.18505859375,45059300.0
2024-11-28,ASII.JK,5200.0,5225.0,5125.0,5125.0,4492.271484375,30554200.0
2024-11-29,ASII.JK,5125.0,5125.0,5025.0,5100.0,4470.3583984375,48756800.0
2024-12-02,ASII.JK,5100.0,5150.0,4900.0,4940.0,4330.111328125,47373200.0
2024-12-03,ASII.JK,4980.0,5125.0,4970.0,5125.0,4492.271484375,46752800.0
2024-12-04,ASII.JK,5100.0,5225.0,5075.0,5225.0,4579.92578125,51733400.0
2024-12-05,ASII.JK,5225.0,5225.0,5125.0,5200.0,4558.01220703125,21948400.0
2024-12-06,ASII.JK,5150.0,5175.0,5050.0,5150.0,4514.18505859375,36599600.0
2024-12-09,ASII.JK,5150.0,5225.0,5100.0,5225.0,4579.92578125,37208600.0
2024-12-10,ASII.JK,5200.0,5225.0,5150.0,5225.0,4579.92578125,41536400.0
2024-12-11,ASII.JK,5175.0,5250.0,5175.0,5250.0,4601.83935546875,41090000.0
2024-12-12,ASII.JK,5150.0,5225.0,5050.0,5100.0,4470.3583984375,37254100.0
2024-12-13,ASII.JK,5100.0,5150.0,5050.0,5125.0,4492.271484375,27732300.0
2024-12-16,ASII.JK,5075.0,5150.0,5000.0,5125.0,4492.271484375,35937800.0
2024-12-17,ASII.JK,5100.0,5150.0,4950.0,4980.0,4365.17333984375,48682400.0
2024-12-18,ASII.JK,4980.0,5050.0,4960.0,5000.0,4382.7041015625,27412000.0
2024-12-19,ASII.JK,4950.0,4950.0,4860.0,4880.0,4277.51904296875,39151900.0
2024-12-20,ASII.JK,4880.0,4900.0,4850.0,4870.0,4268.75390625,44851200.0
2024-12-23,ASII.JK,4900.0,4950.0,4870.0,4950.0,4338.876953125,29678900.0
2024-12-24,ASII.JK,4940.0,4980.0,4880.0,4880.0,4277.51904296875,22600500.0
2024-12-27,ASII.JK,4890.0,4940.0,4880.0,4930.0,4321.3466796875,14456700.0
2024-12-30,ASII.JK,4930.0,4940.0,4880.0,4900.0,4295.05029296875,23926400.0
2025-01-02,ASII.JK,4910.0,4970.0,4900.0,4950.0,4338.876953125,17924000.0
2025-01-03,ASII.JK,4950.0,4970.0,4920.0,4950.0,4338.876953125,12711800.0
2025-01-06,ASII.JK,4950.0,5000.0,4860.0,4860.0,4259.98779296875,18412500.0
2025-01-07,ASII.JK,4860.0,4920.0,4850.0,4920.0,4312.58056640625,20452200.0
2025-01-08,ASII.JK,4880.0,4910.0,4810.0,4810.0,4216.1611328125,23739400.0
2025-01-09,ASII.JK,4830.0,4950.0,4830.0,4930.0,4321.3466796875,23802600.0
2025-01-10,ASII.JK,4940.0,4960.0,4860.0,4900.0,4295.05029296875,31951800.0
2025-01-13,ASII.JK,4910.0,4920.0,4720.0,4750.0,4163.568359375,46247300.0
2025-01-14,ASII.JK,4770.0,4850.0,4750.0,4750.0,4163.568359375,28096700.0
2025-01-15,ASII.JK,4790.0,4940.0,4780.0,4940.0,4330.111328125,27497200.0
2025-01-16,ASII.JK,5025.0,5025.0,4880.0,4880.0,4277.51904296875,30520200.0
2025-01-17,ASII.JK,4860.0,4970.0,4840.0,4940.0,4330.111328125,23691900.0
2025-01-20,ASII.JK,4940.0,4960.0,4900.0,4910.0,4303.81494140625,11873200.0
2025-01-21,ASII.JK,4930.0,4970.0,4900.0,4910.0,4303.81494140625,21762200.0
2025-01-22,ASII.JK,4920.0,4980.0,4880.0,4960.0,4347.64208984375,33116700.0
2025-01-23,ASII.JK,4960.0,4980.0,4900.0,4900.0,4295.05029296875,17049700.0
2025-01-24,ASII.JK,4900.0,4960.0,4870.0,4870.0,4268.75390625,19663900.0
2025-01-30,ASII.JK,4870.0,4870.0,4780.0,4780.0,4189.86474609375,28147100.0
2025-01-31,ASII.JK,4790.0,4840.0,4790.0,4800.0,4207.39599609375,27064100.0
2025-02-03,ASII.JK,4800.0,4800.0,4740.0,4760.0,4172.33447265625,33116100.0
2025-02-04,ASII.JK,4770.0,4840.0,4760.0,4800.0,4207.39599609375,20631500.0
2025-02-05,ASII.JK,4850.0,4850.0,4730.0,4740.0,4154.80322265625,20436200.0
2025-02-06,ASII.JK,4740.0,4740.0,4520.0,4550.0,3988.260498046875,61645400.0
2025-02-07,ASII.JK,4610.0,4670.0,4530.0,4650.0,4075.91455078125,33223300.0
2025-02-10,ASII.JK,4610.0,4650.0,4520.0,4570.0,4005.791015625,40230000.0
2025-02-11,ASII.JK,4590.0,4650.0,4570.0,4610.0,4040.853271484375,32956400.0
2025-02-12,ASII.JK,4680.0,4680.0,4620.0,4640.0,4067.149169921875,30762900.0
2025-02-13,ASII.JK,4640.0,4670.0,4580.0,4660.0,4084.68017578125,21320200.0
2025-02-14,ASII.JK,4660.0,4730.0,4640.0,4680.0,4102.2109375,31409000.0
2025-02-17,ASII.JK,4680.0,4780.0,4670.0,4740.0,4154.80322265625,30270200.0
2025-02-18,ASII.JK,4740.0,4840.0,4740.0,4800.0,4207.39599609375,31828200.0
2025-02-19,ASII.JK,4820.0,4840.0,4610.0,4700.0,4119.74169921875,47951400.0
2025-02-20,ASII.JK,4700.0,4740.0,4650.0,4720.0,4137.2724609375,23653800.0
2025-02-21,ASII.JK,4740.0,4800.0,4600.0,4750.0,4163.568359375,31937400.0
2025-02-24,ASII.JK,4750.0,4770.0,4660.0,4700.0,4119.74169921875,22303600.0
2025-02-25,ASII.JK,4710.0,4750.0,4550.0,4560.0,3997.026123046875,42728600.0
2025-02-26,ASII.JK,4560.0,4600.0,4520.0,4580.0,4014.556884765625,19351300.0
2025-02-27,ASII.JK,4550.0,4590.0,4480.0,4590.0,4023.322021484375,37731000.0
2025-02-28,ASII.JK,4650.0,4650.0,4370.0,4530.0,3970.729736328125,70620000.0
2025-03-03,ASII.JK,4530.0,4720.0,4500.0,4680.0,4102.2109375,65345600.0
2025-03-04,ASII.JK,4680.0,4700.0,4590.0,4690.0,4110.97607421875,40873900.0
2025-03-05,ASII.JK,4700.0,4900.0,4690.0,4900.0,4295.05029296875,86703900.0
2025-03-06,ASII.JK,4900.0,4960.0,4860.0,4900.0,4295.05029296875,51276300.0
2025-03-07,ASII.JK,4900.0,4970.0,4790.0,4930.0,4321.3466796875,59830500.0
2025-03-10,ASII.JK,4900.0,4900.0,4750.0,4770.0,4181.099609375,53139600.0
2025-03-11,ASII.JK,4720.0,4800.0,4700.0,4800.0,4207.39599609375,35571600.0
2025-03-12,ASII.JK,4760.0,4830.0,4740.0,4810.0,4216.1611328125,29264500.0
2025-03-13,ASII.JK,4790.0,4810.0,4680.0,4730.0,4146.0380859375,41066600.0
2025-03-14,ASII.JK,4730.0,4730.0,4610.0,4620.0,4049.618408203125,35967600.0
2025-03-17,ASII.JK,4660.0,4670.0,4610.0,4620.0,4049.618408203125,23856300.0
2025-03-18,ASII.JK,4630.0,4650.0,4460.0,4650.0,4075.91455078125,66583100.0
2025-03-19,ASII.JK,4650.0,4700.0,4610.0,4690.0,4110.97607421875,37556400.0
2025-03-20,ASII.JK,4690.0,4750.0,4640.0,4710.0,4128.50732421875,23310500.0
2025-03-21,ASII.JK,4720.0,4840.0,4630.0,4840.0,4242.45703125,57730500.0
2025-03-24,ASII.JK,4780.0,4780.0,4540.0,4690.0,4110.97607421875,29695400.0
2025-03-25,ASII.JK,4700.0,4700.0,4610.0,4650.0,4075.91455078125,26320300.0
2025-03-26,ASII.JK,4660.0,4840.0,4660.0,4800.0,4207.39599609375,30508200.0
2025-03-27,ASII.JK,4800.0,4920.0,4790.0,4920.0,4312.58056640625,44551200.0
2025-04-08,ASII.JK,4800.0,4800.0,4450.0,4480.0,3926.90283203125,94752400.0
2025-04-09,ASII.JK,4480.0,4660.0,4470.0,4620.0,4049.618408203125,46086300.0
2025-04-10,ASII.JK,4750.0,4840.0,4690.0,4710.0,4128.50732421875,43115600.0
2025-04-11,ASII.JK,4660.0,4740.0,4620.0,4710.0,4128.50732421875,31446100.0
2025-04-14,ASII.JK,4740.0,4930.0,4710.0,4930.0,4321.3466796875,39843200.0
2025-04-15,ASII.JK,4930.0,4950.0,4800.0,4870.0,4268.75390625,56488100.0
2025-04-16,ASII.JK,4850.0,4860.0,4690.0,4780.0,4189.86474609375,44479500.0
2025-04-17,ASII.JK,4770.0,4770.0,4710.0,4750.0,4163.568359375,28099700.0
2025-04-21,ASII.JK,4750.0,4810.0,4740.0,4790.0,4198.63037109375,14313200.0
2025-04-22,ASII.JK,4750.0,4780.0,4720.0,4740.0,4154.80322265625,29906300.0
2025-04-23,ASII.JK,4770.0,4840.0,4770.0,4820.0,4224.9267578125,38609800.0
2025-04-24,ASII.JK,4830.0,4840.0,4770.0,4770.0,4181.099609375,42307000.0
2025-04-25,ASII.JK,4790.0,4910.0,4790.0,4860.0,4259.98779296875,45465200.0
2025-04-28,ASII.JK,4880.0,4930.0,4870.0,4890.0,4286.2841796875,22380800.0
2025-04-29,ASII.JK,4910.0,4910.0,4800.0,4800.0,4207.39599609375,46881000.0
2025-04-30,ASII.JK,4800.0,4840.0,4780.0,4800.0,4207.39599609375,46038900.0
2025-05-02,ASII.JK,4810.0,4860.0,4760.0,4790.0,4198.63037109375,61301400.0
2025-05-05,ASII.JK,4800.0,4810.0,4770.0,4780.0,4189.86474609375,30747900.0
2025-05-06,ASII.JK,4780.0,4800.0,4750.0,4750.0,4163.568359375,53222000.0
2025-05-07,ASII.JK,4780.0,4840.0,4770.0,4830.0,4233.69189453125,47790800.0
2025-05-08,ASII.JK,4860.0,4930.0,4780.0,4780.0,4189.86474609375,92459500.0
2025-05-09,ASII.JK,4790.0,4830.0,4780.0,4780.0,4189.86474609375,38964000.0
2025-05-14,ASII.JK,4860.0,4880.0,4800.0,4810.0,4216.1611328125,92389200.0
2025-05-15,ASII.JK,4820.0,4850.0,4810.0,4820.0,4224.9267578125,69701600.0
2025-05-16,ASII.JK,4840.0,4880.0,4810.0,4880.0,4277.51904296875,64271600.0
2025-05-19,ASII.JK,4890.0,4960.0,4880.0,4940.0,4330.111328125,97782400.0
2025-05-20,ASII.JK,4960.0,4960.0,4860.0,4860.0,4259.98779296875,127610600.0
2025-05-21,ASII.JK,4600.0,4690.0,4570.0,4670.0,4370.41845703125,115335300.0
2025-05-22,ASII.JK,4680.0,4710.0,4630.0,4630.0,4332.984375,52032700.0
2025-05-23,ASII.JK,4770.0,4780.0,4730.0,4740.0,4435.927734375,42300400.0
2025-05-26,ASII.JK,4770.0,4780.0,4690.0,4730.0,4426.5693359375,40971400.0
2025-05-27,ASII.JK,4710.0,4730.0,4660.0,4700.0,4398.49365234375,38680100.0
2025-05-28,ASII.JK,4710.0,4850.0,4660.0,4850.0,4538.87158203125,188036300.0
2025-06-02,ASII.JK,4780.0,4800.0,4730.0,4780.0,4473.36181640625,115876200.0
2025-06-03,ASII.JK,4750.0,4760.0,4650.0,4700.0,4398.49365234375,51574100.0
2025-06-04,ASII.JK,4760.0,4760.0,4610.0,4610.0,4314.267578125,55901000.0
2025-06-05,ASII.JK,4640.0,4670.0,4610.0,4610.0,4314.267578125,38381400.0
2025-06-10,ASII.JK,4670.0,4670.0,4600.0,4600.0,4304.90869140625,60469600.0
2025-06-11,ASII.JK,4610.0,4630.0,4580.0,4610.0,4314.267578125,50550100.0
2025-06-12,ASII.JK,4610.0,4620.0,4560.0,4560.0,4267.47509765625,54629900.0
2025-06-13,ASII.JK,4580.0,4600.0,4560.0,4570.0,4276.8330078125,38510500.0
2025-06-16,ASII.JK,4570.0,4630.0,4560.0,4610.0,4314.267578125,29939400.0
2025-06-17,ASII.JK,4640.0,4640.0,4590.0,4600.0,4304.90869140625,29978400.0
2025-06-18,ASII.JK,4610.0,4620.0,4590.0,4590.0,4295.55029296875,19386900.0
2025-06-19,ASII.JK,4590.0,4600.0,4500.0,4530.0,4239.3994140625,30832700.0
2025-06-20,ASII.JK,4530.0,4530.0,4480.0,4490.0,4201.9658203125,50116600.0
2025-06-23,ASII.JK,4470.0,4470.0,4400.0,4430.0,4145.814453125,28820000.0
2025-06-24,ASII.JK,4470.0,4500.0,4430.0,4470.0,4183.248046875,37523200.0
2025-06-25,ASII.JK,4530.0,4530.0,4420.0,4470.0,4183.248046875,33217200.0
2025-06-26,ASII.JK,4440.0,4450.0,4410.0,4450.0,4164.53125,26909800.0
2025-06-30,ASII.JK,4470.0,4520.0,4450.0,4500.0,4211.32373046875,41865200.0
2025-07-01,ASII.JK,4490.0,4510.0,4440.0,4450.0,4164.53125,27410600.0
2025-07-02,ASII.JK,4450.0,4550.0,4440.0,4540.0,4248.75830078125,34231600.0
2025-07-03,ASII.JK,4540.0,4590.0,4530.0,4570.0,4276.8330078125,24120100.0
2025-07-04,ASII.JK,4600.0,4650.0,4570.0,4620.0,4323.6259765625,25298100.0
2025-07-07,ASII.JK,4620.0,4680.0,4590.0,4680.0,4379.77685546875,20181800.0
2025-07-08,ASII.JK,4670.0,4670.0,4620.0,4660.0,4361.06005859375,21173700.0
2025-07-09,ASII.JK,4680.0,4720.0,4670.0,4720.0,4417.2109375,32577400.0
2025-07-10,ASII.JK,4720.0,4730.0,4680.0,4680.0,4379.77685546875,21464100.0
2025-07-11,ASII.JK,4720.0,4720.0,4680.0,4710.0,4407.8525390625,19382400.0
2025-07-14,ASII.JK,4710.0,4750.0,4650.0,4700.0,4398.49365234375,32985800.0
2025-07-15,ASII.JK,4700.0,4700.0,4630.0,4700.0,4398.49365234375,25045900.0
2025-07-16,ASII.JK,4700.0,4810.0,4690.0,4750.0,4445.2861328125,53394000.0
2025-07-17,ASII.JK,4750.0,4820.0,4730.0,4790.0,4482.72021484375,37859000.0
2025-07-18,ASII.JK,4810.0,4840.0,4750.0,4750.0,4445.2861328125,23680400.0
2025-07-21,ASII.JK,4810.0,4810.0,4720.0,4760.0,4454.64501953125,17018900.0
2025-07-22,ASII.JK,4760.0,4760.0,4680.0,4690.0,4389.13525390625,47232600.0
2025-07-23,ASII.JK,4740.0,4950.0,4720.0,4950.0,4632.45654296875,94669900.0
2025-07-24,ASII.JK,4990.0,5075.0,4980.0,5050.0,4726.04150390625,72459700.0
2025-07-25,ASII.JK,5000.0,5050.0,4950.0,5000.0,4679.2490234375,28079000.0
2025-07-28,ASII.JK,5025.0,5100.0,4990.0,5100.0,4772.833984375,59414600.0
2025-07-29,ASII.JK,5100.0,5125.0,5025.0,5100.0,4772.833984375,36861000.0
2025-07-30,ASII.JK,5100.0,5150.0,5075.0,5150.0,4819.62646484375,53075600.0
2025-07-31,ASII.JK,5150.0,5175.0,5100.0,5100.0,4772.833984375,44048400.0
2025-08-01,ASII.JK,5125.0,5150.0,4960.0,5000.0,4679.2490234375,33392000.0
2025-08-04,ASII.JK,5000.0,5050.0,4940.0,5025.0,4702.64501953125,21561700.0
2025-08-05,ASII.JK,5050.0,5050.0,4990.0,5025.0,4702.64501953125,20210600.0
2025-08-06,ASII.JK,5025.0,5025.0,4900.0,4900.0,4585.6640625,24786300.0
2025-08-07,ASII.JK,4920.0,5025.0,4920.0,4960.0,4641.814453125,25930000.0
2025-08-08,ASII.JK,4950.0,4990.0,4920.0,4920.0,4604.380859375,20639400.0
2025-08-11,ASII.JK,4920.0,4930.0,4870.0,4900.0,4585.6640625,21955000.0
2025-08-12,ASII.JK,4900.0,5025.0,4890.0,4990.0,4669.89013671875,22725500.0
2025-08-13,ASII.JK,5100.0,5250.0,5025.0,5175.0,4843.0224609375,103458500.0
2025-08-14,ASII.JK,5125.0,5150.0,5075.0,5100.0,4772.833984375,31796500.0
2025-08-15,ASII.JK,5100.0,5125.0,5025.0,5025.0,4702.64501953125,16434700.0
2025-08-19,ASII.JK,5275.0,5575.0,5200.0,5525.0,5170.56982421875,260942000.0
2025-08-20,ASII.JK,5525.0,5550.0,5450.0,5525.0,5170.56982421875,74517000.0
2025-08-21,ASII.JK,5525.0,5650.0,5500.0,5625.0,5264.1552734375,76746200.0
2025-08-22,ASII.JK,5650.0,5775.0,5600.0,5700.0,5334.34375,73126900.0
2025-08-25,ASII.JK,5750.0,5775.0,5675.0,5750.0,5381.13623046875,60737900.0
2025-08-26,ASII.JK,5725.0,5725.0,5475.0,5625.0,5264.1552734375,79136200.0
2025-08-27,ASII.JK,5650.0,5725.0,5500.0,5500.0,5147.17333984375,33172600.0
2025-08-28,ASII.JK,5525.0,5650.0,5525.0,5575.0,5217.3623046875,18032900.0
2025-08-29,ASII.JK,5450.0,5625.0,5425.0,5500.0,5147.17333984375,62869000.0
2025-09-01,ASII.JK,5200.0,5500.0,5200.0,5450.0,5100.380859375,67904000.0
2025-09-02,ASII.JK,5500.0,5550.0,5400.0,5475.0,5123.77734375,21623300.0
2025-09-03,ASII.JK,5525.0,5650.0,5450.0,5500.0,5147.17333984375,45471600.0
2025-09-04,ASII.JK,5500.0,5500.0,5400.0,5500.0,5147.17333984375,26987400.0
2025-09-08,ASII.JK,5600.0,5600.0,5350.0,5425.0,5076.98486328125,57081800.0
2025-09-09,ASII.JK,5400.0,5600.0,5350.0,5525.0,5170.56982421875,49240100.0
2025-09-10,ASII.JK,5525.0,5525.0,5400.0,5475.0,5123.77734375,22964700.0
2025-09-11,ASII.JK,5475.0,5600.0,5450.0,5550.0,5193.9658203125,28151500.0
2025-09-12,ASII.JK,5625.0,5700.0,5600.0,5675.0,5310.94775390625,30653500.0
2025-09-15,ASII.JK,5675.0,5700.0,5600.0,5625.0,5264.1552734375,26368000.0
2025-09-16,ASII.JK,5650.0,5675.0,5600.0,5650.0,5287.55126953125,15987900.0
2025-09-17,ASII.JK,5650.0,5700.0,5600.0,5700.0,5334.34375,23879700.0
2025-09-18,ASII.JK,5700.0,5725.0,5550.0,5575.0,5217.3623046875,27261300.0
2025-09-19,ASII.JK,5575.0,5750.0,5575.0,5725.0,5357.740234375,52162200.0
2025-09-22,ASII.JK,5725.0,5725.0,5625.0,5700.0,5334.34375,35106300.0
2025-09-23,ASII.JK,5675.0,5950.0,5650.0,5900.0,5521.513671875,41044200.0
2025-09-24,ASII.JK,5950.0,5950.0,5850.0,5900.0,5521.513671875,61167600.0
2025-09-25,ASII.JK,5900.0,5900.0,5750.0,5775.0,5404.53271484375,35805100.0
2025-09-26,ASII.JK,5875.0,6000.0,5775.0,5875.0,5498.11767578125,42677800.0
2025-09-29,ASII.JK,5875.0,5900.0,5750.0,5775.0,5404.53271484375,20892700.0
2025-09-30,ASII.JK,5750.0,5825.0,5700.0,5775.0,5404.53271484375,41266900.0
2025-10-01,ASII.JK,5825.0,5850.0,5650.0,5675.0,5310.94775390625,26508200.0
2025-10-02,ASII.JK,5750.0,5750.0,5625.0,5700.0,5334.34375,29346300.0
2025-10-03,ASII.JK,5750.0,5850.0,5750.0,5825.0,5451.3251953125,27951100.0
2025-10-06,ASII.JK,5900.0,5925.0,5800.0,5825.0,5451.3251953125,21809400.0
2025-10-07,ASII.JK,5925.0,6050.0,5725.0,5750.0,5381.13623046875,43328700.0
2025-10-08,ASII.JK,5825.0,5875.0,5650.0,5725.0,5357.740234375,30080700.0
2025-10-09,ASII.JK,5775.0,5925.0,5750.0,5925.0,5544.90966796875,27699300.0
2025-10-10,ASII.JK,5925.0,5950.0,5850.0,5900.0,5521.513671875,27133800.0
2025-10-13,ASII.JK,5850.0,5925.0,5775.0,5800.0,5427.9287109375,29034500.0
2025-10-14,ASII.JK,5800.0,6025.0,5800.0,5825.0,5545.0166015625,53096200.0
2025-10-15,ASII.JK,5950.0,5950.0,5750.0,5775.0,5497.419921875,96604500.0
2025-10-16,ASII.JK,5850.0,5850.0,5750.0,5750.0,5473.62158203125,15044500.0
2025-10-17,ASII.JK,5725.0,5800.0,5575.0,5625.0,5354.6298828125,31793700.0
2025-10-20,ASII.JK,5625.0,5925.0,5625.0,5925.0,5640.2099609375,29959700.0
2025-10-21,ASII.JK,6000.0,6050.0,5900.0,6000.0,5711.60498046875,46181700.0
2025-10-22,ASII.JK,6050.0,6300.0,6000.0,6175.0,5878.193359375,98615300.0
2025-10-23,ASII.JK,6075.0,6400.0,6075.0,6325.0,6020.9833984375,60009000.0
2025-10-24,ASII.JK,6375.0,6675.0,6350.0,6575.0,6258.96728515625,93344500.0
2025-10-27,ASII.JK,6600.0,6725.0,6375.0,6600.0,6282.765625,64262300.0
2025-10-28,ASII.JK,6600.0,6600.0,6275.0,6325.0,6020.9833984375,37953500.0
2025-10-29,ASII.JK,6250.0,6500.0,6225.0,6475.0,6163.7734375,39818900.0
2025-10-30,ASII.JK,6425.0,6450.0,6250.0,6275.0,5973.38671875,28976800.0
2025-10-31,ASII.JK,6250.0,6300.0,6125.0,6150.0,5854.39501953125,64790000.0
2025-11-03,ASII.JK,6150.0,6450.0,6150.0,6350.0,6044.78173828125,59085000.0
2025-11-04,ASII.JK,6300.0,6375.0,6250.0,6300.0,5997.18505859375,62249200.0
2025-11-05,ASII.JK,6250.0,6325.0,6175.0,6250.0,5949.58837890625,43439100.0
2025-11-06,ASII.JK,6300.0,6350.0,6200.0,6325.0,6020.9833984375,48979900.0
2025-11-07,ASII.JK,6325.0,6450.0,6300.0,6425.0,6116.1767578125,42960800.0
2025-11-10,ASII.JK,6500.0,6500.0,6400.0,6425.0,6116.1767578125,45533400.0
2025-11-11,ASII.JK,6550.0,6600.0,6450.0,6525.0,6211.37060546875,43529600.0
2025-11-12,ASII.JK,6550.0,6575.0,6400.0,6450.0,6139.97509765625,37083400.0
2025-11-13,ASII.JK,6425.0,6425.0,6350.0,6375.0,6068.580078125,21200000.0
2025-11-14,ASII.JK,6375.0,6450.0,6325.0,6400.0,6092.37841796875,23431700.0
2025-11-17,ASII.JK,6400.0,6500.0,6375.0,6450.0,6139.97509765625,40681500.0
2025-11-18,ASII.JK,6475.0,6550.0,6400.0,6425.0,6116.1767578125,27510900.0
2025-11-19,ASII.JK,6425.0,6475.0,6275.0,6400.0,6092.37841796875,45476700.0
2025-11-20,ASII.JK,6450.0,6500.0,6375.0,6425.0,6116.1767578125,30547700.0
2025-11-21,ASII.JK,6400.0,6425.0,6325.0,6425.0,6116.1767578125,43653200.0
2025-11-24,ASII.JK,6500.0,6525.0,6425.0,6475.0,6163.7734375,71721700.0
2025-11-25,ASII.JK,6425.0,6475.0,6375.0,6450.0,6139.97509765625,20954400.0
2025-11-26,ASII.JK,6500.0,6600.0,6425.0,6600.0,6282.765625,29331000.0
2025-11-27,ASII.JK,6600.0,6600.0,6450.0,6575.0,6258.96728515625,23737100.0
2025-11-28,ASII.JK,6600.0,6600.0,6500.0,6550.0,6235.1689453125,38378700.0
2025-12-01,ASII.JK,6375.0,6500.0,6325.0,6375.0,6068.580078125,38669000.0
2025-12-02,ASII.JK,6575.0,6625.0,6500.0,6625.0,6306.56396484375,53567600.0
2025-12-03,ASII.JK,6600.0,6650.0,6550.0,6600.0,6282.765625,24386200.0
2025-12-04,ASII.JK,6575.0,6725.0,6550.0,6725.0,6401.75732421875,38510600.0
2025-12-05,ASII.JK,6725.0,6900.0,6700.0,6700.0,6377.958984375,67707300.0
2025-12-08,ASII.JK,6825.0,6825.0,6625.0,6725.0,6401.75732421875,38776000.0
2025-12-09,ASII.JK,6775.0,6775.0,6450.0,6600.0,6282.765625,38482800.0
2025-12-10,ASII.JK,6700.0,6725.0,6550.0,6625.0,6306.56396484375,34524000.0
2025-12-11,ASII.JK,6650.0,6675.0,6350.0,6450.0,6139.97509765625,42116700.0
2025-12-12,ASII.JK,6550.0,6600.0,6425.0,6600.0,6282.765625,28841900.0
2025-12-15,ASII.JK,6725.0,6725.0,6525.0,6600.0,6282.765625,38096700.0
2025-12-16,ASII.JK,6575.0,6600.0,6500.0,6600.0,6282.765625,34723600.0
2025-12-17,ASII.JK,6550.0,6600.0,6500.0,6600.0,6282.765625,32681400.0
2025-12-18,ASII.JK,6600.0,6600.0,6475.0,6500.0,6187.572265625,20454400.0
2025-12-19,ASII.JK,6575.0,6575.0,6425.0,6525.0,6211.37060546875,61201100.0
2025-12-22,ASII.JK,6450.0,6600.0,6450.0,6575.0,6258.96728515625,30755900.0
2025-12-23,ASII.JK,6500.0,6575.0,6450.0,6500.0,6187.572265625,13756700.0
2025-12-24,ASII.JK,6450.0,6675.0,6450.0,6625.0,6306.56396484375,20273000.0
2025-12-29,ASII.JK,6625.0,6725.0,6600.0,6675.0,6354.16064453125,20982300.0
2025-12-30,ASII.JK,6675.0,6725.0,6600.0,6700.0,6377.958984375,23486000.0
2026-01-02,ASII.JK,6600.0,6800.0,6600.0,6800.0,6473.15234375,19569100.0
2026-01-05,ASII.JK,6775.0,6875.0,6675.0,6875.0,6544.54736328125,30633400.0
2026-01-06,ASII.JK,6875.0,6900.0,6700.0,6900.0,6568.345703125,33964700.0
2026-01-07,ASII.JK,6800.0,7075.0,6800.0,7025.0,6687.33740234375,55249800.0
2026-01-08,ASII.JK,7025.0,7100.0,6975.0,7000.0,6663.5390625,30845500.0
2026-01-09,ASII.JK,7000.0,7100.0,6825.0,6875.0,6544.54736328125,29171000.0
2026-01-12,ASII.JK,6925.0,7000.0,6900.0,7000.0,6663.5390625,24915100.0
2026-01-13,ASII.JK,7075.0,7300.0,7025.0,7300.0,6949.119140625,65659900.0
2026-01-14,ASII.JK,7200.0,7225.0,7025.0,7125.0,6782.53076171875,40658400.0
2017-01-02,BBRI.JK,2122.690673828125,2122.690673828125,2122.690673828125,2122.690673828125,1286.5595703125,0.0
2017-01-03,BBRI.JK,2136.32666015625,2163.598876953125,2104.509033203125,2163.598876953125,1311.35400390625,74339834.0
2017-01-04,BBRI.JK,2163.598876953125,2218.1435546875,2136.32666015625,2218.1435546875,1344.4134521484375,87881617.0
2017-01-05,BBRI.JK,2236.324951171875,2240.870361328125,2186.325927734375,2199.9619140625,1333.3934326171875,159895461.0
2017-01-06,BBRI.JK,2199.9619140625,2209.052734375,2177.235107421875,2199.9619140625,1333.3934326171875,80566491.0
2017-01-09,BBRI.JK,2181.780517578125,2209.052734375,2136.32666015625,2136.32666015625,1294.82421875,79011614.0
2017-01-10,BBRI.JK,2154.50830078125,2172.689697265625,2140.8720703125,2145.41748046875,1300.334228515625,69075143.0
2017-01-11,BBRI.JK,2136.32666015625,2168.144287109375,2136.32666015625,2145.41748046875,1300.334228515625,75141197.0
2017-01-12,BBRI.JK,2163.598876953125,2168.144287109375,2159.0537109375,2159.0537109375,1308.5989990234375,72817407.0
2017-01-13,BBRI.JK,2172.689697265625,2181.780517578125,2159.0537109375,2172.689697265625,1316.8638916015625,110485908.0
2017-01-16,BBRI.JK,2181.780517578125,2181.780517578125,2163.598876953125,2163.598876953125,1311.35400390625,101515803.0
2017-01-17,BBRI.JK,2159.0537109375,2177.235107421875,2159.0537109375,2168.144287109375,1314.109130859375,43271447.0
2017-01-18,BBRI.JK,2163.598876953125,2177.235107421875,2154.50830078125,2172.689697265625,1316.8638916015625,70248313.0
2017-01-19,BBRI.JK,2172.689697265625,2181.780517578125,2168.144287109375,2181.780517578125,1322.373779296875,92075440.0
2017-01-20,BBRI.JK,2177.235107421875,2177.235107421875,2145.41748046875,2145.41748046875,1300.334228515625,40153443.0
2017-01-23,BBRI.JK,2136.32666015625,2163.598876953125,2136.32666015625,2145.41748046875,1300.334228515625,51390687.0
2017-01-24,BBRI.JK,2149.962890625,2163.598876953125,2145.41748046875,2149.962890625,1303.089111328125,66106191.0
2017-01-25,BBRI.JK,2159.0537109375,2159.0537109375,2127.236083984375,2127.236083984375,1289.3145751953125,125776722.0
2017-01-26,BBRI.JK,2140.8720703125,2149.962890625,2131.78125,2136.32666015625,1294.82421875,94049974.0
2017-01-27,BBRI.JK,2127.236083984375,2136.32666015625,2122.690673828125,2131.78125,1292.0692138671875,54107184.0
2017-01-30,BBRI.JK,2149.962890625,2154.50830078125,2136.32666015625,2136.32666015625,1294.82421875,65218476.0
2017-01-31,BBRI.JK,2131.78125,2149.962890625,2127.236083984375,2131.78125,1292.0692138671875,75222599.0
2017-02-01,BBRI.JK,2145.41748046875,2177.235107421875,2140.8720703125,2172.689697265625,1316.8638916015625,178441232.0
2017-02-02,BBRI.JK,2181.780517578125,2186.325927734375,2168.144287109375,2177.235107421875,1319.6187744140625,129157080.0
2017-02-03,BBRI.JK,2181.780517578125,2190.871337890625,2177.235107421875,2181.780517578125,1322.373779296875,135167034.0
2017-02-06,BBRI.JK,2195.41650390625,2204.50732421875,2181.780517578125,2190.871337890625,1327.8837890625,250986935.0
2017-02-07,BBRI.JK,2190.871337890625,2195.41650390625,2181.780517578125,2186.325927734375,1325.1285400390625,85484676.0
2017-02-08,BBRI.JK,2177.235107421875,2181.780517578125,2149.962890625,2172.689697265625,1316.8638916015625,147025239.0
2017-02-09,BBRI.JK,2177.235107421875,2186.325927734375,2168.144287109375,2177.235107421875,1319.6187744140625,127802407.0
2017-02-10,BBRI.JK,2177.235107421875,2190.871337890625,2177.235107421875,2186.325927734375,1325.1285400390625,95515199.0
2017-02-13,BBRI.JK,2195.41650390625,2204.50732421875,2181.780517578125,2195.41650390625,1330.6385498046875,96346814.0
2017-02-14,BBRI.JK,2181.780517578125,2195.41650390625,2163.598876953125,2181.780517578125,1322.373779296875,69135094.0
2017-02-15,BBRI.JK,2181.780517578125,2181.780517578125,2181.780517578125,2181.780517578125,1322.373779296875,0.0
2017-02-16,BBRI.JK,2181.780517578125,2181.780517578125,2140.8720703125,2181.780517578125,1322.373779296875,128769324.0
2017-02-17,BBRI.JK,2154.50830078125,2168.144287109375,2127.236083984375,2127.236083984375,1289.3145751953125,98121144.0
2017-02-20,BBRI.JK,2145.41748046875,2154.50830078125,2118.145263671875,2136.32666015625,1294.82421875,83084435.0
2017-02-21,BBRI.JK,2154.50830078125,2181.780517578125,2149.962890625,2163.598876953125,1311.35400390625,86270090.0
2017-02-22,BBRI.JK,2181.780517578125,2181.780517578125,2163.598876953125,2181.780517578125,1322.373779296875,103578889.0
2017-02-23,BBRI.JK,2168.144287109375,2181.780517578125,2168.144287109375,2168.144287109375,1314.109130859375,65381829.0
2017-02-24,BBRI.JK,2159.0537109375,2181.780517578125,2154.50830078125,2172.689697265625,1316.8638916015625,83788997.0
2017-02-27,BBRI.JK,2181.780517578125,2181.780517578125,2159.0537109375,2159.0537109375,1308.5989990234375,58183854.0
2017-02-28,BBRI.JK,2168.144287109375,2186.325927734375,2163.598876953125,2172.689697265625,1316.8638916015625,149039374.0
2017-03-01,BBRI.JK,2154.50830078125,2172.689697265625,2154.50830078125,2172.689697265625,1316.8638916015625,58873566.0
2017-03-02,BBRI.JK,2177.235107421875,2181.780517578125,2154.50830078125,2154.50830078125,1305.8441162109375,87007102.0
2017-03-03,BBRI.JK,2163.598876953125,2177.235107421875,2154.50830078125,2154.50830078125,1305.8441162109375,47146264.0
2017-03-06,BBRI.JK,2163.598876953125,2172.689697265625,2159.0537109375,2172.689697265625,1316.8638916015625,54321138.0
2017-03-07,BBRI.JK,2181.780517578125,2181.780517578125,2168.144287109375,2181.780517578125,1322.373779296875,103532138.0
2017-03-08,BBRI.JK,2190.871337890625,2204.50732421875,2181.780517578125,2181.780517578125,1322.373779296875,89386993.0
2017-03-09,BBRI.JK,2195.41650390625,2209.052734375,2186.325927734375,2195.41650390625,1330.6385498046875,80096233.0
2017-03-10,BBRI.JK,2209.052734375,2209.052734375,2186.325927734375,2195.41650390625,1330.6385498046875,83685045.0
2017-03-13,BBRI.JK,2209.052734375,2209.052734375,2186.325927734375,2195.41650390625,1330.6385498046875,107761711.0
2017-03-14,BBRI.JK,2181.780517578125,2204.50732421875,2181.780517578125,2190.871337890625,1327.8837890625,59510477.0
2017-03-15,BBRI.JK,2190.871337890625,2222.68896484375,2190.871337890625,2209.052734375,1338.9034423828125,133583557.0
2017-03-16,BBRI.JK,2236.324951171875,2281.77880859375,2236.324951171875,2277.2333984375,1380.2276611328125,297074431.0
2017-03-17,BBRI.JK,2309.051025390625,2363.595458984375,2309.051025390625,2363.595458984375,1432.571533203125,408559706.0
2017-03-20,BBRI.JK,2381.777099609375,2409.04931640625,2345.4140625,2363.595458984375,1432.571533203125,119646316.0
2017-03-21,BBRI.JK,2363.595458984375,2381.777099609375,2354.5048828125,2363.595458984375,1432.571533203125,117868135.0
2017-03-22,BBRI.JK,2354.5048828125,2399.95849609375,2327.232421875,2399.95849609375,1454.6112060546875,261472316.0
2017-03-23,BBRI.JK,2363.595458984375,2395.4130859375,2345.4140625,2390.86767578125,1497.73291015625,127782607.0
2017-03-24,BBRI.JK,2386.322509765625,2395.4130859375,2377.231689453125,2390.86767578125,1497.73291015625,54328838.0
2017-03-27,BBRI.JK,2322.687255859375,2390.86767578125,2309.051025390625,2322.687255859375,1455.0218505859375,79188167.0
2017-03-29,BBRI.JK,2345.4140625,2359.050048828125,2327.232421875,2331.77783203125,1460.716796875,152638636.0
2017-03-30,BBRI.JK,2354.5048828125,2354.5048828125,2286.32421875,2354.5048828125,1474.95361328125,97370381.0
2017-03-31,BBRI.JK,2336.3232421875,2372.686279296875,2336.3232421875,2359.050048828125,1477.801025390625,81472907.0
2017-04-03,BBRI.JK,2359.050048828125,2390.86767578125,2354.5048828125,2368.140869140625,1483.4957275390625,132470888.0
2017-04-04,BBRI.JK,2327.232421875,2386.322509765625,2327.232421875,2368.140869140625,1483.4957275390625,64004605.0
2017-04-05,BBRI.JK,2368.140869140625,2368.140869140625,2368.140869140625,2368.140869140625,1483.4957275390625,0.0
2017-04-06,BBRI.JK,2363.595458984375,2399.95849609375,2349.95947265625,2395.4130859375,1500.5799560546875,69225295.0
2017-04-07,BBRI.JK,2395.4130859375,2404.50390625,2368.140869140625,2372.686279296875,1486.34326171875,155016877.0
2017-04-10,BBRI.JK,2381.777099609375,2409.04931640625,2349.95947265625,2381.777099609375,1492.0382080078125,112550094.0
2017-04-11,BBRI.JK,2381.777099609375,2381.777099609375,2331.77783203125,2345.4140625,1469.2587890625,43567352.0
2017-04-12,BBRI.JK,2345.4140625,2354.5048828125,2322.687255859375,2322.687255859375,1455.0218505859375,41581818.0
2017-04-13,BBRI.JK,2368.140869140625,2377.231689453125,2309.051025390625,2309.051025390625,1446.4794921875,62858935.0
2017-04-17,BBRI.JK,2318.141845703125,2318.141845703125,2259.052001953125,2259.052001953125,1415.1585693359375,49219250.0
2017-04-18,BBRI.JK,2295.414794921875,2354.5048828125,2290.86962890625,2340.86865234375,1466.4114990234375,69504150.0
2017-04-19,BBRI.JK,2340.86865234375,2340.86865234375,2340.86865234375,2340.86865234375,1466.4114990234375,0.0
2017-04-20,BBRI.JK,2363.595458984375,2363.595458984375,2313.596435546875,2318.141845703125,1452.174560546875,125882874.0
2017-04-21,BBRI.JK,2318.141845703125,2359.050048828125,2318.141845703125,2349.95947265625,1472.1060791015625,93732618.0
2017-04-25,BBRI.JK,2363.595458984375,2390.86767578125,2363.595458984375,2386.322509765625,1494.885498046875,209825324.0
2017-04-26,BBRI.JK,2390.86767578125,2404.50390625,2377.231689453125,2404.50390625,1506.2750244140625,174112107.0
2017-04-27,BBRI.JK,2390.86767578125,2399.95849609375,2349.95947265625,2363.595458984375,1480.6483154296875,74987745.0
2017-04-28,BBRI.JK,2390.86767578125,2390.86767578125,2345.4140625,2345.4140625,1469.2587890625,55645011.0
2017-05-02,BBRI.JK,2386.322509765625,2386.322509765625,2363.595458984375,2372.686279296875,1486.34326171875,146474679.0
2017-05-03,BBRI.JK,2386.322509765625,2413.5947265625,2377.231689453125,2399.95849609375,1503.427490234375,168168154.0
2017-05-04,BBRI.JK,2413.5947265625,2531.7744140625,2413.5947265625,2531.7744140625,1586.002197265625,221305122.0
2017-05-05,BBRI.JK,2545.41064453125,2545.41064453125,2495.411376953125,2531.7744140625,1586.002197265625,90490862.0
2017-05-08,BBRI.JK,2518.138427734375,2581.773681640625,2518.138427734375,2563.592041015625,1605.93408203125,200488362.0
2017-05-09,BBRI.JK,2563.592041015625,2609.0458984375,2545.41064453125,2545.41064453125,1594.5445556640625,153557152.0
2017-05-10,BBRI.JK,2581.773681640625,2590.8642578125,2536.31982421875,2540.865234375,1591.6971435546875,113189205.0
2017-05-12,BBRI.JK,2549.9560546875,2572.682861328125,2495.411376953125,2549.9560546875,1597.3917236328125,132790993.0
2017-05-15,BBRI.JK,2590.8642578125,2599.955078125,2572.682861328125,2599.955078125,1628.7135009765625,134878279.0
2017-05-16,BBRI.JK,2609.0458984375,2645.408935546875,2549.9560546875,2549.9560546875,1597.3917236328125,125902674.0
2017-05-17,BBRI.JK,2572.682861328125,2599.955078125,2527.22900390625,2563.592041015625,1605.93408203125,139094102.0
2017-05-18,BBRI.JK,2499.956787109375,2568.137451171875,2486.32080078125,2563.592041015625,1605.93408203125,158054579.0
2017-05-19,BBRI.JK,2518.138427734375,2781.77001953125,2509.047607421875,2636.318115234375,1651.492431640625,199162840.0
2017-05-22,BBRI.JK,2690.862548828125,2772.679443359375,2654.49951171875,2659.044921875,1665.729736328125,178052925.0
2017-05-23,BBRI.JK,2763.588623046875,2763.588623046875,2613.59130859375,2631.772705078125,1648.64501953125,110151502.0
2017-05-24,BBRI.JK,2613.59130859375,2613.59130859375,2563.592041015625,2572.682861328125,1611.6290283203125,124781205.0
2017-05-26,BBRI.JK,2572.682861328125,2599.955078125,2568.137451171875,2586.31884765625,1620.1710205078125,151350514.0
2017-05-29,BBRI.JK,2599.955078125,2599.955078125,2563.592041015625,2581.773681640625,1617.3236083984375,48242983.0
2017-05-30,BBRI.JK,2549.9560546875,2599.955078125,2549.9560546875,2581.773681640625,1617.3236083984375,46155147.0
2017-05-31,BBRI.JK,2590.8642578125,2645.408935546875,2586.31884765625,2631.772705078125,1648.64501953125,182778607.0
2017-06-01,BBRI.JK,2631.772705078125,2631.772705078125,2631.772705078125,2631.772705078125,1648.64501953125,0.0
2017-06-02,BBRI.JK,2645.408935546875,2681.77197265625,2645.408935546875,2681.77197265625,1679.966552734375,97643186.0
2017-06-05,BBRI.JK,2686.317138671875,2731.77099609375,2659.044921875,2731.77099609375,1711.287841796875,98219596.0
2017-06-06,BBRI.JK,2699.953369140625,2727.2255859375,2654.49951171875,2668.1357421875,1671.42431640625,90498013.0
2017-06-07,BBRI.JK,2699.953369140625,2713.589599609375,2681.77197265625,2713.589599609375,1699.8980712890625,95703303.0
2017-06-08,BBRI.JK,2727.2255859375,2727.2255859375,2663.59033203125,2663.59033203125,1668.576904296875,73026411.0
2017-06-09,BBRI.JK,2636.318115234375,2645.408935546875,2599.955078125,2613.59130859375,1637.2554931640625,159540705.0
2017-06-12,BBRI.JK,2581.773681640625,2699.953369140625,2581.773681640625,2659.044921875,1665.729736328125,50916029.0
2017-06-13,BBRI.JK,2636.318115234375,2649.954345703125,2627.227294921875,2631.772705078125,1648.64501953125,64995172.0
2017-06-14,BBRI.JK,2636.318115234375,2699.953369140625,2636.318115234375,2699.953369140625,1691.3560791015625,88024620.0
2017-06-15,BBRI.JK,2654.49951171875,2681.77197265625,2654.49951171875,2668.1357421875,1671.42431640625,60059387.0
2017-06-16,BBRI.JK,2672.68115234375,2681.77197265625,2645.408935546875,2668.1357421875,1671.42431640625,182217047.0
2017-06-19,BBRI.JK,2654.49951171875,2690.862548828125,2654.49951171875,2690.862548828125,1685.6611328125,49042147.0
2017-06-20,BBRI.JK,2690.862548828125,2722.68017578125,2672.68115234375,2722.68017578125,1705.5928955078125,65427480.0
2017-06-21,BBRI.JK,2713.589599609375,2781.77001953125,2690.862548828125,2781.77001953125,1742.6092529296875,125778922.0
2017-06-22,BBRI.JK,2754.497802734375,2772.679443359375,2736.31640625,2772.679443359375,1736.9144287109375,142911718.0
2017-06-23,BBRI.JK,2772.679443359375,2772.679443359375,2772.679443359375,2772.679443359375,1736.9144287109375,0.0
2017-06-26,BBRI.JK,2772.679443359375,2772.679443359375,2772.679443359375,2772.679443359375,1736.9144287109375,0.0
2017-06-27,BBRI.JK,2772.679443359375,2772.679443359375,2772.679443359375,2772.679443359375,1736.9144287109375,0.0
2017-06-28,BBRI.JK,2772.679443359375,2772.679443359375,2772.679443359375,2772.679443359375,1736.9144287109375,0.0
2017-06-29,BBRI.JK,2772.679443359375,2772.679443359375,2772.679443359375,2772.679443359375,1736.9144287109375,0.0
2017-06-30,BBRI.JK,2772.679443359375,2772.679443359375,2772.679443359375,2772.679443359375,1736.9144287109375,0.0
2017-07-03,BBRI.JK,2727.2255859375,2818.133056640625,2722.68017578125,2818.133056640625,1765.3885498046875,244610675.0
2017-07-04,BBRI.JK,2772.679443359375,2804.4970703125,2772.679443359375,2781.77001953125,1742.6092529296875,160913529.0
2017-07-05,BBRI.JK,2772.679443359375,2781.77001953125,2749.952392578125,2763.588623046875,1731.2198486328125,130771358.0
2017-07-06,BBRI.JK,2745.4072265625,2763.588623046875,2736.31640625,2736.31640625,1714.13525390625,129686189.0
2017-07-07,BBRI.JK,2727.2255859375,2772.679443359375,2727.2255859375,2736.31640625,1714.13525390625,112193137.0
2017-07-10,BBRI.JK,2740.86181640625,2745.4072265625,2677.2265625,2677.2265625,1677.119140625,107130300.0
2017-07-11,BBRI.JK,2659.044921875,2704.498779296875,2659.044921875,2659.044921875,1665.729736328125,125045759.0
2017-07-12,BBRI.JK,2659.044921875,2709.044189453125,2654.49951171875,2695.407958984375,1688.5087890625,81526258.0
2017-07-13,BBRI.JK,2709.044189453125,2709.044189453125,2686.317138671875,2709.044189453125,1697.0506591796875,91359878.0
2017-07-14,BBRI.JK,2690.862548828125,2704.498779296875,2659.044921875,2690.862548828125,1685.6611328125,172757433.0
2017-07-17,BBRI.JK,2690.862548828125,2727.2255859375,2686.317138671875,2727.2255859375,1708.4400634765625,74671489.0
2017-07-18,BBRI.JK,2681.77197265625,2709.044189453125,2663.59033203125,2709.044189453125,1697.0506591796875,112101286.0
2017-07-19,BBRI.JK,2709.044189453125,2709.044189453125,2672.68115234375,2677.2265625,1677.119140625,76411169.0
2017-07-20,BBRI.JK,2677.2265625,2686.317138671875,2668.1357421875,2677.2265625,1677.119140625,102125213.0
2017-07-21,BBRI.JK,2699.953369140625,2699.953369140625,2668.1357421875,2668.1357421875,1671.42431640625,43555802.0
2017-07-24,BBRI.JK,2636.318115234375,2690.862548828125,2636.318115234375,2668.1357421875,1671.42431640625,106487889.0
2017-07-25,BBRI.JK,2681.77197265625,2699.953369140625,2672.68115234375,2690.862548828125,1685.6611328125,95088392.0
2017-07-26,BBRI.JK,2695.407958984375,2709.044189453125,2672.68115234375,2686.317138671875,1682.8135986328125,134958581.0
2017-07-27,BBRI.JK,2686.317138671875,2686.317138671875,2672.68115234375,2672.68115234375,1674.271728515625,84358807.0
2017-07-28,BBRI.JK,2663.59033203125,2677.2265625,2599.955078125,2636.318115234375,1651.492431640625,250806532.0
2017-07-31,BBRI.JK,2622.681884765625,2727.2255859375,2622.681884765625,2686.317138671875,1682.8135986328125,246660010.0
2017-08-01,BBRI.JK,2709.044189453125,2709.044189453125,2686.317138671875,2690.862548828125,1685.6611328125,95166493.0
2017-08-02,BBRI.JK,2718.134765625,2718.134765625,2686.317138671875,2718.134765625,1702.7454833984375,58345007.0
2017-08-03,BBRI.JK,2722.68017578125,2722.68017578125,2690.862548828125,2699.953369140625,1691.3560791015625,111998984.0
2017-08-04,BBRI.JK,2699.953369140625,2718.134765625,2699.953369140625,2713.589599609375,1699.8980712890625,63645449.0
2017-08-07,BBRI.JK,2713.589599609375,2722.68017578125,2699.953369140625,2709.044189453125,1697.0506591796875,77243334.0
2017-08-08,BBRI.JK,2718.134765625,2727.2255859375,2713.589599609375,2718.134765625,1702.7454833984375,83898999.0
2017-08-09,BBRI.JK,2727.2255859375,2745.4072265625,2718.134765625,2731.77099609375,1711.287841796875,109413939.0
2017-08-10,BBRI.JK,2727.2255859375,2736.31640625,2718.134765625,2727.2255859375,1708.4400634765625,92427996.0
2017-08-11,BBRI.JK,2722.68017578125,2745.4072265625,2709.044189453125,2727.2255859375,1708.4400634765625,165214053.0
2017-08-14,BBRI.JK,2727.2255859375,2745.4072265625,2722.68017578125,2740.86181640625,1716.9825439453125,89218141.0
2017-08-15,BBRI.JK,2731.77099609375,2745.4072265625,2727.2255859375,2736.31640625,1714.13525390625,94434981.0
2017-08-16,BBRI.JK,2727.2255859375,2772.679443359375,2727.2255859375,2772.679443359375,1736.9144287109375,78198700.0
2017-08-17,BBRI.JK,2772.679443359375,2772.679443359375,2772.679443359375,2772.679443359375,1736.9144287109375,0.0
2017-08-18,BBRI.JK,2745.4072265625,2772.679443359375,2718.134765625,2754.497802734375,1725.5247802734375,87112154.0
2017-08-21,BBRI.JK,2727.2255859375,2777.224853515625,2727.2255859375,2777.224853515625,1739.7623291015625,105929629.0
2017-08-22,BBRI.JK,2754.497802734375,2790.86083984375,2754.497802734375,2781.77001953125,1742.6092529296875,126503835.0
2017-08-23,BBRI.JK,2790.86083984375,2790.86083984375,2768.134033203125,2781.77001953125,1742.6092529296875,64812019.0
2017-08-24,BBRI.JK,2777.224853515625,2790.86083984375,2754.497802734375,2768.134033203125,1734.0667724609375,55936516.0
2017-08-25,BBRI.JK,2790.86083984375,2790.86083984375,2768.134033203125,2781.77001953125,1742.6092529296875,69625152.0
2017-08-28,BBRI.JK,2781.77001953125,2781.77001953125,2754.497802734375,2768.134033203125,1734.0667724609375,37006289.0
2017-08-29,BBRI.JK,2754.497802734375,2759.043212890625,2709.044189453125,2722.68017578125,1705.5928955078125,87108854.0
2017-08-30,BBRI.JK,2722.68017578125,2749.952392578125,2713.589599609375,2740.86181640625,1716.9825439453125,59839933.0
2017-08-31,BBRI.JK,2749.952392578125,2759.043212890625,2736.31640625,2749.952392578125,1722.6773681640625,63930904.0
2017-09-01,BBRI.JK,2749.952392578125,2749.952392578125,2749.952392578125,2749.952392578125,1722.6773681640625,0.0
2017-09-04,BBRI.JK,2722.68017578125,2745.4072265625,2704.498779296875,2704.498779296875,1694.2037353515625,71365932.0
2017-09-05,BBRI.JK,2749.952392578125,2749.952392578125,2690.862548828125,2727.2255859375,1708.4400634765625,34966853.0
2017-09-06,BBRI.JK,2686.317138671875,2713.589599609375,2677.2265625,2699.953369140625,1691.3560791015625,100974044.0
2017-09-07,BBRI.JK,2695.407958984375,2727.2255859375,2695.407958984375,2727.2255859375,1708.4400634765625,64340661.0
2017-09-08,BBRI.JK,2699.953369140625,2727.2255859375,2699.953369140625,2727.2255859375,1708.4400634765625,57494143.0
2017-09-11,BBRI.JK,2731.77099609375,2736.31640625,2713.589599609375,2718.134765625,1702.7454833984375,91614532.0
2017-09-12,BBRI.JK,2690.862548828125,2727.2255859375,2690.862548828125,2713.589599609375,1699.8980712890625,108926631.0
2017-09-13,BBRI.JK,2690.862548828125,2722.68017578125,2690.862548828125,2709.044189453125,1697.0506591796875,47172664.0
2017-09-14,BBRI.JK,2690.862548828125,2709.044189453125,2690.862548828125,2695.407958984375,1688.5087890625,53380622.0
2017-09-15,BBRI.JK,2709.044189453125,2727.2255859375,2690.862548828125,2699.953369140625,1691.3560791015625,168131304.0
2017-09-18,BBRI.JK,2709.044189453125,2727.2255859375,2704.498779296875,2727.2255859375,1708.4400634765625,93380612.0
2017-09-19,BBRI.JK,2727.2255859375,2736.31640625,2718.134765625,2731.77099609375,1711.287841796875,90070105.0
2017-09-20,BBRI.JK,2727.2255859375,2731.77099609375,2718.134765625,2731.77099609375,1711.287841796875,64475413.0
2017-09-21,BBRI.JK,2731.77099609375,2731.77099609375,2731.77099609375,2731.77099609375,1711.287841796875,0.0
2017-09-22,BBRI.JK,2745.4072265625,2854.49609375,2740.86181640625,2849.95068359375,1785.3201904296875,200934970.0
2017-09-25,BBRI.JK,2849.95068359375,2863.5869140625,2845.405517578125,2849.95068359375,1785.3201904296875,90188907.0
2017-09-26,BBRI.JK,2849.95068359375,2859.04150390625,2822.678466796875,2827.223876953125,1771.0831298828125,135448639.0
2017-09-27,BBRI.JK,2827.223876953125,2827.223876953125,2754.497802734375,2772.679443359375,1736.9144287109375,110312105.0
2017-09-28,BBRI.JK,2731.77099609375,2763.588623046875,2668.1357421875,2672.68115234375,1674.271728515625,143143272.0
2017-09-29,BBRI.JK,2718.134765625,2786.3154296875,2704.498779296875,2777.224853515625,1739.7623291015625,181632387.0
2017-10-02,BBRI.JK,2777.224853515625,2818.133056640625,2772.679443359375,2772.679443359375,1736.9144287109375,76614673.0
2017-10-03,BBRI.JK,2790.86083984375,2804.4970703125,2772.679443359375,2786.3154296875,1745.4569091796875,55486608.0
2017-10-04,BBRI.JK,2799.95166015625,2809.04248046875,2777.224853515625,2777.224853515625,1739.7623291015625,54583492.0
2017-10-05,BBRI.JK,2799.95166015625,2799.95166015625,2749.952392578125,2786.3154296875,1745.4569091796875,75609255.0
2017-10-06,BBRI.JK,2818.133056640625,2818.133056640625,2754.497802734375,2795.40625,1751.151611328125,100901442.0
2017-10-09,BBRI.JK,2818.133056640625,2818.133056640625,2781.77001953125,2795.40625,1751.151611328125,110383056.0
2017-10-10,BBRI.JK,2772.679443359375,2795.40625,2772.679443359375,2777.224853515625,1739.7623291015625,75044946.0
2017-10-11,BBRI.JK,2772.679443359375,2799.95166015625,2759.043212890625,2777.224853515625,1739.7623291015625,69635052.0
2017-10-12,BBRI.JK,2781.77001953125,2813.587646484375,2772.679443359375,2795.40625,1751.151611328125,179268446.0
2017-10-13,BBRI.JK,2781.77001953125,2813.587646484375,2781.77001953125,2790.86083984375,1748.3045654296875,136602009.0
2017-10-16,BBRI.JK,2781.77001953125,2818.133056640625,2781.77001953125,2790.86083984375,1748.3045654296875,63029988.0
2017-10-17,BBRI.JK,2786.3154296875,2809.04248046875,2772.679443359375,2799.95166015625,1753.9990234375,79215118.0
2017-10-18,BBRI.JK,2799.95166015625,2813.587646484375,2781.77001953125,2799.95166015625,1753.9990234375,134680276.0
2017-10-19,BBRI.JK,2818.133056640625,2818.133056640625,2786.3154296875,2818.133056640625,1765.3885498046875,150718553.0
2017-10-20,BBRI.JK,2818.133056640625,2849.95068359375,2813.587646484375,2840.860107421875,1779.6256103515625,118719550.0
2017-10-23,BBRI.JK,2854.49609375,2859.04150390625,2827.223876953125,2840.860107421875,1779.6256103515625,90630565.0
2017-10-24,BBRI.JK,2854.49609375,2854.49609375,2809.04248046875,2813.587646484375,1762.5411376953125,63772501.0
2017-10-25,BBRI.JK,2813.587646484375,2854.49609375,2809.04248046875,2836.314697265625,1776.7781982421875,87973469.0
2017-10-26,BBRI.JK,2854.49609375,2863.5869140625,2836.314697265625,2840.860107421875,1779.6256103515625,124320297.0
2017-10-27,BBRI.JK,2840.860107421875,2854.49609375,2831.769287109375,2836.314697265625,1776.7781982421875,148027906.0
2017-10-30,BBRI.JK,2845.405517578125,2854.49609375,2822.678466796875,2827.223876953125,1771.0831298828125,127284848.0
2017-10-31,BBRI.JK,2854.49609375,2854.49609375,2827.223876953125,2836.314697265625,1776.7781982421875,136784612.0
2017-11-01,BBRI.JK,2831.769287109375,2854.49609375,2831.769287109375,2854.49609375,1788.1676025390625,53466423.0
2017-11-02,BBRI.JK,2854.49609375,2899.949951171875,2849.95068359375,2899.949951171875,1816.6419677734375,133842061.0
2017-11-03,BBRI.JK,2899.949951171875,2918.13134765625,2890.859130859375,2909.040771484375,1822.336669921875,81419556.0
2017-11-06,BBRI.JK,2922.6767578125,2986.31201171875,2913.5859375,2954.494384765625,1850.8106689453125,174081306.0
2017-11-07,BBRI.JK,2954.494384765625,2977.22119140625,2936.31298828125,2945.403564453125,1845.115478515625,87061553.0
2017-11-08,BBRI.JK,2963.585205078125,3059.0380859375,2954.494384765625,2990.857421875,1873.58984375,218007815.0
2017-11-09,BBRI.JK,2990.857421875,3013.584228515625,2986.31201171875,2990.857421875,1873.58984375,205777254.0
2017-11-10,BBRI.JK,3018.129638671875,3063.58349609375,2972.676025390625,2981.7666015625,1867.8948974609375,110164042.0
2017-11-13,BBRI.JK,2981.7666015625,3027.220458984375,2963.585205078125,2963.585205078125,1856.50537109375,61585773.0
2017-11-14,BBRI.JK,2954.494384765625,2999.9482421875,2881.768310546875,2881.768310546875,1805.251953125,115708028.0
2017-11-15,BBRI.JK,2890.859130859375,2918.13134765625,2836.314697265625,2854.49609375,1788.1676025390625,86956171.0
2017-11-16,BBRI.JK,2863.5869140625,2945.403564453125,2863.5869140625,2918.13134765625,1828.0313720703125,85818202.0
2017-11-17,BBRI.JK,2954.494384765625,3009.038818359375,2918.13134765625,2990.857421875,1873.58984375,125462337.0
2017-11-20,BBRI.JK,2999.9482421875,3072.67431640625,2990.857421875,3036.311279296875,1902.063720703125,101541653.0
2017-11-21,BBRI.JK,3009.038818359375,3027.220458984375,2972.676025390625,2981.7666015625,1867.8948974609375,120809256.0
2017-11-22,BBRI.JK,2990.857421875,3099.946533203125,2981.7666015625,3090.855712890625,1936.232666015625,162404055.0
2017-11-23,BBRI.JK,3045.40185546875,3090.855712890625,3045.40185546875,3054.49267578125,1913.4530029296875,54675014.0
2017-11-24,BBRI.JK,3054.49267578125,3054.49267578125,3036.311279296875,3045.40185546875,1907.7584228515625,90988291.0
2017-11-27,BBRI.JK,3009.038818359375,3045.40185546875,2981.7666015625,2999.9482421875,1879.2845458984375,117102632.0
2017-11-28,BBRI.JK,3018.129638671875,3072.67431640625,2981.7666015625,3072.67431640625,1924.84326171875,151327083.0
2017-11-29,BBRI.JK,3081.764892578125,3090.855712890625,2999.9482421875,2999.9482421875,1879.2845458984375,114279873.0
2017-11-30,BBRI.JK,2999.9482421875,3045.40185546875,2918.13134765625,2918.13134765625,1828.0313720703125,221839511.0
2017-12-01,BBRI.JK,2918.13134765625,2918.13134765625,2918.13134765625,2918.13134765625,1828.0313720703125,0.0
2017-12-04,BBRI.JK,3027.220458984375,3045.40185546875,2963.585205078125,2999.9482421875,1879.2845458984375,146562241.0
2017-12-05,BBRI.JK,3036.311279296875,3054.49267578125,3009.038818359375,3045.40185546875,1907.7584228515625,71912862.0
2017-12-06,BBRI.JK,3045.40185546875,3154.490966796875,3036.311279296875,3145.400146484375,1970.4013671875,183323556.0
2017-12-07,BBRI.JK,3145.400146484375,3154.490966796875,3072.67431640625,3072.67431640625,1924.84326171875,62940997.0
2017-12-08,BBRI.JK,3090.855712890625,3118.1279296875,3063.58349609375,3063.58349609375,1919.1485595703125,72219767.0
2017-12-11,BBRI.JK,3118.1279296875,3127.21875,3099.946533203125,3127.21875,1959.0118408203125,73592811.0
2017-12-12,BBRI.JK,3136.3095703125,3145.400146484375,3099.946533203125,3136.3095703125,1964.7064208984375,67555576.0
2017-12-13,BBRI.JK,3136.3095703125,3136.3095703125,3109.037109375,3136.3095703125,1964.7064208984375,47317867.0
2017-12-14,BBRI.JK,3118.1279296875,3145.400146484375,3081.764892578125,3145.400146484375,1970.4013671875,105853068.0
2017-12-15,BBRI.JK,3145.400146484375,3145.400146484375,3072.67431640625,3081.764892578125,1930.537841796875,125414486.0
2017-12-18,BBRI.JK,3081.764892578125,3090.855712890625,3045.40185546875,3081.764892578125,1930.537841796875,76208216.0
2017-12-19,BBRI.JK,3118.1279296875,3127.21875,3081.764892578125,3127.21875,1959.0118408203125,99956306.0
2017-12-20,BBRI.JK,3145.400146484375,3145.400146484375,3081.764892578125,3090.855712890625,1936.232666015625,82864651.0
2017-12-21,BBRI.JK,3127.21875,3145.400146484375,3099.946533203125,3109.037109375,1947.6224365234375,75601775.0
2017-12-22,BBRI.JK,3118.1279296875,3154.490966796875,3099.946533203125,3145.400146484375,1970.4013671875,72740626.0
2017-12-25,BBRI.JK,3145.400146484375,3145.400146484375,3145.400146484375,3145.400146484375,1970.4013671875,0.0
2017-12-26,BBRI.JK,3145.400146484375,3145.400146484375,3145.400146484375,3145.400146484375,1970.4013671875,0.0
2017-12-27,BBRI.JK,3154.490966796875,3227.217041015625,3145.400146484375,3227.217041015625,2021.6549072265625,92024509.0
2017-12-28,BBRI.JK,3254.4892578125,3318.12451171875,3236.3076171875,3299.943115234375,2067.212646484375,102250066.0
2017-12-29,BBRI.JK,3318.12451171875,3381.759765625,3254.4892578125,3309.03369140625,2072.907958984375,118481396.0
2018-01-01,BBRI.JK,3309.03369140625,3309.03369140625,3309.03369140625,3309.03369140625,2072.907958984375,0.0
2018-01-02,BBRI.JK,3354.487548828125,3381.759765625,3281.761474609375,3299.943115234375,2067.212646484375,100241541.0
2018-01-03,BBRI.JK,3299.943115234375,3299.943115234375,3236.3076171875,3281.761474609375,2055.823486328125,77164902.0
2018-01-04,BBRI.JK,3281.761474609375,3281.761474609375,3145.400146484375,3227.217041015625,2021.6549072265625,172049901.0
2018-01-05,BBRI.JK,3227.217041015625,3263.580078125,3199.94482421875,3263.580078125,2044.4334716796875,95806814.0
2018-01-08,BBRI.JK,3263.580078125,3263.580078125,3236.3076171875,3263.580078125,2044.4334716796875,60016046.0
2018-01-09,BBRI.JK,3272.670654296875,3272.670654296875,3209.035400390625,3245.3984375,2033.044189453125,99669091.0
2018-01-10,BBRI.JK,3254.4892578125,3263.580078125,3181.76318359375,3209.035400390625,2010.2645263671875,128052221.0
2018-01-11,BBRI.JK,3218.126220703125,3218.126220703125,3163.581787109375,3218.126220703125,2015.9598388671875,125818963.0
2018-01-12,BBRI.JK,3227.217041015625,3254.4892578125,3181.76318359375,3218.126220703125,2015.9598388671875,146792365.0
2018-01-15,BBRI.JK,3218.126220703125,3245.3984375,3218.126220703125,3227.217041015625,2021.6549072265625,95279025.0
2018-01-16,BBRI.JK,3209.035400390625,3281.761474609375,3209.035400390625,3281.761474609375,2055.823486328125,101318790.0
2018-01-17,BBRI.JK,3290.852294921875,3299.943115234375,3254.4892578125,3299.943115234375,2067.212646484375,89613597.0
2018-01-18,BBRI.JK,3299.943115234375,3318.12451171875,3263.580078125,3290.852294921875,2061.517822265625,87056383.0
2018-01-19,BBRI.JK,3290.852294921875,3299.943115234375,3254.4892578125,3290.852294921875,2061.517822265625,87535331.0
2018-01-22,BBRI.JK,3290.852294921875,3336.305908203125,3281.761474609375,3318.12451171875,2078.602783203125,128524019.0
2018-01-23,BBRI.JK,3345.396728515625,3563.57470703125,3336.305908203125,3563.57470703125,2232.3623046875,186238386.0
2018-01-24,BBRI.JK,3545.393310546875,3545.393310546875,3472.667236328125,3481.758056640625,2181.109130859375,165077211.0
2018-01-25,BBRI.JK,3509.0302734375,3509.0302734375,3381.759765625,3427.213623046875,2146.940185546875,155403974.0
2018-01-26,BBRI.JK,3445.39501953125,3509.0302734375,3436.30419921875,3499.939453125,2192.49853515625,149193706.0
2018-01-29,BBRI.JK,3499.939453125,3499.939453125,3418.122802734375,3454.48583984375,2164.0244140625,134887519.0
2018-01-30,BBRI.JK,3454.48583984375,3454.48583984375,3372.6689453125,3381.759765625,2118.466064453125,197268607.0
2018-01-31,BBRI.JK,3363.578369140625,3381.759765625,3299.943115234375,3363.578369140625,2107.0771484375,289533250.0
2018-02-01,BBRI.JK,3390.8505859375,3418.122802734375,3363.578369140625,3363.578369140625,2107.0771484375,160147366.0
2018-02-02,BBRI.JK,3399.941162109375,3409.031982421875,3372.6689453125,3399.941162109375,2129.85595703125,125526688.0
2018-02-05,BBRI.JK,3318.12451171875,3445.39501953125,3318.12451171875,3436.30419921875,2152.635009765625,123946840.0
2018-02-06,BBRI.JK,3354.487548828125,3381.759765625,3327.21533203125,3345.396728515625,2095.686767578125,286316245.0
2018-02-07,BBRI.JK,3372.6689453125,3409.031982421875,3363.578369140625,3363.578369140625,2107.0771484375,151721770.0
2018-02-08,BBRI.JK,3345.396728515625,3390.8505859375,3345.396728515625,3381.759765625,2118.466064453125,122222231.0
2018-02-09,BBRI.JK,3354.487548828125,3390.8505859375,3345.396728515625,3372.6689453125,2112.771484375,102455989.0
2018-02-12,BBRI.JK,3363.578369140625,3454.48583984375,3363.578369140625,3454.48583984375,2164.0244140625,89670248.0
2018-02-13,BBRI.JK,3463.576416015625,3536.302490234375,3463.576416015625,3527.2119140625,2209.583251953125,119062096.0
2018-02-14,BBRI.JK,3545.393310546875,3554.484130859375,3481.758056640625,3509.0302734375,2198.193603515625,74433005.0
2018-02-15,BBRI.JK,3509.0302734375,3518.12109375,3472.667236328125,3490.848876953125,2186.803955078125,58183854.0
2018-02-16,BBRI.JK,3490.848876953125,3490.848876953125,3490.848876953125,3490.848876953125,2186.803955078125,0.0
2018-02-19,BBRI.JK,3499.939453125,3509.0302734375,3472.667236328125,3509.0302734375,2198.193603515625,69751104.0
2018-02-20,BBRI.JK,3490.848876953125,3509.0302734375,3436.30419921875,3454.48583984375,2164.0244140625,100658888.0
2018-02-21,BBRI.JK,3454.48583984375,3454.48583984375,3409.031982421875,3454.48583984375,2164.0244140625,120299507.0
2018-02-22,BBRI.JK,3436.30419921875,3445.39501953125,3418.122802734375,3427.213623046875,2146.940185546875,114220142.0
2018-02-23,BBRI.JK,3418.122802734375,3463.576416015625,3418.122802734375,3445.39501953125,2158.330078125,118526277.0
2018-02-26,BBRI.JK,3409.031982421875,3445.39501953125,3390.8505859375,3399.941162109375,2129.85595703125,107300693.0
2018-02-27,BBRI.JK,3399.941162109375,3445.39501953125,3390.8505859375,3427.213623046875,2146.940185546875,84161903.0
2018-02-28,BBRI.JK,3436.30419921875,3445.39501953125,3399.941162109375,3436.30419921875,2152.635009765625,138929979.0
2018-03-01,BBRI.JK,3454.48583984375,3472.667236328125,3436.30419921875,3445.39501953125,2158.330078125,118792591.0
2018-03-02,BBRI.JK,3445.39501953125,3445.39501953125,3399.941162109375,3445.39501953125,2158.330078125,68018134.0
2018-03-05,BBRI.JK,3454.48583984375,3454.48583984375,3427.213623046875,3427.213623046875,2146.940185546875,60785289.0
2018-03-06,BBRI.JK,3436.30419921875,3463.576416015625,3363.578369140625,3390.8505859375,2124.160888671875,100183130.0
2018-03-07,BBRI.JK,3381.759765625,3390.8505859375,3318.12451171875,3327.21533203125,2084.297607421875,155776220.0
2018-03-08,BBRI.JK,3390.8505859375,3427.213623046875,3354.487548828125,3427.213623046875,2146.940185546875,143707692.0
2018-03-09,BBRI.JK,3381.759765625,3409.031982421875,3345.396728515625,3354.487548828125,2101.3818359375,109099004.0
2018-03-12,BBRI.JK,3363.578369140625,3418.122802734375,3363.578369140625,3418.122802734375,2141.24560546875,158650900.0
2018-03-13,BBRI.JK,3418.122802734375,3427.213623046875,3381.759765625,3418.122802734375,2141.24560546875,140515107.0
2018-03-14,BBRI.JK,3409.031982421875,3409.031982421875,3363.578369140625,3409.031982421875,2135.55078125,64433502.0
2018-03-15,BBRI.JK,3363.578369140625,3381.759765625,3309.03369140625,3309.03369140625,2072.907958984375,165019570.0
2018-03-16,BBRI.JK,3309.03369140625,3345.396728515625,3227.217041015625,3345.396728515625,2095.686767578125,249097762.0
2018-03-19,BBRI.JK,3354.487548828125,3381.759765625,3336.305908203125,3354.487548828125,2101.3818359375,99120072.0
2018-03-20,BBRI.JK,3381.759765625,3399.941162109375,3327.21533203125,3399.941162109375,2129.85595703125,115814840.0
2018-03-21,BBRI.JK,3409.031982421875,3472.667236328125,3399.941162109375,3463.576416015625,2169.718994140625,147523988.0
2018-03-22,BBRI.JK,3454.48583984375,3454.48583984375,3327.21533203125,3336.305908203125,2089.991943359375,159015446.0
2018-03-23,BBRI.JK,3236.3076171875,3272.670654296875,3136.3095703125,3272.670654296875,2050.128662109375,216369227.0
2018-03-26,BBRI.JK,3254.4892578125,3281.761474609375,3218.126220703125,3272.670654296875,2050.128662109375,98906118.0
2018-03-27,BBRI.JK,3327.21533203125,3336.305908203125,3245.3984375,3272.670654296875,2050.128662109375,112691006.0
2018-03-28,BBRI.JK,3309.03369140625,3318.12451171875,3181.76318359375,3227.217041015625,2021.6549072265625,108206998.0
2018-03-29,BBRI.JK,3263.580078125,3272.670654296875,3199.94482421875,3272.670654296875,2050.128662109375,143949036.0
2018-03-30,BBRI.JK,3272.670654296875,3272.670654296875,3272.670654296875,3272.670654296875,2050.128662109375,0.0
2018-04-02,BBRI.JK,3181.76318359375,3272.670654296875,3172.67236328125,3272.670654296875,2112.7763671875,76216686.0
2018-04-03,BBRI.JK,3209.035400390625,3272.670654296875,3209.035400390625,3272.670654296875,2112.7763671875,50078034.0
2018-04-04,BBRI.JK,3272.670654296875,3272.670654296875,3145.400146484375,3172.67236328125,2048.219482421875,97768588.0
2018-04-05,BBRI.JK,3190.85400390625,3218.126220703125,3154.490966796875,3154.490966796875,2036.48193359375,88018240.0
2018-04-06,BBRI.JK,3154.490966796875,3172.67236328125,3136.3095703125,3163.581787109375,2042.350830078125,74313983.0
2018-04-09,BBRI.JK,3209.035400390625,3209.035400390625,3163.581787109375,3209.035400390625,2071.694091796875,53455753.0
2018-04-10,BBRI.JK,3218.126220703125,3299.943115234375,3209.035400390625,3254.4892578125,2101.038818359375,94237087.0
2018-04-11,BBRI.JK,3318.12451171875,3336.305908203125,3299.943115234375,3318.12451171875,2142.12060546875,96474306.0
2018-04-12,BBRI.JK,3336.305908203125,3336.305908203125,3245.3984375,3263.580078125,2106.9072265625,68189737.0
2018-04-13,BBRI.JK,3309.03369140625,3318.12451171875,3227.217041015625,3227.217041015625,2083.4326171875,64579915.0
2018-04-16,BBRI.JK,3227.217041015625,3227.217041015625,3227.217041015625,3227.217041015625,2083.4326171875,0.0
2018-04-17,BBRI.JK,3227.217041015625,3227.217041015625,3227.217041015625,3227.217041015625,2083.4326171875,0.0
2018-04-18,BBRI.JK,3309.03369140625,3327.21533203125,3290.852294921875,3327.21533203125,2147.989501953125,74694590.0
2018-04-19,BBRI.JK,3327.21533203125,3327.21533203125,3327.21533203125,3327.21533203125,2147.989501953125,0.0
2018-04-20,BBRI.JK,3327.21533203125,3327.21533203125,3327.21533203125,3327.21533203125,2147.989501953125,0.0
2018-04-23,BBRI.JK,3299.943115234375,3309.03369140625,3254.4892578125,3254.4892578125,2101.038818359375,96494986.0
2018-04-24,BBRI.JK,3245.3984375,3254.4892578125,3163.581787109375,3172.67236328125,2048.219482421875,111607927.0
2018-04-25,BBRI.JK,3172.67236328125,3172.67236328125,3172.67236328125,3172.67236328125,2048.219482421875,0.0
2018-04-26,BBRI.JK,3172.67236328125,3172.67236328125,3172.67236328125,3172.67236328125,2048.219482421875,0.0
2018-04-27,BBRI.JK,3172.67236328125,3172.67236328125,3172.67236328125,3172.67236328125,2048.219482421875,0.0
2018-04-30,BBRI.JK,2899.949951171875,2981.7666015625,2872.677734375,2927.22216796875,1889.760986328125,143226213.0
2018-05-01,BBRI.JK,2927.22216796875,2927.22216796875,2927.22216796875,2927.22216796875,1889.760986328125,0.0
2018-05-02,BBRI.JK,2936.31298828125,2945.403564453125,2899.949951171875,2936.31298828125,1895.629638671875,130874320.0
2018-05-03,BBRI.JK,2909.040771484375,2909.040771484375,2854.49609375,2863.5869140625,1848.679443359375,159331482.0
2018-05-04,BBRI.JK,2863.5869140625,2881.768310546875,2736.31640625,2754.497802734375,1778.2532958984375,200761167.0
2018-05-07,BBRI.JK,2799.95166015625,2818.133056640625,2718.134765625,2772.679443359375,1789.990966796875,202507337.0
2018-05-08,BBRI.JK,2809.04248046875,2809.04248046875,2745.4072265625,2790.86083984375,1801.729248046875,121509198.0
2018-05-09,BBRI.JK,2836.314697265625,2936.31298828125,2790.86083984375,2918.13134765625,1883.892333984375,203973553.0
2018-05-10,BBRI.JK,2918.13134765625,2918.13134765625,2918.13134765625,2918.13134765625,1883.892333984375,0.0
2018-05-11,BBRI.JK,2963.585205078125,2999.9482421875,2872.677734375,2872.677734375,1854.5484619140625,177597297.0
2018-05-14,BBRI.JK,2863.5869140625,2899.949951171875,2818.133056640625,2899.949951171875,1872.1549072265625,105848998.0
2018-05-15,BBRI.JK,2927.22216796875,2927.22216796875,2781.77001953125,2790.86083984375,1801.729248046875,118834392.0
2018-05-16,BBRI.JK,2736.31640625,2790.86083984375,2681.77197265625,2790.86083984375,1801.729248046875,328823179.0
2018-05-17,BBRI.JK,2790.86083984375,2818.133056640625,2718.134765625,2718.134765625,1754.7779541015625,190119473.0
2018-05-18,BBRI.JK,2727.2255859375,2763.588623046875,2654.49951171875,2672.68115234375,1725.43408203125,236572616.0
2018-05-21,BBRI.JK,2636.318115234375,2654.49951171875,2499.956787109375,2509.047607421875,1619.7952880859375,569723380.0
2018-05-22,BBRI.JK,2518.138427734375,2581.773681640625,2472.6845703125,2472.6845703125,1596.320068359375,365772377.0
2018-05-23,BBRI.JK,2527.22900390625,2654.49951171875,2518.138427734375,2618.136474609375,1690.22119140625,450918248.0
2018-05-24,BBRI.JK,2663.59033203125,2790.86083984375,2654.49951171875,2781.77001953125,1795.85986328125,277046605.0
2018-05-25,BBRI.JK,2809.04248046875,2845.405517578125,2745.4072265625,2836.314697265625,1831.072998046875,211478322.0
2018-05-28,BBRI.JK,2845.405517578125,2990.857421875,2836.314697265625,2954.494384765625,1907.36767578125,204653144.0
2018-05-29,BBRI.JK,2954.494384765625,2954.494384765625,2954.494384765625,2954.494384765625,1907.36767578125,0.0
2018-05-30,BBRI.JK,2954.494384765625,2981.7666015625,2854.49609375,2854.49609375,1842.8104248046875,336856508.0
2018-05-31,BBRI.JK,2881.768310546875,2899.949951171875,2790.86083984375,2799.95166015625,1807.59765625,343554524.0
2018-06-01,BBRI.JK,2799.95166015625,2799.95166015625,2799.95166015625,2799.95166015625,1807.59765625,0.0
2018-06-04,BBRI.JK,2863.5869140625,2881.768310546875,2818.133056640625,2845.405517578125,1836.94189453125,233134066.0
2018-06-05,BBRI.JK,2863.5869140625,2872.677734375,2809.04248046875,2827.223876953125,1825.203857421875,149580143.0
2018-06-06,BBRI.JK,2836.314697265625,2872.677734375,2809.04248046875,2863.5869140625,1848.679443359375,109462340.0
2018-06-07,BBRI.JK,2890.859130859375,2972.676025390625,2872.677734375,2972.676025390625,1919.1053466796875,202124311.0
2018-06-08,BBRI.JK,2918.13134765625,2954.494384765625,2827.223876953125,2854.49609375,1842.8104248046875,289274526.0
2018-06-11,BBRI.JK,2854.49609375,2854.49609375,2854.49609375,2854.49609375,1842.8104248046875,0.0
2018-06-12,BBRI.JK,2854.49609375,2854.49609375,2854.49609375,2854.49609375,1842.8104248046875,0.0
2018-06-13,BBRI.JK,2854.49609375,2854.49609375,2854.49609375,2854.49609375,1842.8104248046875,0.0
2018-06-14,BBRI.JK,2854.49609375,2854.49609375,2854.49609375,2854.49609375,1842.8104248046875,0.0
2018-06-15,BBRI.JK,2854.49609375,2854.49609375,2854.49609375,2854.49609375,1842.8104248046875,0.0
2018-06-18,BBRI.JK,2854.49609375,2854.49609375,2854.49609375,2854.49609375,1842.8104248046875,0.0
2018-06-19,BBRI.JK,2854.49609375,2854.49609375,2854.49609375,2854.49609375,1842.8104248046875,0.0
2018-06-20,BBRI.JK,2745.4072265625,2754.497802734375,2681.77197265625,2690.862548828125,1737.1715087890625,391042344.0
2018-06-21,BBRI.JK,2681.77197265625,2718.134765625,2645.408935546875,2645.408935546875,1707.8277587890625,149165766.0
2018-06-22,BBRI.JK,2636.318115234375,2709.044189453125,2609.0458984375,2709.044189453125,1748.9090576171875,232759070.0
2018-06-25,BBRI.JK,2709.044189453125,2727.2255859375,2609.0458984375,2627.227294921875,1696.0899658203125,157345947.0
2018-06-26,BBRI.JK,2554.501220703125,2645.408935546875,2554.501220703125,2563.592041015625,1655.0081787109375,204397610.0
2018-06-27,BBRI.JK,2618.136474609375,2618.136474609375,2572.682861328125,2581.773681640625,1666.7457275390625,146981678.0
2018-06-28,BBRI.JK,2563.592041015625,2590.8642578125,2490.865966796875,2499.956787109375,1613.9261474609375,217214701.0
2018-06-29,BBRI.JK,2545.41064453125,2636.318115234375,2527.22900390625,2581.773681640625,1666.7457275390625,238570030.0
2018-07-02,BBRI.JK,2627.227294921875,2645.408935546875,2563.592041015625,2590.8642578125,1672.6148681640625,166470935.0
2018-07-03,BBRI.JK,2590.8642578125,2599.955078125,2518.138427734375,2572.682861328125,1660.877197265625,97720407.0
2018-07-04,BBRI.JK,2572.682861328125,2681.77197265625,2536.31982421875,2663.59033203125,1719.565185546875,141800039.0
2018-07-05,BBRI.JK,2627.227294921875,2654.49951171875,2599.955078125,2645.408935546875,1707.8277587890625,69844936.0
2018-07-06,BBRI.JK,2645.408935546875,2645.408935546875,2581.773681640625,2581.773681640625,1666.7457275390625,84006801.0
2018-07-09,BBRI.JK,2599.955078125,2754.497802734375,2599.955078125,2736.31640625,1766.5157470703125,140680769.0
2018-07-10,BBRI.JK,2763.588623046875,2799.95166015625,2709.044189453125,2772.679443359375,1789.990966796875,144808151.0
2018-07-11,BBRI.JK,2727.2255859375,2727.2255859375,2681.77197265625,2718.134765625,1754.7779541015625,146347957.0
2018-07-12,BBRI.JK,2690.862548828125,2727.2255859375,2681.77197265625,2699.953369140625,1743.04052734375,100852711.0
2018-07-13,BBRI.JK,2690.862548828125,2754.497802734375,2690.862548828125,2699.953369140625,1743.04052734375,112109646.0
2018-07-16,BBRI.JK,2727.2255859375,2736.31640625,2627.227294921875,2699.953369140625,1743.04052734375,95277155.0
2018-07-17,BBRI.JK,2663.59033203125,2672.68115234375,2599.955078125,2609.0458984375,1684.3521728515625,150798524.0
2018-07-18,BBRI.JK,2609.0458984375,2636.318115234375,2590.8642578125,2590.8642578125,1672.6148681640625,125471907.0
2018-07-19,BBRI.JK,2636.318115234375,2690.862548828125,2609.0458984375,2627.227294921875,1696.0899658203125,156549643.0
2018-07-20,BBRI.JK,2627.227294921875,2709.044189453125,2609.0458984375,2709.044189453125,1748.9090576171875,79807478.0
2018-07-23,BBRI.JK,2727.2255859375,2772.679443359375,2718.134765625,2763.588623046875,1784.1224365234375,97874520.0
2018-07-24,BBRI.JK,2781.77001953125,2790.86083984375,2736.31640625,2736.31640625,1766.5157470703125,80259146.0
2018-07-25,BBRI.JK,2709.044189453125,2745.4072265625,2681.77197265625,2718.134765625,1754.7779541015625,79152417.0
2018-07-26,BBRI.JK,2772.679443359375,2790.86083984375,2754.497802734375,2763.588623046875,1784.1224365234375,93167319.0
2018-07-27,BBRI.JK,2781.77001953125,2809.04248046875,2745.4072265625,2809.04248046875,1813.46630859375,60176759.0
2018-07-30,BBRI.JK,2818.133056640625,2827.223876953125,2790.86083984375,2799.95166015625,1807.59765625,73543200.0
2018-07-31,BBRI.JK,2799.95166015625,2799.95166015625,2727.2255859375,2790.86083984375,1801.729248046875,118206281.0
2018-08-01,BBRI.JK,2790.86083984375,2909.040771484375,2772.679443359375,2899.949951171875,1872.1549072265625,161810924.0
2018-08-02,BBRI.JK,2909.040771484375,2963.585205078125,2899.949951171875,2954.494384765625,1907.36767578125,174250489.0
2018-08-03,BBRI.JK,2972.676025390625,3045.40185546875,2936.31298828125,3027.220458984375,1954.3179931640625,110650581.0
2018-08-06,BBRI.JK,3045.40185546875,3109.037109375,3036.311279296875,3099.946533203125,2001.268798828125,157644712.0
2018-08-07,BBRI.JK,3045.40185546875,3090.855712890625,3027.220458984375,3045.40185546875,1966.0556640625,98346098.0
2018-08-08,BBRI.JK,3090.855712890625,3090.855712890625,3009.038818359375,3027.220458984375,1954.3179931640625,99782943.0
2018-08-09,BBRI.JK,3027.220458984375,3045.40185546875,2999.9482421875,3027.220458984375,1954.3179931640625,76621053.0
2018-08-10,BBRI.JK,3045.40185546875,3154.490966796875,3045.40185546875,3081.764892578125,1989.5311279296875,127559853.0
2018-08-13,BBRI.JK,2999.9482421875,3018.129638671875,2845.405517578125,2854.49609375,1842.8104248046875,197264867.0
2018-08-14,BBRI.JK,2809.04248046875,2863.5869140625,2763.588623046875,2845.405517578125,1836.94189453125,170317811.0
2018-08-15,BBRI.JK,2863.5869140625,2927.22216796875,2745.4072265625,2918.13134765625,1883.892333984375,152206658.0
2018-08-16,BBRI.JK,2890.859130859375,2890.859130859375,2772.679443359375,2772.679443359375,1789.990966796875,180034939.0
2018-08-17,BBRI.JK,2772.679443359375,2772.679443359375,2772.679443359375,2772.679443359375,1789.990966796875,0.0
2018-08-20,BBRI.JK,2799.95166015625,2899.949951171875,2799.95166015625,2890.859130859375,1866.2860107421875,111516626.0
2018-08-21,BBRI.JK,2845.405517578125,2890.859130859375,2836.314697265625,2863.5869140625,1848.679443359375,65465430.0
2018-08-22,BBRI.JK,2863.5869140625,2863.5869140625,2863.5869140625,2863.5869140625,1848.679443359375,0.0
2018-08-23,BBRI.JK,2890.859130859375,2972.676025390625,2845.405517578125,2972.676025390625,1919.1053466796875,171421680.0
2018-08-24,BBRI.JK,2972.676025390625,2990.857421875,2936.31298828125,2972.676025390625,1919.1053466796875,106494709.0
2018-08-27,BBRI.JK,3018.129638671875,3072.67431640625,2990.857421875,3072.67431640625,1983.66259765625,123606274.0
2018-08-28,BBRI.JK,3027.220458984375,3072.67431640625,2999.9482421875,3027.220458984375,1954.3179931640625,109603913.0
2018-08-29,BBRI.JK,2963.585205078125,2999.9482421875,2954.494384765625,2990.857421875,1930.843017578125,87007762.0
2018-08-30,BBRI.JK,2990.857421875,3009.038818359375,2899.949951171875,2899.949951171875,1872.1549072265625,91898887.0
2018-08-31,BBRI.JK,2890.859130859375,2890.859130859375,2827.223876953125,2890.859130859375,1866.2860107421875,156934320.0
2018-09-03,BBRI.JK,2890.859130859375,2927.22216796875,2872.677734375,2881.768310546875,1860.4168701171875,70837593.0
2018-09-04,BBRI.JK,2909.040771484375,2909.040771484375,2809.04248046875,2827.223876953125,1825.203857421875,83758086.0
2018-09-05,BBRI.JK,2790.86083984375,2790.86083984375,2636.318115234375,2663.59033203125,1719.565185546875,233835878.0
2018-09-06,BBRI.JK,2645.408935546875,2718.134765625,2645.408935546875,2690.862548828125,1737.1715087890625,226602703.0
2018-09-07,BBRI.JK,2709.044189453125,2754.497802734375,2690.862548828125,2754.497802734375,1778.2532958984375,155714509.0
2018-09-10,BBRI.JK,2754.497802734375,2754.497802734375,2690.862548828125,2699.953369140625,1743.04052734375,95204004.0
2018-09-11,BBRI.JK,2699.953369140625,2699.953369140625,2699.953369140625,2699.953369140625,1743.04052734375,0.0
2018-09-12,BBRI.JK,2709.044189453125,2736.31640625,2645.408935546875,2645.408935546875,1707.8277587890625,129887933.0
2018-09-13,BBRI.JK,2690.862548828125,2736.31640625,2690.862548828125,2727.2255859375,1760.6466064453125,138077684.0
2018-09-14,BBRI.JK,2754.497802734375,2790.86083984375,2727.2255859375,2790.86083984375,1801.729248046875,115639387.0
2018-09-17,BBRI.JK,2781.77001953125,2781.77001953125,2681.77197265625,2699.953369140625,1743.04052734375,100504005.0
2018-09-18,BBRI.JK,2699.953369140625,2709.044189453125,2654.49951171875,2672.68115234375,1725.43408203125,152222609.0
2018-09-19,BBRI.JK,2699.953369140625,2745.4072265625,2699.953369140625,2727.2255859375,1760.6466064453125,115947612.0
2018-09-20,BBRI.JK,2772.679443359375,2836.314697265625,2745.4072265625,2809.04248046875,1813.46630859375,170051827.0
2018-09-21,BBRI.JK,2863.5869140625,2899.949951171875,2836.314697265625,2836.314697265625,1831.072998046875,223538491.0
2018-09-24,BBRI.JK,2836.314697265625,2836.314697265625,2727.2255859375,2736.31640625,1766.5157470703125,104783739.0
2018-09-25,BBRI.JK,2736.31640625,2754.497802734375,2709.044189453125,2754.497802734375,1778.2532958984375,121129032.0
2018-09-26,BBRI.JK,2754.497802734375,2781.77001953125,2718.134765625,2718.134765625,1754.7779541015625,73480719.0
2018-09-27,BBRI.JK,2727.2255859375,2799.95166015625,2727.2255859375,2790.86083984375,1801.729248046875,135712644.0
2018-09-28,BBRI.JK,2809.04248046875,2881.768310546875,2799.95166015625,2863.5869140625,1848.679443359375,170043797.0
2018-10-01,BBRI.JK,2863.5869140625,2899.949951171875,2863.5869140625,2890.859130859375,1866.2860107421875,100581667.0
2018-10-02,BBRI.JK,2863.5869140625,2890.859130859375,2799.95166015625,2827.223876953125,1825.203857421875,145599614.0
2018-10-03,BBRI.JK,2863.5869140625,2863.5869140625,2799.95166015625,2818.133056640625,1819.335205078125,77064031.0
2018-10-04,BBRI.JK,2781.77001953125,2781.77001953125,2709.044189453125,2727.2255859375,1760.6466064453125,161892546.0
2018-10-05,BBRI.JK,2727.2255859375,2763.588623046875,2690.862548828125,2709.044189453125,1748.9090576171875,160008103.0
2018-10-08,BBRI.JK,2699.953369140625,2736.31640625,2690.862548828125,2699.953369140625,1743.04052734375,71328312.0
2018-10-09,BBRI.JK,2699.953369140625,2754.497802734375,2699.953369140625,2745.4072265625,1772.384521484375,56325372.0
2018-10-10,BBRI.JK,2754.497802734375,2763.588623046875,2736.31640625,2736.31640625,1766.5157470703125,67385623.0
2018-10-11,BBRI.JK,2663.59033203125,2681.77197265625,2609.0458984375,2645.408935546875,1707.8277587890625,193058944.0
2018-10-12,BBRI.JK,2663.59033203125,2718.134765625,2654.49951171875,2681.77197265625,1731.302978515625,130162058.0
2018-10-15,BBRI.JK,2690.862548828125,2754.497802734375,2690.862548828125,2727.2255859375,1760.6466064453125,94319479.0
2018-10-16,BBRI.JK,2727.2255859375,2745.4072265625,2690.862548828125,2727.2255859375,1760.6466064453125,71567346.0
2018-10-17,BBRI.JK,2781.77001953125,2799.95166015625,2754.497802734375,2790.86083984375,1801.729248046875,88091831.0
2018-10-18,BBRI.JK,2790.86083984375,2818.133056640625,2772.679443359375,2809.04248046875,1813.46630859375,71647977.0
2018-10-19,BBRI.JK,2790.86083984375,2809.04248046875,2745.4072265625,2745.4072265625,1772.384521484375,89090208.0
2018-10-22,BBRI.JK,2736.31640625,2799.95166015625,2736.31640625,2772.679443359375,1789.990966796875,53687637.0
2018-10-23,BBRI.JK,2763.588623046875,2790.86083984375,2736.31640625,2745.4072265625,1772.384521484375,64410732.0
2018-10-24,BBRI.JK,2727.2255859375,2763.588623046875,2681.77197265625,2681.77197265625,1731.302978515625,93019806.0
2018-10-25,BBRI.JK,2645.408935546875,2727.2255859375,2645.408935546875,2727.2255859375,1760.6466064453125,144333712.0
2018-10-26,BBRI.JK,2727.2255859375,2745.4072265625,2709.044189453125,2718.134765625,1754.7779541015625,72852718.0
2018-10-29,BBRI.JK,2727.2255859375,2745.4072265625,2681.77197265625,2681.77197265625,1731.302978515625,56418764.0
2018-10-30,BBRI.JK,2690.862548828125,2754.497802734375,2681.77197265625,2754.497802734375,1778.2532958984375,79624985.0
2018-10-31,BBRI.JK,2772.679443359375,2863.5869140625,2754.497802734375,2863.5869140625,1848.679443359375,240391992.0
2018-11-01,BBRI.JK,2899.949951171875,2954.494384765625,2872.677734375,2909.040771484375,1878.0235595703125,216901746.0
2018-11-02,BBRI.JK,2945.403564453125,2990.857421875,2899.949951171875,2981.7666015625,1924.9739990234375,184006228.0
2018-11-05,BBRI.JK,2963.585205078125,2981.7666015625,2927.22216796875,2972.676025390625,1919.1053466796875,87555902.0
2018-11-06,BBRI.JK,2981.7666015625,3027.220458984375,2963.585205078125,3027.220458984375,1954.3179931640625,153414589.0
2018-11-07,BBRI.JK,3036.311279296875,3063.58349609375,3009.038818359375,3063.58349609375,1977.7938232421875,178995971.0
2018-11-08,BBRI.JK,3090.855712890625,3172.67236328125,3081.764892578125,3136.3095703125,2024.743896484375,220276054.0
2018-11-09,BBRI.JK,3118.1279296875,3118.1279296875,3027.220458984375,3036.311279296875,1960.18701171875,126597116.0
2018-11-12,BBRI.JK,3018.129638671875,3054.49267578125,2981.7666015625,2981.7666015625,1924.9739990234375,84809154.0
2018-11-13,BBRI.JK,2981.7666015625,3054.49267578125,2936.31298828125,3045.40185546875,1966.0556640625,112074555.0
2018-11-14,BBRI.JK,3045.40185546875,3109.037109375,3045.40185546875,3045.40185546875,1966.0556640625,125174682.0
2018-11-15,BBRI.JK,3063.58349609375,3109.037109375,3027.220458984375,3099.946533203125,2001.268798828125,117577840.0
2018-11-16,BBRI.JK,3118.1279296875,3227.217041015625,3109.037109375,3172.67236328125,2048.219482421875,191148871.0
2018-11-19,BBRI.JK,3218.126220703125,3218.126220703125,3136.3095703125,3199.94482421875,2065.826171875,86540804.0
2018-11-20,BBRI.JK,3199.94482421875,3199.94482421875,3199.94482421875,3199.94482421875,2065.826171875,0.0
2018-11-21,BBRI.JK,3109.037109375,3154.490966796875,3045.40185546875,3118.1279296875,2013.0064697265625,151878633.0
2018-11-22,BBRI.JK,3118.1279296875,3227.217041015625,3118.1279296875,3227.217041015625,2083.4326171875,130140277.0
2018-11-23,BBRI.JK,3209.035400390625,3254.4892578125,3154.490966796875,3163.581787109375,2042.350830078125,85703360.0
2018-11-26,BBRI.JK,3136.3095703125,3227.217041015625,3136.3095703125,3218.126220703125,2077.5634765625,90217398.0
2018-11-27,BBRI.JK,3163.581787109375,3290.852294921875,3163.581787109375,3272.670654296875,2112.7763671875,190169964.0
2018-11-28,BBRI.JK,3318.12451171875,3327.21533203125,3254.4892578125,3318.12451171875,2142.12060546875,105678495.0
2018-11-29,BBRI.JK,3363.578369140625,3418.122802734375,3345.396728515625,3372.6689453125,2177.33349609375,152003595.0
2018-11-30,BBRI.JK,3327.21533203125,3354.487548828125,3281.761474609375,3290.852294921875,2124.513671875,233078735.0
2018-12-03,BBRI.JK,3381.759765625,3436.30419921875,3354.487548828125,3354.487548828125,2165.595947265625,150413738.0
2018-12-04,BBRI.JK,3354.487548828125,3409.031982421875,3345.396728515625,3372.6689453125,2177.33349609375,147855643.0
2018-12-05,BBRI.JK,3309.03369140625,3345.396728515625,3281.761474609375,3318.12451171875,2142.12060546875,154153142.0
2018-12-06,BBRI.JK,3309.03369140625,3345.396728515625,3281.761474609375,3318.12451171875,2142.12060546875,119712097.0
2018-12-07,BBRI.JK,3309.03369140625,3327.21533203125,3281.761474609375,3290.852294921875,2124.513671875,122365123.0
2018-12-10,BBRI.JK,3281.761474609375,3299.943115234375,3245.3984375,3281.761474609375,2118.645263671875,102384708.0
2018-12-11,BBRI.JK,3281.761474609375,3299.943115234375,3254.4892578125,3290.852294921875,2124.513671875,123936060.0
2018-12-12,BBRI.JK,3290.852294921875,3309.03369140625,3263.580078125,3290.852294921875,2124.513671875,97374011.0
2018-12-13,BBRI.JK,3354.487548828125,3354.487548828125,3318.12451171875,3345.396728515625,2159.726806640625,116914199.0
2018-12-14,BBRI.JK,3336.305908203125,3354.487548828125,3309.03369140625,3345.396728515625,2159.726806640625,135202785.0
2018-12-17,BBRI.JK,3318.12451171875,3345.396728515625,3272.670654296875,3272.670654296875,2112.7763671875,137139148.0
2018-12-18,BBRI.JK,3227.217041015625,3309.03369140625,3227.217041015625,3299.943115234375,2130.382568359375,130615046.0
2018-12-19,BBRI.JK,3272.670654296875,3336.305908203125,3272.670654296875,3336.305908203125,2153.85791015625,146409778.0
2018-12-20,BBRI.JK,3281.761474609375,3327.21533203125,3281.761474609375,3318.12451171875,2142.12060546875,74063179.0
2018-12-21,BBRI.JK,3281.761474609375,3299.943115234375,3272.670654296875,3290.852294921875,2124.513671875,191917014.0
2018-12-24,BBRI.JK,3290.852294921875,3290.852294921875,3290.852294921875,3290.852294921875,2124.513671875,0.0
2018-12-25,BBRI.JK,3290.852294921875,3290.852294921875,3290.852294921875,3290.852294921875,2124.513671875,0.0
2018-12-26,BBRI.JK,3227.217041015625,3299.943115234375,3199.94482421875,3272.670654296875,2112.7763671875,91749064.0
2018-12-27,BBRI.JK,3318.12451171875,3336.305908203125,3290.852294921875,3327.21533203125,2147.989501953125,78890942.0
2018-12-28,BBRI.JK,3345.396728515625,3345.396728515625,3318.12451171875,3327.21533203125,2147.989501953125,135242605.0
2018-12-31,BBRI.JK,3327.21533203125,3327.21533203125,3327.21533203125,3327.21533203125,2147.989501953125,0.0
2019-01-01,BBRI.JK,3327.21533203125,3327.21533203125,3327.21533203125,3327.21533203125,2147.989501953125,0.0
2019-01-02,BBRI.JK,3281.761474609375,3309.03369140625,3263.580078125,3281.761474609375,2118.645263671875,82441033.0
2019-01-03,BBRI.JK,3254.4892578125,3309.03369140625,3254.4892578125,3290.852294921875,2124.513671875,102805905.0
2019-01-04,BBRI.JK,3290.852294921875,3327.21533203125,3281.761474609375,3327.21533203125,2147.989501953125,125907734.0
2019-01-07,BBRI.JK,3363.578369140625,3372.6689453125,3327.21533203125,3327.21533203125,2147.989501953125,82106628.0
2019-01-08,BBRI.JK,3327.21533203125,3345.396728515625,3299.943115234375,3345.396728515625,2159.726806640625,89499635.0
2019-01-09,BBRI.JK,3372.6689453125,3399.941162109375,3354.487548828125,3381.759765625,2183.2021484375,131331598.0
2019-01-10,BBRI.JK,3399.941162109375,3409.031982421875,3372.6689453125,3409.031982421875,2200.808837890625,156122176.0
2019-01-11,BBRI.JK,3418.122802734375,3427.213623046875,3363.578369140625,3390.8505859375,2189.071044921875,118649479.0
2019-01-14,BBRI.JK,3390.8505859375,3445.39501953125,3390.8505859375,3445.39501953125,2224.2841796875,126576436.0
2019-01-15,BBRI.JK,3427.213623046875,3445.39501953125,3399.941162109375,3436.30419921875,2218.415283203125,154948896.0
2019-01-16,BBRI.JK,3445.39501953125,3454.48583984375,3418.122802734375,3436.30419921875,2218.415283203125,114151831.0
2019-01-17,BBRI.JK,3445.39501953125,3490.848876953125,3436.30419921875,3463.576416015625,2236.021240234375,131847617.0
2019-01-18,BBRI.JK,3499.939453125,3499.939453125,3445.39501953125,3472.667236328125,2241.89013671875,105708085.0
2019-01-21,BBRI.JK,3454.48583984375,3481.758056640625,3454.48583984375,3454.48583984375,2230.152587890625,89020137.0
2019-01-22,BBRI.JK,3427.213623046875,3445.39501953125,3399.941162109375,3427.213623046875,2212.54638671875,131658634.0
2019-01-23,BBRI.JK,3418.122802734375,3463.576416015625,3390.8505859375,3427.213623046875,2212.54638671875,179807675.0
2019-01-24,BBRI.JK,3409.031982421875,3463.576416015625,3409.031982421875,3445.39501953125,2224.2841796875,193786497.0
2019-01-25,BBRI.JK,3472.667236328125,3472.667236328125,3436.30419921875,3436.30419921875,2218.415283203125,139857845.0
2019-01-28,BBRI.JK,3409.031982421875,3445.39501953125,3409.031982421875,3436.30419921875,2218.415283203125,102940988.0
2019-01-29,BBRI.JK,3436.30419921875,3472.667236328125,3318.12451171875,3354.487548828125,2165.595947265625,206378414.0
2019-01-30,BBRI.JK,3363.578369140625,3418.122802734375,3363.578369140625,3409.031982421875,2200.808837890625,159225000.0
2019-01-31,BBRI.JK,3454.48583984375,3518.12109375,3454.48583984375,3499.939453125,2259.496826171875,277698146.0
2019-02-01,BBRI.JK,3527.2119140625,3572.66552734375,3518.12109375,3563.57470703125,2300.578857421875,154119152.0
2019-02-04,BBRI.JK,3590.84716796875,3590.84716796875,3536.302490234375,3545.393310546875,2288.841064453125,83552603.0
2019-02-05,BBRI.JK,3545.393310546875,3545.393310546875,3545.393310546875,3545.393310546875,2288.841064453125,0.0
2019-02-06,BBRI.JK,3563.57470703125,3581.75634765625,3554.484130859375,3563.57470703125,2300.578857421875,85882773.0
2019-02-07,BBRI.JK,3572.66552734375,3572.66552734375,3536.302490234375,3572.66552734375,2306.44775390625,91233705.0
2019-02-08,BBRI.JK,3509.0302734375,3554.484130859375,3499.939453125,3536.302490234375,2282.972412109375,86321790.0
2019-02-11,BBRI.JK,3536.302490234375,3563.57470703125,3509.0302734375,3518.12109375,2271.23486328125,61147416.0
2019-02-12,BBRI.JK,3545.393310546875,3545.393310546875,3472.667236328125,3499.939453125,2259.496826171875,104459344.0
2019-02-13,BBRI.JK,3536.302490234375,3536.302490234375,3436.30419921875,3445.39501953125,2224.2841796875,119001265.0
2019-02-14,BBRI.JK,3472.667236328125,3499.939453125,3409.031982421875,3454.48583984375,2230.152587890625,131498911.0
2019-02-15,BBRI.JK,3490.848876953125,3490.848876953125,3409.031982421875,3427.213623046875,2212.54638671875,96513687.0
2019-02-18,BBRI.JK,3445.39501953125,3509.0302734375,3445.39501953125,3490.848876953125,2253.628173828125,103030419.0
2019-02-19,BBRI.JK,3545.393310546875,3636.30078125,3527.2119140625,3554.484130859375,2294.709716796875,153943258.0
2019-02-20,BBRI.JK,3554.484130859375,3581.75634765625,3509.0302734375,3536.302490234375,2282.972412109375,136475507.0
2019-02-21,BBRI.JK,3481.758056640625,3581.75634765625,3481.758056640625,3554.484130859375,2294.709716796875,125997166.0
2019-02-22,BBRI.JK,3509.0302734375,3554.484130859375,3509.0302734375,3545.393310546875,2288.841064453125,89872212.0
2019-02-25,BBRI.JK,3581.75634765625,3609.028564453125,3545.393310546875,3599.937744140625,2324.053955078125,117405577.0
2019-02-26,BBRI.JK,3599.937744140625,3609.028564453125,3554.484130859375,3581.75634765625,2312.31640625,67561846.0
2019-02-27,BBRI.JK,3554.484130859375,3563.57470703125,3499.939453125,3518.12109375,2271.23486328125,96869983.0
2019-02-28,BBRI.JK,3499.939453125,3518.12109375,3490.848876953125,3499.939453125,2259.496826171875,117143553.0
2019-03-01,BBRI.JK,3518.12109375,3536.302490234375,3509.0302734375,3518.12109375,2271.23486328125,78576447.0
2019-03-04,BBRI.JK,3545.393310546875,3563.57470703125,3527.2119140625,3527.2119140625,2277.103759765625,62730673.0
2019-03-05,BBRI.JK,3545.393310546875,3545.393310546875,3509.0302734375,3509.0302734375,2265.365966796875,77678611.0
2019-03-06,BBRI.JK,3536.302490234375,3563.57470703125,3509.0302734375,3545.393310546875,2288.841064453125,62160643.0
2019-03-07,BBRI.JK,3545.393310546875,3545.393310546875,3545.393310546875,3545.393310546875,2288.841064453125,0.0
2019-03-08,BBRI.JK,3472.667236328125,3527.2119140625,3463.576416015625,3499.939453125,2259.496826171875,142765635.0
2019-03-11,BBRI.JK,3545.393310546875,3545.393310546875,3481.758056640625,3509.0302734375,2265.365966796875,51418628.0
2019-03-12,BBRI.JK,3527.2119140625,3536.302490234375,3463.576416015625,3490.848876953125,2253.628173828125,69851316.0
2019-03-13,BBRI.JK,3454.48583984375,3463.576416015625,3436.30419921875,3445.39501953125,2224.2841796875,51432598.0
2019-03-14,BBRI.JK,3436.30419921875,3499.939453125,3436.30419921875,3490.848876953125,2253.628173828125,99175072.0
2019-03-15,BBRI.JK,3545.393310546875,3590.84716796875,3536.302490234375,3590.84716796875,2318.185302734375,106867285.0
2019-03-18,BBRI.JK,3627.2099609375,3663.572998046875,3618.119384765625,3636.30078125,2347.529296875,102196275.0
2019-03-19,BBRI.JK,3672.663818359375,3681.754638671875,3609.028564453125,3618.119384765625,2335.7919921875,63741150.0
2019-03-20,BBRI.JK,3599.937744140625,3645.3916015625,3599.937744140625,3627.2099609375,2341.660400390625,94567643.0
2019-03-21,BBRI.JK,3645.3916015625,3672.663818359375,3609.028564453125,3627.2099609375,2341.660400390625,121229463.0
2019-03-22,BBRI.JK,3663.572998046875,3699.93603515625,3636.30078125,3681.754638671875,2376.87353515625,104102388.0
2019-03-25,BBRI.JK,3663.572998046875,3672.663818359375,3627.2099609375,3645.3916015625,2353.3984375,90384491.0
2019-03-26,BBRI.JK,3681.754638671875,3709.02685546875,3645.3916015625,3690.845458984375,2382.742431640625,75475383.0
2019-03-27,BBRI.JK,3709.02685546875,3709.02685546875,3672.663818359375,3681.754638671875,2376.87353515625,56170270.0
2019-03-28,BBRI.JK,3699.93603515625,3709.02685546875,3663.572998046875,3699.93603515625,2388.611083984375,67263631.0
2019-03-29,BBRI.JK,3681.754638671875,3763.5712890625,3681.754638671875,3736.299072265625,2412.086181640625,71215890.0
2019-04-01,BBRI.JK,3763.5712890625,3781.7529296875,3754.480712890625,3772.662109375,2435.561767578125,73530330.0
2019-04-02,BBRI.JK,3790.843505859375,3790.843505859375,3754.480712890625,3772.662109375,2435.561767578125,48845023.0
2019-04-03,BBRI.JK,3772.662109375,3772.662109375,3772.662109375,3772.662109375,2435.561767578125,0.0
2019-04-04,BBRI.JK,3799.934326171875,3890.841796875,3763.5712890625,3836.29736328125,2476.6435546875,69303837.0
2019-04-05,BBRI.JK,3872.660400390625,3899.9326171875,3863.569580078125,3881.751220703125,2505.98779296875,54041183.0
2019-04-08,BBRI.JK,3899.9326171875,3899.9326171875,3827.20654296875,3863.569580078125,2494.25,82999953.0
2019-04-09,BBRI.JK,3890.841796875,3954.47705078125,3872.660400390625,3909.0234375,2523.593994140625,80659003.0
2019-04-10,BBRI.JK,3909.0234375,3927.204833984375,3872.660400390625,3918.1142578125,2529.462890625,116840608.0
2019-04-11,BBRI.JK,3909.0234375,3927.204833984375,3890.841796875,3909.0234375,2523.593994140625,188618827.0
2019-04-12,BBRI.JK,3909.0234375,3927.204833984375,3890.841796875,3918.1142578125,2529.462890625,84244625.0
2019-04-15,BBRI.JK,3954.47705078125,3963.56787109375,3918.1142578125,3954.47705078125,2552.937744140625,70577659.0
2019-04-16,BBRI.JK,3936.295654296875,3963.56787109375,3927.204833984375,3945.386474609375,2547.0693359375,99923195.0
2019-04-17,BBRI.JK,3945.386474609375,3945.386474609375,3945.386474609375,3945.386474609375,2547.0693359375,0.0
2019-04-18,BBRI.JK,4045.384765625,4299.92578125,3981.74951171875,4054.475341796875,2617.495361328125,200241958.0
2019-04-19,BBRI.JK,4054.475341796875,4054.475341796875,4054.475341796875,4054.475341796875,2617.495361328125,0.0
2019-04-22,BBRI.JK,4054.475341796875,4054.475341796875,4009.021728515625,4036.2939453125,2605.757568359375,112161787.0
2019-04-23,BBRI.JK,4009.021728515625,4045.384765625,4009.021728515625,4027.203125,2599.888671875,60325921.0
2019-04-24,BBRI.JK,4009.021728515625,4027.203125,3999.930908203125,3999.930908203125,2582.2822265625,190094393.0
2019-04-25,BBRI.JK,3981.74951171875,3990.840087890625,3872.660400390625,3936.295654296875,2541.200439453125,202913024.0
2019-04-26,BBRI.JK,3854.478759765625,3963.56787109375,3827.20654296875,3936.295654296875,2541.200439453125,146163924.0
2019-04-29,BBRI.JK,3899.9326171875,3954.47705078125,3890.841796875,3945.386474609375,2547.0693359375,84609831.0
2019-04-30,BBRI.JK,3990.840087890625,4009.021728515625,3945.386474609375,3972.65869140625,2564.67626953125,140586828.0
2019-05-01,BBRI.JK,3972.65869140625,3972.65869140625,3972.65869140625,3972.65869140625,2564.67626953125,0.0
2019-05-02,BBRI.JK,4018.1123046875,4018.1123046875,3945.386474609375,3972.65869140625,2564.67626953125,139594281.0
2019-05-03,BBRI.JK,3936.295654296875,3999.930908203125,3918.1142578125,3981.74951171875,2570.544921875,120435690.0
2019-05-06,BBRI.JK,3909.0234375,3909.0234375,3809.025146484375,3845.38818359375,2482.5126953125,157313497.0
2019-05-07,BBRI.JK,3827.20654296875,3890.841796875,3827.20654296875,3863.569580078125,2494.25,124070152.0
2019-05-08,BBRI.JK,3863.569580078125,3863.569580078125,3799.934326171875,3836.29736328125,2476.6435546875,132170032.0
2019-05-09,BBRI.JK,3763.5712890625,3781.7529296875,3745.389892578125,3745.389892578125,2417.955078125,179677103.0
2019-05-10,BBRI.JK,3727.208251953125,3781.7529296875,3718.11767578125,3745.389892578125,2417.955078125,132313475.0
2019-05-13,BBRI.JK,3754.480712890625,3763.5712890625,3727.208251953125,3727.208251953125,2406.21728515625,79066285.0
2019-05-14,BBRI.JK,3636.30078125,3718.11767578125,3609.028564453125,3681.754638671875,2376.87353515625,126601626.0
2019-05-15,BBRI.JK,3681.754638671875,3690.845458984375,3536.302490234375,3536.302490234375,2282.972412109375,184137240.0
2019-05-16,BBRI.JK,3581.75634765625,3627.2099609375,3472.667236328125,3509.0302734375,2265.365966796875,158507017.0
2019-05-17,BBRI.JK,3554.484130859375,3554.484130859375,3427.213623046875,3445.39501953125,2224.2841796875,170721848.0
2019-05-20,BBRI.JK,3454.48583984375,3499.939453125,3327.21533203125,3409.031982421875,2200.808837890625,181806520.0
2019-05-21,BBRI.JK,3454.48583984375,3490.848876953125,3372.6689453125,3409.031982421875,2200.808837890625,227189674.0
2019-05-22,BBRI.JK,3372.6689453125,3481.758056640625,3372.6689453125,3427.213623046875,2212.54638671875,130499434.0
2019-05-23,BBRI.JK,3472.667236328125,3536.302490234375,3454.48583984375,3499.939453125,2259.496826171875,230153565.0
2019-05-24,BBRI.JK,3436.30419921875,3572.66552734375,3427.213623046875,3499.939453125,2339.8251953125,165441097.0
2019-05-27,BBRI.JK,3545.393310546875,3609.028564453125,3509.0302734375,3563.57470703125,2382.367431640625,135938587.0
2019-05-28,BBRI.JK,3572.66552734375,3590.84716796875,3463.576416015625,3463.576416015625,2315.515380859375,414291135.0
2019-05-29,BBRI.JK,3536.302490234375,3590.84716796875,3509.0302734375,3581.75634765625,2394.5224609375,153687174.0
2019-05-30,BBRI.JK,3581.75634765625,3581.75634765625,3581.75634765625,3581.75634765625,2394.5224609375,0.0
2019-05-31,BBRI.JK,3627.2099609375,3745.389892578125,3618.119384765625,3727.208251953125,2491.762451171875,287219580.0
2019-06-03,BBRI.JK,3727.208251953125,3727.208251953125,3727.208251953125,3727.208251953125,2491.762451171875,0.0
2019-06-04,BBRI.JK,3727.208251953125,3727.208251953125,3727.208251953125,3727.208251953125,2491.762451171875,0.0
2019-06-05,BBRI.JK,3727.208251953125,3727.208251953125,3727.208251953125,3727.208251953125,2491.762451171875,0.0
2019-06-06,BBRI.JK,3727.208251953125,3727.208251953125,3727.208251953125,3727.208251953125,2491.762451171875,0.0
2019-06-07,BBRI.JK,3727.208251953125,3727.208251953125,3727.208251953125,3727.208251953125,2491.762451171875,0.0
2019-06-10,BBRI.JK,3836.29736328125,3881.751220703125,3818.115966796875,3845.38818359375,2570.769287109375,216423568.0
2019-06-11,BBRI.JK,3863.569580078125,3863.569580078125,3772.662109375,3845.38818359375,2570.769287109375,127900199.0
2019-06-12,BBRI.JK,3790.843505859375,3827.20654296875,3790.843505859375,3827.20654296875,2558.614013671875,102196275.0
2019-06-13,BBRI.JK,3863.569580078125,3863.569580078125,3799.934326171875,3818.115966796875,2552.536865234375,128510489.0
2019-06-14,BBRI.JK,3790.843505859375,3854.478759765625,3790.843505859375,3845.38818359375,2570.769287109375,79530053.0
2019-06-17,BBRI.JK,3863.569580078125,3863.569580078125,3818.115966796875,3818.115966796875,2552.536865234375,60714008.0
2019-06-18,BBRI.JK,3799.934326171875,3872.660400390625,3799.934326171875,3872.660400390625,2589.001708984375,174179428.0
2019-06-19,BBRI.JK,3927.204833984375,3945.386474609375,3890.841796875,3899.9326171875,2607.23388671875,183945837.0
2019-06-20,BBRI.JK,3936.295654296875,3936.295654296875,3890.841796875,3918.1142578125,2619.38916015625,118489316.0
2019-06-21,BBRI.JK,3899.9326171875,3963.56787109375,3872.660400390625,3963.56787109375,2649.776611328125,187213443.0
2019-06-24,BBRI.JK,3918.1142578125,3954.47705078125,3899.9326171875,3918.1142578125,2619.38916015625,90828128.0
2019-06-25,BBRI.JK,3954.47705078125,3954.47705078125,3899.9326171875,3936.295654296875,2631.54345703125,65402729.0
2019-06-26,BBRI.JK,3936.295654296875,3972.65869140625,3927.204833984375,3963.56787109375,2649.776611328125,113137174.0
2019-06-27,BBRI.JK,3981.74951171875,3990.840087890625,3954.47705078125,3981.74951171875,2661.931396484375,89922813.0
2019-06-28,BBRI.JK,3972.65869140625,3999.930908203125,3954.47705078125,3963.56787109375,2649.776611328125,112840719.0
2019-07-01,BBRI.JK,3999.930908203125,4018.1123046875,3981.74951171875,4018.1123046875,2686.24072265625,115331382.0
2019-07-02,BBRI.JK,4018.1123046875,4018.1123046875,3963.56787109375,4009.021728515625,2680.163818359375,147886774.0
2019-07-03,BBRI.JK,3990.840087890625,4018.1123046875,3963.56787109375,3999.930908203125,2674.086181640625,81810503.0
2019-07-04,BBRI.JK,3963.56787109375,3999.930908203125,3963.56787109375,3990.840087890625,2668.0087890625,42557425.0
2019-07-05,BBRI.JK,4018.1123046875,4018.1123046875,3981.74951171875,3999.930908203125,2674.086181640625,59149341.0
2019-07-08,BBRI.JK,3981.74951171875,4009.021728515625,3972.65869140625,3999.930908203125,2674.086181640625,50857398.0
2019-07-09,BBRI.JK,3972.65869140625,4009.021728515625,3972.65869140625,4009.021728515625,2680.163818359375,71191359.0
2019-07-10,BBRI.JK,4009.021728515625,4072.656982421875,3999.930908203125,4063.566162109375,2716.628662109375,89077008.0
2019-07-11,BBRI.JK,4081.74755859375,4127.20166015625,4072.656982421875,4099.92919921875,2740.9384765625,100559886.0
2019-07-12,BBRI.JK,4099.92919921875,4127.20166015625,4081.74755859375,4099.92919921875,2740.9384765625,71034166.0
2019-07-15,BBRI.JK,4127.20166015625,4145.3828125,4109.02001953125,4118.11083984375,2753.093505859375,75851590.0
2019-07-16,BBRI.JK,4090.83837890625,4136.2919921875,4090.83837890625,4136.2919921875,2765.248046875,92926745.0
2019-07-17,BBRI.JK,4109.02001953125,4136.2919921875,4090.83837890625,4109.02001953125,2747.015625,71834980.0
2019-07-18,BBRI.JK,4090.83837890625,4099.92919921875,4036.2939453125,4045.384765625,2704.473876953125,84732483.0
2019-07-19,BBRI.JK,4045.384765625,4081.74755859375,4036.2939453125,4072.656982421875,2722.705810546875,70769832.0
2019-07-22,BBRI.JK,4090.83837890625,4099.92919921875,4054.475341796875,4090.83837890625,2734.860595703125,46139636.0
2019-07-23,BBRI.JK,4090.83837890625,4090.83837890625,4063.566162109375,4081.74755859375,2728.78369140625,47649853.0
2019-07-24,BBRI.JK,4109.02001953125,4109.02001953125,4036.2939453125,4045.384765625,2704.473876953125,58359418.0
2019-07-25,BBRI.JK,4063.566162109375,4072.656982421875,4045.384765625,4054.475341796875,2710.55126953125,66445547.0
2019-07-26,BBRI.JK,4009.021728515625,4063.566162109375,3999.930908203125,4036.2939453125,2698.396240234375,85121120.0
2019-07-29,BBRI.JK,4072.656982421875,4072.656982421875,4036.2939453125,4054.475341796875,2710.55126953125,101066445.0
2019-07-30,BBRI.JK,4090.83837890625,4090.83837890625,4054.475341796875,4090.83837890625,2734.860595703125,75632686.0
2019-07-31,BBRI.JK,4090.83837890625,4099.92919921875,4045.384765625,4072.656982421875,2722.705810546875,116420070.0
2019-08-01,BBRI.JK,4081.74755859375,4099.92919921875,4009.021728515625,4045.384765625,2704.473876953125,157991988.0
2019-08-02,BBRI.JK,3999.930908203125,4063.566162109375,3990.840087890625,4045.384765625,2704.473876953125,131279017.0
2019-08-05,BBRI.JK,4009.021728515625,4018.1123046875,3881.751220703125,3881.751220703125,2595.079345703125,165923785.0
2019-08-06,BBRI.JK,3727.208251953125,3827.20654296875,3654.482421875,3727.208251953125,2491.762451171875,272405185.0
2019-08-07,BBRI.JK,3763.5712890625,3899.9326171875,3763.5712890625,3863.569580078125,2582.92431640625,161676832.0
2019-08-08,BBRI.JK,3863.569580078125,3927.204833984375,3863.569580078125,3899.9326171875,2607.23388671875,102671923.0
2019-08-09,BBRI.JK,3936.295654296875,3954.47705078125,3909.0234375,3936.295654296875,2631.54345703125,90719996.0
2019-08-12,BBRI.JK,3981.74951171875,3981.74951171875,3899.9326171875,3909.0234375,2613.311279296875,56163890.0
2019-08-13,BBRI.JK,3936.295654296875,3936.295654296875,3863.569580078125,3890.841796875,2601.15673828125,88148482.0
2019-08-14,BBRI.JK,3936.295654296875,3954.47705078125,3918.1142578125,3936.295654296875,2631.54345703125,102602292.0
2019-08-15,BBRI.JK,3827.20654296875,3890.841796875,3799.934326171875,3863.569580078125,2582.92431640625,126758709.0
2019-08-16,BBRI.JK,3863.569580078125,3872.660400390625,3818.115966796875,3827.20654296875,2558.614013671875,102969368.0
2019-08-19,BBRI.JK,3754.480712890625,3836.29736328125,3754.480712890625,3799.934326171875,2540.382080078125,66407047.0
2019-08-20,BBRI.JK,3799.934326171875,3818.115966796875,3718.11767578125,3727.208251953125,2491.762451171875,112883069.0
2019-08-21,BBRI.JK,3727.208251953125,3790.843505859375,3672.663818359375,3681.754638671875,2461.375,92826643.0
2019-08-22,BBRI.JK,3690.845458984375,3763.5712890625,3636.30078125,3699.93603515625,2473.530029296875,136489697.0
2019-08-23,BBRI.JK,3663.572998046875,3727.208251953125,3654.482421875,3709.02685546875,2479.607177734375,64061696.0
2019-08-26,BBRI.JK,3654.482421875,3699.93603515625,3636.30078125,3699.93603515625,2473.530029296875,71268030.0
2019-08-27,BBRI.JK,3754.480712890625,3827.20654296875,3709.02685546875,3818.115966796875,2552.536865234375,196025365.0
2019-08-28,BBRI.JK,3836.29736328125,3854.478759765625,3809.025146484375,3809.025146484375,2546.45947265625,109954819.0
2019-08-29,BBRI.JK,3836.29736328125,3836.29736328125,3781.7529296875,3818.115966796875,2552.536865234375,74831102.0
2019-08-30,BBRI.JK,3809.025146484375,3881.751220703125,3745.389892578125,3881.751220703125,2595.079345703125,119899980.0
2019-09-02,BBRI.JK,3881.751220703125,3890.841796875,3827.20654296875,3836.29736328125,2564.69189453125,75321490.0
2019-09-03,BBRI.JK,3799.934326171875,3881.751220703125,3754.480712890625,3772.662109375,2522.149169921875,83772936.0
2019-09-04,BBRI.JK,3799.934326171875,3799.934326171875,3727.208251953125,3781.7529296875,2528.227294921875,84356057.0
2019-09-05,BBRI.JK,3836.29736328125,3845.38818359375,3799.934326171875,3836.29736328125,2564.69189453125,84846225.0
2019-09-06,BBRI.JK,3872.660400390625,3899.9326171875,3863.569580078125,3881.751220703125,2595.079345703125,125869894.0
2019-09-09,BBRI.JK,3899.9326171875,3899.9326171875,3790.843505859375,3790.843505859375,2534.30419921875,75150988.0
2019-09-10,BBRI.JK,3799.934326171875,3809.025146484375,3772.662109375,3809.025146484375,2546.45947265625,76217016.0
2019-09-11,BBRI.JK,3772.662109375,3872.660400390625,3772.662109375,3863.569580078125,2582.92431640625,125741191.0
2019-09-12,BBRI.JK,3909.0234375,3954.47705078125,3881.751220703125,3890.841796875,2601.15673828125,95813194.0
2019-09-13,BBRI.JK,3927.204833984375,3927.204833984375,3890.841796875,3918.1142578125,2619.38916015625,61703145.0
2019-09-16,BBRI.JK,3899.9326171875,3899.9326171875,3727.208251953125,3809.025146484375,2546.45947265625,145880779.0
2019-09-17,BBRI.JK,3781.7529296875,3863.569580078125,3754.480712890625,3863.569580078125,2582.92431640625,117840195.0
2019-09-18,BBRI.JK,3854.478759765625,3872.660400390625,3827.20654296875,3854.478759765625,2576.846435546875,84048931.0
2019-09-19,BBRI.JK,3818.115966796875,3845.38818359375,3818.115966796875,3836.29736328125,2564.69189453125,101320660.0
2019-09-20,BBRI.JK,3818.115966796875,3836.29736328125,3754.480712890625,3781.7529296875,2528.227294921875,239258752.0
2019-09-23,BBRI.JK,3781.7529296875,3818.115966796875,3781.7529296875,3799.934326171875,2540.382080078125,93391943.0
2019-09-24,BBRI.JK,3781.7529296875,3781.7529296875,3736.299072265625,3736.299072265625,2497.839599609375,104585626.0
2019-09-25,BBRI.JK,3699.93603515625,3745.389892578125,3654.482421875,3709.02685546875,2479.607177734375,91472409.0
2019-09-26,BBRI.JK,3736.299072265625,3827.20654296875,3727.208251953125,3827.20654296875,2558.614013671875,88134402.0
2019-09-27,BBRI.JK,3827.20654296875,3827.20654296875,3781.7529296875,3799.934326171875,2540.382080078125,63434135.0
2019-09-30,BBRI.JK,3818.115966796875,3818.115966796875,3736.299072265625,3745.389892578125,2503.917236328125,83981500.0
2019-10-01,BBRI.JK,3745.389892578125,3754.480712890625,3699.93603515625,3699.93603515625,2473.530029296875,87507501.0
2019-10-02,BBRI.JK,3681.754638671875,3718.11767578125,3563.57470703125,3572.66552734375,2388.44482421875,182983980.0
2019-10-03,BBRI.JK,3518.12109375,3536.302490234375,3463.576416015625,3463.576416015625,2315.515380859375,195391424.0
2019-10-04,BBRI.JK,3527.2119140625,3599.937744140625,3509.0302734375,3590.84716796875,2400.599853515625,103236563.0
2019-10-07,BBRI.JK,3609.028564453125,3627.2099609375,3509.0302734375,3545.393310546875,2370.212890625,139378677.0
2019-10-08,BBRI.JK,3599.937744140625,3599.937744140625,3536.302490234375,3572.66552734375,2388.44482421875,131777876.0
2019-10-09,BBRI.JK,3590.84716796875,3627.2099609375,3563.57470703125,3599.937744140625,2406.677490234375,129617548.0
2019-10-10,BBRI.JK,3609.028564453125,3627.2099609375,3527.2119140625,3536.302490234375,2364.13525390625,118644859.0
2019-10-11,BBRI.JK,3590.84716796875,3599.937744140625,3554.484130859375,3563.57470703125,2382.367431640625,112429201.0
2019-10-14,BBRI.JK,3590.84716796875,3618.119384765625,3554.484130859375,3563.57470703125,2382.367431640625,120763165.0
2019-10-15,BBRI.JK,3609.028564453125,3609.028564453125,3536.302490234375,3581.75634765625,2394.5224609375,140902423.0
2019-10-16,BBRI.JK,3599.937744140625,3627.2099609375,3581.75634765625,3627.2099609375,2424.91015625,90212558.0
2019-10-17,BBRI.JK,3636.30078125,3681.754638671875,3627.2099609375,3681.754638671875,2461.375,115003686.0
2019-10-18,BBRI.JK,3681.754638671875,3809.025146484375,3681.754638671875,3790.843505859375,2534.30419921875,113976708.0
2019-10-21,BBRI.JK,3790.843505859375,3809.025146484375,3736.299072265625,3745.389892578125,2503.917236328125,89234971.0
2019-10-22,BBRI.JK,3709.02685546875,3763.5712890625,3699.93603515625,3763.5712890625,2516.072265625,90846609.0
2019-10-23,BBRI.JK,3772.662109375,3799.934326171875,3709.02685546875,3799.934326171875,2540.382080078125,139892606.0
2019-10-24,BBRI.JK,3799.934326171875,3909.0234375,3799.934326171875,3909.0234375,2613.311279296875,172727403.0
2019-10-25,BBRI.JK,3909.0234375,3927.204833984375,3836.29736328125,3845.38818359375,2570.769287109375,123528393.0
2019-10-28,BBRI.JK,3845.38818359375,3872.660400390625,3836.29736328125,3845.38818359375,2570.769287109375,42188588.0
2019-10-29,BBRI.JK,3854.478759765625,3863.569580078125,3799.934326171875,3845.38818359375,2570.769287109375,90745077.0
2019-10-30,BBRI.JK,3872.660400390625,3872.660400390625,3809.025146484375,3863.569580078125,2582.92431640625,52187101.0
2019-10-31,BBRI.JK,3827.20654296875,3854.478759765625,3781.7529296875,3827.20654296875,2558.614013671875,83146256.0
2019-11-01,BBRI.JK,3836.29736328125,3836.29736328125,3772.662109375,3799.934326171875,2540.382080078125,69610742.0
2019-11-04,BBRI.JK,3799.934326171875,3827.20654296875,3772.662109375,3781.7529296875,2528.227294921875,55300375.0
2019-11-05,BBRI.JK,3809.025146484375,3909.0234375,3790.843505859375,3909.0234375,2613.311279296875,145802018.0
2019-11-06,BBRI.JK,3936.295654296875,3936.295654296875,3781.7529296875,3781.7529296875,2528.227294921875,145752957.0
2019-11-07,BBRI.JK,3781.7529296875,3781.7529296875,3599.937744140625,3636.30078125,2430.98779296875,321561514.0
2019-11-08,BBRI.JK,3645.3916015625,3663.572998046875,3618.119384765625,3627.2099609375,2424.91015625,148082467.0
2019-11-11,BBRI.JK,3590.84716796875,3636.30078125,3590.84716796875,3636.30078125,2430.98779296875,125489617.0
2019-11-12,BBRI.JK,3636.30078125,3663.572998046875,3618.119384765625,3636.30078125,2430.98779296875,120754695.0
2019-11-13,BBRI.JK,3636.30078125,3645.3916015625,3563.57470703125,3599.937744140625,2406.677490234375,165100201.0
2019-11-14,BBRI.JK,3590.84716796875,3609.028564453125,3545.393310546875,3581.75634765625,2394.5224609375,129874843.0
2019-11-15,BBRI.JK,3636.30078125,3727.208251953125,3599.937744140625,3718.11767578125,2485.684814453125,134210348.0
2019-11-18,BBRI.JK,3718.11767578125,3763.5712890625,3681.754638671875,3745.389892578125,2503.917236328125,102464019.0
2019-11-19,BBRI.JK,3772.662109375,3809.025146484375,3709.02685546875,3809.025146484375,2546.45947265625,155302002.0
2019-11-20,BBRI.JK,3790.843505859375,3872.660400390625,3772.662109375,3836.29736328125,2564.69189453125,170292181.0
2019-11-21,BBRI.JK,3818.115966796875,3845.38818359375,3763.5712890625,3836.29736328125,2564.69189453125,125613039.0
2019-11-22,BBRI.JK,3845.38818359375,3863.569580078125,3781.7529296875,3827.20654296875,2558.614013671875,82167459.0
2019-11-25,BBRI.JK,3772.662109375,3799.934326171875,3745.389892578125,3754.480712890625,2509.99462890625,62254255.0
2019-11-26,BBRI.JK,3772.662109375,3799.934326171875,3727.208251953125,3772.662109375,2522.149169921875,244288809.0
2019-11-27,BBRI.JK,3727.208251953125,3827.20654296875,3727.208251953125,3790.843505859375,2534.30419921875,72910799.0
2019-11-28,BBRI.JK,3754.480712890625,3790.843505859375,3681.754638671875,3681.754638671875,2461.375,67893172.0
2019-11-29,BBRI.JK,3690.845458984375,3745.389892578125,3645.3916015625,3718.11767578125,2485.684814453125,70620339.0
2019-12-02,BBRI.JK,3772.662109375,3827.20654296875,3745.389892578125,3827.20654296875,2558.614013671875,60937642.0
2019-12-03,BBRI.JK,3827.20654296875,3836.29736328125,3781.7529296875,3790.843505859375,2534.30419921875,48090300.0
2019-12-04,BBRI.JK,3818.115966796875,3818.115966796875,3745.389892578125,3754.480712890625,2509.99462890625,55684281.0
2019-12-05,BBRI.JK,3818.115966796875,3845.38818359375,3790.843505859375,3836.29736328125,2564.69189453125,80063892.0
2019-12-06,BBRI.JK,3863.569580078125,3863.569580078125,3790.843505859375,3790.843505859375,2534.30419921875,73924136.0
2019-12-09,BBRI.JK,3809.025146484375,3827.20654296875,3772.662109375,3799.934326171875,2540.382080078125,52623808.0
2019-12-10,BBRI.JK,3763.5712890625,3799.934326171875,3754.480712890625,3790.843505859375,2534.30419921875,88013950.0
2019-12-11,BBRI.JK,3809.025146484375,3827.20654296875,3781.7529296875,3827.20654296875,2558.614013671875,69260056.0
2019-12-12,BBRI.JK,3845.38818359375,3881.751220703125,3827.20654296875,3863.569580078125,2582.92431640625,138108485.0
2019-12-13,BBRI.JK,3890.841796875,3899.9326171875,3854.478759765625,3890.841796875,2601.15673828125,184381444.0
2019-12-16,BBRI.JK,3909.0234375,3954.47705078125,3899.9326171875,3936.295654296875,2631.54345703125,196854450.0
2019-12-17,BBRI.JK,3963.56787109375,3963.56787109375,3909.0234375,3954.47705078125,2643.69873046875,155154269.0
2019-12-18,BBRI.JK,3981.74951171875,3999.930908203125,3954.47705078125,3999.930908203125,2674.086181640625,174183278.0
2019-12-19,BBRI.JK,3954.47705078125,3972.65869140625,3927.204833984375,3954.47705078125,2643.69873046875,103421146.0
2019-12-20,BBRI.JK,3954.47705078125,3972.65869140625,3927.204833984375,3963.56787109375,2649.776611328125,171838258.0
2019-12-23,BBRI.JK,4045.384765625,4063.566162109375,3963.56787109375,4045.384765625,2704.473876953125,135606712.0
2019-12-26,BBRI.JK,4018.1123046875,4045.384765625,3999.930908203125,4009.021728515625,2680.163818359375,55258354.0
2019-12-27,BBRI.JK,3981.74951171875,4036.2939453125,3981.74951171875,4027.203125,2692.318359375,62113562.0
2019-12-30,BBRI.JK,4045.384765625,4045.384765625,3963.56787109375,3999.930908203125,2674.086181640625,73085482.0
2020-01-02,BBRI.JK,3999.930908203125,4009.021728515625,3963.56787109375,4009.021728515625,2680.163818359375,45886302.0
2020-01-03,BBRI.JK,4018.1123046875,4036.2939453125,3990.840087890625,4018.1123046875,2686.24072265625,91189705.0
2020-01-06,BBRI.JK,3963.56787109375,3990.840087890625,3927.204833984375,3972.65869140625,2655.85400390625,48648450.0
2020-01-07,BBRI.JK,4009.021728515625,4009.021728515625,3981.74951171875,3999.930908203125,2674.086181640625,114344885.0
2020-01-08,BBRI.JK,3981.74951171875,3999.930908203125,3945.386474609375,3981.74951171875,2661.931396484375,188929583.0
2020-01-09,BBRI.JK,3999.930908203125,4018.1123046875,3972.65869140625,3999.930908203125,2674.086181640625,79280569.0
2020-01-10,BBRI.JK,4027.203125,4027.203125,3990.840087890625,4009.021728515625,2680.163818359375,137292491.0
2020-01-13,BBRI.JK,4027.203125,4099.92919921875,4018.1123046875,4099.92919921875,2740.9384765625,122488655.0
2020-01-14,BBRI.JK,4127.20166015625,4181.74609375,4109.02001953125,4154.4736328125,2777.403564453125,174258629.0
2020-01-15,BBRI.JK,4154.4736328125,4163.564453125,4118.11083984375,4163.564453125,2783.480712890625,112825318.0
2020-01-16,BBRI.JK,4154.4736328125,4172.6552734375,4099.92919921875,4154.4736328125,2777.403564453125,147387255.0
2020-01-17,BBRI.JK,4199.92724609375,4218.10888671875,4181.74609375,4209.01806640625,2813.867919921875,133295352.0
2020-01-20,BBRI.JK,4263.5625,4263.5625,4209.01806640625,4236.29052734375,2832.100341796875,90022804.0
2020-01-21,BBRI.JK,4245.38134765625,4254.47216796875,4218.10888671875,4245.38134765625,2838.177978515625,81224962.0
2020-01-22,BBRI.JK,4254.47216796875,4281.744140625,4245.38134765625,4281.744140625,2862.48779296875,90609115.0
2020-01-23,BBRI.JK,4290.8349609375,4327.19775390625,4263.5625,4309.0166015625,2880.72021484375,153849977.0
2020-01-24,BBRI.JK,4299.92578125,4318.107421875,4254.47216796875,4309.0166015625,2880.72021484375,105620964.0
2020-01-27,BBRI.JK,4272.6533203125,4272.6533203125,4218.10888671875,4227.19970703125,2826.022705078125,103076840.0
2020-01-28,BBRI.JK,4163.564453125,4218.10888671875,4154.4736328125,4199.92724609375,2807.790283203125,104935872.0
2020-01-29,BBRI.JK,4199.92724609375,4236.29052734375,4181.74609375,4199.92724609375,2807.790283203125,214362682.0
2020-01-30,BBRI.JK,4272.6533203125,4272.6533203125,4163.564453125,4163.564453125,2783.480712890625,96500596.0
2020-01-31,BBRI.JK,4154.4736328125,4163.564453125,4054.475341796875,4054.475341796875,2710.55126953125,150763654.0
2020-02-03,BBRI.JK,4054.475341796875,4081.74755859375,4045.384765625,4054.475341796875,2710.55126953125,144745560.0
2020-02-04,BBRI.JK,4263.5625,4263.5625,4109.02001953125,4145.3828125,2771.325439453125,123617275.0
2020-02-05,BBRI.JK,4154.4736328125,4163.564453125,4099.92919921875,4145.3828125,2771.325439453125,100395764.0
2020-02-06,BBRI.JK,4172.6552734375,4172.6552734375,4118.11083984375,4136.2919921875,2765.248046875,104342852.0
2020-02-07,BBRI.JK,4163.564453125,4163.564453125,4127.20166015625,4136.2919921875,2765.248046875,146349277.0
2020-02-10,BBRI.JK,4090.83837890625,4118.11083984375,3999.930908203125,4090.83837890625,2734.860595703125,187982906.0
2020-02-11,BBRI.JK,4127.20166015625,4127.20166015625,4072.656982421875,4099.92919921875,2740.9384765625,93666727.0
2020-02-12,BBRI.JK,4109.02001953125,4145.3828125,4109.02001953125,4118.11083984375,2753.093505859375,143167912.0
2020-02-13,BBRI.JK,4163.564453125,4172.6552734375,4127.20166015625,4154.4736328125,2777.403564453125,87683284.0
2020-02-14,BBRI.JK,4118.11083984375,4172.6552734375,4118.11083984375,4136.2919921875,2765.248046875,139707803.0
2020-02-17,BBRI.JK,4072.656982421875,4127.20166015625,4063.566162109375,4063.566162109375,2716.628662109375,131738165.0
2020-02-18,BBRI.JK,4063.566162109375,4090.83837890625,3999.930908203125,3999.930908203125,2674.086181640625,97565635.0
2020-02-19,BBRI.JK,4054.475341796875,4072.656982421875,4045.384765625,4072.656982421875,2722.705810546875,110893685.0
2020-02-20,BBRI.JK,4109.02001953125,4163.564453125,4099.92919921875,4145.3828125,2771.325439453125,108000305.0
2020-02-21,BBRI.JK,4145.3828125,4145.3828125,4099.92919921875,4099.92919921875,2740.9384765625,117658802.0
2020-02-24,BBRI.JK,4127.20166015625,4127.20166015625,4063.566162109375,4081.74755859375,2728.78369140625,113200755.0
2020-02-25,BBRI.JK,4054.475341796875,4136.2919921875,4054.475341796875,4090.83837890625,2734.860595703125,125324724.0
2020-02-26,BBRI.JK,4090.83837890625,4099.92919921875,4063.566162109375,4072.656982421875,2722.705810546875,164120194.0
2020-02-27,BBRI.JK,3981.74951171875,3981.74951171875,3745.389892578125,3754.480712890625,2607.9091796875,227877075.0
2020-02-28,BBRI.JK,3627.2099609375,3809.025146484375,3554.484130859375,3809.025146484375,2645.796142578125,211162617.0
2020-03-02,BBRI.JK,3809.025146484375,3818.115966796875,3618.119384765625,3618.119384765625,2513.1904296875,206428685.0
2020-03-03,BBRI.JK,3681.754638671875,3799.934326171875,3636.30078125,3727.208251953125,2588.96533203125,218258509.0
2020-03-04,BBRI.JK,3763.5712890625,3854.478759765625,3754.480712890625,3836.29736328125,2664.739990234375,127937929.0
2020-03-05,BBRI.JK,3899.9326171875,3909.0234375,3754.480712890625,3772.662109375,2620.53759765625,146949558.0
2020-03-06,BBRI.JK,3672.663818359375,3681.754638671875,3636.30078125,3645.3916015625,2532.134521484375,175334118.0
2020-03-09,BBRI.JK,3545.393310546875,3590.84716796875,3409.031982421875,3409.031982421875,2367.955810546875,163934401.0
2020-03-10,BBRI.JK,3436.30419921875,3663.572998046875,3436.30419921875,3554.484130859375,2468.98876953125,182576203.0
2020-03-11,BBRI.JK,3590.84716796875,3663.572998046875,3527.2119140625,3554.484130859375,2468.98876953125,195275262.0
2020-03-12,BBRI.JK,3472.667236328125,3490.848876953125,3272.670654296875,3281.761474609375,2279.552490234375,167137546.0
2020-03-13,BBRI.JK,3281.761474609375,3427.213623046875,3054.49267578125,3381.759765625,2349.012451171875,295725807.0
2020-03-16,BBRI.JK,3409.031982421875,3409.031982421875,3145.400146484375,3181.76318359375,2210.09228515625,196265939.0
2020-03-17,BBRI.JK,3181.76318359375,3245.3984375,2963.585205078125,2963.585205078125,2058.543212890625,229429422.0
2020-03-18,BBRI.JK,2972.676025390625,3127.21875,2809.04248046875,2854.49609375,1982.7684326171875,272919333.0
2020-03-19,BBRI.JK,2845.405517578125,2854.49609375,2663.59033203125,2663.59033203125,1850.1630859375,151744210.0
2020-03-20,BBRI.JK,2663.59033203125,2699.953369140625,2481.775390625,2554.501220703125,1774.38818359375,658210668.0
2020-03-23,BBRI.JK,2409.04931640625,2454.503173828125,2381.777099609375,2381.777099609375,1654.412109375,180848183.0
2020-03-24,BBRI.JK,2345.4140625,2499.956787109375,2218.1435546875,2218.1435546875,1540.75,544651637.0
2020-03-26,BBRI.JK,2272.68798828125,2727.2255859375,2272.68798828125,2672.68115234375,1856.4774169921875,698059077.0
2020-03-27,BBRI.JK,2727.2255859375,3336.305908203125,2727.2255859375,2936.31298828125,2039.5994873046875,529032687.0
2020-03-30,BBRI.JK,2863.5869140625,2863.5869140625,2736.31640625,2736.31640625,1900.67919921875,239264252.0
2020-03-31,BBRI.JK,2818.133056640625,2909.040771484375,2699.953369140625,2745.4072265625,1906.993896484375,346502244.0
2020-04-01,BBRI.JK,2736.31640625,2799.95166015625,2636.318115234375,2663.59033203125,1850.1630859375,298923123.0
2020-04-02,BBRI.JK,2590.8642578125,2636.318115234375,2545.41064453125,2609.0458984375,1812.275634765625,329876337.0
2020-04-03,BBRI.JK,2663.59033203125,2681.77197265625,2572.682861328125,2627.227294921875,1824.904541015625,322467159.0
2020-04-06,BBRI.JK,2681.77197265625,2754.497802734375,2645.408935546875,2745.4072265625,1906.993896484375,313615306.0
2020-04-07,BBRI.JK,2818.133056640625,2945.403564453125,2681.77197265625,2754.497802734375,1913.3082275390625,445935822.0
2020-04-08,BBRI.JK,2727.2255859375,2763.588623046875,2563.592041015625,2563.592041015625,1780.7030029296875,322246825.0
2020-04-09,BBRI.JK,2599.955078125,2645.408935546875,2499.956787109375,2536.31982421875,1761.7591552734375,292370749.0
2020-04-13,BBRI.JK,2536.31982421875,2581.773681640625,2454.503173828125,2518.138427734375,1749.13037109375,136106890.0
2020-04-14,BBRI.JK,2536.31982421875,2636.318115234375,2518.138427734375,2636.318115234375,1831.21923828125,241711574.0
2020-04-15,BBRI.JK,2636.318115234375,2718.134765625,2481.775390625,2509.047607421875,1742.8153076171875,351010672.0
2020-04-16,BBRI.JK,2518.138427734375,2518.138427734375,2345.4140625,2372.686279296875,1648.0975341796875,404530667.0
2020-04-17,BBRI.JK,2427.230712890625,2581.773681640625,2418.14013671875,2572.682861328125,1787.017333984375,442565694.0
2020-04-20,BBRI.JK,2618.136474609375,2636.318115234375,2509.047607421875,2527.22900390625,1755.4447021484375,244213568.0
2020-04-21,BBRI.JK,2499.956787109375,2536.31982421875,2445.412353515625,2472.6845703125,1717.5576171875,146163154.0
2020-04-22,BBRI.JK,2454.503173828125,2572.682861328125,2409.04931640625,2536.31982421875,1761.7591552734375,197501041.0
2020-04-23,BBRI.JK,2572.682861328125,2618.136474609375,2536.31982421875,2545.41064453125,1768.07373046875,237791877.0
2020-04-24,BBRI.JK,2545.41064453125,2545.41064453125,2390.86767578125,2390.86767578125,1660.7264404296875,323088010.0
2020-04-27,BBRI.JK,2436.321533203125,2454.503173828125,2372.686279296875,2418.14013671875,1679.6700439453125,200872709.0
2020-04-28,BBRI.JK,2436.321533203125,2445.412353515625,2336.3232421875,2354.5048828125,1635.468505859375,295130807.0
2020-04-29,BBRI.JK,2363.595458984375,2381.777099609375,2327.232421875,2345.4140625,1629.153564453125,230054013.0
2020-04-30,BBRI.JK,2381.777099609375,2490.865966796875,2372.686279296875,2481.775390625,1723.8721923828125,475289499.0
2020-05-04,BBRI.JK,2427.230712890625,2436.321533203125,2363.595458984375,2390.86767578125,1660.7264404296875,220673601.0
2020-05-05,BBRI.JK,2390.86767578125,2436.321533203125,2372.686279296875,2390.86767578125,1660.7264404296875,203241160.0
2020-05-06,BBRI.JK,2390.86767578125,2409.04931640625,2363.595458984375,2381.777099609375,1654.412109375,190361478.0
2020-05-08,BBRI.JK,2399.95849609375,2418.14013671875,2345.4140625,2354.5048828125,1635.468505859375,226345299.0
2020-05-11,BBRI.JK,2390.86767578125,2399.95849609375,2363.595458984375,2381.777099609375,1654.412109375,170062057.0
2020-05-12,BBRI.JK,2381.777099609375,2390.86767578125,2245.415771484375,2263.59716796875,1572.32275390625,405546974.0
2020-05-13,BBRI.JK,2236.324951171875,2290.86962890625,2218.1435546875,2245.415771484375,1559.69384765625,372457853.0
2020-05-14,BBRI.JK,2218.1435546875,2254.506591796875,2118.145263671875,2136.32666015625,1483.9189453125,517300545.0
2020-05-15,BBRI.JK,2163.598876953125,2181.780517578125,2009.05615234375,2036.3284912109375,1414.458984375,654135428.0
2020-05-18,BBRI.JK,2045.419189453125,2063.600830078125,1963.6024169921875,1972.6932373046875,1370.25732421875,501017513.0
2020-05-19,BBRI.JK,2045.419189453125,2199.9619140625,2045.419189453125,2154.50830078125,1496.5482177734375,584451204.0
2020-05-20,BBRI.JK,2145.41748046875,2272.68798828125,2109.054443359375,2254.506591796875,1566.00830078125,433842983.0
2020-05-26,BBRI.JK,2318.141845703125,2318.141845703125,2245.415771484375,2290.86962890625,1591.2664794921875,444514707.0
2020-05-27,BBRI.JK,2309.051025390625,2390.86767578125,2290.86962890625,2390.86767578125,1660.7264404296875,476102523.0
2020-05-28,BBRI.JK,2399.95849609375,2527.22900390625,2399.95849609375,2481.775390625,1723.8721923828125,498739044.0
2020-05-29,BBRI.JK,2454.503173828125,2681.77197265625,2454.503173828125,2681.77197265625,1862.79248046875,959884609.0
2020-06-02,BBRI.JK,2681.77197265625,2990.857421875,2681.77197265625,2890.859130859375,2008.02685546875,514215761.0
2020-06-03,BBRI.JK,2909.040771484375,2981.7666015625,2736.31640625,2818.133056640625,1957.5106201171875,481917223.0
2020-06-04,BBRI.JK,2836.314697265625,2909.040771484375,2754.497802734375,2781.77001953125,1932.251953125,275162272.0
2020-06-05,BBRI.JK,2790.86083984375,2845.405517578125,2690.862548828125,2827.223876953125,1963.824462890625,294137820.0
2020-06-08,BBRI.JK,2890.859130859375,3063.58349609375,2881.768310546875,2999.9482421875,2083.801513671875,422772612.0
2020-06-09,BBRI.JK,3045.40185546875,3054.49267578125,2918.13134765625,2918.13134765625,2026.970458984375,279951975.0
2020-06-10,BBRI.JK,2890.859130859375,2890.859130859375,2727.2255859375,2754.497802734375,1913.3082275390625,487562851.0
2020-06-11,BBRI.JK,2845.405517578125,2845.405517578125,2636.318115234375,2699.953369140625,1875.4215087890625,409589324.0
2020-06-12,BBRI.JK,2636.318115234375,2763.588623046875,2545.41064453125,2754.497802734375,1913.3082275390625,519350210.0
2020-06-15,BBRI.JK,2763.588623046875,2772.679443359375,2627.227294921875,2636.318115234375,1831.21923828125,253847754.0
2020-06-16,BBRI.JK,2699.953369140625,2863.5869140625,2690.862548828125,2845.405517578125,1976.4539794921875,372556634.0
2020-06-17,BBRI.JK,2909.040771484375,2909.040771484375,2799.95166015625,2818.133056640625,1957.5106201171875,240003025.0
2020-06-18,BBRI.JK,2772.679443359375,2836.314697265625,2763.588623046875,2772.679443359375,1925.937744140625,144039347.0
2020-06-19,BBRI.JK,2799.95166015625,2827.223876953125,2781.77001953125,2818.133056640625,1957.5106201171875,183669732.0
2020-06-22,BBRI.JK,2818.133056640625,2827.223876953125,2754.497802734375,2781.77001953125,1932.251953125,104916512.0
2020-06-23,BBRI.JK,2745.4072265625,2781.77001953125,2709.044189453125,2736.31640625,1900.67919921875,188566907.0
2020-06-24,BBRI.JK,2772.679443359375,2854.49609375,2736.31640625,2836.314697265625,1970.139404296875,339338591.0
2020-06-25,BBRI.JK,2818.133056640625,2827.223876953125,2763.588623046875,2781.77001953125,1932.251953125,174033235.0
2020-06-26,BBRI.JK,2818.133056640625,2836.314697265625,2745.4072265625,2754.497802734375,1913.3082275390625,162039618.0
2020-06-29,BBRI.JK,2763.588623046875,2781.77001953125,2709.044189453125,2763.588623046875,1919.622802734375,130693147.0
2020-06-30,BBRI.JK,2790.86083984375,2827.223876953125,2754.497802734375,2754.497802734375,1913.3082275390625,147418716.0
2020-07-01,BBRI.JK,2763.588623046875,2790.86083984375,2754.497802734375,2781.77001953125,1932.251953125,111421694.0
2020-07-02,BBRI.JK,2809.04248046875,2809.04248046875,2763.588623046875,2781.77001953125,1932.251953125,186436280.0
2020-07-03,BBRI.JK,2781.77001953125,2809.04248046875,2763.588623046875,2772.679443359375,1925.937744140625,54421019.0
2020-07-06,BBRI.JK,2790.86083984375,2818.133056640625,2754.497802734375,2763.588623046875,1919.622802734375,148148028.0
2020-07-07,BBRI.JK,2790.86083984375,2799.95166015625,2754.497802734375,2754.497802734375,1913.3082275390625,228112810.0
2020-07-08,BBRI.JK,2763.588623046875,2909.040771484375,2754.497802734375,2899.949951171875,2014.341552734375,373640813.0
2020-07-09,BBRI.JK,2899.949951171875,2936.31298828125,2854.49609375,2854.49609375,1982.7684326171875,211404181.0
2020-07-10,BBRI.JK,2845.405517578125,2863.5869140625,2818.133056640625,2827.223876953125,1963.824462890625,117829855.0
2020-07-13,BBRI.JK,2845.405517578125,2890.859130859375,2772.679443359375,2872.677734375,1995.397705078125,105451891.0
2020-07-14,BBRI.JK,2872.677734375,2954.494384765625,2845.405517578125,2881.768310546875,2001.712158203125,232365483.0
2020-07-15,BBRI.JK,2909.040771484375,2945.403564453125,2845.405517578125,2845.405517578125,1976.4539794921875,182296468.0
2020-07-16,BBRI.JK,2845.405517578125,2872.677734375,2845.405517578125,2854.49609375,1982.7684326171875,128809144.0
2020-07-17,BBRI.JK,2854.49609375,2863.5869140625,2818.133056640625,2818.133056640625,1957.5106201171875,131548742.0
2020-07-20,BBRI.JK,2818.133056640625,2845.405517578125,2754.497802734375,2772.679443359375,1925.937744140625,150206164.0
2020-07-21,BBRI.JK,2772.679443359375,2890.859130859375,2772.679443359375,2863.5869140625,1989.0828857421875,224576578.0
2020-07-22,BBRI.JK,2872.677734375,2881.768310546875,2809.04248046875,2818.133056640625,1957.5106201171875,190916547.0
2020-07-23,BBRI.JK,2836.314697265625,2872.677734375,2818.133056640625,2854.49609375,1982.7684326171875,162646279.0
2020-07-24,BBRI.JK,2845.405517578125,2854.49609375,2809.04248046875,2809.04248046875,1951.19580078125,104287961.0
2020-07-27,BBRI.JK,2809.04248046875,2863.5869140625,2809.04248046875,2863.5869140625,1989.0828857421875,103970385.0
2020-07-28,BBRI.JK,2872.677734375,2881.768310546875,2818.133056640625,2854.49609375,1982.7684326171875,113763744.0
2020-07-29,BBRI.JK,2854.49609375,2863.5869140625,2818.133056640625,2836.314697265625,1970.139404296875,73895646.0
2020-07-30,BBRI.JK,2845.405517578125,2881.768310546875,2827.223876953125,2872.677734375,1995.397705078125,86328061.0
2020-08-03,BBRI.JK,2881.768310546875,2890.859130859375,2699.953369140625,2718.134765625,1888.0501708984375,373214336.0
2020-08-04,BBRI.JK,2727.2255859375,2799.95166015625,2727.2255859375,2799.95166015625,1944.88134765625,171919769.0
2020-08-05,BBRI.JK,2818.133056640625,2827.223876953125,2763.588623046875,2799.95166015625,1944.88134765625,177648668.0
2020-08-06,BBRI.JK,2818.133056640625,2845.405517578125,2809.04248046875,2827.223876953125,1963.824462890625,126064817.0
2020-08-07,BBRI.JK,2827.223876953125,2845.405517578125,2781.77001953125,2827.223876953125,1963.824462890625,98910738.0
2020-08-10,BBRI.JK,2827.223876953125,2863.5869140625,2818.133056640625,2845.405517578125,1976.4539794921875,100613457.0
2020-08-11,BBRI.JK,2845.405517578125,2927.22216796875,2845.405517578125,2899.949951171875,2014.341552734375,189708286.0
2020-08-12,BBRI.JK,2899.949951171875,3063.58349609375,2899.949951171875,3045.40185546875,2115.3740234375,505369848.0
2020-08-13,BBRI.JK,3045.40185546875,3136.3095703125,2999.9482421875,3027.220458984375,2102.74462890625,235648930.0
2020-08-14,BBRI.JK,3027.220458984375,3045.40185546875,2981.7666015625,3036.311279296875,2109.059326171875,109069303.0
2020-08-18,BBRI.JK,3036.311279296875,3209.035400390625,3036.311279296875,3199.94482421875,2222.7216796875,288206078.0
2020-08-19,BBRI.JK,3199.94482421875,3309.03369140625,3199.94482421875,3236.3076171875,2247.979248046875,239290433.0
2020-08-24,BBRI.JK,3209.035400390625,3318.12451171875,3199.94482421875,3309.03369140625,2298.49609375,214473234.0
2020-08-25,BBRI.JK,3336.305908203125,3454.48583984375,3309.03369140625,3454.48583984375,2399.528564453125,197233406.0
2020-08-26,BBRI.JK,3454.48583984375,3472.667236328125,3363.578369140625,3399.941162109375,2361.641357421875,178162157.0
2020-08-27,BBRI.JK,3399.941162109375,3436.30419921875,3327.21533203125,3363.578369140625,2336.38330078125,206786961.0
2020-08-28,BBRI.JK,3372.6689453125,3399.941162109375,3318.12451171875,3354.487548828125,2330.06884765625,85678499.0
2020-08-31,BBRI.JK,3363.578369140625,3399.941162109375,3181.76318359375,3190.85400390625,2216.40673828125,292651694.0
2020-09-01,BBRI.JK,3227.217041015625,3299.943115234375,3163.581787109375,3281.761474609375,2279.552490234375,216658972.0
2020-09-02,BBRI.JK,3290.852294921875,3327.21533203125,3263.580078125,3327.21533203125,2311.125,117619091.0
2020-09-03,BBRI.JK,3327.21533203125,3354.487548828125,3227.217041015625,3254.4892578125,2260.608642578125,197577052.0
2020-09-04,BBRI.JK,3281.761474609375,3281.761474609375,3163.581787109375,3227.217041015625,2241.6650390625,148013826.0
2020-09-07,BBRI.JK,3227.217041015625,3245.3984375,3181.76318359375,3190.85400390625,2216.40673828125,104297421.0
2020-09-08,BBRI.JK,3190.85400390625,3245.3984375,3190.85400390625,3199.94482421875,2222.7216796875,89521636.0
2020-09-09,BBRI.JK,3163.581787109375,3172.67236328125,3072.67431640625,3099.946533203125,2153.261474609375,196282440.0
2020-09-10,BBRI.JK,2999.9482421875,2999.9482421875,2890.859130859375,2890.859130859375,2008.02685546875,305637969.0
2020-09-11,BBRI.JK,2745.4072265625,3009.038818359375,2736.31640625,2954.494384765625,2052.228759765625,641858446.0
2020-09-14,BBRI.JK,2999.9482421875,3136.3095703125,2999.9482421875,3127.21875,2172.205078125,303482811.0
2020-09-15,BBRI.JK,3127.21875,3145.400146484375,3009.038818359375,3027.220458984375,2102.74462890625,215087925.0
2020-09-16,BBRI.JK,3063.58349609375,3081.764892578125,2945.403564453125,2963.585205078125,2058.543212890625,152384862.0
2020-09-17,BBRI.JK,2972.676025390625,3009.038818359375,2881.768310546875,2909.040771484375,2020.656005859375,184375724.0
2020-09-18,BBRI.JK,2909.040771484375,2972.676025390625,2899.949951171875,2927.22216796875,2033.2847900390625,223172404.0
2020-09-21,BBRI.JK,2909.040771484375,2954.494384765625,2863.5869140625,2899.949951171875,2014.341552734375,125587849.0
2020-09-22,BBRI.JK,2827.223876953125,2899.949951171875,2818.133056640625,2845.405517578125,1976.4539794921875,148046607.0
2020-09-23,BBRI.JK,2881.768310546875,2890.859130859375,2772.679443359375,2799.95166015625,1944.88134765625,132670981.0
2020-09-24,BBRI.JK,2754.497802734375,2799.95166015625,2736.31640625,2754.497802734375,1913.3082275390625,180569548.0
2020-09-25,BBRI.JK,2781.77001953125,2890.859130859375,2763.588623046875,2872.677734375,1995.397705078125,186363128.0
2020-09-28,BBRI.JK,2890.859130859375,2936.31298828125,2799.95166015625,2809.04248046875,1951.19580078125,149014953.0
2020-09-29,BBRI.JK,2836.314697265625,2872.677734375,2745.4072265625,2763.588623046875,1919.622802734375,200970281.0
2020-09-30,BBRI.JK,2781.77001953125,2799.95166015625,2727.2255859375,2763.588623046875,1919.622802734375,184622458.0
2020-10-01,BBRI.JK,2809.04248046875,2881.768310546875,2781.77001953125,2872.677734375,1995.397705078125,143036570.0
2020-10-02,BBRI.JK,2890.859130859375,2918.13134765625,2781.77001953125,2818.133056640625,1957.5106201171875,172772944.0
2020-10-05,BBRI.JK,2872.677734375,2881.768310546875,2827.223876953125,2872.677734375,1995.397705078125,101996951.0
2020-10-06,BBRI.JK,2927.22216796875,2945.403564453125,2890.859130859375,2899.949951171875,2014.341552734375,132900775.0
2020-10-07,BBRI.JK,2872.677734375,2881.768310546875,2799.95166015625,2836.314697265625,1970.139404296875,317619596.0
2020-10-08,BBRI.JK,2863.5869140625,2881.768310546875,2827.223876953125,2863.5869140625,1989.0828857421875,136318754.0
2020-10-09,BBRI.JK,2863.5869140625,2881.768310546875,2836.314697265625,2863.5869140625,1989.0828857421875,89241681.0
2020-10-12,BBRI.JK,2872.677734375,2918.13134765625,2863.5869140625,2899.949951171875,2014.341552734375,172174643.0
2020-10-13,BBRI.JK,2899.949951171875,2999.9482421875,2863.5869140625,2981.7666015625,2071.172119140625,224885904.0
2020-10-14,BBRI.JK,2999.9482421875,3072.67431640625,2990.857421875,3054.49267578125,2121.688720703125,213271353.0
2020-10-15,BBRI.JK,3054.49267578125,3072.67431640625,3009.038818359375,3009.038818359375,2090.11572265625,201627762.0
2020-10-16,BBRI.JK,3036.311279296875,3054.49267578125,2918.13134765625,2954.494384765625,2052.228759765625,154490628.0
2020-10-19,BBRI.JK,2963.585205078125,2990.857421875,2936.31298828125,2981.7666015625,2071.172119140625,105821057.0
2020-10-20,BBRI.JK,2981.7666015625,2990.857421875,2918.13134765625,2954.494384765625,2052.228759765625,147444676.0
2020-10-21,BBRI.JK,2981.7666015625,3009.038818359375,2936.31298828125,2945.403564453125,2045.9139404296875,128682202.0
2020-10-22,BBRI.JK,2927.22216796875,2999.9482421875,2909.040771484375,2999.9482421875,2083.801513671875,176153302.0
2020-10-23,BBRI.JK,3045.40185546875,3045.40185546875,2972.676025390625,2990.857421875,2077.48681640625,128973377.0
2020-10-26,BBRI.JK,2999.9482421875,3054.49267578125,2990.857421875,3036.311279296875,2109.059326171875,111346673.0
2020-10-27,BBRI.JK,3036.311279296875,3090.855712890625,3027.220458984375,3054.49267578125,2121.688720703125,201640192.0
2020-11-02,BBRI.JK,3054.49267578125,3081.764892578125,2999.9482421875,3072.67431640625,2134.31787109375,172465378.0
2020-11-03,BBRI.JK,3081.764892578125,3090.855712890625,3054.49267578125,3072.67431640625,2134.31787109375,133604017.0
2020-11-04,BBRI.JK,3109.037109375,3109.037109375,2990.857421875,2990.857421875,2077.48681640625,152055736.0
2020-11-05,BBRI.JK,3063.58349609375,3172.67236328125,3054.49267578125,3172.67236328125,2203.777587890625,258276321.0
2020-11-06,BBRI.JK,3190.85400390625,3272.670654296875,3154.490966796875,3236.3076171875,2247.979248046875,295649686.0
2020-11-09,BBRI.JK,3345.396728515625,3354.487548828125,3254.4892578125,3354.487548828125,2330.06884765625,283205831.0
2020-11-10,BBRI.JK,3454.48583984375,3645.3916015625,3427.213623046875,3636.30078125,2525.81982421875,622129055.0
2020-11-11,BBRI.JK,3609.028564453125,3809.025146484375,3590.84716796875,3745.389892578125,2601.594482421875,392814584.0
2020-11-12,BBRI.JK,3727.208251953125,3727.208251953125,3563.57470703125,3590.84716796875,2494.246826171875,366633582.0
2020-11-13,BBRI.JK,3609.028564453125,3709.02685546875,3599.937744140625,3636.30078125,2525.81982421875,261115910.0
2020-11-16,BBRI.JK,3681.754638671875,3699.93603515625,3572.66552734375,3599.937744140625,2500.5615234375,212327977.0
2020-11-17,BBRI.JK,3636.30078125,3654.482421875,3572.66552734375,3599.937744140625,2500.5615234375,198939646.0
2020-11-18,BBRI.JK,3618.119384765625,3681.754638671875,3609.028564453125,3672.663818359375,2551.077880859375,200926500.0
2020-11-19,BBRI.JK,3645.3916015625,3754.480712890625,3618.119384765625,3672.663818359375,2551.077880859375,219674674.0
2020-11-20,BBRI.JK,3672.663818359375,3709.02685546875,3627.2099609375,3654.482421875,2538.44921875,137266310.0
2020-11-23,BBRI.JK,3645.3916015625,3727.208251953125,3645.3916015625,3709.02685546875,2576.3359375,135864336.0
2020-11-24,BBRI.JK,3745.389892578125,3845.38818359375,3709.02685546875,3818.115966796875,2652.110595703125,226784757.0
2020-11-25,BBRI.JK,3927.204833984375,3990.840087890625,3863.569580078125,3927.204833984375,2727.88525390625,311676963.0
2020-11-26,BBRI.JK,3836.29736328125,3927.204833984375,3836.29736328125,3899.9326171875,2708.94140625,150181303.0
2020-11-27,BBRI.JK,3936.295654296875,3972.65869140625,3881.751220703125,3881.751220703125,2696.312744140625,126437063.0
2020-11-30,BBRI.JK,3863.569580078125,3890.841796875,3627.2099609375,3718.11767578125,2582.650634765625,493687757.0
2020-12-01,BBRI.JK,3754.480712890625,3872.660400390625,3699.93603515625,3854.478759765625,2677.368896484375,251258199.0
2020-12-02,BBRI.JK,3927.204833984375,3945.386474609375,3863.569580078125,3909.0234375,2715.255859375,149985830.0
2020-12-03,BBRI.JK,3954.47705078125,3999.930908203125,3909.0234375,3999.930908203125,2778.401611328125,218887830.0
2020-12-04,BBRI.JK,3999.930908203125,3999.930908203125,3881.751220703125,3909.0234375,2715.255859375,165420527.0
2020-12-07,BBRI.JK,3954.47705078125,4018.1123046875,3954.47705078125,3999.930908203125,2778.401611328125,154937236.0
2020-12-08,BBRI.JK,3999.930908203125,3999.930908203125,3945.386474609375,3999.930908203125,2778.401611328125,89400744.0
2020-12-10,BBRI.JK,4045.384765625,4045.384765625,3936.295654296875,3936.295654296875,2734.199462890625,212997338.0
2020-12-11,BBRI.JK,3999.930908203125,3999.930908203125,3872.660400390625,3890.841796875,2702.627197265625,191894904.0
2020-12-14,BBRI.JK,3909.0234375,3918.1142578125,3881.751220703125,3890.841796875,2702.627197265625,140126140.0
2020-12-15,BBRI.JK,3890.841796875,3899.9326171875,3854.478759765625,3890.841796875,2702.627197265625,147085740.0
2020-12-16,BBRI.JK,3945.386474609375,3954.47705078125,3909.0234375,3927.204833984375,2727.88525390625,143051750.0
2020-12-17,BBRI.JK,3963.56787109375,3963.56787109375,3918.1142578125,3936.295654296875,2734.199462890625,155902502.0
2020-12-18,BBRI.JK,3881.751220703125,3909.0234375,3881.751220703125,3890.841796875,2702.627197265625,228155710.0
2020-12-21,BBRI.JK,3936.295654296875,3945.386474609375,3827.20654296875,3827.20654296875,2658.4248046875,240869950.0
2020-12-22,BBRI.JK,3854.478759765625,3890.841796875,3745.389892578125,3754.480712890625,2607.9091796875,188635658.0
2020-12-23,BBRI.JK,3772.662109375,3799.934326171875,3590.84716796875,3781.7529296875,2626.852783203125,187175822.0
2020-12-28,BBRI.JK,3863.569580078125,3872.660400390625,3781.7529296875,3863.569580078125,2683.68359375,94730336.0
2020-12-29,BBRI.JK,3863.569580078125,3890.841796875,3790.843505859375,3799.934326171875,2639.481689453125,82725388.0
2020-12-30,BBRI.JK,3809.025146484375,3827.20654296875,3754.480712890625,3790.843505859375,2633.166748046875,99024700.0
2021-01-04,BBRI.JK,3772.662109375,3927.204833984375,3772.662109375,3918.1142578125,2721.57080078125,106226854.0
2021-01-05,BBRI.JK,3909.0234375,3909.0234375,3854.478759765625,3881.751220703125,2696.312744140625,106964857.0
2021-01-06,BBRI.JK,3890.841796875,3909.0234375,3781.7529296875,3818.115966796875,2652.110595703125,128299616.0
2021-01-07,BBRI.JK,3872.660400390625,3899.9326171875,3827.20654296875,3890.841796875,2702.627197265625,141798389.0
2021-01-08,BBRI.JK,3936.295654296875,3990.840087890625,3909.0234375,3990.840087890625,2772.087158203125,205011531.0
2021-01-11,BBRI.JK,4018.1123046875,4236.29052734375,4009.021728515625,4227.19970703125,2936.26513671875,422093240.0
2021-01-12,BBRI.JK,4254.47216796875,4336.28857421875,4245.38134765625,4290.8349609375,2980.467529296875,260390447.0
2021-01-13,BBRI.JK,4336.28857421875,4399.923828125,4318.107421875,4354.47021484375,3024.669189453125,231181533.0
2021-01-14,BBRI.JK,4381.74267578125,4390.8330078125,4290.8349609375,4336.28857421875,3012.0400390625,146980798.0
2021-01-15,BBRI.JK,4336.28857421875,4336.28857421875,4136.2919921875,4163.564453125,2892.063720703125,225189839.0
2021-01-18,BBRI.JK,4163.564453125,4227.19970703125,4127.20166015625,4199.92724609375,2917.3212890625,182568723.0
2021-01-19,BBRI.JK,4272.6533203125,4272.6533203125,4190.8369140625,4199.92724609375,2917.3212890625,152430182.0
2021-01-20,BBRI.JK,4245.38134765625,4472.64990234375,4227.19970703125,4445.3779296875,3087.81494140625,277723446.0
2021-01-21,BBRI.JK,4472.64990234375,4499.92236328125,4336.28857421875,4354.47021484375,3024.669189453125,177275431.0
2021-01-22,BBRI.JK,4418.10546875,4418.10546875,4254.47216796875,4290.8349609375,2980.467529296875,183332136.0
2021-01-25,BBRI.JK,4354.47021484375,4354.47021484375,4190.8369140625,4345.37939453125,3018.354736328125,165278734.0
2021-01-26,BBRI.JK,4345.37939453125,4354.47021484375,4199.92724609375,4227.19970703125,2936.26513671875,163850580.0
2021-01-27,BBRI.JK,4227.19970703125,4290.8349609375,4090.83837890625,4199.92724609375,2917.3212890625,198692361.0
2021-01-28,BBRI.JK,4163.564453125,4227.19970703125,4018.1123046875,4063.566162109375,2822.603759765625,176270344.0
2021-01-29,BBRI.JK,4154.4736328125,4190.8369140625,3799.934326171875,3799.934326171875,2639.481689453125,308226863.0
2021-02-01,BBRI.JK,3799.934326171875,4036.2939453125,3599.937744140625,3999.930908203125,2778.401611328125,355113743.0
2021-02-02,BBRI.JK,4081.74755859375,4081.74755859375,3872.660400390625,3963.56787109375,2753.143798828125,167527833.0
2021-02-03,BBRI.JK,4072.656982421875,4072.656982421875,3963.56787109375,3981.74951171875,2765.772705078125,124241205.0
2021-02-04,BBRI.JK,4045.384765625,4163.564453125,3972.65869140625,4081.74755859375,2835.23291015625,162519997.0
2021-02-05,BBRI.JK,4127.20166015625,4127.20166015625,4018.1123046875,4063.566162109375,2822.603759765625,99005120.0
2021-02-08,BBRI.JK,4118.11083984375,4118.11083984375,4045.384765625,4054.475341796875,2816.289306640625,120218986.0
2021-02-09,BBRI.JK,4090.83837890625,4336.28857421875,4090.83837890625,4199.92724609375,2917.3212890625,464366860.0
2021-02-10,BBRI.JK,4209.01806640625,4281.744140625,4181.74609375,4227.19970703125,2936.26513671875,202155881.0
2021-02-11,BBRI.JK,4272.6533203125,4281.744140625,4209.01806640625,4254.47216796875,2955.209228515625,99681961.0
2021-02-15,BBRI.JK,4281.744140625,4345.37939453125,4272.6533203125,4281.744140625,2974.15283203125,93158189.0
2021-02-16,BBRI.JK,4309.0166015625,4309.0166015625,4236.29052734375,4245.38134765625,2948.894775390625,71623667.0
2021-02-17,BBRI.JK,4281.744140625,4299.92578125,4199.92724609375,4209.01806640625,2923.63623046875,101529553.0
2021-02-18,BBRI.JK,4272.6533203125,4336.28857421875,4227.19970703125,4245.38134765625,2948.894775390625,152089286.0
2021-02-19,BBRI.JK,4181.74609375,4354.47021484375,4181.74609375,4354.47021484375,3024.669189453125,109884637.0
2021-02-22,BBRI.JK,4409.0146484375,4427.1962890625,4327.19775390625,4354.47021484375,3024.669189453125,157619632.0
2021-02-23,BBRI.JK,4372.65185546875,4390.8330078125,4309.0166015625,4354.47021484375,3024.669189453125,107810772.0
2021-02-24,BBRI.JK,4354.47021484375,4381.74267578125,4281.744140625,4299.92578125,2986.781494140625,105582023.0
2021-02-25,BBRI.JK,4336.28857421875,4336.28857421875,4245.38134765625,4299.92578125,2986.781494140625,131635423.0
2021-02-26,BBRI.JK,4299.92578125,4318.107421875,4272.6533203125,4281.744140625,2974.15283203125,161796404.0
2021-03-01,BBRI.JK,4363.56103515625,4390.8330078125,4290.8349609375,4390.8330078125,3049.9267578125,127020403.0
2021-03-02,BBRI.JK,4427.1962890625,4436.287109375,4363.56103515625,4363.56103515625,3030.983642578125,75195758.0
2021-03-03,BBRI.JK,4363.56103515625,4409.0146484375,4309.0166015625,4409.0146484375,3062.55615234375,85026738.0
2021-03-04,BBRI.JK,4409.0146484375,4409.0146484375,4299.92578125,4327.19775390625,3005.72509765625,117897176.0
2021-03-05,BBRI.JK,4309.0166015625,4336.28857421875,4272.6533203125,4336.28857421875,3012.0400390625,71188389.0
2021-03-08,BBRI.JK,4363.56103515625,4381.74267578125,4299.92578125,4299.92578125,2986.781494140625,69917647.0
2021-03-09,BBRI.JK,4318.107421875,4318.107421875,4145.3828125,4163.564453125,2892.063720703125,165527119.0
2021-03-10,BBRI.JK,4227.19970703125,4236.29052734375,4172.6552734375,4209.01806640625,2923.63623046875,77405916.0
2021-03-12,BBRI.JK,4263.5625,4263.5625,4127.20166015625,4163.564453125,2892.063720703125,152360111.0
2021-03-15,BBRI.JK,4163.564453125,4209.01806640625,4145.3828125,4154.4736328125,2885.74951171875,95483079.0
2021-03-16,BBRI.JK,4236.29052734375,4336.28857421875,4190.8369140625,4290.8349609375,2980.467529296875,151028868.0
2021-03-17,BBRI.JK,4254.47216796875,4272.6533203125,4181.74609375,4245.38134765625,2948.894775390625,116245827.0
2021-03-18,BBRI.JK,4281.744140625,4336.28857421875,4263.5625,4327.19775390625,3005.72509765625,95635541.0
2021-03-19,BBRI.JK,4318.107421875,4318.107421875,4245.38134765625,4245.38134765625,2948.894775390625,166398004.0
2021-03-22,BBRI.JK,4272.6533203125,4272.6533203125,4199.92724609375,4209.01806640625,2923.63623046875,67100278.0
2021-03-23,BBRI.JK,4290.8349609375,4290.8349609375,4227.19970703125,4245.38134765625,2948.894775390625,115036356.0
2021-03-24,BBRI.JK,4299.92578125,4299.92578125,4227.19970703125,4245.38134765625,2948.894775390625,120514341.0
2021-03-25,BBRI.JK,4272.6533203125,4272.6533203125,4163.564453125,4199.92724609375,2917.3212890625,95145043.0
2021-03-26,BBRI.JK,4209.01806640625,4290.8349609375,4199.92724609375,4290.8349609375,2980.467529296875,106978057.0
2021-03-29,BBRI.JK,4345.37939453125,4345.37939453125,4290.8349609375,4290.8349609375,2980.467529296875,106807554.0
2021-03-30,BBRI.JK,4272.6533203125,4272.6533203125,4072.656982421875,4090.83837890625,2841.546875,214898061.0
2021-03-31,BBRI.JK,4045.384765625,4072.656982421875,3872.660400390625,3999.930908203125,2778.401611328125,323139711.0
2021-04-01,BBRI.JK,3954.47705078125,3972.65869140625,3827.20654296875,3899.9326171875,2708.94140625,340183845.0
2021-04-05,BBRI.JK,3927.204833984375,3936.295654296875,3781.7529296875,3818.115966796875,2652.110595703125,345533898.0
2021-04-06,BBRI.JK,3790.843505859375,3845.38818359375,3772.662109375,3818.115966796875,2716.0712890625,167319270.0
2021-04-07,BBRI.JK,3845.38818359375,3854.478759765625,3781.7529296875,3818.115966796875,2716.0712890625,116953800.0
2021-04-08,BBRI.JK,3863.569580078125,3963.56787109375,3845.38818359375,3954.47705078125,2813.073974609375,158572578.0
2021-04-09,BBRI.JK,3981.74951171875,3999.930908203125,3954.47705078125,3954.47705078125,2813.073974609375,125277643.0
2021-04-12,BBRI.JK,3990.840087890625,3990.840087890625,3818.115966796875,3827.20654296875,2722.5380859375,115119078.0
2021-04-13,BBRI.JK,3827.20654296875,3872.660400390625,3745.389892578125,3781.7529296875,2690.2041015625,120186645.0
2021-04-14,BBRI.JK,3890.841796875,3954.47705078125,3836.29736328125,3954.47705078125,2813.073974609375,113531640.0
2021-04-15,BBRI.JK,3990.840087890625,4009.021728515625,3890.841796875,4009.021728515625,2851.874755859375,86272180.0
2021-04-16,BBRI.JK,4045.384765625,4054.475341796875,3918.1142578125,3945.386474609375,2806.607177734375,74495706.0
2021-04-19,BBRI.JK,3963.56787109375,3981.74951171875,3918.1142578125,3981.74951171875,2832.474365234375,62185614.0
2021-04-20,BBRI.JK,3899.9326171875,3936.295654296875,3836.29736328125,3918.1142578125,2787.206787109375,98216076.0
2021-04-21,BBRI.JK,3854.478759765625,3899.9326171875,3845.38818359375,3845.38818359375,2735.47216796875,51954007.0
2021-04-22,BBRI.JK,3845.38818359375,3872.660400390625,3818.115966796875,3818.115966796875,2716.0712890625,118813822.0
2021-04-23,BBRI.JK,3818.115966796875,3890.841796875,3809.025146484375,3863.569580078125,2748.405517578125,120513461.0
2021-04-26,BBRI.JK,3854.478759765625,3863.569580078125,3754.480712890625,3763.5712890625,2677.27001953125,157367288.0
2021-04-27,BBRI.JK,3818.115966796875,3818.115966796875,3772.662109375,3790.843505859375,2696.670654296875,146082083.0
2021-04-28,BBRI.JK,3790.843505859375,3836.29736328125,3754.480712890625,3754.480712890625,2670.803955078125,126586116.0
2021-04-29,BBRI.JK,3809.025146484375,3818.115966796875,3763.5712890625,3781.7529296875,2690.2041015625,124711354.0
2021-04-30,BBRI.JK,3772.662109375,3781.7529296875,3681.754638671875,3681.754638671875,2619.06884765625,257497837.0
2021-05-03,BBRI.JK,3690.845458984375,3699.93603515625,3636.30078125,3645.3916015625,2593.20166015625,124235705.0
2021-05-04,BBRI.JK,3654.482421875,3699.93603515625,3645.3916015625,3690.845458984375,2625.53564453125,84287635.0
2021-05-05,BBRI.JK,3736.299072265625,3754.480712890625,3709.02685546875,3718.11767578125,2644.936279296875,117321536.0
2021-05-06,BBRI.JK,3754.480712890625,3754.480712890625,3699.93603515625,3736.299072265625,2657.8701171875,86226199.0
2021-05-07,BBRI.JK,3763.5712890625,3763.5712890625,3672.663818359375,3681.754638671875,2619.06884765625,83358229.0
2021-05-10,BBRI.JK,3681.754638671875,3718.11767578125,3681.754638671875,3681.754638671875,2619.06884765625,81377755.0
2021-05-11,BBRI.JK,3663.572998046875,3672.663818359375,3618.119384765625,3627.2099609375,2580.267578125,167031505.0
2021-05-17,BBRI.JK,3599.937744140625,3636.30078125,3545.393310546875,3545.393310546875,2522.06640625,214824800.0
2021-05-18,BBRI.JK,3599.937744140625,3599.937744140625,3536.302490234375,3545.393310546875,2522.06640625,127276708.0
2021-05-19,BBRI.JK,3499.939453125,3581.75634765625,3499.939453125,3518.12109375,2502.666015625,135307947.0
2021-05-20,BBRI.JK,3490.848876953125,3572.66552734375,3472.667236328125,3527.2119140625,2509.132568359375,164832677.0
2021-05-21,BBRI.JK,3563.57470703125,3590.84716796875,3509.0302734375,3536.302490234375,2515.599365234375,121124632.0
2021-05-24,BBRI.JK,3609.028564453125,3690.845458984375,3554.484130859375,3672.663818359375,2612.60205078125,147190132.0
2021-05-25,BBRI.JK,3699.93603515625,3763.5712890625,3672.663818359375,3690.845458984375,2625.53564453125,168676803.0
2021-05-27,BBRI.JK,3763.5712890625,3809.025146484375,3590.84716796875,3590.84716796875,2554.400146484375,622692705.0
2021-05-28,BBRI.JK,3672.663818359375,3790.843505859375,3654.482421875,3699.93603515625,2632.002197265625,274099434.0
2021-05-31,BBRI.JK,3754.480712890625,3890.841796875,3736.299072265625,3872.660400390625,2754.87255859375,326538660.0
2021-06-02,BBRI.JK,3954.47705078125,3981.74951171875,3845.38818359375,3872.660400390625,2754.87255859375,312257333.0
2021-06-03,BBRI.JK,3881.751220703125,3963.56787109375,3836.29736328125,3963.56787109375,2819.541015625,173444725.0
2021-06-04,BBRI.JK,3981.74951171875,3990.840087890625,3899.9326171875,3945.386474609375,2806.607177734375,138144236.0
2021-06-07,BBRI.JK,3945.386474609375,3954.47705078125,3827.20654296875,3863.569580078125,2748.405517578125,152755788.0
2021-06-08,BBRI.JK,3890.841796875,3890.841796875,3809.025146484375,3818.115966796875,2716.0712890625,108888570.0
2021-06-09,BBRI.JK,3727.208251953125,3881.751220703125,3727.208251953125,3836.29736328125,2729.005126953125,107433795.0
2021-06-10,BBRI.JK,3890.841796875,3927.204833984375,3872.660400390625,3909.0234375,2780.739990234375,106984877.0
2021-06-11,BBRI.JK,3954.47705078125,3954.47705078125,3890.841796875,3890.841796875,2767.805908203125,57809408.0
2021-06-14,BBRI.JK,3936.295654296875,3954.47705078125,3890.841796875,3954.47705078125,2813.073974609375,133363443.0
2021-06-15,BBRI.JK,3954.47705078125,3954.47705078125,3827.20654296875,3845.38818359375,2735.47216796875,200713646.0
2021-06-16,BBRI.JK,3772.662109375,3790.843505859375,3645.3916015625,3645.3916015625,2593.20166015625,481002668.0
2021-06-17,BBRI.JK,3618.119384765625,3699.93603515625,3572.66552734375,3663.572998046875,2606.135009765625,336253477.0
2021-06-18,BBRI.JK,3690.845458984375,3690.845458984375,3554.484130859375,3554.484130859375,2528.533203125,325605954.0
2021-06-21,BBRI.JK,3527.2119140625,3609.028564453125,3509.0302734375,3581.75634765625,2547.93359375,159544775.0
2021-06-22,BBRI.JK,3581.75634765625,3699.93603515625,3563.57470703125,3672.663818359375,2612.60205078125,132832794.0
2021-06-23,BBRI.JK,3681.754638671875,3699.93603515625,3581.75634765625,3581.75634765625,2547.93359375,178751767.0
2021-06-24,BBRI.JK,3636.30078125,3645.3916015625,3599.937744140625,3627.2099609375,2580.267578125,55421157.0
2021-06-25,BBRI.JK,3663.572998046875,3672.663818359375,3627.2099609375,3627.2099609375,2580.267578125,83150216.0
2021-06-28,BBRI.JK,3618.119384765625,3627.2099609375,3572.66552734375,3572.66552734375,2541.466552734375,155357663.0
2021-06-29,BBRI.JK,3509.0302734375,3554.484130859375,3509.0302734375,3545.393310546875,2522.06640625,133952393.0
2021-06-30,BBRI.JK,3545.393310546875,3609.028564453125,3536.302490234375,3581.75634765625,2547.93359375,124133954.0
2021-07-01,BBRI.JK,3581.75634765625,3609.028564453125,3554.484130859375,3581.75634765625,2547.93359375,105240907.0
2021-07-02,BBRI.JK,3636.30078125,3663.572998046875,3609.028564453125,3627.2099609375,2580.267578125,93832940.0
2021-07-05,BBRI.JK,3572.66552734375,3599.937744140625,3527.2119140625,3545.393310546875,2522.06640625,93466744.0
2021-07-06,BBRI.JK,3590.84716796875,3590.84716796875,3536.302490234375,3536.302490234375,2515.599365234375,60849751.0
2021-07-07,BBRI.JK,3563.57470703125,3581.75634765625,3463.576416015625,3472.667236328125,2470.33154296875,163599005.0
2021-07-08,BBRI.JK,3536.302490234375,3545.393310546875,3472.667236328125,3518.12109375,2502.666015625,162349164.0
2021-07-09,BBRI.JK,3509.0302734375,3518.12109375,3436.30419921875,3454.48583984375,2457.39794921875,140611578.0
2021-07-12,BBRI.JK,3454.48583984375,3472.667236328125,3409.031982421875,3418.122802734375,2431.53076171875,131702194.0
2021-07-13,BBRI.JK,3454.48583984375,3454.48583984375,3418.122802734375,3436.30419921875,2444.46435546875,175683484.0
2021-07-14,BBRI.JK,3436.30419921875,3454.48583984375,3363.578369140625,3372.6689453125,2399.1962890625,115704508.0
2021-07-15,BBRI.JK,3409.031982421875,3490.848876953125,3390.8505859375,3463.576416015625,2463.86474609375,139855425.0
2021-07-16,BBRI.JK,3499.939453125,3509.0302734375,3463.576416015625,3490.848876953125,2483.26513671875,108336691.0
2021-07-19,BBRI.JK,3499.939453125,3499.939453125,3436.30419921875,3436.30419921875,2444.46435546875,69326497.0
2021-07-21,BBRI.JK,3499.939453125,3527.2119140625,3463.576416015625,3472.667236328125,2470.33154296875,111008747.0
2021-07-22,BBRI.JK,3518.12109375,3554.484130859375,3490.848876953125,3545.393310546875,2522.06640625,93842180.0
2021-07-23,BBRI.JK,3581.75634765625,3590.84716796875,3481.758056640625,3518.12109375,2502.666015625,95960267.0
2021-07-26,BBRI.JK,3545.393310546875,3545.393310546875,3472.667236328125,3481.758056640625,2476.798583984375,90198037.0
2021-07-27,BBRI.JK,3509.0302734375,3509.0302734375,3427.213623046875,3454.48583984375,2457.39794921875,99741692.0
2021-07-28,BBRI.JK,3454.48583984375,3463.576416015625,3381.759765625,3390.8505859375,2412.1298828125,77777283.0
2021-07-29,BBRI.JK,3418.122802734375,3490.848876953125,3409.031982421875,3427.213623046875,2437.99755859375,102817895.0
2021-07-30,BBRI.JK,3481.758056640625,3481.758056640625,3372.6689453125,3372.6689453125,2399.1962890625,113633172.0
2021-08-02,BBRI.JK,3427.213623046875,3427.213623046875,3363.578369140625,3399.941162109375,2418.596435546875,105807637.0
2021-08-03,BBRI.JK,3399.941162109375,3436.30419921875,3381.759765625,3409.031982421875,2425.063720703125,87862477.0
2021-08-04,BBRI.JK,3445.39501953125,3499.939453125,3427.213623046875,3499.939453125,2489.73193359375,91847406.0
2021-08-05,BBRI.JK,3545.393310546875,3718.11767578125,3545.393310546875,3681.754638671875,2619.06884765625,294149590.0
2021-08-06,BBRI.JK,3681.754638671875,3690.845458984375,3545.393310546875,3572.66552734375,2541.466552734375,152456913.0
2021-08-09,BBRI.JK,3581.75634765625,3590.84716796875,3472.667236328125,3499.939453125,2489.73193359375,102404178.0
2021-08-10,BBRI.JK,3536.302490234375,3536.302490234375,3463.576416015625,3472.667236328125,2470.33154296875,94349949.0
2021-08-12,BBRI.JK,3499.939453125,3499.939453125,3454.48583984375,3463.576416015625,2463.86474609375,94464021.0
2021-08-13,BBRI.JK,3472.667236328125,3527.2119140625,3472.667236328125,3518.12109375,2502.666015625,104829940.0
2021-08-16,BBRI.JK,3518.12109375,3572.66552734375,3490.848876953125,3572.66552734375,2541.466552734375,70083530.0
2021-08-18,BBRI.JK,3627.2099609375,3718.11767578125,3572.66552734375,3699.93603515625,2632.002197265625,247351372.0
2021-08-19,BBRI.JK,3636.30078125,3654.482421875,3509.0302734375,3527.2119140625,2509.132568359375,218214729.0
2021-08-20,BBRI.JK,3527.2119140625,3581.75634765625,3481.758056640625,3572.66552734375,2541.466552734375,88330535.0
2021-08-23,BBRI.JK,3618.119384765625,3627.2099609375,3572.66552734375,3599.937744140625,2560.8671875,68133856.0
2021-08-24,BBRI.JK,3590.84716796875,3599.937744140625,3481.758056640625,3536.302490234375,2515.599365234375,150882016.0
2021-08-25,BBRI.JK,3499.939453125,3545.393310546875,3499.939453125,3536.302490234375,2515.599365234375,86571495.0
2021-08-26,BBRI.JK,3536.302490234375,3545.393310546875,3490.848876953125,3518.12109375,2502.666015625,69144334.0
2021-08-27,BBRI.JK,3536.302490234375,3536.302490234375,3481.758056640625,3490.848876953125,2483.26513671875,79498923.0
2021-08-30,BBRI.JK,3499.939453125,3581.75634765625,3490.848876953125,3581.75634765625,2547.93359375,128539860.0
2021-08-31,BBRI.JK,3581.75634765625,3590.84716796875,3518.12109375,3572.66552734375,2541.466552734375,134879489.0
2021-09-01,BBRI.JK,3572.66552734375,3572.66552734375,3527.2119140625,3536.302490234375,2515.599365234375,97691477.0
2021-09-02,BBRI.JK,3509.0302734375,3536.302490234375,3490.848876953125,3518.12109375,2502.666015625,81242343.0
2021-09-03,BBRI.JK,3499.939453125,3572.66552734375,3463.576416015625,3572.66552734375,2541.466552734375,165056860.0
2021-09-06,BBRI.JK,3590.84716796875,3618.119384765625,3499.939453125,3499.939453125,2489.73193359375,188929693.0
2021-09-07,BBRI.JK,3536.302490234375,3563.57470703125,3518.12109375,3554.484130859375,2528.533203125,140380354.0
2021-09-08,BBRI.JK,3820.0,3880.0,3720.0,3730.0,2653.38916015625,228087900.0
2021-09-09,BBRI.JK,3700.0,3770.0,3650.0,3730.0,2653.38916015625,306319600.0
2021-09-10,BBRI.JK,3710.0,3790.0,3670.0,3780.0,2688.95703125,177033000.0
2021-09-13,BBRI.JK,3710.0,3750.0,3660.0,3700.0,2632.048095703125,169825000.0
2021-09-14,BBRI.JK,3720.0,3730.0,3660.0,3700.0,2632.048095703125,216363400.0
2021-09-15,BBRI.JK,3670.0,3670.0,3620.0,3660.0,2603.593017578125,263544000.0
2021-09-16,BBRI.JK,3650.0,3660.0,3610.0,3640.0,2589.366455078125,194782800.0
2021-09-17,BBRI.JK,3630.0,3640.0,3570.0,3610.0,2568.025146484375,346529100.0
2021-09-20,BBRI.JK,3590.0,3590.0,3510.0,3590.0,2553.798095703125,357971300.0
2021-09-21,BBRI.JK,3510.0,3580.0,3500.0,3570.0,2539.5703125,410533900.0
2021-09-22,BBRI.JK,3520.0,3650.0,3520.0,3610.0,2568.025146484375,416087300.0
2021-09-23,BBRI.JK,3600.0,3770.0,3590.0,3770.0,2681.84326171875,432390800.0
2021-09-24,BBRI.JK,3790.0,3860.0,3770.0,3820.0,2717.411865234375,634549600.0
2021-09-27,BBRI.JK,3770.0,3800.0,3730.0,3750.0,2667.615966796875,380151200.0
2021-09-28,BBRI.JK,3770.0,3770.0,3690.0,3720.0,2646.275146484375,306827400.0
2021-09-29,BBRI.JK,3720.0,3750.0,3690.0,3740.0,2660.502685546875,143081800.0
2021-09-30,BBRI.JK,3760.0,3870.0,3750.0,3850.0,2738.752685546875,416099000.0
2021-10-01,BBRI.JK,3850.0,3920.0,3830.0,3900.0,2774.32080078125,359864700.0
2021-10-04,BBRI.JK,3900.0,4010.0,3890.0,3970.0,2824.116455078125,335762600.0
2021-10-05,BBRI.JK,3950.0,3980.0,3910.0,3930.0,2795.66162109375,236562700.0
2021-10-06,BBRI.JK,3920.0,4150.0,3920.0,4120.0,2930.82080078125,446708800.0
2021-10-07,BBRI.JK,4150.0,4170.0,4070.0,4120.0,2930.82080078125,264905400.0
2021-10-08,BBRI.JK,4190.0,4240.0,4130.0,4160.0,2959.275634765625,196631600.0
2021-10-11,BBRI.JK,4160.0,4200.0,4130.0,4180.0,2973.5029296875,146720100.0
2021-10-12,BBRI.JK,4180.0,4240.0,4180.0,4220.0,3001.95751953125,241196000.0
2021-10-13,BBRI.JK,4230.0,4300.0,4220.0,4280.0,3044.63916015625,264629400.0
2021-10-14,BBRI.JK,4280.0,4350.0,4230.0,4250.0,3023.298583984375,196989500.0
2021-10-15,BBRI.JK,4250.0,4330.0,4220.0,4320.0,3073.093505859375,318189600.0
2021-10-18,BBRI.JK,4350.0,4410.0,4340.0,4410.0,3137.11669921875,286829000.0
2021-10-19,BBRI.JK,4450.0,4450.0,4360.0,4400.0,3130.003173828125,161256300.0
2021-10-21,BBRI.JK,4450.0,4460.0,4320.0,4360.0,3101.54833984375,319230200.0
2021-10-22,BBRI.JK,4340.0,4400.0,4320.0,4400.0,3130.003173828125,160459300.0
2021-10-25,BBRI.JK,4330.0,4370.0,4300.0,4300.0,3058.866455078125,128240100.0
2021-10-26,BBRI.JK,4280.0,4370.0,4270.0,4350.0,3094.43505859375,108782400.0
2021-10-27,BBRI.JK,4330.0,4340.0,4260.0,4290.0,3051.75244140625,258038300.0
2021-10-28,BBRI.JK,4210.0,4300.0,4200.0,4240.0,3016.184814453125,159645200.0
2021-10-29,BBRI.JK,4300.0,4300.0,4220.0,4250.0,3023.298583984375,155011100.0
2021-11-01,BBRI.JK,4330.0,4330.0,4220.0,4230.0,3009.07080078125,102079300.0
2021-11-02,BBRI.JK,4270.0,4270.0,4210.0,4210.0,2994.84375,124799700.0
2021-11-03,BBRI.JK,4250.0,4300.0,4210.0,4290.0,3051.75244140625,100486300.0
2021-11-04,BBRI.JK,4330.0,4340.0,4250.0,4250.0,3023.298583984375,119591100.0
2021-11-05,BBRI.JK,4270.0,4270.0,4210.0,4240.0,3016.184814453125,74347000.0
2021-11-08,BBRI.JK,4250.0,4260.0,4220.0,4230.0,3009.07080078125,79465600.0
2021-11-09,BBRI.JK,4230.0,4250.0,4220.0,4250.0,3023.298583984375,92453200.0
2021-11-10,BBRI.JK,4230.0,4260.0,4210.0,4250.0,3023.298583984375,69475400.0
2021-11-11,BBRI.JK,4290.0,4300.0,4230.0,4250.0,3023.298583984375,149637700.0
2021-11-12,BBRI.JK,4270.0,4290.0,4210.0,4220.0,3001.95751953125,80234400.0
2021-11-15,BBRI.JK,4220.0,4220.0,4140.0,4160.0,2959.275634765625,220142300.0
2021-11-16,BBRI.JK,4120.0,4170.0,4120.0,4130.0,2937.9345703125,163555000.0
2021-11-17,BBRI.JK,4170.0,4200.0,4160.0,4200.0,2987.729736328125,126523700.0
2021-11-18,BBRI.JK,4150.0,4190.0,4140.0,4180.0,2973.5029296875,114881200.0
2021-11-19,BBRI.JK,4220.0,4290.0,4220.0,4280.0,3044.63916015625,182167700.0
2021-11-22,BBRI.JK,4310.0,4310.0,4250.0,4280.0,3044.63916015625,151514000.0
2021-11-23,BBRI.JK,4280.0,4280.0,4200.0,4210.0,2994.84375,104294200.0
2021-11-24,BBRI.JK,4200.0,4230.0,4190.0,4210.0,2994.84375,111072800.0
2021-11-25,BBRI.JK,4180.0,4250.0,4180.0,4220.0,3001.95751953125,123609400.0
2021-11-26,BBRI.JK,4190.0,4220.0,4150.0,4160.0,2959.275634765625,148652500.0
2021-11-29,BBRI.JK,4150.0,4190.0,4080.0,4170.0,2966.38916015625,164312800.0
2021-11-30,BBRI.JK,4150.0,4220.0,4090.0,4090.0,2909.47998046875,316653200.0
2021-12-01,BBRI.JK,4090.0,4180.0,4070.0,4080.0,2902.366455078125,163457900.0
2021-12-02,BBRI.JK,4060.0,4220.0,4060.0,4200.0,2987.729736328125,139281800.0
2021-12-03,BBRI.JK,4210.0,4220.0,4170.0,4170.0,2966.38916015625,93227100.0
2021-12-06,BBRI.JK,4200.0,4220.0,4110.0,4110.0,2923.70703125,106610000.0
2021-12-07,BBRI.JK,4190.0,4230.0,4160.0,4230.0,3009.07080078125,182048000.0
2021-12-08,BBRI.JK,4250.0,4250.0,4170.0,4210.0,2994.84375,143230200.0
2021-12-09,BBRI.JK,4220.0,4220.0,4160.0,4190.0,2980.616455078125,90471500.0
2021-12-10,BBRI.JK,4130.0,4160.0,4130.0,4130.0,2937.9345703125,122999200.0
2021-12-13,BBRI.JK,4170.0,4200.0,4160.0,4160.0,2959.275634765625,86848900.0
2021-12-14,BBRI.JK,4150.0,4160.0,4130.0,4130.0,2937.9345703125,100110000.0
2021-12-15,BBRI.JK,4150.0,4230.0,4140.0,4200.0,2987.729736328125,124522800.0
2021-12-16,BBRI.JK,4220.0,4220.0,4120.0,4140.0,2945.048095703125,136646600.0
2021-12-17,BBRI.JK,4090.0,4140.0,4090.0,4110.0,2923.70703125,153165400.0
2021-12-20,BBRI.JK,4070.0,4130.0,4060.0,4120.0,2930.82080078125,89198900.0
2021-12-21,BBRI.JK,4100.0,4120.0,4080.0,4080.0,2902.366455078125,109561800.0
2021-12-22,BBRI.JK,4100.0,4110.0,4050.0,4050.0,2881.025634765625,104738000.0
2021-12-23,BBRI.JK,4090.0,4110.0,4060.0,4100.0,2916.593994140625,72736800.0
2021-12-24,BBRI.JK,4100.0,4120.0,4050.0,4070.0,2895.252685546875,59795000.0
2021-12-27,BBRI.JK,4070.0,4110.0,4060.0,4060.0,2888.138916015625,65491200.0
2021-12-28,BBRI.JK,4090.0,4110.0,4070.0,4090.0,2909.47998046875,52952500.0
2021-12-29,BBRI.JK,4090.0,4100.0,4070.0,4080.0,2902.366455078125,27676500.0
2021-12-30,BBRI.JK,4080.0,4140.0,4060.0,4110.0,2923.70703125,146989400.0
2022-01-03,BBRI.JK,4120.0,4190.0,4090.0,4180.0,2973.5029296875,90842500.0
2022-01-04,BBRI.JK,4200.0,4210.0,4160.0,4160.0,2959.275634765625,93950000.0
2022-01-05,BBRI.JK,4180.0,4230.0,4130.0,4210.0,2994.84375,174376400.0
2022-01-06,BBRI.JK,4240.0,4240.0,4140.0,4160.0,2959.275634765625,137280000.0
2022-01-07,BBRI.JK,4170.0,4200.0,4150.0,4190.0,2980.616455078125,101275000.0
2022-01-10,BBRI.JK,4190.0,4210.0,4180.0,4180.0,2973.5029296875,70722600.0
2022-01-11,BBRI.JK,4180.0,4180.0,4130.0,4150.0,2952.161865234375,99404900.0
2022-01-12,BBRI.JK,4170.0,4180.0,4130.0,4160.0,2959.275634765625,65907000.0
2022-01-13,BBRI.JK,4180.0,4190.0,4170.0,4190.0,2980.616455078125,103522400.0
2022-01-14,BBRI.JK,4190.0,4210.0,4160.0,4180.0,2973.5029296875,110213800.0
2022-01-17,BBRI.JK,4200.0,4210.0,4180.0,4210.0,2994.84375,102957100.0
2022-01-18,BBRI.JK,4240.0,4240.0,4140.0,4190.0,2980.616455078125,120275000.0
2022-01-19,BBRI.JK,4210.0,4210.0,4130.0,4130.0,2937.9345703125,109954700.0
2022-01-20,BBRI.JK,4130.0,4160.0,4110.0,4130.0,2937.9345703125,86394600.0
2022-01-21,BBRI.JK,4130.0,4170.0,4110.0,4170.0,2966.38916015625,84972500.0
2022-01-24,BBRI.JK,4140.0,4160.0,4100.0,4120.0,2930.82080078125,76709900.0
2022-01-25,BBRI.JK,4100.0,4110.0,4000.0,4070.0,2895.252685546875,185007800.0
2022-01-26,BBRI.JK,4030.0,4100.0,4030.0,4090.0,2909.47998046875,97589500.0
2022-01-27,BBRI.JK,4070.0,4140.0,4060.0,4140.0,2945.048095703125,80682900.0
2022-01-28,BBRI.JK,4170.0,4170.0,4090.0,4140.0,2945.048095703125,84812100.0
2022-01-31,BBRI.JK,4170.0,4170.0,4070.0,4070.0,2895.252685546875,78498500.0
2022-02-02,BBRI.JK,4120.0,4120.0,4060.0,4070.0,2895.252685546875,81546300.0
2022-02-03,BBRI.JK,4180.0,4180.0,4130.0,4130.0,2937.9345703125,157898800.0
2022-02-04,BBRI.JK,4170.0,4210.0,4150.0,4210.0,2994.84375,236602900.0
2022-02-07,BBRI.JK,4240.0,4410.0,4220.0,4400.0,3130.003173828125,468016600.0
2022-02-08,BBRI.JK,4450.0,4550.0,4400.0,4440.0,3158.45751953125,310878100.0
2022-02-09,BBRI.JK,4400.0,4500.0,4380.0,4450.0,3165.571044921875,149000100.0
2022-02-10,BBRI.JK,4500.0,4500.0,4450.0,4470.0,3179.798828125,112521600.0
2022-02-11,BBRI.JK,4420.0,4450.0,4380.0,4450.0,3165.571044921875,103418200.0
2022-02-14,BBRI.JK,4450.0,4450.0,4380.0,4410.0,3137.11669921875,105260000.0
2022-02-15,BBRI.JK,4440.0,4450.0,4390.0,4430.0,3151.343994140625,96658500.0
2022-02-16,BBRI.JK,4470.0,4470.0,4410.0,4420.0,3144.230224609375,89636300.0
2022-02-17,BBRI.JK,4390.0,4410.0,4340.0,4400.0,3130.003173828125,118305100.0
2022-02-18,BBRI.JK,4400.0,4440.0,4370.0,4430.0,3151.343994140625,127058000.0
2022-02-21,BBRI.JK,4460.0,4490.0,4440.0,4490.0,3194.025634765625,133717300.0
2022-02-22,BBRI.JK,4440.0,4470.0,4420.0,4430.0,3151.343994140625,109060900.0
2022-02-23,BBRI.JK,4520.0,4520.0,4460.0,4480.0,3186.912109375,160827800.0
2022-02-24,BBRI.JK,4470.0,4470.0,4370.0,4390.0,3122.889404296875,217523600.0
2022-02-25,BBRI.JK,4450.0,4550.0,4410.0,4550.0,3236.707275390625,301346400.0
2022-03-01,BBRI.JK,4850.0,4860.0,4630.0,4630.0,3293.61669921875,494657800.0
2022-03-02,BBRI.JK,4680.0,4690.0,4550.0,4560.0,3243.821533203125,186635200.0
2022-03-04,BBRI.JK,4720.0,4730.0,4610.0,4670.0,3322.0712890625,292022600.0
2022-03-07,BBRI.JK,4580.0,4630.0,4520.0,4520.0,3215.36669921875,224515800.0
2022-03-08,BBRI.JK,4500.0,4560.0,4430.0,4430.0,3151.343994140625,214870200.0
2022-03-09,BBRI.JK,4530.0,4590.0,4500.0,4570.0,3250.934814453125,191967100.0
2022-03-10,BBRI.JK,4640.0,4640.0,4510.0,4570.0,3250.934814453125,225575800.0
2022-03-11,BBRI.JK,4400.0,4440.0,4370.0,4400.0,3254.0791015625,275965300.0
2022-03-14,BBRI.JK,4440.0,4540.0,4410.0,4520.0,3342.826904296875,212052100.0
2022-03-15,BBRI.JK,4550.0,4640.0,4530.0,4610.0,3409.387451171875,357755700.0
2022-03-16,BBRI.JK,4650.0,4660.0,4610.0,4650.0,3438.970458984375,226817000.0
2022-03-17,BBRI.JK,4690.0,4700.0,4610.0,4650.0,3438.970458984375,224068000.0
2022-03-18,BBRI.JK,4700.0,4700.0,4580.0,4580.0,3387.200927734375,257863400.0
2022-03-21,BBRI.JK,4600.0,4630.0,4560.0,4590.0,3394.596435546875,118791900.0
2022-03-22,BBRI.JK,4690.0,4710.0,4640.0,4640.0,3431.574462890625,177758500.0
2022-03-23,BBRI.JK,4680.0,4690.0,4620.0,4650.0,3438.970458984375,146545100.0
2022-03-24,BBRI.JK,4640.0,4730.0,4620.0,4730.0,3498.13525390625,206271600.0
2022-03-25,BBRI.JK,4760.0,4760.0,4650.0,4710.0,3483.34423828125,137104800.0
2022-03-28,BBRI.JK,4730.0,4740.0,4670.0,4730.0,3498.13525390625,106801800.0
2022-03-29,BBRI.JK,4750.0,4750.0,4670.0,4690.0,3468.552490234375,93155100.0
2022-03-30,BBRI.JK,4740.0,4740.0,4690.0,4710.0,3483.34423828125,83364400.0
2022-03-31,BBRI.JK,4700.0,4750.0,4660.0,4660.0,3446.365234375,158650000.0
2022-04-01,BBRI.JK,4690.0,4730.0,4630.0,4730.0,3498.13525390625,145105000.0
2022-04-04,BBRI.JK,4730.0,4730.0,4660.0,4700.0,3475.9482421875,103902000.0
2022-04-05,BBRI.JK,4730.0,4740.0,4670.0,4700.0,3475.9482421875,76154300.0
2022-04-06,BBRI.JK,4690.0,4690.0,4600.0,4600.0,3401.99169921875,111009800.0
2022-04-07,BBRI.JK,4670.0,4670.0,4620.0,4630.0,3424.1787109375,91942500.0
2022-04-08,BBRI.JK,4630.0,4650.0,4600.0,4610.0,3409.387451171875,125657900.0
2022-04-11,BBRI.JK,4600.0,4620.0,4570.0,4570.0,3379.804931640625,109861100.0
2022-04-12,BBRI.JK,4550.0,4610.0,4550.0,4610.0,3409.387451171875,96961200.0
2022-04-13,BBRI.JK,4640.0,4640.0,4590.0,4610.0,3409.387451171875,112327600.0
2022-04-14,BBRI.JK,4600.0,4610.0,4530.0,4540.0,3357.617919921875,150659600.0
2022-04-18,BBRI.JK,4550.0,4580.0,4540.0,4550.0,3365.013671875,82795100.0
2022-04-19,BBRI.JK,4550.0,4600.0,4540.0,4570.0,3379.804931640625,148475600.0
2022-04-20,BBRI.JK,4610.0,4870.0,4600.0,4850.0,3586.883056640625,404383100.0
2022-04-21,BBRI.JK,4850.0,4850.0,4760.0,4800.0,3549.904541015625,208253300.0
2022-04-22,BBRI.JK,4750.0,4850.0,4720.0,4750.0,3512.9267578125,174349500.0
2022-04-25,BBRI.JK,4700.0,4850.0,4670.0,4840.0,3579.48681640625,235752400.0
2022-04-26,BBRI.JK,4840.0,4980.0,4830.0,4940.0,3653.443603515625,262734300.0
2022-04-27,BBRI.JK,4900.0,4930.0,4850.0,4850.0,3586.883056640625,191955100.0
2022-04-28,BBRI.JK,4870.0,4930.0,4860.0,4870.0,3601.673583984375,193821200.0
2022-05-09,BBRI.JK,4750.0,4760.0,4530.0,4530.0,3350.222900390625,561600400.0
2022-05-10,BBRI.JK,4260.0,4530.0,4260.0,4530.0,3350.222900390625,435782800.0
2022-05-11,BBRI.JK,4550.0,4580.0,4480.0,4490.0,3320.639892578125,205233800.0
2022-05-12,BBRI.JK,4490.0,4490.0,4300.0,4320.0,3194.9140625,207373600.0
2022-05-13,BBRI.JK,4250.0,4360.0,4250.0,4250.0,3143.14501953125,336711300.0
2022-05-17,BBRI.JK,4270.0,4520.0,4270.0,4450.0,3291.057373046875,272650400.0
2022-05-18,BBRI.JK,4500.0,4530.0,4430.0,4450.0,3291.057373046875,129716500.0
2022-05-19,BBRI.JK,4350.0,4460.0,4300.0,4440.0,3283.66162109375,132614900.0
2022-05-20,BBRI.JK,4440.0,4490.0,4410.0,4430.0,3276.26611328125,122101000.0
2022-05-23,BBRI.JK,4410.0,4440.0,4320.0,4330.0,3202.309814453125,175709000.0
2022-05-24,BBRI.JK,4320.0,4500.0,4320.0,4460.0,3298.452880859375,165758600.0
2022-05-25,BBRI.JK,4430.0,4450.0,4350.0,4350.0,3217.101318359375,138961700.0
2022-05-27,BBRI.JK,4500.0,4540.0,4440.0,4540.0,3357.617919921875,209962100.0
2022-05-30,BBRI.JK,4540.0,4540.0,4390.0,4430.0,3276.26611328125,193724500.0
2022-05-31,BBRI.JK,4470.0,4630.0,4450.0,4630.0,3424.1787109375,379626500.0
2022-06-02,BBRI.JK,4540.0,4600.0,4480.0,4480.0,3313.244384765625,225697500.0
2022-06-03,BBRI.JK,4530.0,4570.0,4510.0,4520.0,3342.826904296875,117643300.0
2022-06-06,BBRI.JK,4470.0,4510.0,4400.0,4430.0,3276.26611328125,157277700.0
2022-06-07,BBRI.JK,4460.0,4460.0,4400.0,4400.0,3254.0791015625,133318000.0
2022-06-08,BBRI.JK,4400.0,4470.0,4380.0,4470.0,3305.8486328125,150604000.0
2022-06-09,BBRI.JK,4500.0,4520.0,4480.0,4490.0,3320.639892578125,161768800.0
2022-06-10,BBRI.JK,4470.0,4470.0,4360.0,4400.0,3254.0791015625,222410400.0
2022-06-13,BBRI.JK,4260.0,4350.0,4260.0,4340.0,3209.705322265625,164017200.0
2022-06-14,BBRI.JK,4300.0,4410.0,4300.0,4360.0,3224.496826171875,150381800.0
2022-06-15,BBRI.JK,4360.0,4450.0,4360.0,4450.0,3291.057373046875,160729900.0
2022-06-16,BBRI.JK,4420.0,4530.0,4410.0,4430.0,3276.26611328125,240023000.0
2022-06-17,BBRI.JK,4370.0,4400.0,4350.0,4370.0,3231.891845703125,185763100.0
2022-06-20,BBRI.JK,4400.0,4410.0,4340.0,4400.0,3254.0791015625,95058800.0
2022-06-21,BBRI.JK,4430.0,4430.0,4380.0,4380.0,3239.2880859375,103964600.0
2022-06-22,BBRI.JK,4410.0,4410.0,4310.0,4320.0,3194.9140625,106208500.0
2022-06-23,BBRI.JK,4300.0,4360.0,4300.0,4310.0,3187.518310546875,127600700.0
2022-06-24,BBRI.JK,4320.0,4350.0,4310.0,4340.0,3209.705322265625,66083900.0
2022-06-27,BBRI.JK,4310.0,4330.0,4270.0,4280.0,3165.33154296875,152306100.0
2022-06-28,BBRI.JK,4320.0,4330.0,4280.0,4300.0,3180.122802734375,178535800.0
2022-06-29,BBRI.JK,4280.0,4310.0,4180.0,4180.0,3091.375732421875,228536100.0
2022-06-30,BBRI.JK,4120.0,4220.0,4120.0,4150.0,3069.1884765625,239939100.0
2022-07-01,BBRI.JK,4150.0,4200.0,4110.0,4140.0,3061.79248046875,154659500.0
2022-07-04,BBRI.JK,4090.0,4120.0,3960.0,4040.0,2987.83642578125,246853600.0
2022-07-05,BBRI.JK,4040.0,4160.0,4040.0,4090.0,3024.814697265625,180648400.0
2022-07-06,BBRI.JK,4050.0,4100.0,4020.0,4080.0,3017.419189453125,125309100.0
2022-07-07,BBRI.JK,4040.0,4110.0,4040.0,4050.0,2995.232177734375,172127500.0
2022-07-08,BBRI.JK,4090.0,4200.0,4050.0,4200.0,3106.166259765625,112914000.0
2022-07-11,BBRI.JK,4150.0,4170.0,4100.0,4120.0,3047.001220703125,80867700.0
2022-07-12,BBRI.JK,4120.0,4140.0,4100.0,4110.0,3039.605712890625,56085200.0
2022-07-13,BBRI.JK,4110.0,4130.0,4030.0,4060.0,3002.62744140625,165745200.0
2022-07-14,BBRI.JK,4010.0,4090.0,4010.0,4070.0,3010.023193359375,188729700.0
2022-07-15,BBRI.JK,4060.0,4120.0,4050.0,4110.0,3039.605712890625,91362800.0
2022-07-18,BBRI.JK,4110.0,4140.0,4080.0,4140.0,3061.79248046875,135284500.0
2022-07-19,BBRI.JK,4150.0,4150.0,4110.0,4110.0,3039.605712890625,122905900.0
2022-07-20,BBRI.JK,4180.0,4300.0,4160.0,4300.0,3180.122802734375,220223600.0
2022-07-21,BBRI.JK,4300.0,4310.0,4230.0,4310.0,3187.518310546875,130405400.0
2022-07-22,BBRI.JK,4330.0,4330.0,4270.0,4270.0,3157.93603515625,86561100.0
2022-07-25,BBRI.JK,4250.0,4300.0,4250.0,4250.0,3143.14501953125,60952800.0
2022-07-26,BBRI.JK,4270.0,4350.0,4260.0,4330.0,3202.309814453125,97709800.0
2022-07-27,BBRI.JK,4380.0,4380.0,4300.0,4320.0,3194.9140625,88570800.0
2022-07-28,BBRI.JK,4340.0,4400.0,4340.0,4360.0,3224.496826171875,136421400.0
2022-07-29,BBRI.JK,4390.0,4430.0,4340.0,4360.0,3224.496826171875,228669400.0
2022-08-01,BBRI.JK,4390.0,4410.0,4330.0,4360.0,3224.496826171875,200791700.0
2022-08-02,BBRI.JK,4360.0,4400.0,4300.0,4400.0,3254.0791015625,173931000.0
2022-08-03,BBRI.JK,4410.0,4420.0,4350.0,4380.0,3239.2880859375,103412300.0
2022-08-04,BBRI.JK,4380.0,4390.0,4350.0,4360.0,3224.496826171875,120175700.0
2022-08-05,BBRI.JK,4360.0,4400.0,4320.0,4360.0,3224.496826171875,168879400.0
2022-08-08,BBRI.JK,4360.0,4400.0,4340.0,4370.0,3231.891845703125,107242600.0
2022-08-09,BBRI.JK,4400.0,4470.0,4390.0,4410.0,3261.474853515625,181747100.0
2022-08-10,BBRI.JK,4350.0,4370.0,4300.0,4310.0,3187.518310546875,205341100.0
2022-08-11,BBRI.JK,4380.0,4410.0,4340.0,4350.0,3217.101318359375,193329000.0
2022-08-12,BBRI.JK,4340.0,4350.0,4320.0,4320.0,3194.9140625,103916700.0
2022-08-15,BBRI.JK,4330.0,4350.0,4300.0,4300.0,3180.122802734375,135099400.0
2022-08-16,BBRI.JK,4350.0,4350.0,4270.0,4280.0,3165.33154296875,205432400.0
2022-08-18,BBRI.JK,4330.0,4340.0,4310.0,4330.0,3202.309814453125,138795300.0
2022-08-19,BBRI.JK,4340.0,4340.0,4300.0,4300.0,3180.122802734375,84552100.0
2022-08-22,BBRI.JK,4320.0,4330.0,4270.0,4270.0,3157.93603515625,121124400.0
2022-08-23,BBRI.JK,4260.0,4310.0,4260.0,4300.0,3180.122802734375,107799500.0
2022-08-24,BBRI.JK,4300.0,4330.0,4280.0,4290.0,3172.72705078125,75055900.0
2022-08-25,BBRI.JK,4280.0,4300.0,4270.0,4270.0,3157.93603515625,117653800.0
2022-08-26,BBRI.JK,4280.0,4290.0,4270.0,4270.0,3157.93603515625,87375200.0
2022-08-29,BBRI.JK,4250.0,4270.0,4220.0,4250.0,3143.14501953125,88409800.0
2022-08-30,BBRI.JK,4250.0,4300.0,4250.0,4260.0,3150.540283203125,157219500.0
2022-08-31,BBRI.JK,4250.0,4350.0,4240.0,4340.0,3209.705322265625,191475700.0
2022-09-01,BBRI.JK,4320.0,4390.0,4310.0,4390.0,3246.683837890625,139929300.0
2022-09-02,BBRI.JK,4410.0,4450.0,4380.0,4450.0,3291.057373046875,220616600.0
2022-09-05,BBRI.JK,4430.0,4600.0,4420.0,4590.0,3394.596435546875,261126600.0
2022-09-06,BBRI.JK,4670.0,4690.0,4550.0,4560.0,3372.40966796875,188042700.0
2022-09-07,BBRI.JK,4510.0,4550.0,4460.0,4460.0,3298.452880859375,231936700.0
2022-09-08,BBRI.JK,4480.0,4620.0,4480.0,4600.0,3401.99169921875,250373200.0
2022-09-09,BBRI.JK,4640.0,4640.0,4570.0,4610.0,3409.387451171875,119286700.0
2022-09-12,BBRI.JK,4610.0,4630.0,4560.0,4560.0,3372.40966796875,97988000.0
2022-09-13,BBRI.JK,4560.0,4640.0,4560.0,4580.0,3387.200927734375,141828800.0
2022-09-14,BBRI.JK,4520.0,4610.0,4510.0,4580.0,3387.200927734375,149960600.0
2022-09-15,BBRI.JK,4600.0,4700.0,4590.0,4610.0,3409.387451171875,295664100.0
2022-09-16,BBRI.JK,4610.0,4620.0,4500.0,4500.0,3328.03564453125,282492200.0
2022-09-19,BBRI.JK,4520.0,4600.0,4500.0,4570.0,3379.804931640625,134432000.0
2022-09-20,BBRI.JK,4570.0,4600.0,4490.0,4490.0,3320.639892578125,138695500.0
2022-09-21,BBRI.JK,4490.0,4550.0,4470.0,4550.0,3365.013671875,159976900.0
2022-09-22,BBRI.JK,4500.0,4580.0,4500.0,4560.0,3372.40966796875,100425300.0
2022-09-23,BBRI.JK,4540.0,4560.0,4480.0,4480.0,3313.244384765625,139074000.0
2022-09-26,BBRI.JK,4480.0,4540.0,4410.0,4540.0,3357.617919921875,280747500.0
2022-09-27,BBRI.JK,4500.0,4550.0,4480.0,4530.0,3350.222900390625,213704600.0
2022-09-28,BBRI.JK,4510.0,4560.0,4480.0,4520.0,3342.826904296875,161815300.0
2022-09-29,BBRI.JK,4520.0,4540.0,4460.0,4480.0,3313.244384765625,169368600.0
2022-09-30,BBRI.JK,4450.0,4510.0,4410.0,4490.0,3320.639892578125,224229200.0
2022-10-03,BBRI.JK,4500.0,4550.0,4480.0,4530.0,3350.222900390625,159559600.0
2022-10-04,BBRI.JK,4560.0,4650.0,4560.0,4640.0,3431.574462890625,256367100.0
2022-10-05,BBRI.JK,4660.0,4660.0,4540.0,4540.0,3357.617919921875,182246200.0
2022-10-06,BBRI.JK,4540.0,4570.0,4510.0,4510.0,3335.43115234375,123346200.0
2022-10-07,BBRI.JK,4480.0,4490.0,4430.0,4440.0,3283.66162109375,133678600.0
2022-10-10,BBRI.JK,4420.0,4430.0,4340.0,4370.0,3231.891845703125,193923600.0
2022-10-11,BBRI.JK,4390.0,4430.0,4370.0,4430.0,3276.26611328125,133742200.0
2022-10-12,BBRI.JK,4470.0,4470.0,4400.0,4400.0,3254.0791015625,128741800.0
2022-10-13,BBRI.JK,4390.0,4420.0,4350.0,4350.0,3217.101318359375,104269900.0
2022-10-14,BBRI.JK,4380.0,4390.0,4270.0,4270.0,3157.93603515625,180841100.0
2022-10-17,BBRI.JK,4270.0,4320.0,4260.0,4300.0,3180.122802734375,145506000.0
2022-10-18,BBRI.JK,4280.0,4340.0,4280.0,4290.0,3172.72705078125,161444100.0
2022-10-19,BBRI.JK,4280.0,4340.0,4280.0,4300.0,3180.122802734375,81682300.0
2022-10-20,BBRI.JK,4280.0,4400.0,4280.0,4390.0,3246.683837890625,149521700.0
2022-10-21,BBRI.JK,4360.0,4460.0,4360.0,4430.0,3276.26611328125,165052200.0
2022-10-24,BBRI.JK,4430.0,4540.0,4430.0,4500.0,3328.03564453125,186997700.0
2022-10-25,BBRI.JK,4560.0,4610.0,4550.0,4590.0,3394.596435546875,233948800.0
2022-10-26,BBRI.JK,4600.0,4610.0,4500.0,4530.0,3350.222900390625,178298500.0
2022-10-27,BBRI.JK,4550.0,4600.0,4530.0,4600.0,3401.99169921875,131385300.0
2022-10-28,BBRI.JK,4600.0,4630.0,4560.0,4630.0,3424.1787109375,227256400.0
2022-10-31,BBRI.JK,4630.0,4680.0,4630.0,4650.0,3438.970458984375,275184000.0
2022-11-01,BBRI.JK,4690.0,4700.0,4630.0,4660.0,3446.365234375,230590200.0
2022-11-02,BBRI.JK,4680.0,4680.0,4570.0,4610.0,3409.387451171875,163816900.0
2022-11-03,BBRI.JK,4630.0,4660.0,4590.0,4650.0,3438.970458984375,174423000.0
2022-11-04,BBRI.JK,4650.0,4660.0,4610.0,4650.0,3438.970458984375,85292300.0
2022-11-07,BBRI.JK,4650.0,4690.0,4610.0,4690.0,3468.552490234375,112070500.0
2022-11-08,BBRI.JK,4690.0,4690.0,4610.0,4620.0,3416.783203125,80916300.0
2022-11-09,BBRI.JK,4600.0,4650.0,4600.0,4650.0,3438.970458984375,126493900.0
2022-11-10,BBRI.JK,4560.0,4580.0,4520.0,4530.0,3350.222900390625,196277400.0
2022-11-11,BBRI.JK,4620.0,4650.0,4590.0,4650.0,3438.970458984375,153238500.0
2022-11-14,BBRI.JK,4620.0,4640.0,4550.0,4580.0,3387.200927734375,140187600.0
2022-11-15,BBRI.JK,4580.0,4610.0,4560.0,4580.0,3387.200927734375,87986300.0
2022-11-16,BBRI.JK,4590.0,4610.0,4490.0,4520.0,3342.826904296875,245789200.0
2022-11-17,BBRI.JK,4520.0,4670.0,4500.0,4670.0,3453.761474609375,214514600.0
2022-11-18,BBRI.JK,4670.0,4680.0,4610.0,4610.0,3409.387451171875,105313200.0
2022-11-21,BBRI.JK,4620.0,4630.0,4560.0,4590.0,3394.596435546875,82279300.0
2022-11-22,BBRI.JK,4570.0,4670.0,4570.0,4590.0,3394.596435546875,154866000.0
2022-11-23,BBRI.JK,4640.0,4670.0,4630.0,4670.0,3453.761474609375,147280600.0
2022-11-24,BBRI.JK,4700.0,4740.0,4670.0,4720.0,3490.7392578125,156735700.0
2022-11-25,BBRI.JK,4700.0,4750.0,4690.0,4750.0,3512.9267578125,177861100.0
2022-11-28,BBRI.JK,4730.0,4830.0,4730.0,4820.0,3564.696044921875,214611600.0
2022-11-29,BBRI.JK,4820.0,4860.0,4790.0,4850.0,3586.883056640625,184916300.0
2022-11-30,BBRI.JK,4810.0,4980.0,4800.0,4980.0,3683.025634765625,560639800.0
2022-12-01,BBRI.JK,5000.0,5025.0,4900.0,4940.0,3653.443603515625,267382600.0
2022-12-02,BBRI.JK,4900.0,4930.0,4860.0,4890.0,3616.4658203125,199981400.0
2022-12-05,BBRI.JK,4910.0,4930.0,4860.0,4890.0,3616.4658203125,88463000.0
2022-12-06,BBRI.JK,4860.0,4890.0,4800.0,4860.0,3594.2783203125,151325300.0
2022-12-07,BBRI.JK,4840.0,4840.0,4740.0,4760.0,3520.32177734375,253330100.0
2022-12-08,BBRI.JK,4760.0,4840.0,4710.0,4840.0,3579.48681640625,154313900.0
2022-12-09,BBRI.JK,4830.0,4840.0,4760.0,4800.0,3549.904541015625,203573100.0
2022-12-12,BBRI.JK,4800.0,4850.0,4760.0,4850.0,3586.883056640625,139582400.0
2022-12-13,BBRI.JK,4870.0,4980.0,4840.0,4970.0,3675.63037109375,194233200.0
2022-12-14,BBRI.JK,5000.0,5000.0,4870.0,4980.0,3683.025634765625,201275800.0
2022-12-15,BBRI.JK,4900.0,4940.0,4880.0,4910.0,3631.25634765625,170702300.0
2022-12-16,BBRI.JK,4820.0,4980.0,4820.0,4980.0,3683.025634765625,594601900.0
2022-12-19,BBRI.JK,4970.0,4980.0,4920.0,4970.0,3675.63037109375,82959800.0
2022-12-20,BBRI.JK,4930.0,4970.0,4890.0,4910.0,3631.25634765625,78671600.0
2022-12-21,BBRI.JK,4910.0,4940.0,4870.0,4890.0,3616.4658203125,71277800.0
2022-12-22,BBRI.JK,4910.0,4970.0,4900.0,4960.0,3668.234375,87321400.0
2022-12-23,BBRI.JK,4920.0,4940.0,4880.0,4880.0,3609.06982421875,53350600.0
2022-12-26,BBRI.JK,4900.0,4930.0,4890.0,4930.0,3646.047607421875,43581100.0
2022-12-27,BBRI.JK,4930.0,4950.0,4860.0,4870.0,3601.673583984375,74123800.0
2022-12-28,BBRI.JK,4870.0,4880.0,4810.0,4820.0,3564.696044921875,117912500.0
2022-12-29,BBRI.JK,4820.0,4870.0,4800.0,4870.0,3601.673583984375,106690700.0
2022-12-30,BBRI.JK,4870.0,4950.0,4870.0,4940.0,3653.443603515625,182091500.0
2023-01-02,BBRI.JK,4910.0,4920.0,4820.0,4870.0,3601.673583984375,100200100.0
2023-01-03,BBRI.JK,4830.0,4900.0,4830.0,4850.0,3586.883056640625,95136500.0
2023-01-04,BBRI.JK,4850.0,4850.0,4770.0,4770.0,3527.718017578125,188071000.0
2023-01-05,BBRI.JK,4750.0,4760.0,4570.0,4640.0,3431.574462890625,292142000.0
2023-01-06,BBRI.JK,4550.0,4640.0,4550.0,4620.0,3416.783203125,175932000.0
2023-01-09,BBRI.JK,4580.0,4640.0,4550.0,4590.0,3394.596435546875,166164900.0
2023-01-10,BBRI.JK,4550.0,4570.0,4410.0,4430.0,3317.46337890625,282510000.0
2023-01-11,BBRI.JK,4410.0,4430.0,4360.0,4380.0,3280.0205078125,211610100.0
2023-01-12,BBRI.JK,4480.0,4520.0,4410.0,4500.0,3369.884033203125,210887800.0
2023-01-13,BBRI.JK,4510.0,4530.0,4420.0,4480.0,3354.906494140625,134592100.0
2023-01-16,BBRI.JK,4430.0,4530.0,4420.0,4520.0,3384.861083984375,172170900.0
2023-01-17,BBRI.JK,4520.0,4580.0,4510.0,4560.0,3414.81591796875,150577400.0
2023-01-18,BBRI.JK,4560.0,4620.0,4560.0,4600.0,3444.77001953125,178026000.0
2023-01-19,BBRI.JK,4590.0,4630.0,4580.0,4610.0,3452.258544921875,117204100.0
2023-01-20,BBRI.JK,4630.0,4670.0,4620.0,4650.0,3482.213623046875,116038300.0
2023-01-24,BBRI.JK,4660.0,4680.0,4590.0,4620.0,3459.74755859375,81964700.0
2023-01-25,BBRI.JK,4620.0,4620.0,4550.0,4560.0,3414.81591796875,84009300.0
2023-01-26,BBRI.JK,4560.0,4620.0,4550.0,4590.0,3437.281494140625,113840400.0
2023-01-27,BBRI.JK,4600.0,4680.0,4600.0,4640.0,3474.724853515625,178282600.0
2023-01-30,BBRI.JK,4650.0,4680.0,4570.0,4610.0,3452.258544921875,185972400.0
2023-01-31,BBRI.JK,4610.0,4620.0,4570.0,4580.0,3429.793212890625,280039200.0
2023-02-01,BBRI.JK,4630.0,4690.0,4620.0,4680.0,3504.679443359375,181849300.0
2023-02-02,BBRI.JK,4650.0,4680.0,4600.0,4600.0,3444.77001953125,145413400.0
2023-02-03,BBRI.JK,4650.0,4780.0,4630.0,4750.0,3557.099853515625,198479900.0
2023-02-06,BBRI.JK,4780.0,4810.0,4680.0,4740.0,3549.61083984375,141366300.0
2023-02-07,BBRI.JK,4740.0,4790.0,4720.0,4750.0,3557.099853515625,140923100.0
2023-02-08,BBRI.JK,4710.0,4790.0,4710.0,4790.0,3587.05419921875,168599500.0
2023-02-09,BBRI.JK,4790.0,4840.0,4770.0,4810.0,3602.03125,177400700.0
2023-02-10,BBRI.JK,4840.0,4880.0,4770.0,4860.0,3639.474365234375,181146600.0
2023-02-13,BBRI.JK,4900.0,4900.0,4800.0,4800.0,3594.54296875,144569400.0
2023-02-14,BBRI.JK,4820.0,4870.0,4810.0,4870.0,3646.96337890625,120995200.0
2023-02-15,BBRI.JK,4890.0,4890.0,4810.0,4870.0,3646.96337890625,84568100.0
2023-02-16,BBRI.JK,4890.0,4890.0,4850.0,4870.0,3646.96337890625,69966200.0
2023-02-17,BBRI.JK,4890.0,4890.0,4830.0,4880.0,3654.451904296875,104019300.0
2023-02-20,BBRI.JK,4900.0,4900.0,4840.0,4880.0,3654.451904296875,88432500.0
2023-02-21,BBRI.JK,4880.0,4880.0,4820.0,4820.0,3609.52001953125,59319100.0
2023-02-22,BBRI.JK,4790.0,4810.0,4730.0,4760.0,3564.588134765625,107327900.0
2023-02-23,BBRI.JK,4810.0,4810.0,4730.0,4800.0,3594.54296875,139144500.0
2023-02-24,BBRI.JK,4800.0,4840.0,4760.0,4760.0,3564.588134765625,46409300.0
2023-02-27,BBRI.JK,4780.0,4810.0,4760.0,4810.0,3602.03125,89918800.0
2023-02-28,BBRI.JK,4760.0,4790.0,4670.0,4670.0,3497.1904296875,273125500.0
2023-03-01,BBRI.JK,4730.0,4750.0,4700.0,4720.0,3534.633544921875,115578600.0
2023-03-02,BBRI.JK,4750.0,4780.0,4720.0,4780.0,3579.565673828125,59377900.0
2023-03-03,BBRI.JK,4800.0,4800.0,4730.0,4760.0,3564.588134765625,84777000.0
2023-03-06,BBRI.JK,4790.0,4800.0,4780.0,4790.0,3587.05419921875,78292000.0
2023-03-07,BBRI.JK,4770.0,4850.0,4770.0,4840.0,3624.497314453125,111953700.0
2023-03-08,BBRI.JK,4850.0,4850.0,4820.0,4840.0,3624.497314453125,125766100.0
2023-03-09,BBRI.JK,4860.0,4870.0,4810.0,4810.0,3602.03125,79549800.0
2023-03-10,BBRI.JK,4820.0,4830.0,4800.0,4820.0,3609.52001953125,125140500.0
2023-03-13,BBRI.JK,4810.0,4870.0,4770.0,4830.0,3617.0087890625,106769300.0
2023-03-14,BBRI.JK,4770.0,4790.0,4690.0,4710.0,3527.145263671875,192444400.0
2023-03-15,BBRI.JK,4760.0,4770.0,4700.0,4700.0,3519.656494140625,107761200.0
2023-03-16,BBRI.JK,4700.0,4750.0,4640.0,4730.0,3542.12255859375,155984500.0
2023-03-17,BBRI.JK,4770.0,4900.0,4750.0,4900.0,3669.428955078125,267753300.0
2023-03-20,BBRI.JK,4840.0,4880.0,4820.0,4880.0,3654.451904296875,113829400.0
2023-03-21,BBRI.JK,4870.0,4920.0,4840.0,4900.0,3669.428955078125,214639300.0
2023-03-24,BBRI.JK,4750.0,4820.0,4720.0,4770.0,3748.984130859375,266103900.0
2023-03-27,BBRI.JK,4750.0,4790.0,4720.0,4740.0,3725.406005859375,144925200.0
2023-03-28,BBRI.JK,4740.0,4780.0,4740.0,4770.0,3748.984130859375,105217100.0
2023-03-29,BBRI.JK,4800.0,4820.0,4770.0,4810.0,3780.421875,141800500.0
2023-03-30,BBRI.JK,4810.0,4810.0,4740.0,4750.0,3733.264892578125,98847200.0
2023-03-31,BBRI.JK,4730.0,4750.0,4710.0,4730.0,3717.5458984375,161561800.0
2023-04-03,BBRI.JK,4770.0,4800.0,4760.0,4800.0,3772.563232421875,133511700.0
2023-04-04,BBRI.JK,4800.0,4820.0,4760.0,4820.0,3788.281982421875,88097800.0
2023-04-05,BBRI.JK,4810.0,4880.0,4800.0,4830.0,3796.141357421875,119316500.0
2023-04-06,BBRI.JK,4860.0,4860.0,4820.0,4840.0,3804.000732421875,88012300.0
2023-04-10,BBRI.JK,4860.0,4860.0,4820.0,4860.0,3819.719482421875,58886800.0
2023-04-11,BBRI.JK,4860.0,4890.0,4830.0,4880.0,3835.439208984375,67275600.0
2023-04-12,BBRI.JK,4950.0,4950.0,4890.0,4930.0,3874.73583984375,194839900.0
2023-04-13,BBRI.JK,4950.0,5000.0,4930.0,4980.0,3914.03369140625,141279800.0
2023-04-14,BBRI.JK,5050.0,5100.0,5000.0,5075.0,3988.698974609375,190097200.0
2023-04-17,BBRI.JK,5075.0,5075.0,4960.0,4990.0,3921.89306640625,121231300.0
2023-04-18,BBRI.JK,4990.0,5025.0,4950.0,4950.0,3890.45556640625,95747700.0
2023-04-26,BBRI.JK,5150.0,5150.0,4930.0,5025.0,3949.4013671875,273336000.0
2023-04-27,BBRI.JK,4990.0,5150.0,4990.0,5150.0,4047.645263671875,125947200.0
2023-04-28,BBRI.JK,5175.0,5275.0,5100.0,5100.0,4008.347900390625,251912000.0
2023-05-02,BBRI.JK,5175.0,5175.0,5050.0,5150.0,4047.645263671875,84246100.0
2023-05-03,BBRI.JK,5225.0,5225.0,5050.0,5100.0,4008.347900390625,183524700.0
2023-05-04,BBRI.JK,5150.0,5175.0,5075.0,5150.0,4047.645263671875,140482000.0
2023-05-05,BBRI.JK,5225.0,5250.0,5125.0,5225.0,4106.591796875,182599600.0
2023-05-08,BBRI.JK,5250.0,5250.0,5050.0,5100.0,4008.347900390625,107804200.0
2023-05-09,BBRI.JK,5050.0,5125.0,5025.0,5125.0,4027.996826171875,102987300.0
2023-05-10,BBRI.JK,5075.0,5150.0,5050.0,5150.0,4047.645263671875,108369600.0
2023-05-11,BBRI.JK,5175.0,5175.0,5100.0,5150.0,4047.645263671875,85618800.0
2023-05-12,BBRI.JK,5100.0,5175.0,5100.0,5150.0,4047.645263671875,92625800.0
2023-05-15,BBRI.JK,5150.0,5175.0,5025.0,5150.0,4047.645263671875,163732600.0
2023-05-16,BBRI.JK,5175.0,5200.0,5100.0,5200.0,4086.9423828125,73611200.0
2023-05-17,BBRI.JK,5250.0,5250.0,5175.0,5200.0,4086.9423828125,115834500.0
2023-05-19,BBRI.JK,5225.0,5450.0,5200.0,5400.0,4244.1328125,185672200.0
2023-05-22,BBRI.JK,5300.0,5500.0,5300.0,5425.0,4263.7822265625,162655900.0
2023-05-23,BBRI.JK,5475.0,5600.0,5475.0,5500.0,4322.728515625,255251600.0
2023-05-24,BBRI.JK,5525.0,5600.0,5450.0,5600.0,4401.32275390625,187436100.0
2023-05-25,BBRI.JK,5500.0,5575.0,5450.0,5475.0,4303.07958984375,224391900.0
2023-05-26,BBRI.JK,5425.0,5600.0,5425.0,5600.0,4401.32275390625,154003100.0
2023-05-29,BBRI.JK,5600.0,5625.0,5475.0,5550.0,4362.02587890625,125049100.0
2023-05-30,BBRI.JK,5500.0,5600.0,5500.0,5500.0,4322.728515625,67363200.0
2023-05-31,BBRI.JK,5575.0,5575.0,5375.0,5575.0,4381.673828125,898453700.0
2023-06-05,BBRI.JK,5600.0,5600.0,5425.0,5425.0,4263.7822265625,255472600.0
2023-06-06,BBRI.JK,5400.0,5500.0,5350.0,5450.0,4283.4306640625,92019300.0
2023-06-07,BBRI.JK,5475.0,5475.0,5350.0,5400.0,4244.1328125,150377000.0
2023-06-08,BBRI.JK,5375.0,5475.0,5350.0,5475.0,4303.07958984375,92794100.0
2023-06-09,BBRI.JK,5425.0,5450.0,5375.0,5425.0,4263.7822265625,77251000.0
2023-06-12,BBRI.JK,5400.0,5400.0,5375.0,5400.0,4244.1328125,92314200.0
2023-06-13,BBRI.JK,5400.0,5550.0,5400.0,5550.0,4362.02587890625,108831400.0
2023-06-14,BBRI.JK,5575.0,5575.0,5475.0,5550.0,4362.02587890625,79137600.0
2023-06-15,BBRI.JK,5475.0,5525.0,5450.0,5525.0,4342.376953125,74388400.0
2023-06-16,BBRI.JK,5475.0,5550.0,5400.0,5550.0,4362.02587890625,189062600.0
2023-06-19,BBRI.JK,5500.0,5525.0,5450.0,5525.0,4342.376953125,55144200.0
2023-06-20,BBRI.JK,5475.0,5550.0,5475.0,5550.0,4362.02587890625,102926800.0
2023-06-21,BBRI.JK,5500.0,5575.0,5500.0,5575.0,4381.673828125,84605400.0
2023-06-22,BBRI.JK,5550.0,5600.0,5475.0,5475.0,4303.07958984375,94143200.0
2023-06-23,BBRI.JK,5425.0,5475.0,5400.0,5400.0,4244.1328125,123350300.0
2023-06-26,BBRI.JK,5425.0,5475.0,5375.0,5450.0,4283.4306640625,85472100.0
2023-06-27,BBRI.JK,5450.0,5500.0,5425.0,5425.0,4263.7822265625,110716500.0
2023-07-03,BBRI.JK,5500.0,5550.0,5450.0,5475.0,4303.07958984375,168559800.0
2023-07-04,BBRI.JK,5500.0,5500.0,5425.0,5450.0,4283.4306640625,94462600.0
2023-07-05,BBRI.JK,5400.0,5450.0,5400.0,5450.0,4283.4306640625,109632800.0
2023-07-06,BBRI.JK,5450.0,5475.0,5400.0,5425.0,4263.7822265625,109446200.0
2023-07-07,BBRI.JK,5400.0,5425.0,5375.0,5375.0,4224.484375,114043800.0
2023-07-10,BBRI.JK,5425.0,5500.0,5400.0,5400.0,4244.1328125,78972100.0
2023-07-11,BBRI.JK,5375.0,5450.0,5375.0,5425.0,4263.7822265625,122094700.0
2023-07-12,BBRI.JK,5450.0,5475.0,5425.0,5450.0,4283.4306640625,104993700.0
2023-07-13,BBRI.JK,5425.0,5475.0,5425.0,5450.0,4283.4306640625,134905700.0
2023-07-14,BBRI.JK,5450.0,5525.0,5425.0,5525.0,4342.376953125,127814200.0
2023-07-17,BBRI.JK,5550.0,5625.0,5525.0,5575.0,4381.673828125,166951300.0
2023-07-18,BBRI.JK,5625.0,5700.0,5600.0,5625.0,4420.9716796875,120810300.0
2023-07-20,BBRI.JK,5575.0,5650.0,5550.0,5625.0,4420.9716796875,111117300.0
2023-07-21,BBRI.JK,5600.0,5625.0,5575.0,5625.0,4420.9716796875,63094600.0
2023-07-24,BBRI.JK,5600.0,5650.0,5600.0,5600.0,4401.32275390625,62962500.0
2023-07-25,BBRI.JK,5625.0,5700.0,5625.0,5650.0,4440.62060546875,111248100.0
2023-07-26,BBRI.JK,5700.0,5700.0,5650.0,5675.0,4460.26953125,76200300.0
2023-07-27,BBRI.JK,5675.0,5750.0,5650.0,5650.0,4440.62060546875,109859200.0
2023-07-28,BBRI.JK,5625.0,5700.0,5625.0,5700.0,4479.91845703125,74036700.0
2023-07-31,BBRI.JK,5700.0,5700.0,5650.0,5650.0,4440.62060546875,186727400.0
2023-08-01,BBRI.JK,5650.0,5750.0,5650.0,5700.0,4479.91845703125,100137500.0
2023-08-02,BBRI.JK,5650.0,5725.0,5650.0,5700.0,4479.91845703125,90611300.0
2023-08-03,BBRI.JK,5675.0,5750.0,5650.0,5700.0,4479.91845703125,82775000.0
2023-08-04,BBRI.JK,5700.0,5725.0,5575.0,5575.0,4381.673828125,150738500.0
2023-08-07,BBRI.JK,5600.0,5725.0,5575.0,5700.0,4479.91845703125,88104900.0
2023-08-08,BBRI.JK,5700.0,5750.0,5600.0,5625.0,4420.9716796875,89189600.0
2023-08-09,BBRI.JK,5650.0,5725.0,5625.0,5700.0,4479.91845703125,91930000.0
2023-08-10,BBRI.JK,5675.0,5725.0,5675.0,5700.0,4479.91845703125,85474200.0
2023-08-11,BBRI.JK,5675.0,5700.0,5650.0,5650.0,4440.62060546875,74321000.0
2023-08-14,BBRI.JK,5650.0,5675.0,5575.0,5650.0,4440.62060546875,127358400.0
2023-08-15,BBRI.JK,5650.0,5675.0,5575.0,5575.0,4381.673828125,89597300.0
2023-08-16,BBRI.JK,5550.0,5575.0,5450.0,5525.0,4342.376953125,188191900.0
2023-08-18,BBRI.JK,5500.0,5600.0,5500.0,5575.0,4381.673828125,121561200.0
2023-08-21,BBRI.JK,5550.0,5575.0,5500.0,5500.0,4322.728515625,91640000.0
2023-08-22,BBRI.JK,5500.0,5625.0,5500.0,5575.0,4381.673828125,101221500.0
2023-08-23,BBRI.JK,5600.0,5625.0,5575.0,5600.0,4401.32275390625,78686900.0
2023-08-24,BBRI.JK,5625.0,5625.0,5550.0,5550.0,4362.02587890625,74407500.0
2023-08-25,BBRI.JK,5550.0,5600.0,5525.0,5600.0,4401.32275390625,65096500.0
2023-08-28,BBRI.JK,5600.0,5625.0,5550.0,5550.0,4362.02587890625,37126600.0
2023-08-29,BBRI.JK,5525.0,5600.0,5525.0,5600.0,4401.32275390625,57547200.0
2023-08-30,BBRI.JK,5600.0,5600.0,5500.0,5525.0,4342.376953125,171282700.0
2023-08-31,BBRI.JK,5525.0,5550.0,5475.0,5550.0,4362.02587890625,175088200.0
2023-09-01,BBRI.JK,5600.0,5600.0,5525.0,5575.0,4381.673828125,87366100.0
2023-09-04,BBRI.JK,5600.0,5625.0,5575.0,5625.0,4420.9716796875,43898200.0
2023-09-05,BBRI.JK,5625.0,5650.0,5600.0,5625.0,4420.9716796875,72464300.0
2023-09-06,BBRI.JK,5625.0,5650.0,5575.0,5575.0,4381.673828125,106367800.0
2023-09-07,BBRI.JK,5525.0,5550.0,5450.0,5450.0,4283.4306640625,157998600.0
2023-09-08,BBRI.JK,5425.0,5450.0,5300.0,5350.0,4204.8349609375,243324500.0
2023-09-11,BBRI.JK,5350.0,5425.0,5300.0,5425.0,4263.7822265625,80474100.0
2023-09-12,BBRI.JK,5450.0,5475.0,5375.0,5375.0,4224.484375,121654400.0
2023-09-13,BBRI.JK,5350.0,5425.0,5350.0,5400.0,4244.1328125,59408000.0
2023-09-14,BBRI.JK,5325.0,5425.0,5325.0,5425.0,4263.7822265625,76831700.0
2023-09-15,BBRI.JK,5400.0,5450.0,5375.0,5375.0,4224.484375,141455400.0
2023-09-18,BBRI.JK,5350.0,5400.0,5300.0,5325.0,4185.1865234375,61329000.0
2023-09-19,BBRI.JK,5325.0,5375.0,5300.0,5375.0,4224.484375,50612700.0
2023-09-20,BBRI.JK,5350.0,5450.0,5350.0,5375.0,4224.484375,98710100.0
2023-09-21,BBRI.JK,5425.0,5425.0,5350.0,5350.0,4204.8349609375,68584900.0
2023-09-22,BBRI.JK,5350.0,5425.0,5350.0,5350.0,4204.8349609375,83184100.0
2023-09-25,BBRI.JK,5325.0,5350.0,5200.0,5300.0,4165.5380859375,120196700.0
2023-09-26,BBRI.JK,5250.0,5275.0,5200.0,5200.0,4086.9423828125,180280600.0
2023-09-27,BBRI.JK,5175.0,5300.0,5175.0,5225.0,4106.591796875,119774700.0
2023-09-29,BBRI.JK,5300.0,5325.0,5225.0,5225.0,4106.591796875,140331100.0
2023-10-02,BBRI.JK,5250.0,5300.0,5250.0,5250.0,4126.240234375,81674600.0
2023-10-03,BBRI.JK,5250.0,5300.0,5250.0,5275.0,4145.88916015625,54462700.0
2023-10-04,BBRI.JK,5250.0,5275.0,5200.0,5250.0,4126.240234375,121445000.0
2023-10-05,BBRI.JK,5250.0,5275.0,5175.0,5175.0,4067.29443359375,116814800.0
2023-10-06,BBRI.JK,5200.0,5250.0,5175.0,5175.0,4067.29443359375,70202300.0
2023-10-09,BBRI.JK,5200.0,5225.0,5125.0,5125.0,4027.996826171875,144477000.0
2023-10-10,BBRI.JK,5125.0,5250.0,5125.0,5175.0,4067.29443359375,98457000.0
2023-10-11,BBRI.JK,5150.0,5275.0,5150.0,5250.0,4126.240234375,100394800.0
2023-10-12,BBRI.JK,5300.0,5375.0,5275.0,5300.0,4165.5380859375,174022400.0
2023-10-13,BBRI.JK,5275.0,5325.0,5250.0,5275.0,4145.88916015625,84648800.0
2023-10-16,BBRI.JK,5325.0,5325.0,5250.0,5250.0,4126.240234375,45782300.0
2023-10-17,BBRI.JK,5250.0,5275.0,5150.0,5150.0,4047.645263671875,127287200.0
2023-10-18,BBRI.JK,5125.0,5225.0,5125.0,5150.0,4047.645263671875,77217600.0
2023-10-19,BBRI.JK,5100.0,5150.0,5000.0,5000.0,3929.7529296875,195831400.0
2023-10-20,BBRI.JK,4980.0,5100.0,4960.0,5050.0,3969.051025390625,173353600.0
2023-10-23,BBRI.JK,5000.0,5075.0,4990.0,5000.0,3929.7529296875,82756100.0
2023-10-24,BBRI.JK,5000.0,5100.0,4950.0,5100.0,4008.347900390625,104021500.0
2023-10-25,BBRI.JK,5100.0,5200.0,5100.0,5175.0,4067.29443359375,142215000.0
2023-10-26,BBRI.JK,5175.0,5175.0,4920.0,4920.0,3866.876708984375,330618800.0
2023-10-27,BBRI.JK,4950.0,5050.0,4940.0,5000.0,3929.7529296875,129599800.0
2023-10-30,BBRI.JK,4980.0,5025.0,4970.0,5000.0,3929.7529296875,108523700.0
2023-10-31,BBRI.JK,4980.0,5000.0,4960.0,4960.0,3898.314697265625,106760300.0
2023-11-01,BBRI.JK,4920.0,4960.0,4830.0,4830.0,3796.141357421875,191567200.0
2023-11-02,BBRI.JK,4940.0,5075.0,4910.0,5000.0,3929.7529296875,208075400.0
2023-11-03,BBRI.JK,5025.0,5175.0,5025.0,5100.0,4008.347900390625,125504000.0
2023-11-06,BBRI.JK,5100.0,5200.0,5100.0,5200.0,4086.9423828125,122333800.0
2023-11-07,BBRI.JK,5225.0,5275.0,5175.0,5250.0,4126.240234375,137039400.0
2023-11-08,BBRI.JK,5200.0,5250.0,5175.0,5225.0,4106.591796875,86713700.0
2023-11-09,BBRI.JK,5225.0,5275.0,5200.0,5200.0,4086.9423828125,66236400.0
2023-11-10,BBRI.JK,5150.0,5150.0,5050.0,5075.0,3988.698974609375,113811900.0
2023-11-13,BBRI.JK,5075.0,5125.0,5025.0,5025.0,3949.4013671875,63126900.0
2023-11-14,BBRI.JK,5075.0,5125.0,5050.0,5075.0,3988.698974609375,85419500.0
2023-11-15,BBRI.JK,5200.0,5300.0,5175.0,5250.0,4126.240234375,193790400.0
2023-11-16,BBRI.JK,5275.0,5275.0,5175.0,5250.0,4126.240234375,99488800.0
2023-11-17,BBRI.JK,5175.0,5250.0,5175.0,5225.0,4106.591796875,70727500.0
2023-11-20,BBRI.JK,5175.0,5275.0,5175.0,5250.0,4126.240234375,54123600.0
2023-11-21,BBRI.JK,5225.0,5250.0,5175.0,5200.0,4086.9423828125,104110500.0
2023-11-22,BBRI.JK,5175.0,5300.0,5175.0,5275.0,4145.88916015625,103585500.0
2023-11-23,BBRI.JK,5325.0,5400.0,5300.0,5350.0,4204.8349609375,174572400.0
2023-11-24,BBRI.JK,5400.0,5450.0,5375.0,5400.0,4244.1328125,92571400.0
2023-11-27,BBRI.JK,5425.0,5450.0,5350.0,5350.0,4204.8349609375,76019100.0
2023-11-28,BBRI.JK,5325.0,5425.0,5325.0,5350.0,4204.8349609375,147993400.0
2023-11-29,BBRI.JK,5350.0,5375.0,5300.0,5300.0,4165.5380859375,106197800.0
2023-11-30,BBRI.JK,5375.0,5375.0,5275.0,5275.0,4145.88916015625,224426400.0
2023-12-01,BBRI.JK,5275.0,5375.0,5275.0,5350.0,4204.8349609375,99499500.0
2023-12-04,BBRI.JK,5450.0,5575.0,5450.0,5500.0,4322.728515625,235595700.0
2023-12-05,BBRI.JK,5425.0,5500.0,5425.0,5450.0,4283.4306640625,114689900.0
2023-12-06,BBRI.JK,5425.0,5450.0,5400.0,5425.0,4263.7822265625,119716700.0
2023-12-07,BBRI.JK,5400.0,5475.0,5400.0,5475.0,4303.07958984375,102126600.0
2023-12-08,BBRI.JK,5425.0,5450.0,5375.0,5375.0,4224.484375,130542600.0
2023-12-11,BBRI.JK,5325.0,5375.0,5300.0,5300.0,4165.5380859375,124468600.0
2023-12-12,BBRI.JK,5375.0,5400.0,5325.0,5325.0,4185.1865234375,134501600.0
2023-12-13,BBRI.JK,5300.0,5350.0,5275.0,5300.0,4165.5380859375,98881600.0
2023-12-14,BBRI.JK,5450.0,5550.0,5425.0,5550.0,4362.02587890625,239261700.0
2023-12-15,BBRI.JK,5575.0,5600.0,5550.0,5550.0,4362.02587890625,252448800.0
2023-12-18,BBRI.JK,5575.0,5575.0,5500.0,5500.0,4322.728515625,102780900.0
2023-12-19,BBRI.JK,5450.0,5550.0,5450.0,5550.0,4362.02587890625,135207300.0
2023-12-20,BBRI.JK,5700.0,5700.0,5550.0,5550.0,4362.02587890625,138470900.0
2023-12-21,BBRI.JK,5550.0,5600.0,5525.0,5575.0,4381.673828125,99049600.0
2023-12-22,BBRI.JK,5650.0,5700.0,5600.0,5675.0,4460.26953125,109411300.0
2023-12-27,BBRI.JK,5700.0,5725.0,5625.0,5625.0,4420.9716796875,122236700.0
2023-12-28,BBRI.JK,5700.0,5750.0,5675.0,5725.0,4499.56689453125,121434600.0
2023-12-29,BBRI.JK,5750.0,5750.0,5675.0,5725.0,4499.56689453125,93126000.0
2024-01-02,BBRI.JK,5650.0,5675.0,5625.0,5675.0,4526.6875,91143100.0
2024-01-03,BBRI.JK,5625.0,5650.0,5600.0,5600.0,4466.86328125,83659700.0
2024-01-04,BBRI.JK,5600.0,5700.0,5575.0,5700.0,4546.62890625,92683500.0
2024-01-05,BBRI.JK,5725.0,5850.0,5700.0,5750.0,4586.51123046875,134929600.0
2024-01-08,BBRI.JK,5750.0,5800.0,5625.0,5625.0,4486.8046875,152015000.0
2024-01-09,BBRI.JK,5625.0,5700.0,5625.0,5700.0,4546.62890625,105666200.0
2024-01-10,BBRI.JK,5625.0,5700.0,5625.0,5700.0,4546.62890625,82626400.0
2024-01-11,BBRI.JK,5750.0,5800.0,5700.0,5750.0,4586.51123046875,116804400.0
2024-01-12,BBRI.JK,5800.0,5850.0,5775.0,5850.0,4666.27685546875,109715700.0
2024-01-15,BBRI.JK,5850.0,5900.0,5775.0,5825.0,4646.3359375,115126700.0
2024-01-16,BBRI.JK,5825.0,5875.0,5775.0,5825.0,4646.3359375,97074300.0
2024-01-17,BBRI.JK,5825.0,5825.0,5750.0,5775.0,4606.45263671875,107941600.0
2024-01-18,BBRI.JK,5800.0,5800.0,5700.0,5750.0,4586.51123046875,87259100.0
2024-01-19,BBRI.JK,5750.0,5800.0,5700.0,5800.0,4626.39404296875,75370700.0
2024-01-22,BBRI.JK,5775.0,5800.0,5700.0,5775.0,4606.45263671875,97545600.0
2024-01-23,BBRI.JK,5700.0,5750.0,5650.0,5700.0,4546.62890625,122999700.0
2024-01-24,BBRI.JK,5675.0,5700.0,5575.0,5650.0,4506.74560546875,104225000.0
2024-01-25,BBRI.JK,5575.0,5650.0,5525.0,5525.0,4407.0390625,120478800.0
2024-01-26,BBRI.JK,5450.0,5475.0,5400.0,5425.0,4327.27392578125,185244400.0
2024-01-29,BBRI.JK,5400.0,5575.0,5400.0,5575.0,4446.921875,145629600.0
2024-01-30,BBRI.JK,5525.0,5650.0,5475.0,5625.0,4486.8046875,150513700.0
2024-01-31,BBRI.JK,5725.0,5775.0,5675.0,5700.0,4546.62890625,245117200.0
2024-02-01,BBRI.JK,5775.0,5800.0,5725.0,5750.0,4586.51123046875,156633900.0
2024-02-02,BBRI.JK,5800.0,5850.0,5750.0,5850.0,4666.27685546875,177209700.0
2024-02-05,BBRI.JK,5800.0,5825.0,5750.0,5775.0,4606.45263671875,113760000.0
2024-02-06,BBRI.JK,5900.0,5900.0,5800.0,5825.0,4646.3359375,126704300.0
2024-02-07,BBRI.JK,5850.0,5900.0,5825.0,5850.0,4666.27685546875,147005300.0
2024-02-12,BBRI.JK,5875.0,6025.0,5850.0,6025.0,4805.8662109375,171514600.0
2024-02-13,BBRI.JK,6050.0,6050.0,5950.0,6000.0,4785.9248046875,145852200.0
2024-02-15,BBRI.JK,6275.0,6275.0,6100.0,6125.0,4885.6318359375,308685100.0
2024-02-16,BBRI.JK,6150.0,6200.0,6125.0,6150.0,4905.5732421875,130814400.0
2024-02-19,BBRI.JK,6125.0,6175.0,6075.0,6100.0,4865.6904296875,111382900.0
2024-02-20,BBRI.JK,6175.0,6300.0,6175.0,6300.0,5025.22119140625,160872600.0
2024-02-21,BBRI.JK,6325.0,6375.0,6225.0,6300.0,5025.22119140625,168423000.0
2024-02-22,BBRI.JK,6250.0,6300.0,6225.0,6250.0,4985.33837890625,100256000.0
2024-02-23,BBRI.JK,6125.0,6175.0,6050.0,6125.0,4885.6318359375,148643000.0
2024-02-26,BBRI.JK,6100.0,6200.0,6075.0,6175.0,4925.5146484375,98920800.0
2024-02-27,BBRI.JK,6125.0,6200.0,6125.0,6125.0,4885.6318359375,99187500.0
2024-02-28,BBRI.JK,6100.0,6225.0,6100.0,6225.0,4965.3974609375,97236700.0
2024-02-29,BBRI.JK,6150.0,6200.0,6125.0,6125.0,4885.6318359375,173774600.0
2024-03-01,BBRI.JK,6175.0,6175.0,6075.0,6125.0,4885.6318359375,76286400.0
2024-03-04,BBRI.JK,6125.0,6125.0,6050.0,6050.0,4825.80712890625,70354900.0
2024-03-05,BBRI.JK,6100.0,6175.0,6075.0,6125.0,4885.6318359375,115084600.0
2024-03-06,BBRI.JK,6100.0,6200.0,6100.0,6200.0,4945.4560546875,84108800.0
2024-03-07,BBRI.JK,6200.0,6275.0,6200.0,6225.0,4965.3974609375,117724700.0
2024-03-08,BBRI.JK,6275.0,6400.0,6250.0,6350.0,5065.10400390625,163060000.0
2024-03-13,BBRI.JK,6350.0,6450.0,6350.0,6400.0,5104.986328125,195173100.0
2024-03-14,BBRI.JK,6175.0,6200.0,6050.0,6150.0,5092.56591796875,271254000.0
2024-03-15,BBRI.JK,6000.0,6075.0,5950.0,5975.0,4947.6552734375,305995800.0
2024-03-18,BBRI.JK,6000.0,6100.0,5975.0,6000.0,4968.3564453125,110564700.0
2024-03-19,BBRI.JK,6000.0,6050.0,5975.0,6000.0,4968.3564453125,114338600.0
2024-03-20,BBRI.JK,6000.0,6100.0,6000.0,6100.0,5051.16259765625,120885400.0
2024-03-21,BBRI.JK,6175.0,6200.0,6100.0,6100.0,5051.16259765625,136020000.0
2024-03-22,BBRI.JK,6050.0,6125.0,6050.0,6125.0,5071.8642578125,46529200.0
2024-03-25,BBRI.JK,6250.0,6250.0,6125.0,6250.0,5175.37158203125,115729600.0
2024-03-26,BBRI.JK,6300.0,6300.0,6200.0,6300.0,5216.7744140625,120748400.0
2024-03-27,BBRI.JK,6300.0,6325.0,6225.0,6250.0,5175.37158203125,73308900.0
2024-03-28,BBRI.JK,6100.0,6200.0,6025.0,6050.0,5009.75927734375,288926900.0
2024-04-01,BBRI.JK,6000.0,6025.0,5825.0,5925.0,4906.25244140625,217207800.0
2024-04-02,BBRI.JK,5850.0,5950.0,5625.0,5675.0,4699.2373046875,412180900.0
2024-04-03,BBRI.JK,5575.0,5675.0,5525.0,5625.0,4657.83447265625,333518700.0
2024-04-04,BBRI.JK,5650.0,5750.0,5650.0,5700.0,4719.93896484375,131936100.0
2024-04-05,BBRI.JK,5625.0,5700.0,5625.0,5650.0,4678.53564453125,178817800.0
2024-04-16,BBRI.JK,5375.0,5575.0,5350.0,5350.0,4430.11767578125,600717500.0
2024-04-17,BBRI.JK,5475.0,5500.0,5300.0,5300.0,4388.71533203125,244002000.0
2024-04-18,BBRI.JK,5300.0,5500.0,5300.0,5475.0,4533.62548828125,247410700.0
2024-04-19,BBRI.JK,5350.0,5375.0,5250.0,5275.0,4368.013671875,258211500.0
2024-04-22,BBRI.JK,5200.0,5325.0,5150.0,5300.0,4388.71533203125,342282800.0
2024-04-23,BBRI.JK,5350.0,5400.0,5225.0,5300.0,4388.71533203125,281403100.0
2024-04-24,BBRI.JK,5250.0,5350.0,5150.0,5225.0,4326.61083984375,471241400.0
2024-04-25,BBRI.JK,5125.0,5200.0,5050.0,5150.0,4264.505859375,479170900.0
2024-04-26,BBRI.JK,5050.0,5100.0,4830.0,4830.0,3999.52734375,782589900.0
2024-04-29,BBRI.JK,4700.0,4890.0,4680.0,4770.0,3949.843505859375,700644800.0
2024-04-30,BBRI.JK,4850.0,5050.0,4820.0,4940.0,4090.61376953125,565609200.0
2024-05-02,BBRI.JK,4910.0,4920.0,4700.0,4760.0,3941.56298828125,636922100.0
2024-05-03,BBRI.JK,4760.0,4830.0,4710.0,4750.0,3933.2822265625,321697200.0
2024-05-06,BBRI.JK,4800.0,4840.0,4730.0,4790.0,3966.40478515625,262707400.0
2024-05-07,BBRI.JK,4770.0,4780.0,4670.0,4670.0,3867.037353515625,304013600.0
2024-05-08,BBRI.JK,4650.0,4740.0,4570.0,4680.0,3875.318359375,572275800.0
2024-05-13,BBRI.JK,4650.0,4700.0,4630.0,4680.0,3875.318359375,320067100.0
2024-05-14,BBRI.JK,4720.0,4810.0,4700.0,4730.0,3916.720947265625,341458900.0
2024-05-15,BBRI.JK,4780.0,4870.0,4760.0,4820.0,3991.24658203125,298990300.0
2024-05-16,BBRI.JK,4930.0,4960.0,4840.0,4840.0,4007.807861328125,371295000.0
2024-05-17,BBRI.JK,4840.0,4960.0,4820.0,4920.0,4074.052490234375,208991800.0
2024-05-20,BBRI.JK,4990.0,5050.0,4820.0,4820.0,3991.24658203125,335150700.0
2024-05-21,BBRI.JK,4810.0,4870.0,4680.0,4680.0,3875.318359375,271568800.0
2024-05-22,BBRI.JK,4650.0,4770.0,4650.0,4720.0,3908.4404296875,215066000.0
2024-05-27,BBRI.JK,4700.0,4720.0,4550.0,4550.0,3767.670166015625,363719300.0
2024-05-28,BBRI.JK,4580.0,4630.0,4520.0,4530.0,3751.109130859375,258070200.0
2024-05-29,BBRI.JK,4480.0,4500.0,4400.0,4410.0,3651.7421875,465008500.0
2024-05-30,BBRI.JK,4400.0,4480.0,4310.0,4380.0,3626.900390625,502927800.0
2024-05-31,BBRI.JK,4430.0,4470.0,4330.0,4340.0,3593.778076171875,655144100.0
2024-06-03,BBRI.JK,4430.0,4560.0,4400.0,4530.0,3751.109130859375,345770100.0
2024-06-04,BBRI.JK,4560.0,4590.0,4450.0,4450.0,3684.864501953125,332902200.0
2024-06-05,BBRI.JK,4500.0,4500.0,4400.0,4400.0,3643.461669921875,240788500.0
2024-06-06,BBRI.JK,4450.0,4500.0,4390.0,4500.0,3726.267333984375,281534200.0
2024-06-07,BBRI.JK,4490.0,4500.0,4350.0,4350.0,3602.058837890625,375439600.0
2024-06-10,BBRI.JK,4350.0,4430.0,4320.0,4400.0,3643.461669921875,181387000.0
2024-06-11,BBRI.JK,4380.0,4440.0,4340.0,4340.0,3593.778076171875,197854400.0
2024-06-12,BBRI.JK,4340.0,4360.0,4310.0,4350.0,3602.058837890625,187332500.0
2024-06-13,BBRI.JK,4400.0,4420.0,4300.0,4310.0,3568.936279296875,238349600.0
2024-06-14,BBRI.JK,4300.0,4320.0,4170.0,4180.0,3461.28857421875,358893200.0
2024-06-19,BBRI.JK,4100.0,4240.0,4090.0,4100.0,3395.043701171875,410338400.0
2024-06-20,BBRI.JK,4130.0,4270.0,4130.0,4270.0,3535.81396484375,387133400.0
2024-06-21,BBRI.JK,4280.0,4490.0,4260.0,4440.0,3676.583740234375,532713300.0
2024-06-24,BBRI.JK,4440.0,4510.0,4400.0,4400.0,3643.461669921875,303830800.0
2024-06-25,BBRI.JK,4320.0,4400.0,4280.0,4380.0,3626.900390625,383572500.0
2024-06-26,BBRI.JK,4390.0,4430.0,4350.0,4370.0,3618.619873046875,150303400.0
2024-06-27,BBRI.JK,4410.0,4500.0,4380.0,4460.0,3693.145263671875,299430600.0
2024-06-28,BBRI.JK,4590.0,4640.0,4580.0,4600.0,3809.0732421875,581319300.0
2024-07-01,BBRI.JK,4630.0,4670.0,4560.0,4630.0,3833.915283203125,261421200.0
2024-07-02,BBRI.JK,4610.0,4630.0,4570.0,4570.0,3784.231689453125,234403100.0
2024-07-03,BBRI.JK,4630.0,4640.0,4560.0,4600.0,3809.0732421875,176310400.0
2024-07-04,BBRI.JK,4680.0,4830.0,4660.0,4790.0,3966.40478515625,422261500.0
2024-07-05,BBRI.JK,4850.0,4870.0,4790.0,4800.0,3974.685791015625,218278000.0
2024-07-08,BBRI.JK,4800.0,4830.0,4740.0,4750.0,3933.2822265625,222042100.0
2024-07-09,BBRI.JK,4780.0,4930.0,4750.0,4870.0,4032.6494140625,291320400.0
2024-07-10,BBRI.JK,4870.0,4920.0,4840.0,4850.0,4016.088134765625,167619700.0
2024-07-11,BBRI.JK,4910.0,4920.0,4840.0,4840.0,4007.807861328125,170461300.0
2024-07-12,BBRI.JK,4970.0,4980.0,4880.0,4900.0,4057.4912109375,301125400.0
2024-07-15,BBRI.JK,4920.0,4930.0,4810.0,4820.0,3991.24658203125,188713000.0
2024-07-16,BBRI.JK,4820.0,4840.0,4730.0,4730.0,3916.720947265625,189271400.0
2024-07-17,BBRI.JK,4750.0,4810.0,4720.0,4760.0,3941.56298828125,263325400.0
2024-07-18,BBRI.JK,4760.0,4890.0,4750.0,4890.0,4049.210693359375,296614900.0
2024-07-19,BBRI.JK,4870.0,4910.0,4850.0,4900.0,4057.4912109375,135104800.0
2024-07-22,BBRI.JK,4920.0,4940.0,4880.0,4910.0,4065.77197265625,140128300.0
2024-07-23,BBRI.JK,4900.0,4910.0,4780.0,4790.0,3966.40478515625,170919500.0
2024-07-24,BBRI.JK,4770.0,4800.0,4760.0,4780.0,3958.1240234375,116037600.0
2024-07-25,BBRI.JK,4760.0,4760.0,4660.0,4700.0,3891.87939453125,274397700.0
2024-07-26,BBRI.JK,4760.0,4810.0,4740.0,4760.0,3941.56298828125,192267300.0
2024-07-29,BBRI.JK,4800.0,4800.0,4760.0,4780.0,3958.1240234375,126109900.0
2024-07-30,BBRI.JK,4720.0,4740.0,4670.0,4670.0,3867.037353515625,201835700.0
2024-07-31,BBRI.JK,4650.0,4710.0,4650.0,4670.0,3867.037353515625,168490300.0
2024-08-01,BBRI.JK,4710.0,4750.0,4690.0,4750.0,3933.2822265625,169636700.0
2024-08-02,BBRI.JK,4730.0,4750.0,4690.0,4710.0,3900.159912109375,113328400.0
2024-08-05,BBRI.JK,4660.0,4670.0,4510.0,4530.0,3751.109130859375,329430900.0
2024-08-06,BBRI.JK,4550.0,4650.0,4520.0,4600.0,3809.0732421875,238051800.0
2024-08-07,BBRI.JK,4640.0,4640.0,4590.0,4620.0,3825.634765625,125937500.0
2024-08-08,BBRI.JK,4600.0,4690.0,4590.0,4660.0,3858.7568359375,131343400.0
2024-08-09,BBRI.JK,4700.0,4730.0,4670.0,4670.0,3867.037353515625,98730900.0
2024-08-12,BBRI.JK,4720.0,4720.0,4650.0,4680.0,3875.318359375,83552800.0
2024-08-13,BBRI.JK,4700.0,4750.0,4690.0,4720.0,3908.4404296875,109533400.0
2024-08-14,BBRI.JK,4770.0,4840.0,4760.0,4820.0,3991.24658203125,262716500.0
2024-08-15,BBRI.JK,4850.0,4870.0,4790.0,4830.0,3999.52734375,214394900.0
2024-08-16,BBRI.JK,4850.0,4870.0,4830.0,4830.0,3999.52734375,149701700.0
2024-08-19,BBRI.JK,4820.0,4820.0,4750.0,4820.0,3991.24658203125,196203200.0
2024-08-20,BBRI.JK,4860.0,4950.0,4840.0,4950.0,4098.89453125,310085500.0
2024-08-21,BBRI.JK,4990.0,5100.0,4980.0,5100.0,4223.10302734375,390307000.0
2024-08-22,BBRI.JK,5125.0,5150.0,5025.0,5050.0,4181.70068359375,474043100.0
2024-08-23,BBRI.JK,5150.0,5200.0,5125.0,5150.0,4264.505859375,217759300.0
2024-08-26,BBRI.JK,5200.0,5325.0,5200.0,5300.0,4388.71533203125,361169800.0
2024-08-27,BBRI.JK,5250.0,5275.0,5100.0,5175.0,4285.2080078125,271088700.0
2024-08-28,BBRI.JK,5100.0,5175.0,5025.0,5150.0,4264.505859375,277561700.0
2024-08-29,BBRI.JK,5125.0,5175.0,5100.0,5125.0,4243.8046875,160041900.0
2024-08-30,BBRI.JK,5175.0,5175.0,5125.0,5150.0,4264.505859375,275298000.0
2024-09-02,BBRI.JK,5150.0,5225.0,5150.0,5175.0,4285.2080078125,136717200.0
2024-09-03,BBRI.JK,5225.0,5250.0,5150.0,5175.0,4285.2080078125,166033900.0
2024-09-04,BBRI.JK,5100.0,5175.0,5100.0,5100.0,4223.10302734375,141890400.0
2024-09-05,BBRI.JK,5125.0,5150.0,5075.0,5150.0,4264.505859375,166436800.0
2024-09-06,BBRI.JK,5200.0,5250.0,5150.0,5225.0,4326.61083984375,170520700.0
2024-09-09,BBRI.JK,5275.0,5300.0,5150.0,5175.0,4285.2080078125,201448700.0
2024-09-10,BBRI.JK,5200.0,5250.0,5125.0,5250.0,4347.31201171875,202326400.0
2024-09-11,BBRI.JK,5225.0,5250.0,5125.0,5175.0,4285.2080078125,165284900.0
2024-09-12,BBRI.JK,5175.0,5225.0,5150.0,5175.0,4285.2080078125,138542100.0
2024-09-13,BBRI.JK,5200.0,5300.0,5175.0,5300.0,4388.71533203125,259722600.0
2024-09-17,BBRI.JK,5350.0,5350.0,5250.0,5300.0,4388.71533203125,201331600.0
2024-09-18,BBRI.JK,5350.0,5375.0,5325.0,5350.0,4430.11767578125,186877300.0
2024-09-19,BBRI.JK,5425.0,5500.0,5400.0,5400.0,4471.5205078125,332941100.0
2024-09-20,BBRI.JK,5400.0,5450.0,5375.0,5375.0,4450.81982421875,260437400.0
2024-09-23,BBRI.JK,5350.0,5500.0,5350.0,5500.0,4554.3271484375,245292000.0
2024-09-24,BBRI.JK,5550.0,5575.0,5525.0,5525.0,4575.0283203125,195415700.0
2024-09-25,BBRI.JK,5400.0,5425.0,5200.0,5325.0,4409.41650390625,607065900.0
2024-09-26,BBRI.JK,5150.0,5200.0,5025.0,5050.0,4181.70068359375,855266800.0
2024-09-27,BBRI.JK,5050.0,5150.0,5000.0,5100.0,4223.10302734375,304694300.0
2024-09-30,BBRI.JK,5050.0,5050.0,4950.0,4950.0,4098.89453125,539169900.0
2024-10-01,BBRI.JK,4970.0,5075.0,4970.0,5075.0,4202.4013671875,197069300.0
2024-10-02,BBRI.JK,5000.0,5075.0,4900.0,4940.0,4090.61376953125,307487600.0
2024-10-03,BBRI.JK,4900.0,4960.0,4860.0,4920.0,4074.052490234375,354814800.0
2024-10-04,BBRI.JK,4870.0,4920.0,4850.0,4860.0,4024.36865234375,289960700.0
2024-10-07,BBRI.JK,4860.0,4930.0,4810.0,4820.0,3991.24658203125,308452200.0
2024-10-08,BBRI.JK,4800.0,5050.0,4760.0,5000.0,4140.29736328125,527474400.0
2024-10-09,BBRI.JK,5000.0,5075.0,4930.0,4930.0,4082.332763671875,309336600.0
2024-10-10,BBRI.JK,4920.0,4970.0,4860.0,4860.0,4024.36865234375,226564700.0
2024-10-11,BBRI.JK,4910.0,4940.0,4890.0,4900.0,4057.4912109375,104875300.0
2024-10-14,BBRI.JK,4900.0,4930.0,4870.0,4900.0,4057.4912109375,125414400.0
2024-10-15,BBRI.JK,4930.0,4990.0,4920.0,4920.0,4074.052490234375,142372200.0
2024-10-16,BBRI.JK,4950.0,4970.0,4920.0,4950.0,4098.89453125,118014300.0
2024-10-17,BBRI.JK,4960.0,5050.0,4940.0,4980.0,4123.73583984375,188127700.0
2024-10-18,BBRI.JK,5025.0,5050.0,4960.0,4970.0,4115.45556640625,157113000.0
2024-10-21,BBRI.JK,4980.0,5025.0,4970.0,4990.0,4132.0166015625,110708200.0
2024-10-22,BBRI.JK,4960.0,4970.0,4900.0,4900.0,4057.4912109375,199707500.0
2024-10-23,BBRI.JK,4830.0,4890.0,4810.0,4860.0,4024.36865234375,222147300.0
2024-10-24,BBRI.JK,4820.0,4900.0,4810.0,4820.0,3991.24658203125,218162100.0
2024-10-25,BBRI.JK,4820.0,4860.0,4770.0,4770.0,3949.843505859375,195647800.0
2024-10-28,BBRI.JK,4770.0,4800.0,4710.0,4760.0,3941.56298828125,191211000.0
2024-10-29,BBRI.JK,4730.0,4780.0,4700.0,4700.0,3891.87939453125,203658600.0
2024-10-30,BBRI.JK,4630.0,4750.0,4630.0,4710.0,3900.159912109375,296314500.0
2024-10-31,BBRI.JK,4710.0,4870.0,4710.0,4800.0,3974.685791015625,307110400.0
2024-11-01,BBRI.JK,4770.0,4820.0,4700.0,4700.0,3891.87939453125,235656400.0
2024-11-04,BBRI.JK,4710.0,4770.0,4650.0,4720.0,3908.4404296875,209831500.0
2024-11-05,BBRI.JK,4690.0,4740.0,4680.0,4710.0,3900.159912109375,199499300.0
2024-11-06,BBRI.JK,4710.0,4730.0,4600.0,4600.0,3809.0732421875,249059500.0
2024-11-07,BBRI.JK,4610.0,4640.0,4550.0,4550.0,3767.670166015625,296218600.0
2024-11-08,BBRI.JK,4600.0,4640.0,4520.0,4520.0,3742.828857421875,198589900.0
2024-11-11,BBRI.JK,4470.0,4540.0,4370.0,4460.0,3693.145263671875,507192300.0
2024-11-12,BBRI.JK,4430.0,4520.0,4430.0,4500.0,3726.267333984375,252380100.0
2024-11-13,BBRI.JK,4470.0,4610.0,4460.0,4580.0,3792.5126953125,209627200.0
2024-11-14,BBRI.JK,4570.0,4590.0,4500.0,4500.0,3726.267333984375,159871800.0
2024-11-15,BBRI.JK,4450.0,4510.0,4450.0,4470.0,3701.42578125,106365600.0
2024-11-18,BBRI.JK,4440.0,4460.0,4350.0,4350.0,3602.058837890625,253272300.0
2024-11-19,BBRI.JK,4350.0,4410.0,4350.0,4360.0,3610.3388671875,294838700.0
2024-11-20,BBRI.JK,4400.0,4440.0,4330.0,4330.0,3585.49755859375,298734600.0
2024-11-21,BBRI.JK,4280.0,4320.0,4250.0,4250.0,3519.25244140625,376788400.0
2024-11-22,BBRI.JK,4250.0,4420.0,4250.0,4400.0,3643.461669921875,280188100.0
2024-11-25,BBRI.JK,4420.0,4530.0,4420.0,4470.0,3701.42578125,401446400.0
2024-11-26,BBRI.JK,4450.0,4470.0,4380.0,4400.0,3643.461669921875,266677500.0
2024-11-28,BBRI.JK,4350.0,4390.0,4330.0,4330.0,3585.49755859375,277081800.0
2024-11-29,BBRI.JK,4280.0,4300.0,4250.0,4250.0,3519.25244140625,412519800.0
2024-12-02,BBRI.JK,4270.0,4280.0,4160.0,4170.0,3453.0078125,337188900.0
2024-12-03,BBRI.JK,4240.0,4250.0,4210.0,4240.0,3510.97216796875,384146700.0
2024-12-04,BBRI.JK,4240.0,4370.0,4220.0,4350.0,3602.058837890625,345762200.0
2024-12-05,BBRI.JK,4310.0,4340.0,4250.0,4260.0,3527.533203125,183249300.0
2024-12-06,BBRI.JK,4250.0,4310.0,4220.0,4310.0,3568.936279296875,151433000.0
2024-12-09,BBRI.JK,4310.0,4390.0,4300.0,4390.0,3635.18115234375,158897200.0
2024-12-10,BBRI.JK,4360.0,4380.0,4290.0,4360.0,3610.3388671875,196160900.0
2024-12-11,BBRI.JK,4340.0,4430.0,4340.0,4380.0,3626.900390625,203980300.0
2024-12-12,BBRI.JK,4340.0,4360.0,4260.0,4260.0,3527.533203125,226698900.0
2024-12-13,BBRI.JK,4230.0,4280.0,4170.0,4170.0,3453.0078125,287838100.0
2024-12-16,BBRI.JK,4150.0,4280.0,4150.0,4250.0,3519.25244140625,325441900.0
2024-12-17,BBRI.JK,4250.0,4290.0,4150.0,4150.0,3436.44677734375,327919000.0
2024-12-18,BBRI.JK,4170.0,4210.0,4130.0,4150.0,3436.44677734375,205055500.0
2024-12-19,BBRI.JK,4090.0,4110.0,4050.0,4090.0,3386.76318359375,381986300.0
2024-12-20,BBRI.JK,4070.0,4120.0,4050.0,4060.0,3361.921142578125,252689600.0
2024-12-23,BBRI.JK,4130.0,4210.0,4110.0,4210.0,3486.13037109375,167689800.0
2024-12-24,BBRI.JK,4220.0,4250.0,4170.0,4200.0,3477.849609375,199536100.0
2024-12-27,BBRI.JK,4100.0,4120.0,4080.0,4100.0,3507.794189453125,143104400.0
2024-12-30,BBRI.JK,4080.0,4120.0,4070.0,4080.0,3490.68310546875,153934700.0
2025-01-02,BBRI.JK,4100.0,4220.0,4090.0,4210.0,3601.906005859375,181361700.0
2025-01-03,BBRI.JK,4220.0,4240.0,4150.0,4150.0,3550.572265625,134632300.0
2025-01-06,BBRI.JK,4180.0,4180.0,4100.0,4100.0,3507.794189453125,153048700.0
2025-01-07,BBRI.JK,4080.0,4090.0,4030.0,4030.0,3447.9052734375,171997400.0
2025-01-08,BBRI.JK,4030.0,4100.0,4030.0,4080.0,3490.68310546875,133655700.0
2025-01-09,BBRI.JK,4070.0,4100.0,4030.0,4030.0,3447.9052734375,99300400.0
2025-01-10,BBRI.JK,4030.0,4060.0,4010.0,4010.0,3430.793701171875,132774300.0
2025-01-13,BBRI.JK,3990.0,3990.0,3850.0,3850.0,3293.904296875,413408100.0
2025-01-14,BBRI.JK,3820.0,3920.0,3800.0,3800.0,3251.12646484375,293621700.0
2025-01-15,BBRI.JK,3840.0,4090.0,3840.0,4090.0,3499.23876953125,407813500.0
2025-01-16,BBRI.JK,4210.0,4240.0,4130.0,4160.0,3559.127685546875,349387500.0
2025-01-17,BBRI.JK,4150.0,4190.0,4080.0,4090.0,3499.23876953125,268758600.0
2025-01-20,BBRI.JK,4130.0,4220.0,4130.0,4220.0,3610.46142578125,167348600.0
2025-01-21,BBRI.JK,4270.0,4380.0,4250.0,4260.0,3644.683837890625,345223800.0
2025-01-22,BBRI.JK,4310.0,4320.0,4230.0,4260.0,3644.683837890625,193218900.0
2025-01-23,BBRI.JK,4260.0,4340.0,4260.0,4300.0,3678.90625,216018100.0
2025-01-24,BBRI.JK,4350.0,4350.0,4190.0,4190.0,3584.794677734375,276421900.0
2025-01-30,BBRI.JK,4130.0,4170.0,4090.0,4120.0,3524.905517578125,220222400.0
2025-01-31,BBRI.JK,4170.0,4280.0,4150.0,4220.0,3610.46142578125,192622700.0
2025-02-03,BBRI.JK,4200.0,4270.0,4150.0,4250.0,3636.128173828125,220285800.0
2025-02-04,BBRI.JK,4260.0,4300.0,4200.0,4260.0,3644.683837890625,231917500.0
2025-02-05,BBRI.JK,4250.0,4250.0,4140.0,4140.0,3542.0166015625,209834400.0
2025-02-06,BBRI.JK,4120.0,4160.0,3940.0,3970.0,3396.571533203125,378545500.0
2025-02-07,BBRI.JK,3970.0,4030.0,3940.0,4030.0,3447.9052734375,259636200.0
2025-02-10,BBRI.JK,4000.0,4050.0,3950.0,3970.0,3396.571533203125,201999400.0
2025-02-11,BBRI.JK,3970.0,4040.0,3900.0,4010.0,3430.793701171875,276382800.0
2025-02-12,BBRI.JK,3960.0,4060.0,3950.0,4030.0,3447.9052734375,362571900.0
2025-02-13,BBRI.JK,4000.0,4030.0,3960.0,3990.0,3413.6826171875,341640600.0
2025-02-14,BBRI.JK,4000.0,4010.0,3850.0,3860.0,3302.459716796875,524909600.0
2025-02-17,BBRI.JK,3870.0,4030.0,3870.0,4030.0,3447.9052734375,265737100.0
2025-02-18,BBRI.JK,4030.0,4180.0,4030.0,4150.0,3550.572265625,374350700.0
2025-02-19,BBRI.JK,4160.0,4180.0,4010.0,4020.0,3439.349609375,348358600.0
2025-02-20,BBRI.JK,3970.0,4020.0,3910.0,3910.0,3345.238037109375,312753300.0
2025-02-21,BBRI.JK,3910.0,3930.0,3870.0,3890.0,3328.126708984375,205268800.0
2025-02-24,BBRI.JK,3900.0,3940.0,3870.0,3920.0,3353.79345703125,138610800.0
2025-02-25,BBRI.JK,3880.0,3920.0,3800.0,3800.0,3251.12646484375,404555100.0
2025-02-26,BBRI.JK,3800.0,3860.0,3760.0,3820.0,3268.23779296875,242834100.0
2025-02-27,BBRI.JK,3790.0,3800.0,3610.0,3630.0,3105.68115234375,410928000.0
2025-02-28,BBRI.JK,3500.0,3540.0,3360.0,3360.0,2874.68017578125,1000597600.0
2025-03-03,BBRI.JK,3520.0,3740.0,3470.0,3670.0,3139.90380859375,744626800.0
2025-03-04,BBRI.JK,3680.0,3720.0,3600.0,3670.0,3139.90380859375,338434700.0
2025-03-05,BBRI.JK,3710.0,3900.0,3710.0,3840.0,3285.348876953125,441151000.0
2025-03-06,BBRI.JK,3870.0,3990.0,3870.0,3950.0,3379.46044921875,434485100.0
2025-03-07,BBRI.JK,3930.0,3930.0,3810.0,3810.0,3259.68212890625,243793600.0
2025-03-10,BBRI.JK,3790.0,3810.0,3730.0,3760.0,3216.904052734375,232192200.0
2025-03-11,BBRI.JK,3700.0,3790.0,3660.0,3790.0,3242.57080078125,273961800.0
2025-03-12,BBRI.JK,3810.0,3920.0,3810.0,3890.0,3328.126708984375,271631200.0
2025-03-13,BBRI.JK,3960.0,3970.0,3800.0,3800.0,3251.12646484375,209225700.0
2025-03-14,BBRI.JK,3750.0,3840.0,3750.0,3750.0,3208.348388671875,156131900.0
2025-03-17,BBRI.JK,3780.0,3840.0,3730.0,3830.0,3276.793212890625,162467700.0
2025-03-18,BBRI.JK,3840.0,3860.0,3500.0,3680.0,3148.459228515625,416894600.0
2025-03-19,BBRI.JK,3710.0,3780.0,3680.0,3710.0,3174.1259765625,352217700.0
2025-03-20,BBRI.JK,3730.0,3760.0,3640.0,3660.0,3131.34814453125,313033000.0
2025-03-21,BBRI.JK,3600.0,3700.0,3550.0,3700.0,3165.570556640625,627645600.0
2025-03-24,BBRI.JK,3650.0,3740.0,3520.0,3610.0,3088.570068359375,342883200.0
2025-03-25,BBRI.JK,3660.0,3840.0,3660.0,3800.0,3251.12646484375,331285900.0
2025-03-26,BBRI.JK,3870.0,4020.0,3860.0,4000.0,3422.23828125,540888800.0
2025-03-27,BBRI.JK,4000.0,4050.0,3930.0,4050.0,3465.016357421875,322553200.0
2025-04-08,BBRI.JK,3460.0,3750.0,3450.0,3640.0,3114.23681640625,734807100.0
2025-04-09,BBRI.JK,3610.0,3710.0,3600.0,3630.0,3105.68115234375,366649900.0
2025-04-10,BBRI.JK,3920.0,3930.0,3770.0,3800.0,3251.12646484375,417562900.0
2025-04-11,BBRI.JK,3600.0,3650.0,3590.0,3630.0,3285.88623046875,301200600.0
2025-04-14,BBRI.JK,3630.0,3690.0,3620.0,3690.0,3340.1982421875,169458300.0
2025-04-15,BBRI.JK,3730.0,3780.0,3680.0,3690.0,3340.1982421875,254224400.0
2025-04-16,BBRI.JK,3690.0,3700.0,3600.0,3650.0,3303.990478515625,233772400.0
2025-04-17,BBRI.JK,3670.0,3670.0,3610.0,3640.0,3294.938232421875,121059300.0
2025-04-21,BBRI.JK,3620.0,3660.0,3570.0,3620.0,3276.834228515625,107470200.0
2025-04-22,BBRI.JK,3600.0,3650.0,3600.0,3630.0,3285.88623046875,147116900.0
2025-04-23,BBRI.JK,3660.0,3790.0,3640.0,3760.0,3403.562744140625,432999900.0
2025-04-24,BBRI.JK,3790.0,3840.0,3720.0,3730.0,3376.406494140625,272537300.0
2025-04-25,BBRI.JK,3770.0,3790.0,3730.0,3740.0,3385.458740234375,136517100.0
2025-04-28,BBRI.JK,3790.0,3850.0,3780.0,3840.0,3475.978759765625,212945800.0
2025-04-29,BBRI.JK,3860.0,3870.0,3820.0,3850.0,3485.031005859375,160631400.0
2025-04-30,BBRI.JK,3810.0,3850.0,3770.0,3850.0,3485.031005859375,226832200.0
2025-05-02,BBRI.JK,3920.0,3920.0,3850.0,3880.0,3512.18701171875,205628100.0
2025-05-05,BBRI.JK,3900.0,3920.0,3860.0,3860.0,3494.0830078125,196917100.0
2025-05-06,BBRI.JK,3840.0,3900.0,3840.0,3880.0,3512.18701171875,111333800.0
2025-05-07,BBRI.JK,3900.0,3910.0,3870.0,3910.0,3539.343017578125,119763100.0
2025-05-08,BBRI.JK,3910.0,3960.0,3780.0,3790.0,3430.71875,224121900.0
2025-05-09,BBRI.JK,3810.0,3840.0,3760.0,3840.0,3475.978759765625,147638100.0
2025-05-14,BBRI.JK,4000.0,4090.0,3960.0,4090.0,3702.279541015625,461642400.0
2025-05-15,BBRI.JK,4140.0,4310.0,4130.0,4270.0,3865.216064453125,537151700.0
2025-05-16,BBRI.JK,4310.0,4330.0,4160.0,4250.0,3847.112060546875,289337600.0
2025-05-19,BBRI.JK,4230.0,4260.0,4200.0,4230.0,3829.0078125,145935500.0
2025-05-20,BBRI.JK,4230.0,4280.0,4170.0,4210.0,3810.90380859375,209576900.0
2025-05-21,BBRI.JK,4210.0,4310.0,4210.0,4260.0,3856.1640625,256020200.0
2025-05-22,BBRI.JK,4280.0,4310.0,4240.0,4300.0,3892.3720703125,208291800.0
2025-05-23,BBRI.JK,4350.0,4370.0,4330.0,4350.0,3937.63232421875,108182800.0
2025-05-26,BBRI.JK,4350.0,4350.0,4260.0,4320.0,3910.47607421875,149418600.0
2025-05-27,BBRI.JK,4320.0,4370.0,4280.0,4370.0,3955.736328125,180028000.0
2025-05-28,BBRI.JK,4360.0,4450.0,4320.0,4450.0,4028.152587890625,466133500.0
2025-06-02,BBRI.JK,4360.0,4390.0,4200.0,4200.0,3801.851806640625,389541100.0
2025-06-03,BBRI.JK,4210.0,4230.0,4120.0,4200.0,3801.851806640625,277902300.0
2025-06-04,BBRI.JK,4230.0,4230.0,4080.0,4080.0,3693.2275390625,279755300.0
2025-06-05,BBRI.JK,4110.0,4140.0,4050.0,4100.0,3711.331787109375,230129500.0
2025-06-10,BBRI.JK,4100.0,4160.0,4100.0,4150.0,3756.591796875,179827500.0
2025-06-11,BBRI.JK,4130.0,4140.0,4060.0,4070.0,3684.175537109375,196558700.0
2025-06-12,BBRI.JK,4070.0,4100.0,4060.0,4070.0,3684.175537109375,113850500.0
2025-06-13,BBRI.JK,4020.0,4050.0,3980.0,4000.0,3620.811279296875,283826000.0
2025-06-16,BBRI.JK,3980.0,4010.0,3960.0,3990.0,3611.75927734375,155450700.0
2025-06-17,BBRI.JK,4010.0,4030.0,3960.0,3960.0,3584.60302734375,125769400.0
2025-06-18,BBRI.JK,3950.0,3960.0,3900.0,3940.0,3566.4990234375,140882100.0
2025-06-19,BBRI.JK,3900.0,3920.0,3800.0,3800.0,3439.770751953125,355413000.0
2025-06-20,BBRI.JK,3740.0,3840.0,3740.0,3790.0,3430.71875,516177900.0
2025-06-23,BBRI.JK,3730.0,3750.0,3660.0,3720.0,3367.3544921875,222067700.0
2025-06-24,BBRI.JK,3820.0,3900.0,3770.0,3780.0,3421.66650390625,281594300.0
2025-06-25,BBRI.JK,3830.0,3830.0,3730.0,3760.0,3403.562744140625,164257700.0
2025-06-26,BBRI.JK,3780.0,3830.0,3750.0,3830.0,3466.927001953125,171427000.0
2025-06-30,BBRI.JK,3840.0,3840.0,3730.0,3740.0,3385.458740234375,271933200.0
2025-07-01,BBRI.JK,3780.0,3790.0,3670.0,3700.0,3349.25048828125,212288800.0
2025-07-02,BBRI.JK,3650.0,3700.0,3640.0,3680.0,3331.146484375,220273500.0
2025-07-03,BBRI.JK,3710.0,3730.0,3680.0,3680.0,3331.146484375,119674300.0
2025-07-04,BBRI.JK,3680.0,3710.0,3650.0,3670.0,3322.094482421875,91141200.0
2025-07-07,BBRI.JK,3670.0,3700.0,3650.0,3700.0,3349.25048828125,78783800.0
2025-07-08,BBRI.JK,3690.0,3700.0,3650.0,3670.0,3322.094482421875,115551200.0
2025-07-09,BBRI.JK,3650.0,3700.0,3650.0,3680.0,3331.146484375,92437900.0
2025-07-10,BBRI.JK,3690.0,3880.0,3680.0,3870.0,3503.134765625,290117200.0
2025-07-11,BBRI.JK,3920.0,3920.0,3870.0,3880.0,3512.18701171875,255634700.0
2025-07-14,BBRI.JK,3880.0,3890.0,3750.0,3780.0,3421.66650390625,167151400.0
2025-07-15,BBRI.JK,3800.0,3880.0,3780.0,3880.0,3512.18701171875,183209300.0
2025-07-16,BBRI.JK,3950.0,3960.0,3880.0,3880.0,3512.18701171875,241966800.0
2025-07-17,BBRI.JK,3930.0,3930.0,3880.0,3890.0,3521.239013671875,111359500.0
2025-07-18,BBRI.JK,3910.0,3940.0,3860.0,3860.0,3494.0830078125,111030000.0
2025-07-21,BBRI.JK,3890.0,3900.0,3830.0,3830.0,3466.927001953125,89765800.0
2025-07-22,BBRI.JK,3860.0,3880.0,3830.0,3840.0,3475.978759765625,84902800.0
2025-07-23,BBRI.JK,3840.0,3860.0,3790.0,3800.0,3439.770751953125,132305000.0
2025-07-24,BBRI.JK,3830.0,3950.0,3820.0,3950.0,3575.55126953125,206654200.0
2025-07-25,BBRI.JK,3950.0,3950.0,3870.0,3880.0,3512.18701171875,86263700.0
2025-07-28,BBRI.JK,3940.0,3950.0,3920.0,3940.0,3566.4990234375,94898300.0
2025-07-29,BBRI.JK,3930.0,3930.0,3900.0,3920.0,3548.395263671875,98887100.0
2025-07-30,BBRI.JK,3910.0,3910.0,3770.0,3780.0,3421.66650390625,206358500.0
2025-07-31,BBRI.JK,3780.0,3790.0,3700.0,3710.0,3358.302490234375,163371700.0
2025-08-01,BBRI.JK,3800.0,3800.0,3740.0,3740.0,3385.458740234375,134100500.0
2025-08-04,BBRI.JK,3720.0,3740.0,3690.0,3710.0,3358.302490234375,104446300.0
2025-08-05,BBRI.JK,3700.0,3790.0,3700.0,3740.0,3385.458740234375,184822600.0
2025-08-06,BBRI.JK,3770.0,3780.0,3710.0,3710.0,3358.302490234375,100168200.0
2025-08-07,BBRI.JK,3730.0,3750.0,3700.0,3710.0,3358.302490234375,92746000.0
2025-08-08,BBRI.JK,3710.0,3730.0,3700.0,3700.0,3349.25048828125,133180100.0
2025-08-11,BBRI.JK,3720.0,3810.0,3720.0,3810.0,3448.82275390625,143167900.0
2025-08-12,BBRI.JK,3860.0,4050.0,3830.0,4050.0,3666.0712890625,404797800.0
2025-08-13,BBRI.JK,4060.0,4100.0,3990.0,4080.0,3693.2275390625,292104000.0
2025-08-14,BBRI.JK,4080.0,4100.0,4040.0,4060.0,3675.12353515625,164408100.0
2025-08-15,BBRI.JK,4100.0,4150.0,4070.0,4120.0,3729.435546875,269255400.0
2025-08-19,BBRI.JK,4090.0,4100.0,4010.0,4040.0,3657.01953125,208409700.0
2025-08-20,BBRI.JK,4050.0,4150.0,4050.0,4150.0,3756.591796875,173260400.0
2025-08-21,BBRI.JK,4160.0,4170.0,4090.0,4150.0,3756.591796875,112477700.0
2025-08-22,BBRI.JK,4170.0,4170.0,4100.0,4100.0,3711.331787109375,71971500.0
2025-08-25,BBRI.JK,4180.0,4270.0,4170.0,4210.0,3810.90380859375,195322200.0
2025-08-26,BBRI.JK,4220.0,4220.0,4170.0,4170.0,3774.69580078125,267465600.0
2025-08-27,BBRI.JK,4130.0,4150.0,4070.0,4130.0,3738.48779296875,123874000.0
2025-08-28,BBRI.JK,4130.0,4150.0,4110.0,4140.0,3747.53955078125,60838200.0
2025-08-29,BBRI.JK,4100.0,4120.0,4020.0,4050.0,3666.0712890625,217276600.0
2025-09-01,BBRI.JK,3930.0,4010.0,3860.0,3980.0,3602.707275390625,234206100.0
2025-09-02,BBRI.JK,3980.0,4050.0,3960.0,3960.0,3584.60302734375,111856000.0
2025-09-03,BBRI.JK,4020.0,4030.0,3950.0,4030.0,3647.96728515625,112507500.0
2025-09-04,BBRI.JK,3980.0,4010.0,3960.0,4000.0,3620.811279296875,87402700.0
2025-09-08,BBRI.JK,4070.0,4070.0,3890.0,3900.0,3530.291015625,143993900.0
2025-09-09,BBRI.JK,3870.0,3890.0,3750.0,3790.0,3430.71875,327167200.0
2025-09-10,BBRI.JK,3820.0,3890.0,3820.0,3880.0,3512.18701171875,117680500.0
2025-09-11,BBRI.JK,4000.0,4120.0,3980.0,4080.0,3693.2275390625,281910400.0
2025-09-12,BBRI.JK,4180.0,4190.0,4110.0,4180.0,3783.747802734375,235383800.0
2025-09-15,BBRI.JK,4200.0,4220.0,4120.0,4140.0,3747.53955078125,157482000.0
2025-09-16,BBRI.JK,4160.0,4170.0,4080.0,4130.0,3738.48779296875,167511900.0
2025-09-17,BBRI.JK,4160.0,4220.0,4120.0,4220.0,3819.9560546875,245154800.0
2025-09-18,BBRI.JK,4270.0,4270.0,4210.0,4250.0,3847.112060546875,332670300.0
2025-09-19,BBRI.JK,4230.0,4250.0,4180.0,4250.0,3847.112060546875,211373200.0
2025-09-22,BBRI.JK,4250.0,4250.0,4110.0,4160.0,3765.643798828125,157592800.0
2025-09-23,BBRI.JK,4120.0,4170.0,4110.0,4140.0,3747.53955078125,110771700.0
2025-09-24,BBRI.JK,4140.0,4170.0,4100.0,4170.0,3774.69580078125,124591600.0
2025-09-25,BBRI.JK,4170.0,4170.0,4050.0,4070.0,3684.175537109375,129656800.0
2025-09-26,BBRI.JK,4050.0,4080.0,4000.0,4040.0,3657.01953125,146229200.0
2025-09-29,BBRI.JK,4040.0,4040.0,3960.0,3980.0,3602.707275390625,126611800.0
2025-09-30,BBRI.JK,3980.0,3980.0,3900.0,3900.0,3530.291015625,217357100.0
2025-10-01,BBRI.JK,3860.0,3940.0,3800.0,3810.0,3448.82275390625,223133600.0
2025-10-02,BBRI.JK,3760.0,3790.0,3710.0,3710.0,3358.302490234375,379620000.0
2025-10-03,BBRI.JK,3710.0,3750.0,3680.0,3690.0,3340.1982421875,214737100.0
2025-10-06,BBRI.JK,3700.0,3740.0,3640.0,3660.0,3313.042236328125,190283900.0
2025-10-07,BBRI.JK,3690.0,3720.0,3670.0,3710.0,3358.302490234375,155933000.0
2025-10-08,BBRI.JK,3730.0,3740.0,3670.0,3720.0,3367.3544921875,148263700.0
2025-10-09,BBRI.JK,3690.0,3930.0,3640.0,3860.0,3494.0830078125,479239500.0
2025-10-10,BBRI.JK,3790.0,3790.0,3690.0,3730.0,3376.406494140625,277252300.0
2025-10-13,BBRI.JK,3680.0,3710.0,3660.0,3660.0,3313.042236328125,181694400.0
2025-10-14,BBRI.JK,3640.0,3690.0,3550.0,3550.0,3213.469970703125,278639100.0
2025-10-15,BBRI.JK,3570.0,3590.0,3450.0,3500.0,3168.2099609375,468733500.0
2025-10-16,BBRI.JK,3500.0,3580.0,3480.0,3530.0,3195.365966796875,227629500.0
2025-10-17,BBRI.JK,3530.0,3570.0,3490.0,3500.0,3168.2099609375,244442400.0
2025-10-20,BBRI.JK,3550.0,3730.0,3540.0,3680.0,3331.146484375,391510300.0
2025-10-21,BBRI.JK,3780.0,3790.0,3710.0,3760.0,3403.562744140625,293000200.0
2025-10-22,BBRI.JK,3790.0,3820.0,3680.0,3700.0,3349.25048828125,329470700.0
2025-10-23,BBRI.JK,3720.0,3820.0,3700.0,3820.0,3457.874755859375,225902700.0
2025-10-24,BBRI.JK,3820.0,3910.0,3820.0,3850.0,3485.031005859375,313903600.0
2025-10-27,BBRI.JK,3880.0,3930.0,3750.0,3860.0,3494.0830078125,332539600.0
2025-10-28,BBRI.JK,3850.0,3860.0,3780.0,3850.0,3485.031005859375,239026800.0
2025-10-29,BBRI.JK,3830.0,3890.0,3790.0,3890.0,3521.239013671875,215008600.0
2025-10-30,BBRI.JK,3900.0,3990.0,3870.0,3910.0,3539.343017578125,287905300.0
2025-10-31,BBRI.JK,3930.0,4020.0,3920.0,3980.0,3602.707275390625,348755700.0
2025-11-03,BBRI.JK,4050.0,4050.0,4010.0,4040.0,3657.01953125,163770500.0
2025-11-04,BBRI.JK,4030.0,4050.0,3970.0,3970.0,3593.6552734375,241154700.0
2025-11-05,BBRI.JK,3940.0,3990.0,3910.0,3980.0,3602.707275390625,139859100.0
2025-11-06,BBRI.JK,3980.0,4010.0,3950.0,4000.0,3620.811279296875,130808100.0
2025-11-07,BBRI.JK,4000.0,4010.0,3980.0,3980.0,3602.707275390625,87287600.0
2025-11-10,BBRI.JK,4010.0,4020.0,3930.0,3930.0,3557.447021484375,148552900.0
2025-11-11,BBRI.JK,3940.0,3960.0,3860.0,3890.0,3521.239013671875,179000200.0
2025-11-12,BBRI.JK,3890.0,3950.0,3890.0,3900.0,3530.291015625,111115400.0
2025-11-13,BBRI.JK,3900.0,3910.0,3870.0,3870.0,3503.134765625,99373200.0
2025-11-14,BBRI.JK,3860.0,3930.0,3860.0,3900.0,3530.291015625,100717300.0
2025-11-17,BBRI.JK,3880.0,3950.0,3880.0,3940.0,3566.4990234375,140868100.0
2025-11-18,BBRI.JK,3950.0,3990.0,3930.0,3970.0,3593.6552734375,205257700.0
2025-11-19,BBRI.JK,3990.0,4000.0,3970.0,4000.0,3620.811279296875,107451000.0
2025-11-20,BBRI.JK,4020.0,4050.0,3990.0,3990.0,3611.75927734375,183008400.0
2025-11-21,BBRI.JK,3980.0,4000.0,3940.0,3960.0,3584.60302734375,112666100.0
2025-11-24,BBRI.JK,4000.0,4000.0,3940.0,3980.0,3602.707275390625,262302000.0
2025-11-25,BBRI.JK,3980.0,3980.0,3830.0,3830.0,3466.927001953125,396959100.0
2025-11-26,BBRI.JK,3800.0,3830.0,3780.0,3790.0,3430.71875,288419400.0
2025-11-27,BBRI.JK,3800.0,3810.0,3720.0,3740.0,3385.458740234375,283451800.0
2025-11-28,BBRI.JK,3710.0,3750.0,3680.0,3680.0,3331.146484375,353872800.0
2025-12-01,BBRI.JK,3680.0,3730.0,3660.0,3670.0,3322.094482421875,299669500.0
2025-12-02,BBRI.JK,3690.0,3730.0,3670.0,3710.0,3358.302490234375,277714300.0
2025-12-03,BBRI.JK,3690.0,3700.0,3660.0,3660.0,3313.042236328125,225357100.0
2025-12-04,BBRI.JK,3660.0,3690.0,3650.0,3690.0,3340.1982421875,221121100.0
2025-12-05,BBRI.JK,3700.0,3700.0,3650.0,3650.0,3303.990478515625,156161100.0
2025-12-08,BBRI.JK,3680.0,3690.0,3660.0,3670.0,3322.094482421875,124094700.0
2025-12-09,BBRI.JK,3700.0,3700.0,3650.0,3680.0,3331.146484375,201089800.0
2025-12-10,BBRI.JK,3680.0,3680.0,3650.0,3660.0,3313.042236328125,172677700.0
2025-12-11,BBRI.JK,3680.0,3700.0,3580.0,3620.0,3276.834228515625,327591200.0
2025-12-12,BBRI.JK,3640.0,3640.0,3580.0,3630.0,3285.88623046875,169747600.0
2025-12-15,BBRI.JK,3650.0,3810.0,3630.0,3780.0,3421.66650390625,312694100.0
2025-12-16,BBRI.JK,3800.0,3810.0,3680.0,3690.0,3340.1982421875,237949900.0
2025-12-17,BBRI.JK,3690.0,3780.0,3680.0,3750.0,3394.510498046875,273544100.0
2025-12-18,BBRI.JK,3750.0,3820.0,3750.0,3780.0,3421.66650390625,262527300.0
2025-12-19,BBRI.JK,3800.0,3810.0,3760.0,3770.0,3412.61474609375,228583500.0
2025-12-22,BBRI.JK,3770.0,3780.0,3750.0,3760.0,3403.562744140625,161680300.0
2025-12-23,BBRI.JK,3760.0,3780.0,3730.0,3770.0,3412.61474609375,138427000.0
2025-12-24,BBRI.JK,3770.0,3790.0,3750.0,3770.0,3412.61474609375,121073600.0
2025-12-29,BBRI.JK,3780.0,3790.0,3760.0,3780.0,3421.66650390625,238061500.0
2025-12-30,BBRI.JK,3690.0,3690.0,3650.0,3660.0,3437.6337890625,274402200.0
2026-01-02,BBRI.JK,3660.0,3670.0,3620.0,3640.0,3418.848876953125,191985100.0
2026-01-05,BBRI.JK,3630.0,3660.0,3590.0,3630.0,3409.45654296875,230544800.0
2026-01-06,BBRI.JK,3630.0,3690.0,3630.0,3680.0,3456.418701171875,175820800.0
2026-01-07,BBRI.JK,3680.0,3710.0,3660.0,3700.0,3475.20361328125,195024700.0
2026-01-08,BBRI.JK,3710.0,3760.0,3700.0,3710.0,3484.595947265625,182019700.0
2026-01-09,BBRI.JK,3730.0,3740.0,3670.0,3680.0,3456.418701171875,143474700.0
2026-01-12,BBRI.JK,3680.0,3740.0,3660.0,3700.0,3475.20361328125,215159700.0
2026-01-13,BBRI.JK,3700.0,3730.0,3670.0,3720.0,3493.988525390625,227620800.0
2026-01-14,BBRI.JK,3740.0,3750.0,3700.0,3720.0,3493.988525390625,170097000.0
2017-01-02,BMRI.JK,2893.75,2893.75,2893.75,2893.75,1737.0955810546875,0.0
2017-01-03,BMRI.JK,2893.75,2893.75,2800.0,2825.0,1695.8255615234375,50412000.0
2017-01-04,BMRI.JK,2825.0,2837.5,2781.25,2837.5,1703.3292236328125,41110400.0
2017-01-05,BMRI.JK,2800.0,2831.25,2787.5,2812.5,1688.32177734375,66554400.0
2017-01-06,BMRI.JK,2837.5,2856.25,2818.75,2843.75,1707.0809326171875,54337600.0
2017-01-09,BMRI.JK,2856.25,2856.25,2806.25,2818.75,1692.0738525390625,36349200.0
2017-01-10,BMRI.JK,2843.75,2850.0,2812.5,2850.0,1710.8328857421875,24804800.0
2017-01-11,BMRI.JK,2856.25,2900.0,2843.75,2843.75,1707.0809326171875,68727200.0
2017-01-12,BMRI.JK,2850.0,2868.75,2825.0,2825.0,1695.8255615234375,29136000.0
2017-01-13,BMRI.JK,2868.75,2868.75,2775.0,2775.0,1665.8106689453125,56228800.0
2017-01-16,BMRI.JK,2812.5,2812.5,2725.0,2731.25,1639.5478515625,77629200.0
2017-01-17,BMRI.JK,2725.0,2756.25,2725.0,2731.25,1639.5478515625,62045200.0
2017-01-18,BMRI.JK,2750.0,2781.25,2737.5,2762.5,1658.30712890625,94687200.0
2017-01-19,BMRI.JK,2775.0,2793.75,2750.0,2762.5,1658.30712890625,72744000.0
2017-01-20,BMRI.JK,2762.5,2768.75,2737.5,2750.0,1650.8035888671875,40007200.0
2017-01-23,BMRI.JK,2725.0,2762.5,2725.0,2743.75,1647.0516357421875,16690800.0
2017-01-24,BMRI.JK,2750.0,2762.5,2737.5,2750.0,1650.8035888671875,83274400.0
2017-01-25,BMRI.JK,2762.5,2762.5,2743.75,2750.0,1650.8035888671875,76550000.0
2017-01-26,BMRI.JK,2737.5,2756.25,2725.0,2725.0,1635.7962646484375,49446000.0
2017-01-27,BMRI.JK,2743.75,2756.25,2737.5,2743.75,1647.0516357421875,24174800.0
2017-01-30,BMRI.JK,2762.5,2768.75,2743.75,2756.25,1654.5552978515625,35440400.0
2017-01-31,BMRI.JK,2725.0,2756.25,2725.0,2725.0,1635.7962646484375,38055600.0
2017-02-01,BMRI.JK,2743.75,2756.25,2731.25,2743.75,1647.0516357421875,117245600.0
2017-02-02,BMRI.JK,2743.75,2762.5,2737.5,2750.0,1650.8035888671875,79610000.0
2017-02-03,BMRI.JK,2768.75,2775.0,2750.0,2768.75,1662.0587158203125,111316000.0
2017-02-06,BMRI.JK,2787.5,2850.0,2787.5,2843.75,1707.0809326171875,198014400.0
2017-02-07,BMRI.JK,2843.75,2862.5,2831.25,2850.0,1710.8328857421875,117718800.0
2017-02-08,BMRI.JK,2837.5,2837.5,2793.75,2806.25,1684.56982421875,109655200.0
2017-02-09,BMRI.JK,2850.0,2893.75,2850.0,2868.75,1722.088134765625,97844000.0
2017-02-10,BMRI.JK,2900.0,2900.0,2837.5,2850.0,1710.8328857421875,96540400.0
2017-02-13,BMRI.JK,2893.75,2900.0,2856.25,2862.5,1718.3365478515625,81397200.0
2017-02-14,BMRI.JK,2862.5,2868.75,2837.5,2856.25,1714.5845947265625,79745200.0
2017-02-15,BMRI.JK,2856.25,2856.25,2856.25,2856.25,1714.5845947265625,0.0
2017-02-16,BMRI.JK,2825.0,2837.5,2725.0,2800.0,1680.818115234375,207778000.0
2017-02-17,BMRI.JK,2800.0,2800.0,2750.0,2768.75,1662.0587158203125,103224000.0
2017-02-20,BMRI.JK,2800.0,2818.75,2775.0,2818.75,1692.0738525390625,72190000.0
2017-02-21,BMRI.JK,2825.0,2825.0,2775.0,2787.5,1673.314453125,50008400.0
2017-02-22,BMRI.JK,2812.5,2825.0,2775.0,2825.0,1695.8255615234375,106237200.0
2017-02-23,BMRI.JK,2787.5,2818.75,2787.5,2787.5,1673.314453125,43852800.0
2017-02-24,BMRI.JK,2818.75,2818.75,2775.0,2775.0,1665.8106689453125,59158000.0
2017-02-27,BMRI.JK,2793.75,2806.25,2793.75,2793.75,1677.06640625,30397600.0
2017-02-28,BMRI.JK,2825.0,2850.0,2800.0,2825.0,1695.8255615234375,43444400.0
2017-03-01,BMRI.JK,2850.0,2850.0,2806.25,2837.5,1703.3292236328125,91156400.0
2017-03-02,BMRI.JK,2843.75,2862.5,2831.25,2831.25,1699.5770263671875,57482800.0
2017-03-03,BMRI.JK,2812.5,2843.75,2800.0,2837.5,1703.3292236328125,29331600.0
2017-03-06,BMRI.JK,2837.5,2843.75,2806.25,2825.0,1695.8255615234375,42578400.0
2017-03-07,BMRI.JK,2800.0,2837.5,2800.0,2831.25,1699.5770263671875,86823200.0
2017-03-08,BMRI.JK,2843.75,2850.0,2831.25,2831.25,1699.5770263671875,33371200.0
2017-03-09,BMRI.JK,2843.75,2843.75,2812.5,2843.75,1707.0809326171875,14298400.0
2017-03-10,BMRI.JK,2850.0,2850.0,2831.25,2850.0,1710.8328857421875,22744800.0
2017-03-13,BMRI.JK,2800.0,2850.0,2800.0,2850.0,1710.8328857421875,45914400.0
2017-03-14,BMRI.JK,2825.0,2862.5,2825.0,2856.25,1714.5845947265625,32416800.0
2017-03-15,BMRI.JK,2875.0,2893.75,2843.75,2862.5,1718.3365478515625,38783600.0
2017-03-16,BMRI.JK,2893.75,2912.5,2881.25,2893.75,1737.0955810546875,124136800.0
2017-03-17,BMRI.JK,2912.5,2925.0,2887.5,2906.25,1744.59912109375,115811200.0
2017-03-20,BMRI.JK,2931.25,2975.0,2906.25,2943.75,1767.10986328125,84118000.0
2017-03-21,BMRI.JK,2962.5,2975.0,2937.5,2950.0,1770.862060546875,98651200.0
2017-03-22,BMRI.JK,2887.5,2956.25,2868.75,2943.75,1807.90576171875,137866400.0
2017-03-23,BMRI.JK,2962.5,3006.25,2962.5,2975.0,1827.09814453125,164951600.0
2017-03-24,BMRI.JK,2993.75,2993.75,2937.5,2975.0,1827.09814453125,101622400.0
2017-03-27,BMRI.JK,2925.0,2962.5,2925.0,2925.0,1796.3905029296875,43376800.0
2017-03-29,BMRI.JK,2975.0,2975.0,2918.75,2943.75,1807.90576171875,55658000.0
2017-03-30,BMRI.JK,2943.75,2962.5,2906.25,2943.75,1807.90576171875,32161600.0
2017-03-31,BMRI.JK,2937.5,2943.75,2925.0,2925.0,1796.3905029296875,63985600.0
2017-04-03,BMRI.JK,2950.0,2962.5,2900.0,2937.5,1804.0672607421875,58964400.0
2017-04-04,BMRI.JK,2912.5,2987.5,2912.5,2937.5,1804.0672607421875,77408800.0
2017-04-05,BMRI.JK,2937.5,2937.5,2937.5,2937.5,1804.0672607421875,0.0
2017-04-06,BMRI.JK,2975.0,3106.25,2956.25,3106.25,1907.7052001953125,87415600.0
2017-04-07,BMRI.JK,3075.0,3106.25,3050.0,3050.0,1873.159423828125,79835600.0
2017-04-10,BMRI.JK,3056.25,3068.75,2987.5,3012.5,1850.1287841796875,36636800.0
2017-04-11,BMRI.JK,3000.0,3000.0,2925.0,2937.5,1804.0672607421875,43113200.0
2017-04-12,BMRI.JK,2918.75,2950.0,2918.75,2925.0,1796.3905029296875,32561600.0
2017-04-13,BMRI.JK,2950.0,2962.5,2875.0,2912.5,1788.713623046875,56194400.0
2017-04-17,BMRI.JK,2925.0,2925.0,2881.25,2906.25,1784.8751220703125,19153200.0
2017-04-18,BMRI.JK,2925.0,2962.5,2906.25,2937.5,1804.0672607421875,89368000.0
2017-04-19,BMRI.JK,2937.5,2937.5,2937.5,2937.5,1804.0672607421875,0.0
2017-04-20,BMRI.JK,2925.0,2937.5,2862.5,2881.25,1769.5213623046875,81478400.0
2017-04-21,BMRI.JK,2893.75,2918.75,2850.0,2850.0,1750.329345703125,38329600.0
2017-04-25,BMRI.JK,2893.75,2925.0,2868.75,2887.5,1773.3597412109375,149208000.0
2017-04-26,BMRI.JK,2925.0,3068.75,2925.0,2956.25,1815.5826416015625,319850400.0
2017-04-27,BMRI.JK,2925.0,2962.5,2925.0,2931.25,1800.228759765625,106382000.0
2017-04-28,BMRI.JK,2918.75,2937.5,2912.5,2925.0,1796.3905029296875,83747600.0
2017-05-02,BMRI.JK,2925.0,2931.25,2918.75,2918.75,1792.552001953125,83054400.0
2017-05-03,BMRI.JK,2912.5,2912.5,2875.0,2893.75,1777.1983642578125,99818800.0
2017-05-04,BMRI.JK,2906.25,2956.25,2906.25,2925.0,1796.3905029296875,134070000.0
2017-05-05,BMRI.JK,2937.5,3031.25,2937.5,2993.75,1838.61328125,146848400.0
2017-05-08,BMRI.JK,3025.0,3068.75,3012.5,3012.5,1850.1287841796875,150575200.0
2017-05-09,BMRI.JK,3012.5,3037.5,3000.0,3000.0,1842.4517822265625,60982800.0
2017-05-10,BMRI.JK,3025.0,3025.0,2981.25,3006.25,1846.2901611328125,78420400.0
2017-05-12,BMRI.JK,3043.75,3043.75,2987.5,3000.0,1842.4517822265625,97264400.0
2017-05-15,BMRI.JK,3025.0,3031.25,2987.5,3031.25,1861.6439208984375,45706000.0
2017-05-16,BMRI.JK,3031.25,3037.5,2987.5,2993.75,1838.61328125,75918000.0
2017-05-17,BMRI.JK,2993.75,3012.5,2950.0,3000.0,1842.4517822265625,84887200.0
2017-05-18,BMRI.JK,3000.0,3037.5,2962.5,3037.5,1865.482421875,35564400.0
2017-05-19,BMRI.JK,3037.5,3318.75,2993.75,3225.0,1980.6357421875,113093200.0
2017-05-22,BMRI.JK,3300.0,3325.0,3100.0,3131.25,1923.0589599609375,102829200.0
2017-05-23,BMRI.JK,3131.25,3143.75,3025.0,3062.5,1880.836181640625,73616400.0
2017-05-24,BMRI.JK,3012.5,3100.0,3000.0,3100.0,1903.8668212890625,50502800.0
2017-05-26,BMRI.JK,3118.75,3125.0,3025.0,3037.5,1865.482421875,57578000.0
2017-05-29,BMRI.JK,3075.0,3100.0,3037.5,3087.5,1896.1898193359375,46570000.0
2017-05-30,BMRI.JK,3062.5,3118.75,3062.5,3106.25,1907.7052001953125,40218400.0
2017-05-31,BMRI.JK,3125.0,3150.0,3087.5,3150.0,1934.574462890625,85243600.0
2017-06-01,BMRI.JK,3150.0,3150.0,3150.0,3150.0,1934.574462890625,0.0
2017-06-02,BMRI.JK,3212.5,3212.5,3125.0,3150.0,1934.574462890625,59829200.0
2017-06-05,BMRI.JK,3150.0,3193.75,3143.75,3168.75,1946.0897216796875,47045600.0
2017-06-06,BMRI.JK,3143.75,3181.25,3093.75,3125.0,1919.220703125,28721200.0
2017-06-07,BMRI.JK,3087.5,3125.0,3087.5,3100.0,1903.8668212890625,49372000.0
2017-06-08,BMRI.JK,3087.5,3100.0,3050.0,3081.25,1892.3516845703125,71202800.0
2017-06-09,BMRI.JK,3075.0,3112.5,3050.0,3056.25,1876.9976806640625,32254000.0
2017-06-12,BMRI.JK,3068.75,3081.25,3056.25,3056.25,1876.9976806640625,25720400.0
2017-06-13,BMRI.JK,3037.5,3106.25,3037.5,3062.5,1880.836181640625,33952400.0
2017-06-14,BMRI.JK,3081.25,3137.5,3075.0,3125.0,1919.220703125,47202400.0
2017-06-15,BMRI.JK,3125.0,3187.5,3112.5,3125.0,1919.220703125,93786800.0
2017-06-16,BMRI.JK,3112.5,3125.0,3081.25,3118.75,1915.3818359375,87512000.0
2017-06-19,BMRI.JK,3118.75,3131.25,3100.0,3118.75,1915.3818359375,30677600.0
2017-06-20,BMRI.JK,3112.5,3131.25,3068.75,3131.25,1923.0589599609375,69688000.0
2017-06-21,BMRI.JK,3112.5,3175.0,3106.25,3175.0,1949.9281005859375,194634400.0
2017-06-22,BMRI.JK,3175.0,3187.5,3137.5,3187.5,1957.60498046875,140644400.0
2017-06-23,BMRI.JK,3187.5,3187.5,3187.5,3187.5,1957.60498046875,0.0
2017-06-26,BMRI.JK,3187.5,3187.5,3187.5,3187.5,1957.60498046875,0.0
2017-06-27,BMRI.JK,3187.5,3187.5,3187.5,3187.5,1957.60498046875,0.0
2017-06-28,BMRI.JK,3187.5,3187.5,3187.5,3187.5,1957.60498046875,0.0
2017-06-29,BMRI.JK,3187.5,3187.5,3187.5,3187.5,1957.60498046875,0.0
2017-06-30,BMRI.JK,3187.5,3187.5,3187.5,3187.5,1957.60498046875,0.0
2017-07-03,BMRI.JK,3193.75,3375.0,3168.75,3375.0,2072.758056640625,116340400.0
2017-07-04,BMRI.JK,3331.25,3375.0,3300.0,3375.0,2072.758056640625,65585600.0
2017-07-05,BMRI.JK,3368.75,3368.75,3306.25,3331.25,2045.88916015625,156807200.0
2017-07-06,BMRI.JK,3331.25,3362.5,3325.0,3331.25,2045.88916015625,68512000.0
2017-07-07,BMRI.JK,3275.0,3343.75,3275.0,3312.5,2034.373779296875,94396000.0
2017-07-10,BMRI.JK,3250.0,3325.0,3250.0,3275.0,2011.3431396484375,44828000.0
2017-07-11,BMRI.JK,3250.0,3262.5,3218.75,3243.75,1992.150634765625,49422400.0
2017-07-12,BMRI.JK,3212.5,3312.5,3212.5,3306.25,2030.534912109375,33112400.0
2017-07-13,BMRI.JK,3325.0,3350.0,3262.5,3350.0,2057.404541015625,102872000.0
2017-07-14,BMRI.JK,3362.5,3387.5,3300.0,3387.5,2080.43505859375,23547200.0
2017-07-17,BMRI.JK,3387.5,3393.75,3362.5,3393.75,2084.2734375,28083200.0
2017-07-18,BMRI.JK,3375.0,3381.25,3356.25,3381.25,2076.5966796875,17110400.0
2017-07-19,BMRI.JK,3393.75,3393.75,3312.5,3331.25,2045.88916015625,47982400.0
2017-07-20,BMRI.JK,3331.25,3375.0,3325.0,3375.0,2072.758056640625,31556800.0
2017-07-21,BMRI.JK,3331.25,3375.0,3262.5,3262.5,2003.666259765625,62956800.0
2017-07-24,BMRI.JK,3256.25,3318.75,3250.0,3318.75,2038.2119140625,68629600.0
2017-07-25,BMRI.JK,3275.0,3337.5,3275.0,3337.5,2049.727783203125,56757200.0
2017-07-26,BMRI.JK,3300.0,3362.5,3300.0,3337.5,2049.727783203125,114075600.0
2017-07-27,BMRI.JK,3337.5,3362.5,3325.0,3343.75,2053.566162109375,74731600.0
2017-07-28,BMRI.JK,3362.5,3362.5,3306.25,3343.75,2053.566162109375,87392800.0
2017-07-31,BMRI.JK,3350.0,3412.5,3325.0,3412.5,2095.788818359375,85417600.0
2017-08-01,BMRI.JK,3418.75,3418.75,3350.0,3350.0,2057.404541015625,29979200.0
2017-08-02,BMRI.JK,3318.75,3375.0,3312.5,3318.75,2038.2119140625,65299600.0
2017-08-03,BMRI.JK,3300.0,3325.0,3275.0,3281.25,2015.181640625,75375200.0
2017-08-04,BMRI.JK,3262.5,3331.25,3262.5,3268.75,2007.504638671875,62769600.0
2017-08-07,BMRI.JK,3262.5,3306.25,3262.5,3293.75,2022.8585205078125,71766800.0
2017-08-08,BMRI.JK,3293.75,3356.25,3287.5,3356.25,2061.243408203125,58065600.0
2017-08-09,BMRI.JK,3362.5,3375.0,3312.5,3350.0,2057.404541015625,49458800.0
2017-08-10,BMRI.JK,3375.0,3375.0,3318.75,3331.25,2045.88916015625,41486400.0
2017-08-11,BMRI.JK,3312.5,3325.0,3287.5,3300.0,2026.697021484375,111049200.0
2017-08-14,BMRI.JK,3300.0,3325.0,3300.0,3312.5,2034.373779296875,77951600.0
2017-08-15,BMRI.JK,3331.25,3331.25,3318.75,3325.0,2042.0506591796875,47208800.0
2017-08-16,BMRI.JK,3331.25,3331.25,3312.5,3331.25,2045.88916015625,40337200.0
2017-08-17,BMRI.JK,3331.25,3331.25,3331.25,3331.25,2045.88916015625,0.0
2017-08-18,BMRI.JK,3300.0,3300.0,3268.75,3275.0,2011.3431396484375,143414400.0
2017-08-21,BMRI.JK,3262.5,3312.5,3262.5,3300.0,2026.697021484375,56732800.0
2017-08-22,BMRI.JK,3325.0,3325.0,3312.5,3312.5,2034.373779296875,37080400.0
2017-08-23,BMRI.JK,3337.5,3343.75,3300.0,3318.75,2038.2119140625,46171200.0
2017-08-24,BMRI.JK,3325.0,3325.0,3300.0,3300.0,2026.697021484375,84711600.0
2017-08-25,BMRI.JK,3337.5,3337.5,3293.75,3293.75,2022.8585205078125,45026400.0
2017-08-28,BMRI.JK,3312.5,3318.75,3300.0,3306.25,2030.534912109375,15407600.0
2017-08-29,BMRI.JK,3293.75,3306.25,3275.0,3275.0,2011.3431396484375,83386400.0
2017-08-30,BMRI.JK,3275.0,3293.75,3268.75,3275.0,2011.3431396484375,48228400.0
2017-08-31,BMRI.JK,3268.75,3293.75,3268.75,3275.0,2011.3431396484375,69100800.0
2017-09-01,BMRI.JK,3275.0,3275.0,3275.0,3275.0,2011.3431396484375,0.0
2017-09-04,BMRI.JK,3262.5,3281.25,3243.75,3262.5,2003.666259765625,69268400.0
2017-09-05,BMRI.JK,3250.0,3268.75,3218.75,3268.75,2007.504638671875,53423200.0
2017-09-06,BMRI.JK,3225.0,3256.25,3200.0,3237.5,1988.3125,126368400.0
2017-09-07,BMRI.JK,3262.5,3262.5,3225.0,3256.25,1999.827880859375,45544400.0
2017-09-08,BMRI.JK,3268.75,3331.25,3250.0,3318.75,2038.2119140625,92788000.0
2017-09-11,BMRI.JK,3318.75,3325.0,3300.0,3300.0,2026.697021484375,51046400.0
2017-09-12,BMRI.JK,3325.0,3331.25,3293.75,3300.0,2026.697021484375,51482000.0
2017-09-13,BMRI.JK,3350.0,3350.0,3275.0,3287.5,2019.020263671875,22269800.0
2017-09-14,BMRI.JK,3312.5,3325.0,3275.0,3275.0,2011.3431396484375,32387000.0
2017-09-15,BMRI.JK,3275.0,3337.5,3262.5,3312.5,2034.373779296875,96577000.0
2017-09-18,BMRI.JK,3275.0,3312.5,3250.0,3287.5,2019.020263671875,31203000.0
2017-09-19,BMRI.JK,3300.0,3312.5,3262.5,3300.0,2026.697021484375,65627600.0
2017-09-20,BMRI.JK,3287.5,3312.5,3275.0,3300.0,2026.697021484375,152308200.0
2017-09-21,BMRI.JK,3300.0,3300.0,3300.0,3300.0,2026.697021484375,0.0
2017-09-22,BMRI.JK,3300.0,3325.0,3275.0,3300.0,2026.697021484375,88331600.0
2017-09-25,BMRI.JK,3300.0,3325.0,3275.0,3287.5,2019.020263671875,55045800.0
2017-09-26,BMRI.JK,3300.0,3300.0,3275.0,3275.0,2011.3431396484375,94085400.0
2017-09-27,BMRI.JK,3287.5,3300.0,3262.5,3300.0,2026.697021484375,121814200.0
2017-09-28,BMRI.JK,3300.0,3312.5,3287.5,3287.5,2019.020263671875,56049600.0
2017-09-29,BMRI.JK,3287.5,3387.5,3287.5,3362.5,2065.08154296875,175719200.0
2017-10-02,BMRI.JK,3362.5,3375.0,3312.5,3350.0,2057.404541015625,41590800.0
2017-10-03,BMRI.JK,3350.0,3375.0,3325.0,3350.0,2057.404541015625,59653400.0
2017-10-04,BMRI.JK,3362.5,3362.5,3325.0,3325.0,2042.0506591796875,43641800.0
2017-10-05,BMRI.JK,3337.5,3350.0,3287.5,3300.0,2026.697021484375,77918000.0
2017-10-06,BMRI.JK,3300.0,3312.5,3287.5,3300.0,2026.697021484375,22471200.0
2017-10-09,BMRI.JK,3325.0,3325.0,3287.5,3300.0,2026.697021484375,21028600.0
2017-10-10,BMRI.JK,3325.0,3362.5,3300.0,3350.0,2057.404541015625,53161200.0
2017-10-11,BMRI.JK,3362.5,3387.5,3337.5,3362.5,2065.08154296875,117588400.0
2017-10-12,BMRI.JK,3375.0,3437.5,3337.5,3412.5,2095.788818359375,167578400.0
2017-10-13,BMRI.JK,3425.0,3500.0,3387.5,3387.5,2080.43505859375,98661000.0
2017-10-16,BMRI.JK,3437.5,3562.5,3437.5,3462.5,2126.496337890625,177292000.0
2017-10-17,BMRI.JK,3537.5,3537.5,3475.0,3512.5,2157.203857421875,112955000.0
2017-10-18,BMRI.JK,3550.0,3550.0,3512.5,3537.5,2172.5576171875,152454400.0
2017-10-19,BMRI.JK,3537.5,3537.5,3462.5,3487.5,2141.850341796875,78878400.0
2017-10-20,BMRI.JK,3487.5,3562.5,3475.0,3550.0,2180.234619140625,55557200.0
2017-10-23,BMRI.JK,3537.5,3550.0,3450.0,3475.0,2134.173095703125,65908600.0
2017-10-24,BMRI.JK,3450.0,3500.0,3412.5,3412.5,2095.788818359375,44982200.0
2017-10-25,BMRI.JK,3475.0,3525.0,3475.0,3500.0,2149.52685546875,166683400.0
2017-10-26,BMRI.JK,3525.0,3550.0,3487.5,3512.5,2157.203857421875,91155200.0
2017-10-27,BMRI.JK,3500.0,3562.5,3475.0,3475.0,2134.173095703125,63364400.0
2017-10-30,BMRI.JK,3550.0,3562.5,3487.5,3537.5,2172.5576171875,107043000.0
2017-10-31,BMRI.JK,3562.5,3575.0,3500.0,3525.0,2164.880859375,78930400.0
2017-11-01,BMRI.JK,3550.0,3550.0,3512.5,3550.0,2180.234619140625,43310400.0
2017-11-02,BMRI.JK,3575.0,3712.5,3562.5,3637.5,2233.97265625,68625800.0
2017-11-03,BMRI.JK,3675.0,3687.5,3562.5,3625.0,2226.2958984375,78730200.0
2017-11-06,BMRI.JK,3575.0,3675.0,3575.0,3612.5,2218.619140625,59551800.0
2017-11-07,BMRI.JK,3612.5,3637.5,3537.5,3562.5,2187.91162109375,56480400.0
2017-11-08,BMRI.JK,3575.0,3600.0,3550.0,3587.5,2203.265380859375,80597600.0
2017-11-09,BMRI.JK,3587.5,3600.0,3537.5,3537.5,2172.5576171875,170971800.0
2017-11-10,BMRI.JK,3550.0,3562.5,3512.5,3525.0,2164.880859375,84111200.0
2017-11-13,BMRI.JK,3550.0,3550.0,3475.0,3525.0,2164.880859375,33709000.0
2017-11-14,BMRI.JK,3500.0,3550.0,3475.0,3475.0,2134.173095703125,59334000.0
2017-11-15,BMRI.JK,3525.0,3525.0,3462.5,3487.5,2141.850341796875,81461200.0
2017-11-16,BMRI.JK,3462.5,3562.5,3462.5,3550.0,2180.234619140625,79021400.0
2017-11-17,BMRI.JK,3587.5,3700.0,3562.5,3662.5,2249.32666015625,96578200.0
2017-11-20,BMRI.JK,3687.5,3737.5,3650.0,3712.5,2280.0341796875,53410000.0
2017-11-21,BMRI.JK,3725.0,3725.0,3662.5,3700.0,2272.357421875,191716800.0
2017-11-22,BMRI.JK,3750.0,3800.0,3687.5,3687.5,2264.68017578125,72659600.0
2017-11-23,BMRI.JK,3762.5,3762.5,3687.5,3725.0,2287.71142578125,55739600.0
2017-11-24,BMRI.JK,3750.0,3750.0,3687.5,3725.0,2287.71142578125,36058400.0
2017-11-27,BMRI.JK,3725.0,3737.5,3687.5,3712.5,2280.0341796875,122810200.0
2017-11-28,BMRI.JK,3700.0,3725.0,3700.0,3712.5,2280.0341796875,68486600.0
2017-11-29,BMRI.JK,3737.5,3737.5,3700.0,3700.0,2272.357421875,139273800.0
2017-11-30,BMRI.JK,3700.0,3800.0,3687.5,3700.0,2272.357421875,167540000.0
2017-12-01,BMRI.JK,3700.0,3700.0,3700.0,3700.0,2272.357421875,0.0
2017-12-04,BMRI.JK,3750.0,3750.0,3700.0,3725.0,2287.71142578125,73258000.0
2017-12-05,BMRI.JK,3737.5,3762.5,3712.5,3737.5,2295.3876953125,65673400.0
2017-12-06,BMRI.JK,3750.0,3762.5,3725.0,3737.5,2295.3876953125,47704000.0
2017-12-07,BMRI.JK,3725.0,3737.5,3675.0,3675.0,2257.003173828125,50580000.0
2017-12-08,BMRI.JK,3750.0,3762.5,3687.5,3737.5,2295.3876953125,33166400.0
2017-12-11,BMRI.JK,3762.5,3775.0,3725.0,3737.5,2295.3876953125,17030400.0
2017-12-12,BMRI.JK,3775.0,3775.0,3700.0,3725.0,2287.71142578125,51088800.0
2017-12-13,BMRI.JK,3700.0,3750.0,3700.0,3737.5,2295.3876953125,54077800.0
2017-12-14,BMRI.JK,3750.0,3775.0,3712.5,3737.5,2295.3876953125,122524400.0
2017-12-15,BMRI.JK,3700.0,3737.5,3650.0,3712.5,2280.0341796875,94872200.0
2017-12-18,BMRI.JK,3662.5,3750.0,3650.0,3750.0,2303.064453125,33166000.0
2017-12-19,BMRI.JK,3687.5,3762.5,3675.0,3737.5,2295.3876953125,70926400.0
2017-12-20,BMRI.JK,3762.5,3762.5,3687.5,3725.0,2287.71142578125,79075800.0
2017-12-21,BMRI.JK,3775.0,3850.0,3750.0,3812.5,2341.44873046875,88489000.0
2017-12-22,BMRI.JK,3812.5,3850.0,3775.0,3837.5,2356.802734375,158513400.0
2017-12-25,BMRI.JK,3837.5,3837.5,3837.5,3837.5,2356.802734375,0.0
2017-12-26,BMRI.JK,3837.5,3837.5,3837.5,3837.5,2356.802734375,0.0
2017-12-27,BMRI.JK,3837.5,4025.0,3837.5,4000.0,2456.6025390625,53968200.0
2017-12-28,BMRI.JK,3987.5,4050.0,3925.0,3975.0,2441.24853515625,251049600.0
2017-12-29,BMRI.JK,4025.0,4037.5,3900.0,4000.0,2456.6025390625,78314600.0
2018-01-01,BMRI.JK,4000.0,4000.0,4000.0,4000.0,2456.6025390625,0.0
2018-01-02,BMRI.JK,3987.5,4025.0,3912.5,3925.0,2410.541259765625,59351600.0
2018-01-03,BMRI.JK,3925.0,3925.0,3825.0,3850.0,2364.4794921875,84278000.0
2018-01-04,BMRI.JK,3875.0,3912.5,3862.5,3912.5,2402.8642578125,90123000.0
2018-01-05,BMRI.JK,3862.5,3925.0,3862.5,3912.5,2402.8642578125,75378600.0
2018-01-08,BMRI.JK,3937.5,3975.0,3912.5,3962.5,2433.571533203125,73784000.0
2018-01-09,BMRI.JK,3987.5,4000.0,3887.5,3950.0,2425.894775390625,67352000.0
2018-01-10,BMRI.JK,3962.5,3962.5,3900.0,3950.0,2425.894775390625,68746400.0
2018-01-11,BMRI.JK,3962.5,4037.5,3962.5,4037.5,2479.6328125,89346200.0
2018-01-12,BMRI.JK,4037.5,4125.0,4000.0,4050.0,2487.309814453125,84306400.0
2018-01-15,BMRI.JK,4075.0,4100.0,4025.0,4100.0,2518.01708984375,38412200.0
2018-01-16,BMRI.JK,4075.0,4150.0,4075.0,4112.5,2525.694091796875,46720000.0
2018-01-17,BMRI.JK,4112.5,4112.5,4012.5,4050.0,2487.309814453125,56945400.0
2018-01-18,BMRI.JK,4075.0,4087.5,4025.0,4062.5,2494.98681640625,53685800.0
2018-01-19,BMRI.JK,4087.5,4087.5,4025.0,4037.5,2479.6328125,50158600.0
2018-01-22,BMRI.JK,4075.0,4075.0,4025.0,4037.5,2479.6328125,91243800.0
2018-01-23,BMRI.JK,4087.5,4087.5,4037.5,4087.5,2510.340576171875,111192600.0
2018-01-24,BMRI.JK,4100.0,4125.0,4075.0,4125.0,2533.37060546875,84633200.0
2018-01-25,BMRI.JK,4125.0,4137.5,4037.5,4075.0,2502.663818359375,65155800.0
2018-01-26,BMRI.JK,4100.0,4125.0,4062.5,4100.0,2518.01708984375,69599800.0
2018-01-29,BMRI.JK,4112.5,4125.0,3950.0,4087.5,2510.340576171875,101413600.0
2018-01-30,BMRI.JK,4037.5,4050.0,3987.5,4025.0,2471.9560546875,102154200.0
2018-01-31,BMRI.JK,3987.5,4087.5,3975.0,4075.0,2502.663818359375,79788400.0
2018-02-01,BMRI.JK,4100.0,4125.0,4062.5,4100.0,2518.01708984375,72274400.0
2018-02-02,BMRI.JK,4100.0,4112.5,4062.5,4062.5,2494.98681640625,60042800.0
2018-02-05,BMRI.JK,4025.0,4075.0,3987.5,4062.5,2494.98681640625,63620600.0
2018-02-06,BMRI.JK,4000.0,4050.0,3962.5,4012.5,2464.279296875,92415600.0
2018-02-07,BMRI.JK,4050.0,4075.0,4037.5,4062.5,2494.98681640625,57427400.0
2018-02-08,BMRI.JK,4100.0,4125.0,4025.0,4087.5,2510.340576171875,79067200.0
2018-02-09,BMRI.JK,4037.5,4112.5,4025.0,4112.5,2525.694091796875,211953600.0
2018-02-12,BMRI.JK,4112.5,4125.0,4037.5,4100.0,2518.01708984375,72517000.0
2018-02-13,BMRI.JK,4100.0,4150.0,4100.0,4137.5,2541.0478515625,75870600.0
2018-02-14,BMRI.JK,4150.0,4162.5,4112.5,4150.0,2548.724609375,26730800.0
2018-02-15,BMRI.JK,4187.5,4187.5,4075.0,4150.0,2548.724609375,65557000.0
2018-02-16,BMRI.JK,4150.0,4150.0,4150.0,4150.0,2548.724609375,0.0
2018-02-19,BMRI.JK,4175.0,4237.5,4137.5,4237.5,2602.46337890625,49342200.0
2018-02-20,BMRI.JK,4262.5,4525.0,4212.5,4525.0,2779.03173828125,79298400.0
2018-02-21,BMRI.JK,4450.0,4462.5,4375.0,4400.0,2702.262451171875,83845600.0
2018-02-22,BMRI.JK,4437.5,4437.5,4287.5,4312.5,2648.5244140625,39301400.0
2018-02-23,BMRI.JK,4287.5,4350.0,4250.0,4275.0,2625.493408203125,62711800.0
2018-02-26,BMRI.JK,4300.0,4300.0,4150.0,4150.0,2548.724609375,66541400.0
2018-02-27,BMRI.JK,4212.5,4262.5,4162.5,4212.5,2587.109130859375,92994400.0
2018-02-28,BMRI.JK,4237.5,4237.5,4150.0,4150.0,2548.724609375,81356600.0
2018-03-01,BMRI.JK,4200.0,4225.0,4162.5,4187.5,2571.755126953125,50682200.0
2018-03-02,BMRI.JK,4162.5,4237.5,4112.5,4237.5,2602.46337890625,49761400.0
2018-03-05,BMRI.JK,4187.5,4212.5,4100.0,4112.5,2525.694091796875,44376600.0
2018-03-06,BMRI.JK,4137.5,4150.0,4000.0,4025.0,2471.9560546875,77337000.0
2018-03-07,BMRI.JK,4012.5,4062.5,3850.0,3962.5,2433.571533203125,116997600.0
2018-03-08,BMRI.JK,4000.0,4087.5,4000.0,4050.0,2487.309814453125,86635600.0
2018-03-09,BMRI.JK,4025.0,4087.5,4000.0,4050.0,2487.309814453125,46391000.0
2018-03-12,BMRI.JK,4100.0,4162.5,4075.0,4162.5,2556.40185546875,78310600.0
2018-03-13,BMRI.JK,4112.5,4137.5,4025.0,4087.5,2510.340576171875,79622600.0
2018-03-14,BMRI.JK,4112.5,4112.5,3987.5,4100.0,2518.01708984375,41997000.0
2018-03-15,BMRI.JK,4087.5,4087.5,4000.0,4000.0,2456.6025390625,66507000.0
2018-03-16,BMRI.JK,3950.0,3975.0,3850.0,3962.5,2433.571533203125,155572000.0
2018-03-19,BMRI.JK,4012.5,4062.5,3962.5,4037.5,2479.6328125,95158400.0
2018-03-20,BMRI.JK,3975.0,4075.0,3925.0,4050.0,2487.309814453125,77864800.0
2018-03-21,BMRI.JK,4100.0,4112.5,4050.0,4100.0,2518.01708984375,113297400.0
2018-03-22,BMRI.JK,4125.0,4125.0,3975.0,4000.0,2456.6025390625,183372000.0
2018-03-23,BMRI.JK,3900.0,4025.0,3850.0,4025.0,2471.9560546875,90662600.0
2018-03-26,BMRI.JK,3925.0,4037.5,3925.0,4037.5,2479.6328125,42673400.0
2018-03-27,BMRI.JK,4062.5,4075.0,3975.0,4000.0,2456.6025390625,55450200.0
2018-03-28,BMRI.JK,3975.0,3987.5,3862.5,3900.0,2395.1875,76203200.0
2018-03-29,BMRI.JK,3825.0,3837.5,3762.5,3837.5,2418.513916015625,78477600.0
2018-03-30,BMRI.JK,3837.5,3837.5,3837.5,3837.5,2418.513916015625,0.0
2018-04-02,BMRI.JK,3787.5,3912.5,3787.5,3912.5,2465.781494140625,31435200.0
2018-04-03,BMRI.JK,3862.5,3900.0,3837.5,3900.0,2457.903564453125,47967200.0
2018-04-04,BMRI.JK,3912.5,3912.5,3775.0,3800.0,2394.880126953125,38287200.0
2018-04-05,BMRI.JK,3875.0,3875.0,3762.5,3825.0,2410.635986328125,54709000.0
2018-04-06,BMRI.JK,3775.0,3812.5,3750.0,3775.0,2379.124267578125,45831200.0
2018-04-09,BMRI.JK,3825.0,3825.0,3750.0,3787.5,2387.002197265625,32505800.0
2018-04-10,BMRI.JK,3775.0,3937.5,3775.0,3937.5,2481.537109375,87487000.0
2018-04-11,BMRI.JK,3975.0,4037.5,3962.5,4025.0,2536.6826171875,58578400.0
2018-04-12,BMRI.JK,4000.0,4012.5,3925.0,4012.5,2528.804443359375,56053600.0
2018-04-13,BMRI.JK,4050.0,4050.0,3962.5,4012.5,2528.804443359375,33896200.0
2018-04-16,BMRI.JK,4012.5,4012.5,4012.5,4012.5,2528.804443359375,0.0
2018-04-17,BMRI.JK,4012.5,4012.5,4012.5,4012.5,2528.804443359375,0.0
2018-04-18,BMRI.JK,3975.0,4025.0,3950.0,4025.0,2536.6826171875,28595200.0
2018-04-19,BMRI.JK,4025.0,4025.0,4025.0,4025.0,2536.6826171875,0.0
2018-04-20,BMRI.JK,4025.0,4025.0,4025.0,4025.0,2536.6826171875,0.0
2018-04-23,BMRI.JK,3937.5,4000.0,3925.0,4000.0,2520.926513671875,62793000.0
2018-04-24,BMRI.JK,4000.0,4000.0,3862.5,3862.5,2434.26953125,49193400.0
2018-04-25,BMRI.JK,3862.5,3862.5,3862.5,3862.5,2434.26953125,0.0
2018-04-26,BMRI.JK,3862.5,3862.5,3862.5,3862.5,2434.26953125,0.0
2018-04-27,BMRI.JK,3862.5,3862.5,3862.5,3862.5,2434.26953125,0.0
2018-04-30,BMRI.JK,3500.0,3575.0,3437.5,3562.5,2245.200439453125,94666400.0
2018-05-01,BMRI.JK,3562.5,3562.5,3562.5,3562.5,2245.200439453125,0.0
2018-05-02,BMRI.JK,3562.5,3612.5,3487.5,3600.0,2268.833984375,53590000.0
2018-05-03,BMRI.JK,3575.0,3587.5,3425.0,3425.0,2158.54345703125,104380400.0
2018-05-04,BMRI.JK,3425.0,3450.0,3300.0,3312.5,2087.642333984375,54995600.0
2018-05-07,BMRI.JK,3300.0,3437.5,3300.0,3400.0,2142.787353515625,66820800.0
2018-05-08,BMRI.JK,3400.0,3412.5,3337.5,3400.0,2142.787353515625,106457400.0
2018-05-09,BMRI.JK,3362.5,3587.5,3362.5,3587.5,2260.9560546875,111977600.0
2018-05-10,BMRI.JK,3587.5,3587.5,3587.5,3587.5,2260.9560546875,0.0
2018-05-11,BMRI.JK,3625.0,3737.5,3575.0,3600.0,2268.833984375,103564000.0
2018-05-14,BMRI.JK,3650.0,3650.0,3475.0,3600.0,2268.833984375,73256600.0
2018-05-15,BMRI.JK,3500.0,3600.0,3400.0,3425.0,2158.54345703125,117942000.0
2018-05-16,BMRI.JK,3350.0,3437.5,3300.0,3425.0,2158.54345703125,171743000.0
2018-05-17,BMRI.JK,3475.0,3500.0,3350.0,3350.0,2111.276123046875,108035800.0
2018-05-18,BMRI.JK,3387.5,3450.0,3325.0,3400.0,2142.787353515625,73179600.0
2018-05-21,BMRI.JK,3362.5,3387.5,3300.0,3337.5,2103.3984375,93035200.0
2018-05-22,BMRI.JK,3375.0,3387.5,3262.5,3262.5,2056.131103515625,95244600.0
2018-05-23,BMRI.JK,3300.0,3437.5,3300.0,3387.5,2134.90966796875,98477800.0
2018-05-24,BMRI.JK,3500.0,3537.5,3425.0,3500.0,2205.810546875,105512200.0
2018-05-25,BMRI.JK,3525.0,3537.5,3475.0,3500.0,2205.810546875,87283000.0
2018-05-28,BMRI.JK,3575.0,3712.5,3550.0,3687.5,2323.979248046875,129253400.0
2018-05-29,BMRI.JK,3687.5,3687.5,3687.5,3687.5,2323.979248046875,0.0
2018-05-30,BMRI.JK,3612.5,3812.5,3575.0,3625.0,2284.58984375,170628800.0
2018-05-31,BMRI.JK,3700.0,3700.0,3512.5,3525.0,2221.56689453125,211020800.0
2018-06-01,BMRI.JK,3525.0,3525.0,3525.0,3525.0,2221.56689453125,0.0
2018-06-04,BMRI.JK,3550.0,3712.5,3550.0,3687.5,2323.979248046875,80221000.0
2018-06-05,BMRI.JK,3725.0,3725.0,3637.5,3675.0,2316.101318359375,73520200.0
2018-06-06,BMRI.JK,3650.0,3687.5,3650.0,3662.5,2308.223388671875,72158600.0
2018-06-07,BMRI.JK,3687.5,3700.0,3662.5,3687.5,2323.979248046875,49787600.0
2018-06-08,BMRI.JK,3700.0,3700.0,3475.0,3475.0,2190.0546875,134418800.0
2018-06-11,BMRI.JK,3475.0,3475.0,3475.0,3475.0,2190.0546875,0.0
2018-06-12,BMRI.JK,3475.0,3475.0,3475.0,3475.0,2190.0546875,0.0
2018-06-13,BMRI.JK,3475.0,3475.0,3475.0,3475.0,2190.0546875,0.0
2018-06-14,BMRI.JK,3475.0,3475.0,3475.0,3475.0,2190.0546875,0.0
2018-06-15,BMRI.JK,3475.0,3475.0,3475.0,3475.0,2190.0546875,0.0
2018-06-18,BMRI.JK,3475.0,3475.0,3475.0,3475.0,2190.0546875,0.0
2018-06-19,BMRI.JK,3475.0,3475.0,3475.0,3475.0,2190.0546875,0.0
2018-06-20,BMRI.JK,3425.0,3425.0,3250.0,3350.0,2111.276123046875,170142400.0
2018-06-21,BMRI.JK,3350.0,3387.5,3287.5,3350.0,2111.276123046875,109648600.0
2018-06-22,BMRI.JK,3350.0,3362.5,3300.0,3350.0,2111.276123046875,90954000.0
2018-06-25,BMRI.JK,3375.0,3387.5,3287.5,3350.0,2111.276123046875,59331600.0
2018-06-26,BMRI.JK,3287.5,3375.0,3287.5,3312.5,2087.642333984375,55935600.0
2018-06-27,BMRI.JK,3325.0,3350.0,3300.0,3300.0,2079.764404296875,51148600.0
2018-06-28,BMRI.JK,3362.5,3362.5,3212.5,3250.0,2048.2529296875,109565000.0
2018-06-29,BMRI.JK,3375.0,3425.0,3300.0,3425.0,2158.54345703125,82868000.0
2018-07-02,BMRI.JK,3487.5,3487.5,3262.5,3262.5,2056.131103515625,55579800.0
2018-07-03,BMRI.JK,3237.5,3287.5,3162.5,3162.5,1993.1077880859375,74286400.0
2018-07-04,BMRI.JK,3200.0,3312.5,3137.5,3300.0,2079.764404296875,54066400.0
2018-07-05,BMRI.JK,3250.0,3300.0,3175.0,3262.5,2056.131103515625,49814600.0
2018-07-06,BMRI.JK,3200.0,3237.5,3150.0,3150.0,1985.2296142578125,51696400.0
2018-07-09,BMRI.JK,3175.0,3262.5,3150.0,3212.5,2024.6192626953125,111683800.0
2018-07-10,BMRI.JK,3250.0,3287.5,3187.5,3225.0,2032.4969482421875,87662000.0
2018-07-11,BMRI.JK,3150.0,3187.5,3125.0,3175.0,2000.9854736328125,71600600.0
2018-07-12,BMRI.JK,3150.0,3225.0,3150.0,3225.0,2032.4969482421875,69482600.0
2018-07-13,BMRI.JK,3212.5,3325.0,3212.5,3300.0,2079.764404296875,71123600.0
2018-07-16,BMRI.JK,3275.0,3312.5,3187.5,3275.0,2064.008544921875,57879600.0
2018-07-17,BMRI.JK,3225.0,3237.5,3150.0,3162.5,1993.1077880859375,84860000.0
2018-07-18,BMRI.JK,3162.5,3212.5,3150.0,3200.0,2016.7410888671875,46293000.0
2018-07-19,BMRI.JK,3212.5,3262.5,3187.5,3187.5,2008.8634033203125,69942000.0
2018-07-20,BMRI.JK,3212.5,3225.0,3137.5,3175.0,2000.9854736328125,101994800.0
2018-07-23,BMRI.JK,3200.0,3287.5,3187.5,3200.0,2016.7410888671875,80140200.0
2018-07-24,BMRI.JK,3250.0,3262.5,3200.0,3262.5,2056.131103515625,38980400.0
2018-07-25,BMRI.JK,3275.0,3275.0,3225.0,3237.5,2040.3748779296875,62149400.0
2018-07-26,BMRI.JK,3250.0,3275.0,3237.5,3275.0,2064.008544921875,57947800.0
2018-07-27,BMRI.JK,3287.5,3287.5,3250.0,3287.5,2071.88671875,35688800.0
2018-07-30,BMRI.JK,3287.5,3362.5,3275.0,3362.5,2119.154296875,54608200.0
2018-07-31,BMRI.JK,3362.5,3362.5,3287.5,3325.0,2095.520263671875,66929400.0
2018-08-01,BMRI.JK,3350.0,3500.0,3337.5,3500.0,2205.810546875,110824000.0
2018-08-02,BMRI.JK,3500.0,3587.5,3462.5,3525.0,2221.56689453125,61392400.0
2018-08-03,BMRI.JK,3500.0,3612.5,3500.0,3600.0,2268.833984375,63550400.0
2018-08-06,BMRI.JK,3612.5,3712.5,3600.0,3650.0,2300.345458984375,102478600.0
2018-08-07,BMRI.JK,3650.0,3712.5,3600.0,3600.0,2268.833984375,102967800.0
2018-08-08,BMRI.JK,3612.5,3662.5,3550.0,3662.5,2308.223388671875,48967400.0
2018-08-09,BMRI.JK,3600.0,3675.0,3600.0,3637.5,2292.4677734375,28914800.0
2018-08-10,BMRI.JK,3662.5,3712.5,3650.0,3675.0,2316.101318359375,36267800.0
2018-08-13,BMRI.JK,3600.0,3625.0,3425.0,3462.5,2182.177001953125,82658400.0
2018-08-14,BMRI.JK,3437.5,3450.0,3350.0,3362.5,2119.154296875,122915000.0
2018-08-15,BMRI.JK,3375.0,3412.5,3262.5,3400.0,2142.787353515625,82042800.0
2018-08-16,BMRI.JK,3375.0,3387.5,3300.0,3350.0,2111.276123046875,42463600.0
2018-08-17,BMRI.JK,3350.0,3350.0,3350.0,3350.0,2111.276123046875,0.0
2018-08-20,BMRI.JK,3475.0,3475.0,3350.0,3362.5,2119.154296875,81139200.0
2018-08-21,BMRI.JK,3375.0,3387.5,3337.5,3350.0,2111.276123046875,62399200.0
2018-08-22,BMRI.JK,3350.0,3350.0,3350.0,3350.0,2111.276123046875,0.0
2018-08-23,BMRI.JK,3400.0,3425.0,3350.0,3425.0,2158.54345703125,98059800.0
2018-08-24,BMRI.JK,3400.0,3425.0,3375.0,3387.5,2134.90966796875,75683200.0
2018-08-27,BMRI.JK,3412.5,3487.5,3387.5,3487.5,2197.932861328125,84503200.0
2018-08-28,BMRI.JK,3500.0,3512.5,3450.0,3500.0,2205.810546875,80591200.0
2018-08-29,BMRI.JK,3487.5,3512.5,3462.5,3500.0,2205.810546875,55272600.0
2018-08-30,BMRI.JK,3500.0,3512.5,3400.0,3425.0,2158.54345703125,52753200.0
2018-08-31,BMRI.JK,3350.0,3450.0,3337.5,3450.0,2174.299072265625,110408200.0
2018-09-03,BMRI.JK,3450.0,3450.0,3350.0,3350.0,2111.276123046875,55590200.0
2018-09-04,BMRI.JK,3362.5,3375.0,3225.0,3287.5,2071.88671875,59803000.0
2018-09-05,BMRI.JK,3250.0,3262.5,3100.0,3162.5,1993.1077880859375,83838600.0
2018-09-06,BMRI.JK,3100.0,3275.0,3100.0,3275.0,2064.008544921875,96306200.0
2018-09-07,BMRI.JK,3250.0,3325.0,3225.0,3312.5,2087.642333984375,75525400.0
2018-09-10,BMRI.JK,3250.0,3300.0,3212.5,3287.5,2071.88671875,37301800.0
2018-09-11,BMRI.JK,3287.5,3287.5,3287.5,3287.5,2071.88671875,0.0
2018-09-12,BMRI.JK,3287.5,3312.5,3187.5,3187.5,2008.8634033203125,46357000.0
2018-09-13,BMRI.JK,3237.5,3312.5,3225.0,3287.5,2071.88671875,36668600.0
2018-09-14,BMRI.JK,3337.5,3375.0,3300.0,3375.0,2127.031982421875,30656000.0
2018-09-17,BMRI.JK,3325.0,3337.5,3212.5,3225.0,2032.4969482421875,88368200.0
2018-09-18,BMRI.JK,3225.0,3262.5,3162.5,3187.5,2008.8634033203125,101172800.0
2018-09-19,BMRI.JK,3225.0,3225.0,3187.5,3200.0,2016.7410888671875,42616400.0
2018-09-20,BMRI.JK,3212.5,3337.5,3212.5,3337.5,2103.3984375,99827000.0
2018-09-21,BMRI.JK,3375.0,3475.0,3362.5,3425.0,2158.54345703125,124841800.0
2018-09-24,BMRI.JK,3425.0,3450.0,3337.5,3375.0,2127.031982421875,81188200.0
2018-09-25,BMRI.JK,3337.5,3375.0,3262.5,3312.5,2087.642333984375,46091400.0
2018-09-26,BMRI.JK,3287.5,3362.5,3287.5,3300.0,2079.764404296875,32016600.0
2018-09-27,BMRI.JK,3300.0,3362.5,3275.0,3312.5,2087.642333984375,82349800.0
2018-09-28,BMRI.JK,3300.0,3375.0,3300.0,3362.5,2119.154296875,101686800.0
2018-10-01,BMRI.JK,3300.0,3400.0,3300.0,3350.0,2111.276123046875,66513400.0
2018-10-02,BMRI.JK,3350.0,3350.0,3212.5,3225.0,2032.4969482421875,120652800.0
2018-10-03,BMRI.JK,3200.0,3287.5,3200.0,3250.0,2048.2529296875,68383400.0
2018-10-04,BMRI.JK,3200.0,3212.5,3112.5,3112.5,1961.5958251953125,116478400.0
2018-10-05,BMRI.JK,3112.5,3175.0,3087.5,3137.5,1977.3516845703125,67792400.0
2018-10-08,BMRI.JK,3137.5,3150.0,3100.0,3100.0,1953.7181396484375,55327600.0
2018-10-09,BMRI.JK,3100.0,3187.5,3100.0,3175.0,2000.9854736328125,40331400.0
2018-10-10,BMRI.JK,3200.0,3262.5,3187.5,3237.5,2040.3748779296875,39230800.0
2018-10-11,BMRI.JK,3125.0,3175.0,3100.0,3137.5,1977.3516845703125,64054000.0
2018-10-12,BMRI.JK,3137.5,3237.5,3137.5,3200.0,2016.7410888671875,70448200.0
2018-10-15,BMRI.JK,3250.0,3262.5,3187.5,3187.5,2008.8634033203125,40880400.0
2018-10-16,BMRI.JK,3200.0,3250.0,3200.0,3250.0,2048.2529296875,29777600.0
2018-10-17,BMRI.JK,3300.0,3325.0,3262.5,3287.5,2071.88671875,43108000.0
2018-10-18,BMRI.JK,3250.0,3300.0,3200.0,3250.0,2048.2529296875,39270000.0
2018-10-19,BMRI.JK,3225.0,3250.0,3187.5,3225.0,2032.4969482421875,47990000.0
2018-10-22,BMRI.JK,3225.0,3262.5,3187.5,3225.0,2032.4969482421875,36415600.0
2018-10-23,BMRI.JK,3225.0,3237.5,3212.5,3212.5,2024.6192626953125,25707400.0
2018-10-24,BMRI.JK,3212.5,3237.5,3162.5,3162.5,1993.1077880859375,33969400.0
2018-10-25,BMRI.JK,3125.0,3237.5,3125.0,3237.5,2040.3748779296875,62781600.0
2018-10-26,BMRI.JK,3237.5,3250.0,3200.0,3225.0,2032.4969482421875,39723200.0
2018-10-29,BMRI.JK,3212.5,3250.0,3200.0,3200.0,2016.7410888671875,40472000.0
2018-10-30,BMRI.JK,3250.0,3262.5,3212.5,3262.5,2056.131103515625,34731200.0
2018-10-31,BMRI.JK,3287.5,3425.0,3275.0,3425.0,2158.54345703125,111265400.0
2018-11-01,BMRI.JK,3450.0,3675.0,3437.5,3612.5,2276.71142578125,185151800.0
2018-11-02,BMRI.JK,3662.5,3750.0,3550.0,3712.5,2339.735107421875,143785200.0
2018-11-05,BMRI.JK,3700.0,3700.0,3625.0,3687.5,2323.979248046875,56013400.0
2018-11-06,BMRI.JK,3737.5,3737.5,3625.0,3675.0,2316.101318359375,124000800.0
2018-11-07,BMRI.JK,3687.5,3700.0,3600.0,3675.0,2316.101318359375,92281000.0
2018-11-08,BMRI.JK,3700.0,3762.5,3687.5,3750.0,2363.368896484375,130444200.0
2018-11-09,BMRI.JK,3625.0,3662.5,3575.0,3612.5,2276.71142578125,123465600.0
2018-11-12,BMRI.JK,3612.5,3612.5,3487.5,3487.5,2197.932861328125,65689800.0
2018-11-13,BMRI.JK,3400.0,3587.5,3400.0,3575.0,2253.078125,85750000.0
2018-11-14,BMRI.JK,3637.5,3650.0,3562.5,3562.5,2245.200439453125,68203400.0
2018-11-15,BMRI.JK,3625.0,3725.0,3575.0,3700.0,2331.857177734375,115193000.0
2018-11-16,BMRI.JK,3737.5,3812.5,3687.5,3725.0,2347.613037109375,113146000.0
2018-11-19,BMRI.JK,3750.0,3787.5,3650.0,3737.5,2355.490966796875,52926800.0
2018-11-20,BMRI.JK,3737.5,3737.5,3737.5,3737.5,2355.490966796875,0.0
2018-11-21,BMRI.JK,3612.5,3662.5,3525.0,3637.5,2292.4677734375,121808800.0
2018-11-22,BMRI.JK,3637.5,3700.0,3587.5,3662.5,2308.223388671875,89601400.0
2018-11-23,BMRI.JK,3675.0,3700.0,3637.5,3650.0,2300.345458984375,82350000.0
2018-11-26,BMRI.JK,3625.0,3700.0,3625.0,3687.5,2323.979248046875,62934800.0
2018-11-27,BMRI.JK,3687.5,3750.0,3675.0,3725.0,2347.613037109375,61028800.0
2018-11-28,BMRI.JK,3750.0,3750.0,3662.5,3700.0,2331.857177734375,67675000.0
2018-11-29,BMRI.JK,3750.0,3825.0,3750.0,3825.0,2410.635986328125,141202600.0
2018-11-30,BMRI.JK,3787.5,3812.5,3700.0,3700.0,2331.857177734375,148482800.0
2018-12-03,BMRI.JK,3775.0,3862.5,3775.0,3800.0,2394.880126953125,136684600.0
2018-12-04,BMRI.JK,3787.5,3825.0,3775.0,3825.0,2410.635986328125,60153200.0
2018-12-05,BMRI.JK,3800.0,3800.0,3762.5,3787.5,2387.002197265625,73322400.0
2018-12-06,BMRI.JK,3700.0,3762.5,3700.0,3737.5,2355.490966796875,74092000.0
2018-12-07,BMRI.JK,3787.5,3812.5,3737.5,3750.0,2363.368896484375,41692800.0
2018-12-10,BMRI.JK,3687.5,3762.5,3675.0,3712.5,2339.735107421875,41105200.0
2018-12-11,BMRI.JK,3725.0,3737.5,3700.0,3725.0,2347.613037109375,55657400.0
2018-12-12,BMRI.JK,3737.5,3775.0,3712.5,3737.5,2355.490966796875,80631400.0
2018-12-13,BMRI.JK,3750.0,3850.0,3725.0,3850.0,2426.391845703125,92920000.0
2018-12-14,BMRI.JK,3825.0,3825.0,3762.5,3787.5,2387.002197265625,68756400.0
2018-12-17,BMRI.JK,3725.0,3787.5,3700.0,3700.0,2331.857177734375,78685000.0
2018-12-18,BMRI.JK,3625.0,3675.0,3625.0,3675.0,2316.101318359375,98608800.0
2018-12-19,BMRI.JK,3675.0,3737.5,3675.0,3712.5,2339.735107421875,89550000.0
2018-12-20,BMRI.JK,3712.5,3712.5,3637.5,3650.0,2300.345458984375,61216000.0
2018-12-21,BMRI.JK,3625.0,3650.0,3587.5,3612.5,2276.71142578125,98207400.0
2018-12-24,BMRI.JK,3612.5,3612.5,3612.5,3612.5,2276.71142578125,0.0
2018-12-25,BMRI.JK,3612.5,3612.5,3612.5,3612.5,2276.71142578125,0.0
2018-12-26,BMRI.JK,3575.0,3625.0,3550.0,3612.5,2276.71142578125,52356800.0
2018-12-27,BMRI.JK,3662.5,3675.0,3625.0,3637.5,2292.4677734375,48514400.0
2018-12-28,BMRI.JK,3675.0,3725.0,3662.5,3687.5,2323.979248046875,97081600.0
2018-12-31,BMRI.JK,3687.5,3687.5,3687.5,3687.5,2323.979248046875,0.0
2019-01-01,BMRI.JK,3687.5,3687.5,3687.5,3687.5,2323.979248046875,0.0
2019-01-02,BMRI.JK,3700.0,3700.0,3625.0,3662.5,2308.223388671875,45319200.0
2019-01-03,BMRI.JK,3637.5,3675.0,3550.0,3587.5,2260.9560546875,74174000.0
2019-01-04,BMRI.JK,3587.5,3725.0,3575.0,3725.0,2347.613037109375,78514000.0
2019-01-07,BMRI.JK,3750.0,3787.5,3712.5,3712.5,2339.735107421875,53624800.0
2019-01-08,BMRI.JK,3712.5,3737.5,3675.0,3675.0,2316.101318359375,80073200.0
2019-01-09,BMRI.JK,3750.0,3787.5,3700.0,3787.5,2387.002197265625,104903400.0
2019-01-10,BMRI.JK,3812.5,3850.0,3775.0,3850.0,2426.391845703125,130603200.0
2019-01-11,BMRI.JK,3875.0,3900.0,3837.5,3850.0,2426.391845703125,88899400.0
2019-01-14,BMRI.JK,3875.0,3875.0,3825.0,3850.0,2426.391845703125,71320000.0
2019-01-15,BMRI.JK,3875.0,3900.0,3825.0,3900.0,2457.903564453125,86697200.0
2019-01-16,BMRI.JK,3900.0,3912.5,3837.5,3900.0,2457.903564453125,78625600.0
2019-01-17,BMRI.JK,3900.0,4025.0,3900.0,3937.5,2481.537109375,101961200.0
2019-01-18,BMRI.JK,3950.0,3962.5,3912.5,3937.5,2481.537109375,56790000.0
2019-01-21,BMRI.JK,3912.5,3950.0,3900.0,3900.0,2457.903564453125,111624400.0
2019-01-22,BMRI.JK,3862.5,3900.0,3825.0,3875.0,2442.1474609375,123558000.0
2019-01-23,BMRI.JK,3787.5,3850.0,3737.5,3737.5,2355.490966796875,162196000.0
2019-01-24,BMRI.JK,3737.5,3750.0,3712.5,3737.5,2355.490966796875,179821400.0
2019-01-25,BMRI.JK,3737.5,3762.5,3650.0,3687.5,2323.979248046875,143184800.0
2019-01-28,BMRI.JK,3687.5,3712.5,3537.5,3587.5,2260.9560546875,207013400.0
2019-01-29,BMRI.JK,3587.5,3625.0,3525.0,3562.5,2245.200439453125,162587800.0
2019-01-30,BMRI.JK,3562.5,3662.5,3562.5,3625.0,2284.58984375,175565200.0
2019-01-31,BMRI.JK,3662.5,3737.5,3637.5,3725.0,2347.613037109375,214008600.0
2019-02-01,BMRI.JK,3750.0,3812.5,3737.5,3800.0,2394.880126953125,104295400.0
2019-02-04,BMRI.JK,3750.0,3800.0,3675.0,3675.0,2316.101318359375,80919200.0
2019-02-05,BMRI.JK,3675.0,3675.0,3675.0,3675.0,2316.101318359375,0.0
2019-02-06,BMRI.JK,3725.0,3762.5,3712.5,3737.5,2355.490966796875,60281400.0
2019-02-07,BMRI.JK,3737.5,3775.0,3712.5,3775.0,2379.124267578125,31622800.0
2019-02-08,BMRI.JK,3750.0,3787.5,3712.5,3787.5,2387.002197265625,46828400.0
2019-02-11,BMRI.JK,3800.0,3812.5,3762.5,3812.5,2402.758056640625,72358200.0
2019-02-12,BMRI.JK,3837.5,3837.5,3687.5,3712.5,2339.735107421875,82644200.0
2019-02-13,BMRI.JK,3712.5,3737.5,3625.0,3625.0,2284.58984375,75046400.0
2019-02-14,BMRI.JK,3675.0,3687.5,3587.5,3587.5,2260.9560546875,95699000.0
2019-02-15,BMRI.JK,3575.0,3612.5,3550.0,3587.5,2260.9560546875,92002800.0
2019-02-18,BMRI.JK,3650.0,3650.0,3587.5,3637.5,2292.4677734375,86216800.0
2019-02-19,BMRI.JK,3637.5,3662.5,3562.5,3600.0,2268.833984375,92714200.0
2019-02-20,BMRI.JK,3625.0,3625.0,3475.0,3550.0,2237.322265625,192881200.0
2019-02-21,BMRI.JK,3562.5,3662.5,3550.0,3662.5,2308.223388671875,100203800.0
2019-02-22,BMRI.JK,3637.5,3650.0,3525.0,3550.0,2237.322265625,167596800.0
2019-02-25,BMRI.JK,3575.0,3625.0,3562.5,3625.0,2284.58984375,91520000.0
2019-02-26,BMRI.JK,3637.5,3637.5,3575.0,3637.5,2292.4677734375,94091000.0
2019-02-27,BMRI.JK,3600.0,3637.5,3575.0,3600.0,2268.833984375,72356800.0
2019-02-28,BMRI.JK,3612.5,3625.0,3550.0,3562.5,2245.200439453125,84980200.0
2019-03-01,BMRI.JK,3575.0,3612.5,3562.5,3587.5,2260.9560546875,47003200.0
2019-03-04,BMRI.JK,3587.5,3587.5,3550.0,3550.0,2237.322265625,29659800.0
2019-03-05,BMRI.JK,3525.0,3562.5,3400.0,3475.0,2190.0546875,223113200.0
2019-03-06,BMRI.JK,3500.0,3537.5,3437.5,3537.5,2229.444580078125,94977600.0
2019-03-07,BMRI.JK,3537.5,3537.5,3537.5,3537.5,2229.444580078125,0.0
2019-03-08,BMRI.JK,3525.0,3525.0,3450.0,3450.0,2174.299072265625,71523400.0
2019-03-11,BMRI.JK,3475.0,3475.0,3412.5,3425.0,2158.54345703125,53912400.0
2019-03-12,BMRI.JK,3412.5,3437.5,3337.5,3362.5,2119.154296875,60509600.0
2019-03-13,BMRI.JK,3400.0,3400.0,3325.0,3350.0,2111.276123046875,55730600.0
2019-03-14,BMRI.JK,3400.0,3462.5,3362.5,3450.0,2174.299072265625,44212200.0
2019-03-15,BMRI.JK,3462.5,3550.0,3462.5,3550.0,2237.322265625,71744400.0
2019-03-18,BMRI.JK,3575.0,3612.5,3512.5,3550.0,2237.322265625,52140200.0
2019-03-19,BMRI.JK,3587.5,3700.0,3575.0,3687.5,2323.979248046875,158696000.0
2019-03-20,BMRI.JK,3700.0,3725.0,3650.0,3700.0,2331.857177734375,51652800.0
2019-03-21,BMRI.JK,3750.0,3762.5,3725.0,3737.5,2355.490966796875,68829800.0
2019-03-22,BMRI.JK,3737.5,3750.0,3712.5,3725.0,2347.613037109375,45259400.0
2019-03-25,BMRI.JK,3625.0,3662.5,3587.5,3587.5,2260.9560546875,45751600.0
2019-03-26,BMRI.JK,3637.5,3675.0,3637.5,3650.0,2300.345458984375,28799400.0
2019-03-27,BMRI.JK,3712.5,3712.5,3612.5,3612.5,2276.71142578125,38906600.0
2019-03-28,BMRI.JK,3650.0,3687.5,3625.0,3687.5,2323.979248046875,47868600.0
2019-03-29,BMRI.JK,3700.0,3750.0,3662.5,3737.5,2355.490966796875,71140200.0
2019-04-01,BMRI.JK,3750.0,3762.5,3725.0,3750.0,2363.368896484375,57890600.0
2019-04-02,BMRI.JK,3762.5,3762.5,3662.5,3712.5,2339.735107421875,36872800.0
2019-04-03,BMRI.JK,3712.5,3712.5,3712.5,3712.5,2339.735107421875,0.0
2019-04-04,BMRI.JK,3750.0,3850.0,3750.0,3837.5,2418.513916015625,119083400.0
2019-04-05,BMRI.JK,3837.5,3837.5,3775.0,3775.0,2379.124267578125,40534200.0
2019-04-08,BMRI.JK,3800.0,3800.0,3687.5,3750.0,2363.368896484375,45862600.0
2019-04-09,BMRI.JK,3787.5,3862.5,3775.0,3837.5,2418.513916015625,61437800.0
2019-04-10,BMRI.JK,3825.0,3837.5,3762.5,3775.0,2379.124267578125,30552600.0
2019-04-11,BMRI.JK,3787.5,3800.0,3700.0,3700.0,2331.857177734375,70389000.0
2019-04-12,BMRI.JK,3675.0,3700.0,3650.0,3662.5,2308.223388671875,53372400.0
2019-04-15,BMRI.JK,3700.0,3725.0,3662.5,3675.0,2316.101318359375,48251000.0
2019-04-16,BMRI.JK,3687.5,3812.5,3675.0,3812.5,2402.758056640625,143066800.0
2019-04-17,BMRI.JK,3812.5,3812.5,3812.5,3812.5,2402.758056640625,0.0
2019-04-18,BMRI.JK,3900.0,4062.5,3887.5,3900.0,2457.903564453125,243343400.0
2019-04-19,BMRI.JK,3900.0,3900.0,3900.0,3900.0,2457.903564453125,0.0
2019-04-22,BMRI.JK,3900.0,3937.5,3825.0,3875.0,2442.1474609375,69981800.0
2019-04-23,BMRI.JK,3850.0,3887.5,3837.5,3837.5,2418.513916015625,65384600.0
2019-04-24,BMRI.JK,3850.0,3862.5,3812.5,3837.5,2418.513916015625,55408400.0
2019-04-25,BMRI.JK,3825.0,3837.5,3775.0,3825.0,2410.635986328125,111185200.0
2019-04-26,BMRI.JK,3775.0,3900.0,3737.5,3862.5,2434.26953125,150697400.0
2019-04-29,BMRI.JK,3850.0,3900.0,3837.5,3887.5,2450.025634765625,112773000.0
2019-04-30,BMRI.JK,3912.5,3937.5,3862.5,3862.5,2434.26953125,103243000.0
2019-05-01,BMRI.JK,3862.5,3862.5,3862.5,3862.5,2434.26953125,0.0
2019-05-02,BMRI.JK,3850.0,3862.5,3812.5,3850.0,2426.391845703125,68943800.0
2019-05-03,BMRI.JK,3850.0,3850.0,3787.5,3825.0,2410.635986328125,60141600.0
2019-05-06,BMRI.JK,3750.0,3787.5,3662.5,3762.5,2371.246337890625,100956600.0
2019-05-07,BMRI.JK,3837.5,3837.5,3775.0,3825.0,2410.635986328125,68861800.0
2019-05-08,BMRI.JK,3750.0,3787.5,3725.0,3762.5,2371.246337890625,79916800.0
2019-05-09,BMRI.JK,3725.0,3787.5,3725.0,3750.0,2363.368896484375,90947000.0
2019-05-10,BMRI.JK,3775.0,3787.5,3687.5,3737.5,2355.490966796875,65009400.0
2019-05-13,BMRI.JK,3787.5,3825.0,3750.0,3762.5,2371.246337890625,83342800.0
2019-05-14,BMRI.JK,3725.0,3762.5,3700.0,3725.0,2347.613037109375,85983800.0
2019-05-15,BMRI.JK,3762.5,3800.0,3712.5,3712.5,2339.735107421875,112972400.0
2019-05-16,BMRI.JK,3675.0,3725.0,3625.0,3675.0,2316.101318359375,86481000.0
2019-05-17,BMRI.JK,3750.0,3750.0,3537.5,3537.5,2229.444580078125,59716600.0
2019-05-20,BMRI.JK,3500.0,3637.5,3487.5,3612.5,2276.71142578125,93447200.0
2019-05-21,BMRI.JK,3637.5,3675.0,3537.5,3625.0,2284.58984375,128877200.0
2019-05-22,BMRI.JK,3662.5,3700.0,3612.5,3650.0,2300.345458984375,88253000.0
2019-05-23,BMRI.JK,3675.0,3800.0,3662.5,3787.5,2387.002197265625,65668800.0
2019-05-24,BMRI.JK,3800.0,3887.5,3787.5,3850.0,2426.391845703125,99151200.0
2019-05-27,BMRI.JK,3800.0,3862.5,3762.5,3862.5,2512.993408203125,144611000.0
2019-05-28,BMRI.JK,3850.0,3850.0,3675.0,3687.5,2399.136474609375,298780800.0
2019-05-29,BMRI.JK,3725.0,3775.0,3700.0,3775.0,2456.065185546875,89397400.0
2019-05-30,BMRI.JK,3775.0,3775.0,3775.0,3775.0,2456.065185546875,0.0
2019-05-31,BMRI.JK,3800.0,3887.5,3775.0,3837.5,2496.728515625,173453000.0
2019-06-03,BMRI.JK,3837.5,3837.5,3837.5,3837.5,2496.728515625,0.0
2019-06-04,BMRI.JK,3837.5,3837.5,3837.5,3837.5,2496.728515625,0.0
2019-06-05,BMRI.JK,3837.5,3837.5,3837.5,3837.5,2496.728515625,0.0
2019-06-06,BMRI.JK,3837.5,3837.5,3837.5,3837.5,2496.728515625,0.0
2019-06-07,BMRI.JK,3837.5,3837.5,3837.5,3837.5,2496.728515625,0.0
2019-06-10,BMRI.JK,3925.0,3975.0,3912.5,3925.0,2553.656982421875,208042400.0
2019-06-11,BMRI.JK,3937.5,3950.0,3900.0,3937.5,2561.789794921875,107140400.0
2019-06-12,BMRI.JK,3950.0,3950.0,3900.0,3937.5,2561.789794921875,69330800.0
2019-06-13,BMRI.JK,3937.5,3950.0,3850.0,3912.5,2545.524169921875,63482400.0
2019-06-14,BMRI.JK,3937.5,3937.5,3900.0,3912.5,2545.524169921875,61672200.0
2019-06-17,BMRI.JK,3950.0,3950.0,3900.0,3900.0,2537.3916015625,47269400.0
2019-06-18,BMRI.JK,3887.5,3937.5,3887.5,3925.0,2553.656982421875,104106200.0
2019-06-19,BMRI.JK,3950.0,4000.0,3937.5,3987.5,2594.3203125,156615200.0
2019-06-20,BMRI.JK,4000.0,4025.0,3962.5,3975.0,2586.187744140625,93589200.0
2019-06-21,BMRI.JK,4000.0,4012.5,3950.0,3987.5,2594.3203125,145919600.0
2019-06-24,BMRI.JK,3950.0,4012.5,3950.0,3987.5,2594.3203125,70252200.0
2019-06-25,BMRI.JK,4012.5,4012.5,3962.5,3975.0,2586.187744140625,59303200.0
2019-06-26,BMRI.JK,3925.0,4000.0,3925.0,3975.0,2586.187744140625,72115200.0
2019-06-27,BMRI.JK,3987.5,4025.0,3987.5,4000.0,2602.453125,63152000.0
2019-06-28,BMRI.JK,4012.5,4025.0,3987.5,4012.5,2610.585693359375,61888000.0
2019-07-01,BMRI.JK,4025.0,4037.5,3987.5,4000.0,2602.453125,61455600.0
2019-07-02,BMRI.JK,4025.0,4025.0,3987.5,4012.5,2610.585693359375,64875600.0
2019-07-03,BMRI.JK,3975.0,4012.5,3975.0,4012.5,2610.585693359375,93933600.0
2019-07-04,BMRI.JK,4025.0,4025.0,4000.0,4012.5,2610.585693359375,31578600.0
2019-07-05,BMRI.JK,3962.5,4012.5,3862.5,3912.5,2545.524169921875,186756200.0
2019-07-08,BMRI.JK,3875.0,3937.5,3862.5,3937.5,2561.789794921875,105905600.0
2019-07-09,BMRI.JK,3912.5,3962.5,3900.0,3950.0,2569.922119140625,88590800.0
2019-07-10,BMRI.JK,3975.0,4000.0,3962.5,3975.0,2586.187744140625,100964600.0
2019-07-11,BMRI.JK,4012.5,4025.0,3987.5,4000.0,2602.453125,70231200.0
2019-07-12,BMRI.JK,4025.0,4062.5,4012.5,4037.5,2626.851318359375,73474000.0
2019-07-15,BMRI.JK,4075.0,4087.5,4050.0,4075.0,2651.2490234375,89444800.0
2019-07-16,BMRI.JK,4037.5,4062.5,3987.5,4037.5,2626.851318359375,146626400.0
2019-07-17,BMRI.JK,4000.0,4025.0,3975.0,3987.5,2594.3203125,128231000.0
2019-07-18,BMRI.JK,3950.0,3975.0,3912.5,3925.0,2553.656982421875,142262000.0
2019-07-19,BMRI.JK,3900.0,3950.0,3900.0,3937.5,2561.789794921875,104530000.0
2019-07-22,BMRI.JK,3900.0,3912.5,3875.0,3887.5,2529.259033203125,82851000.0
2019-07-23,BMRI.JK,3912.5,3925.0,3850.0,3850.0,2504.861083984375,74981800.0
2019-07-24,BMRI.JK,3850.0,3912.5,3850.0,3850.0,2504.861083984375,65565800.0
2019-07-25,BMRI.JK,3862.5,3900.0,3850.0,3900.0,2537.3916015625,77462000.0
2019-07-26,BMRI.JK,3825.0,3887.5,3812.5,3875.0,2521.126220703125,62727400.0
2019-07-29,BMRI.JK,3912.5,3912.5,3837.5,3900.0,2537.3916015625,55206400.0
2019-07-30,BMRI.JK,3900.0,3987.5,3862.5,3975.0,2586.187744140625,87075600.0
2019-07-31,BMRI.JK,3937.5,3987.5,3900.0,3987.5,2594.3203125,59008800.0
2019-08-01,BMRI.JK,3937.5,3950.0,3862.5,3887.5,2529.259033203125,96731000.0
2019-08-02,BMRI.JK,3850.0,3875.0,3800.0,3837.5,2496.728515625,103727000.0
2019-08-05,BMRI.JK,3800.0,3825.0,3662.5,3712.5,2415.40185546875,129862600.0
2019-08-06,BMRI.JK,3650.0,3700.0,3550.0,3625.0,2358.472900390625,157132400.0
2019-08-07,BMRI.JK,3637.5,3700.0,3637.5,3675.0,2391.00390625,103932800.0
2019-08-08,BMRI.JK,3725.0,3762.5,3675.0,3750.0,2439.800048828125,85711800.0
2019-08-09,BMRI.JK,3750.0,3775.0,3725.0,3725.0,2423.534423828125,39017600.0
2019-08-12,BMRI.JK,3750.0,3750.0,3675.0,3700.0,2407.268798828125,69256600.0
2019-08-13,BMRI.JK,3775.0,3775.0,3650.0,3675.0,2391.00390625,68067800.0
2019-08-14,BMRI.JK,3750.0,3762.5,3675.0,3750.0,2439.800048828125,107613000.0
2019-08-15,BMRI.JK,3675.0,3700.0,3650.0,3700.0,2407.268798828125,57456400.0
2019-08-16,BMRI.JK,3700.0,3712.5,3662.5,3687.5,2399.136474609375,47693000.0
2019-08-19,BMRI.JK,3725.0,3725.0,3662.5,3675.0,2391.00390625,38551200.0
2019-08-20,BMRI.JK,3712.5,3725.0,3650.0,3687.5,2399.136474609375,75396200.0
2019-08-21,BMRI.JK,3662.5,3675.0,3612.5,3612.5,2350.340087890625,49841400.0
2019-08-22,BMRI.JK,3650.0,3662.5,3575.0,3612.5,2350.340087890625,77652800.0
2019-08-23,BMRI.JK,3625.0,3625.0,3575.0,3587.5,2334.074951171875,44535800.0
2019-08-26,BMRI.JK,3550.0,3550.0,3500.0,3525.0,2293.411865234375,78614600.0
2019-08-27,BMRI.JK,3525.0,3562.5,3512.5,3512.5,2285.27880859375,153201600.0
2019-08-28,BMRI.JK,3512.5,3550.0,3475.0,3525.0,2293.411865234375,96082400.0
2019-08-29,BMRI.JK,3525.0,3550.0,3512.5,3537.5,2301.54443359375,63748800.0
2019-08-30,BMRI.JK,3562.5,3625.0,3537.5,3625.0,2358.472900390625,106370600.0
2019-09-02,BMRI.JK,3612.5,3612.5,3562.5,3587.5,2334.074951171875,37622200.0
2019-09-03,BMRI.JK,3587.5,3600.0,3412.5,3450.0,2244.61572265625,96998200.0
2019-09-04,BMRI.JK,3487.5,3487.5,3425.0,3462.5,2252.748779296875,74434600.0
2019-09-05,BMRI.JK,3500.0,3512.5,3462.5,3487.5,2269.013916015625,78642800.0
2019-09-06,BMRI.JK,3512.5,3575.0,3487.5,3525.0,2293.411865234375,88646000.0
2019-09-09,BMRI.JK,3537.5,3537.5,3462.5,3487.5,2269.013916015625,55841400.0
2019-09-10,BMRI.JK,3450.0,3525.0,3450.0,3525.0,2293.411865234375,52070400.0
2019-09-11,BMRI.JK,3500.0,3575.0,3475.0,3575.0,2325.9423828125,80777800.0
2019-09-12,BMRI.JK,3625.0,3662.5,3550.0,3575.0,2325.9423828125,84564600.0
2019-09-13,BMRI.JK,3612.5,3625.0,3562.5,3600.0,2342.20751953125,28700200.0
2019-09-16,BMRI.JK,3525.0,3550.0,3462.5,3500.0,2277.146240234375,66615800.0
2019-09-17,BMRI.JK,3462.5,3550.0,3462.5,3487.5,2269.013916015625,70992200.0
2019-09-18,BMRI.JK,3537.5,3600.0,3525.0,3600.0,2342.20751953125,53708400.0
2019-09-19,BMRI.JK,3587.5,3587.5,3537.5,3550.0,2309.67724609375,35941600.0
2019-09-20,BMRI.JK,3550.0,3575.0,3487.5,3537.5,2301.54443359375,104743400.0
2019-09-23,BMRI.JK,3525.0,3550.0,3475.0,3500.0,2277.146240234375,49012600.0
2019-09-24,BMRI.JK,3462.5,3487.5,3425.0,3475.0,2260.881103515625,52110000.0
2019-09-25,BMRI.JK,3487.5,3500.0,3437.5,3450.0,2244.61572265625,37565400.0
2019-09-26,BMRI.JK,3500.0,3550.0,3475.0,3550.0,2309.67724609375,45471400.0
2019-09-27,BMRI.JK,3500.0,3525.0,3475.0,3487.5,2269.013916015625,44329400.0
2019-09-30,BMRI.JK,3450.0,3487.5,3450.0,3487.5,2269.013916015625,58294000.0
2019-10-01,BMRI.JK,3450.0,3525.0,3450.0,3450.0,2244.61572265625,31243400.0
2019-10-02,BMRI.JK,3437.5,3475.0,3250.0,3262.5,2122.625732421875,129586200.0
2019-10-03,BMRI.JK,3262.5,3262.5,3137.5,3200.0,2081.96240234375,146789000.0
2019-10-04,BMRI.JK,3225.0,3262.5,3162.5,3200.0,2081.96240234375,69121800.0
2019-10-07,BMRI.JK,3237.5,3237.5,3162.5,3175.0,2065.697509765625,36656400.0
2019-10-08,BMRI.JK,3175.0,3250.0,3175.0,3250.0,2114.4931640625,104992000.0
2019-10-09,BMRI.JK,3225.0,3237.5,3200.0,3212.5,2090.094970703125,55131400.0
2019-10-10,BMRI.JK,3212.5,3300.0,3212.5,3262.5,2122.625732421875,120255400.0
2019-10-11,BMRI.JK,3250.0,3325.0,3237.5,3275.0,2130.7587890625,96816400.0
2019-10-14,BMRI.JK,3312.5,3337.5,3250.0,3300.0,2147.023681640625,65272800.0
2019-10-15,BMRI.JK,3275.0,3300.0,3250.0,3287.5,2138.89111328125,94139600.0
2019-10-16,BMRI.JK,3300.0,3325.0,3275.0,3312.5,2155.156494140625,118973800.0
2019-10-17,BMRI.JK,3312.5,3350.0,3312.5,3350.0,2179.554443359375,150037800.0
2019-10-18,BMRI.JK,3337.5,3437.5,3325.0,3387.5,2203.952392578125,117544400.0
2019-10-21,BMRI.JK,3400.0,3412.5,3350.0,3400.0,2212.084716796875,83622800.0
2019-10-22,BMRI.JK,3425.0,3425.0,3375.0,3412.5,2220.217529296875,62050200.0
2019-10-23,BMRI.JK,3412.5,3550.0,3375.0,3537.5,2301.54443359375,98440400.0
2019-10-24,BMRI.JK,3562.5,3625.0,3537.5,3612.5,2350.340087890625,132797200.0
2019-10-25,BMRI.JK,3637.5,3637.5,3487.5,3500.0,2277.146240234375,105735200.0
2019-10-28,BMRI.JK,3500.0,3537.5,3462.5,3500.0,2277.146240234375,46389600.0
2019-10-29,BMRI.JK,3550.0,3575.0,3500.0,3550.0,2309.67724609375,91735400.0
2019-10-30,BMRI.JK,3537.5,3537.5,3487.5,3512.5,2285.27880859375,47667200.0
2019-10-31,BMRI.JK,3525.0,3525.0,3450.0,3512.5,2285.27880859375,78160000.0
2019-11-01,BMRI.JK,3512.5,3512.5,3462.5,3487.5,2269.013916015625,24366800.0
2019-11-04,BMRI.JK,3500.0,3512.5,3437.5,3437.5,2236.483154296875,56584800.0
2019-11-05,BMRI.JK,3475.0,3600.0,3462.5,3600.0,2342.20751953125,94253000.0
2019-11-06,BMRI.JK,3587.5,3600.0,3412.5,3487.5,2269.013916015625,113175200.0
2019-11-07,BMRI.JK,3512.5,3512.5,3387.5,3500.0,2277.146240234375,78753600.0
2019-11-08,BMRI.JK,3487.5,3575.0,3425.0,3550.0,2309.67724609375,76355000.0
2019-11-11,BMRI.JK,3537.5,3550.0,3487.5,3525.0,2293.411865234375,45212000.0
2019-11-12,BMRI.JK,3500.0,3550.0,3462.5,3512.5,2285.27880859375,52900800.0
2019-11-13,BMRI.JK,3500.0,3500.0,3387.5,3437.5,2236.483154296875,75148400.0
2019-11-14,BMRI.JK,3437.5,3450.0,3350.0,3437.5,2236.483154296875,66698600.0
2019-11-15,BMRI.JK,3462.5,3512.5,3462.5,3475.0,2260.881103515625,47017200.0
2019-11-18,BMRI.JK,3475.0,3512.5,3437.5,3487.5,2269.013916015625,61287000.0
2019-11-19,BMRI.JK,3512.5,3575.0,3475.0,3575.0,2325.9423828125,67006200.0
2019-11-20,BMRI.JK,3575.0,3600.0,3525.0,3550.0,2309.67724609375,46727600.0
2019-11-21,BMRI.JK,3500.0,3600.0,3475.0,3587.5,2334.074951171875,60944600.0
2019-11-22,BMRI.JK,3550.0,3587.5,3525.0,3537.5,2301.54443359375,40452800.0
2019-11-25,BMRI.JK,3500.0,3525.0,3462.5,3487.5,2269.013916015625,47676200.0
2019-11-26,BMRI.JK,3500.0,3525.0,3450.0,3462.5,2252.748779296875,173533200.0
2019-11-27,BMRI.JK,3412.5,3487.5,3400.0,3450.0,2244.61572265625,72928800.0
2019-11-28,BMRI.JK,3425.0,3450.0,3387.5,3387.5,2203.952392578125,56275200.0
2019-11-29,BMRI.JK,3387.5,3500.0,3387.5,3487.5,2269.013916015625,53250600.0
2019-12-02,BMRI.JK,3487.5,3575.0,3462.5,3550.0,2309.67724609375,74561000.0
2019-12-03,BMRI.JK,3525.0,3587.5,3512.5,3587.5,2334.074951171875,79039000.0
2019-12-04,BMRI.JK,3537.5,3575.0,3525.0,3537.5,2301.54443359375,65802200.0
2019-12-05,BMRI.JK,3550.0,3600.0,3537.5,3587.5,2334.074951171875,74217800.0
2019-12-06,BMRI.JK,3600.0,3612.5,3562.5,3587.5,2334.074951171875,53720600.0
2019-12-09,BMRI.JK,3600.0,3650.0,3600.0,3625.0,2358.472900390625,72098600.0
2019-12-10,BMRI.JK,3600.0,3700.0,3600.0,3687.5,2399.136474609375,132230000.0
2019-12-11,BMRI.JK,3675.0,3700.0,3662.5,3675.0,2391.00390625,68454200.0
2019-12-12,BMRI.JK,3662.5,3725.0,3637.5,3650.0,2374.738525390625,79738600.0
2019-12-13,BMRI.JK,3700.0,3725.0,3675.0,3687.5,2399.136474609375,127472400.0
2019-12-16,BMRI.JK,3675.0,3712.5,3675.0,3675.0,2391.00390625,96037400.0
2019-12-17,BMRI.JK,3675.0,3700.0,3662.5,3675.0,2391.00390625,100790000.0
2019-12-18,BMRI.JK,3675.0,3775.0,3662.5,3762.5,2447.93212890625,123281600.0
2019-12-19,BMRI.JK,3762.5,3800.0,3737.5,3800.0,2472.330322265625,112903200.0
2019-12-20,BMRI.JK,3775.0,3850.0,3775.0,3850.0,2504.861083984375,150472200.0
2019-12-23,BMRI.JK,3900.0,3900.0,3837.5,3862.5,2512.993408203125,131246800.0
2019-12-26,BMRI.JK,3887.5,3912.5,3875.0,3900.0,2537.3916015625,140936400.0
2019-12-27,BMRI.JK,3912.5,3912.5,3862.5,3875.0,2521.126220703125,58182800.0
2019-12-30,BMRI.JK,3862.5,3900.0,3825.0,3837.5,2496.728515625,78005800.0
2020-01-02,BMRI.JK,3837.5,3887.5,3825.0,3875.0,2521.126220703125,37379800.0
2020-01-03,BMRI.JK,3875.0,3912.5,3812.5,3862.5,2512.993408203125,70294600.0
2020-01-06,BMRI.JK,3825.0,3837.5,3762.5,3800.0,2472.330322265625,61892000.0
2020-01-07,BMRI.JK,3862.5,3862.5,3787.5,3800.0,2472.330322265625,70895600.0
2020-01-08,BMRI.JK,3775.0,3775.0,3687.5,3750.0,2439.800048828125,105080600.0
2020-01-09,BMRI.JK,3775.0,3862.5,3762.5,3850.0,2504.861083984375,75587000.0
2020-01-10,BMRI.JK,3850.0,3862.5,3825.0,3862.5,2512.993408203125,64231800.0
2020-01-13,BMRI.JK,3862.5,3875.0,3825.0,3862.5,2512.993408203125,75399600.0
2020-01-14,BMRI.JK,3900.0,3900.0,3850.0,3875.0,2521.126220703125,104134400.0
2020-01-15,BMRI.JK,3875.0,3900.0,3800.0,3825.0,2488.595703125,89795200.0
2020-01-16,BMRI.JK,3800.0,3837.5,3762.5,3775.0,2456.065185546875,145432200.0
2020-01-17,BMRI.JK,3787.5,3875.0,3762.5,3862.5,2512.993408203125,130500200.0
2020-01-20,BMRI.JK,3900.0,3900.0,3800.0,3812.5,2480.463134765625,24031800.0
2020-01-21,BMRI.JK,3875.0,3875.0,3812.5,3850.0,2504.861083984375,39166600.0
2020-01-22,BMRI.JK,3875.0,3925.0,3862.5,3900.0,2537.3916015625,122175200.0
2020-01-23,BMRI.JK,3900.0,3912.5,3850.0,3887.5,2529.259033203125,83127800.0
2020-01-24,BMRI.JK,3912.5,4000.0,3862.5,3962.5,2578.05517578125,154702000.0
2020-01-27,BMRI.JK,3975.0,3987.5,3850.0,3862.5,2512.993408203125,98280000.0
2020-01-28,BMRI.JK,3825.0,3912.5,3800.0,3875.0,2521.126220703125,69349600.0
2020-01-29,BMRI.JK,3912.5,3962.5,3887.5,3900.0,2537.3916015625,109661000.0
2020-01-30,BMRI.JK,3900.0,3912.5,3800.0,3825.0,2488.595703125,85395600.0
2020-01-31,BMRI.JK,3837.5,3850.0,3725.0,3775.0,2456.065185546875,157661000.0
2020-02-03,BMRI.JK,3700.0,3787.5,3675.0,3750.0,2439.800048828125,87271800.0
2020-02-04,BMRI.JK,3800.0,3837.5,3750.0,3762.5,2447.93212890625,138857400.0
2020-02-05,BMRI.JK,3800.0,3850.0,3775.0,3850.0,2504.861083984375,130211200.0
2020-02-06,BMRI.JK,3900.0,3925.0,3837.5,3850.0,2504.861083984375,111029400.0
2020-02-07,BMRI.JK,3837.5,3875.0,3837.5,3862.5,2512.993408203125,86438600.0
2020-02-10,BMRI.JK,3850.0,3875.0,3800.0,3862.5,2512.993408203125,78553800.0
2020-02-11,BMRI.JK,3862.5,3912.5,3837.5,3887.5,2529.259033203125,98520200.0
2020-02-12,BMRI.JK,3912.5,3950.0,3887.5,3900.0,2537.3916015625,104678800.0
2020-02-13,BMRI.JK,3912.5,3975.0,3900.0,3925.0,2553.656982421875,87904000.0
2020-02-14,BMRI.JK,3875.0,3925.0,3875.0,3912.5,2545.524169921875,41345200.0
2020-02-17,BMRI.JK,3925.0,3937.5,3900.0,3925.0,2553.656982421875,29816600.0
2020-02-18,BMRI.JK,3900.0,3925.0,3900.0,3912.5,2545.524169921875,65442000.0
2020-02-19,BMRI.JK,3925.0,3975.0,3900.0,3975.0,2586.187744140625,121614200.0
2020-02-20,BMRI.JK,4012.5,4025.0,3962.5,4000.0,2602.453125,114537600.0
2020-02-21,BMRI.JK,3975.0,4000.0,3912.5,3950.0,2569.922119140625,91798000.0
2020-02-24,BMRI.JK,3900.0,3912.5,3825.0,3887.5,2529.259033203125,128768800.0
2020-02-25,BMRI.JK,3887.5,3950.0,3850.0,3900.0,2537.3916015625,105951800.0
2020-02-26,BMRI.JK,3875.0,3875.0,3825.0,3825.0,2488.595703125,198171000.0
2020-02-27,BMRI.JK,3825.0,3850.0,3625.0,3675.0,2391.00390625,223088600.0
2020-02-28,BMRI.JK,3375.0,3637.5,3275.0,3637.5,2486.123046875,188868200.0
2020-03-02,BMRI.JK,3575.0,3625.0,3475.0,3475.0,2375.05908203125,101550200.0
2020-03-03,BMRI.JK,3550.0,3675.0,3512.5,3600.0,2460.492431640625,96445200.0
2020-03-04,BMRI.JK,3625.0,3750.0,3612.5,3737.5,2554.47021484375,92555400.0
2020-03-05,BMRI.JK,3775.0,3825.0,3750.0,3800.0,2597.1865234375,104748600.0
2020-03-06,BMRI.JK,3700.0,3700.0,3612.5,3625.0,2477.57958984375,72311200.0
2020-03-09,BMRI.JK,3500.0,3500.0,3287.5,3287.5,2246.908203125,113132400.0
2020-03-10,BMRI.JK,3325.0,3500.0,3325.0,3437.5,2349.428466796875,114052000.0
2020-03-11,BMRI.JK,3462.5,3525.0,3312.5,3412.5,2332.341796875,97168800.0
2020-03-12,BMRI.JK,3237.5,3337.5,3112.5,3212.5,2195.648193359375,91578200.0
2020-03-13,BMRI.JK,3100.0,3237.5,3000.0,3175.0,2170.01806640625,238623800.0
2020-03-16,BMRI.JK,3175.0,3175.0,3175.0,3175.0,2170.01806640625,0.0
2020-03-17,BMRI.JK,2962.5,2962.5,2762.5,2762.5,1888.08642578125,186380400.0
2020-03-18,BMRI.JK,2800.0,2825.0,2575.0,2575.0,1759.935791015625,215103400.0
2020-03-19,BMRI.JK,2500.0,2500.0,2395.0,2395.0,1636.9111328125,167876200.0
2020-03-20,BMRI.JK,2370.0,2370.0,2230.0,2230.0,1524.1385498046875,478236600.0
2020-03-23,BMRI.JK,2175.0,2175.0,2075.0,2075.0,1418.20068359375,59985800.0
2020-03-24,BMRI.JK,2075.0,2115.0,1930.0,1930.0,1319.097412109375,237296200.0
2020-03-26,BMRI.JK,1900.0,2290.0,1890.0,2235.0,1527.5560302734375,386557200.0
2020-03-27,BMRI.JK,2255.0,2612.5,2250.0,2470.0,1688.1715087890625,396812000.0
2020-03-30,BMRI.JK,2420.0,2420.0,2300.0,2300.0,1571.9815673828125,39766600.0
2020-03-31,BMRI.JK,2325.0,2410.0,2225.0,2340.0,1599.3201904296875,208047600.0
2020-04-01,BMRI.JK,2325.0,2440.0,2220.0,2305.0,1575.3988037109375,152367000.0
2020-04-02,BMRI.JK,2285.0,2375.0,2180.0,2375.0,1623.2418212890625,132225200.0
2020-04-03,BMRI.JK,2400.0,2512.5,2400.0,2512.5,1717.2188720703125,105225600.0
2020-04-06,BMRI.JK,2512.5,2612.5,2450.0,2600.0,1777.0228271484375,113980400.0
2020-04-07,BMRI.JK,2700.0,2800.0,2485.0,2562.5,1751.392333984375,191464600.0
2020-04-08,BMRI.JK,2587.5,2587.5,2385.0,2385.0,1630.076416015625,155834800.0
2020-04-09,BMRI.JK,2400.0,2450.0,2305.0,2335.0,1595.903076171875,163570800.0
2020-04-13,BMRI.JK,2340.0,2340.0,2235.0,2235.0,1527.5560302734375,115331000.0
2020-04-14,BMRI.JK,2240.0,2320.0,2200.0,2285.0,1561.7294921875,132848000.0
2020-04-15,BMRI.JK,2320.0,2345.0,2200.0,2200.0,1503.6343994140625,124661000.0
2020-04-16,BMRI.JK,2200.0,2200.0,2075.0,2105.0,1438.704833984375,215224000.0
2020-04-17,BMRI.JK,2110.0,2210.0,2110.0,2190.0,1496.7996826171875,163407600.0
2020-04-20,BMRI.JK,2225.0,2265.0,2135.0,2185.0,1493.3824462890625,120672000.0
2020-04-21,BMRI.JK,2185.0,2205.0,2125.0,2175.0,1486.547607421875,92203200.0
2020-04-22,BMRI.JK,2165.0,2250.0,2125.0,2245.0,1534.3905029296875,126786800.0
2020-04-23,BMRI.JK,2245.0,2285.0,2240.0,2250.0,1537.8079833984375,115336400.0
2020-04-24,BMRI.JK,2250.0,2250.0,2140.0,2140.0,1462.6263427734375,131631400.0
2020-04-27,BMRI.JK,2155.0,2175.0,2045.0,2075.0,1418.20068359375,205382600.0
2020-04-28,BMRI.JK,2095.0,2120.0,2035.0,2075.0,1418.20068359375,157370600.0
2020-04-29,BMRI.JK,2100.0,2110.0,2000.0,2000.0,1366.9404296875,192650200.0
2020-04-30,BMRI.JK,2035.0,2240.0,2030.0,2230.0,1524.1385498046875,229509600.0
2020-05-04,BMRI.JK,2230.0,2230.0,2120.0,2145.0,1466.0435791015625,80572600.0
2020-05-05,BMRI.JK,2150.0,2200.0,2080.0,2110.0,1442.1220703125,185282400.0
2020-05-06,BMRI.JK,2125.0,2130.0,2080.0,2080.0,1421.6181640625,138733000.0
2020-05-08,BMRI.JK,2100.0,2155.0,2090.0,2100.0,1435.2874755859375,127482200.0
2020-05-11,BMRI.JK,2140.0,2140.0,2095.0,2115.0,1445.53955078125,83552200.0
2020-05-12,BMRI.JK,2115.0,2115.0,2000.0,2005.0,1370.357666015625,188578000.0
2020-05-13,BMRI.JK,1995.0,2025.0,1950.0,2005.0,1370.357666015625,134821600.0
2020-05-14,BMRI.JK,1985.0,2005.0,1950.0,1975.0,1349.853515625,141388800.0
2020-05-15,BMRI.JK,1975.0,1995.0,1840.0,1880.0,1284.9239501953125,227234200.0
2020-05-18,BMRI.JK,1900.0,1900.0,1830.0,1860.0,1271.254638671875,158710600.0
2020-05-19,BMRI.JK,1880.0,2000.0,1880.0,1930.0,1319.097412109375,199655000.0
2020-05-20,BMRI.JK,1925.0,2060.0,1915.0,2035.0,1390.8619384765625,237644400.0
2020-05-26,BMRI.JK,2065.0,2080.0,2030.0,2050.0,1401.114013671875,180545000.0
2020-05-27,BMRI.JK,2075.0,2100.0,2005.0,2055.0,1404.53125,124329600.0
2020-05-28,BMRI.JK,2075.0,2170.0,2075.0,2145.0,1466.0435791015625,265460200.0
2020-05-29,BMRI.JK,2145.0,2245.0,2125.0,2235.0,1527.5560302734375,350546800.0
2020-06-02,BMRI.JK,2275.0,2495.0,2265.0,2310.0,1578.8162841796875,207635400.0
2020-06-03,BMRI.JK,2335.0,2475.0,2295.0,2430.0,1660.83251953125,296607800.0
2020-06-04,BMRI.JK,2450.0,2500.0,2360.0,2365.0,1616.4071044921875,169836200.0
2020-06-05,BMRI.JK,2365.0,2435.0,2300.0,2425.0,1657.4151611328125,185391000.0
2020-06-08,BMRI.JK,2500.0,2662.5,2475.0,2625.0,1794.109375,292605200.0
2020-06-09,BMRI.JK,2650.0,2725.0,2575.0,2637.5,1802.652587890625,147413600.0
2020-06-10,BMRI.JK,2600.0,2612.5,2455.0,2455.0,1677.9193115234375,289644200.0
2020-06-11,BMRI.JK,2400.0,2435.0,2285.0,2345.0,1602.7376708984375,364783800.0
2020-06-12,BMRI.JK,2295.0,2450.0,2215.0,2445.0,1671.08447265625,289959400.0
2020-06-15,BMRI.JK,2425.0,2455.0,2345.0,2360.0,1612.98974609375,169814600.0
2020-06-16,BMRI.JK,2410.0,2525.0,2410.0,2512.5,1717.2188720703125,146116600.0
2020-06-17,BMRI.JK,2550.0,2600.0,2445.0,2450.0,1674.501953125,213944600.0
2020-06-18,BMRI.JK,2420.0,2485.0,2390.0,2410.0,1647.163330078125,152175200.0
2020-06-19,BMRI.JK,2440.0,2475.0,2410.0,2440.0,1667.667236328125,126356800.0
2020-06-22,BMRI.JK,2440.0,2455.0,2400.0,2405.0,1643.7459716796875,66825000.0
2020-06-23,BMRI.JK,2425.0,2425.0,2345.0,2395.0,1636.9111328125,95010400.0
2020-06-24,BMRI.JK,2445.0,2600.0,2445.0,2575.0,1759.935791015625,278417000.0
2020-06-25,BMRI.JK,2537.5,2600.0,2470.0,2512.5,1717.2188720703125,146123000.0
2020-06-26,BMRI.JK,2562.5,2575.0,2490.0,2500.0,1708.675537109375,85829000.0
2020-06-29,BMRI.JK,2490.0,2500.0,2435.0,2470.0,1688.1715087890625,99123000.0
2020-06-30,BMRI.JK,2512.5,2525.0,2475.0,2475.0,1691.588623046875,113994400.0
2020-07-01,BMRI.JK,2500.0,2512.5,2455.0,2495.0,1705.2581787109375,67747600.0
2020-07-02,BMRI.JK,2490.0,2512.5,2480.0,2500.0,1708.675537109375,80606600.0
2020-07-03,BMRI.JK,2480.0,2537.5,2450.0,2500.0,1708.675537109375,57839800.0
2020-07-06,BMRI.JK,2500.0,2575.0,2500.0,2537.5,1734.3056640625,90019000.0
2020-07-07,BMRI.JK,2562.5,2575.0,2525.0,2525.0,1725.76220703125,80447600.0
2020-07-08,BMRI.JK,2525.0,2675.0,2512.5,2637.5,1802.652587890625,149466800.0
2020-07-09,BMRI.JK,2675.0,2700.0,2600.0,2625.0,1794.109375,98277200.0
2020-07-10,BMRI.JK,2625.0,2637.5,2562.5,2587.5,1768.479248046875,77850000.0
2020-07-13,BMRI.JK,2625.0,2662.5,2612.5,2625.0,1794.109375,72688200.0
2020-07-14,BMRI.JK,2650.0,2662.5,2600.0,2650.0,1811.196044921875,78259800.0
2020-07-15,BMRI.JK,2675.0,2712.5,2625.0,2637.5,1802.652587890625,60755400.0
2020-07-16,BMRI.JK,2637.5,2675.0,2625.0,2637.5,1802.652587890625,43859400.0
2020-07-17,BMRI.JK,2637.5,2650.0,2587.5,2587.5,1768.479248046875,60177000.0
2020-07-20,BMRI.JK,2587.5,2612.5,2525.0,2550.0,1742.8489990234375,52111600.0
2020-07-21,BMRI.JK,2575.0,2725.0,2537.5,2650.0,1811.196044921875,145051400.0
2020-07-22,BMRI.JK,2687.5,2762.5,2650.0,2712.5,1853.912841796875,119245000.0
2020-07-23,BMRI.JK,2737.5,2887.5,2712.5,2850.0,1947.889892578125,145829600.0
2020-07-24,BMRI.JK,2850.0,2850.0,2775.0,2800.0,1913.7166748046875,66603400.0
2020-07-27,BMRI.JK,2812.5,2937.5,2775.0,2937.5,2007.693603515625,58848200.0
2020-07-28,BMRI.JK,2950.0,3000.0,2887.5,2925.0,1999.150146484375,74524600.0
2020-07-29,BMRI.JK,2925.0,2925.0,2837.5,2850.0,1947.889892578125,69737200.0
2020-07-30,BMRI.JK,2862.5,2900.0,2812.5,2900.0,1982.063720703125,52644600.0
2020-08-03,BMRI.JK,2925.0,2937.5,2725.0,2750.0,1879.54296875,259720800.0
2020-08-04,BMRI.JK,2762.5,2800.0,2725.0,2787.5,1905.173095703125,89173800.0
2020-08-05,BMRI.JK,2775.0,2850.0,2725.0,2850.0,1947.889892578125,133844600.0
2020-08-06,BMRI.JK,2850.0,2937.5,2850.0,2887.5,1973.5203857421875,90911200.0
2020-08-07,BMRI.JK,2850.0,2900.0,2812.5,2900.0,1982.063720703125,57228800.0
2020-08-10,BMRI.JK,2900.0,2912.5,2825.0,2900.0,1982.063720703125,50162400.0
2020-08-11,BMRI.JK,2912.5,3050.0,2900.0,2987.5,2041.867431640625,117978200.0
2020-08-12,BMRI.JK,3000.0,3137.5,2975.0,3075.0,2101.671142578125,92910400.0
2020-08-13,BMRI.JK,3125.0,3125.0,3025.0,3025.0,2067.497314453125,85989200.0
2020-08-14,BMRI.JK,3037.5,3050.0,2975.0,3012.5,2058.953857421875,66653400.0
2020-08-18,BMRI.JK,3012.5,3112.5,3012.5,3075.0,2101.671142578125,115981200.0
2020-08-19,BMRI.JK,3087.5,3125.0,3037.5,3050.0,2084.584228515625,64511800.0
2020-08-24,BMRI.JK,3025.0,3087.5,2962.5,3000.0,2050.41064453125,132486400.0
2020-08-25,BMRI.JK,3025.0,3137.5,3025.0,3125.0,2135.844482421875,132365800.0
2020-08-26,BMRI.JK,3125.0,3175.0,3087.5,3175.0,2170.01806640625,78703400.0
2020-08-27,BMRI.JK,3175.0,3175.0,3100.0,3150.0,2152.93115234375,93450200.0
2020-08-28,BMRI.JK,3137.5,3175.0,3100.0,3112.5,2127.30078125,75655000.0
2020-08-31,BMRI.JK,3112.5,3150.0,2950.0,2975.0,2033.3238525390625,222818800.0
2020-09-01,BMRI.JK,2987.5,3062.5,2937.5,3062.5,2093.12744140625,85330800.0
2020-09-02,BMRI.JK,3062.5,3100.0,3025.0,3037.5,2076.040771484375,93203600.0
2020-09-03,BMRI.JK,3037.5,3075.0,2975.0,2987.5,2041.867431640625,129014800.0
2020-09-04,BMRI.JK,2975.0,2987.5,2925.0,2962.5,2024.780517578125,106844400.0
2020-09-07,BMRI.JK,2962.5,2975.0,2887.5,2925.0,1999.150146484375,100673600.0
2020-09-08,BMRI.JK,2950.0,3000.0,2937.5,2987.5,2041.867431640625,60346000.0
2020-09-09,BMRI.JK,2950.0,2950.0,2875.0,2887.5,1973.5203857421875,98282200.0
2020-09-10,BMRI.JK,2762.5,2762.5,2687.5,2687.5,1836.826171875,172775200.0
2020-09-11,BMRI.JK,2525.0,2762.5,2525.0,2737.5,1870.99951171875,271155800.0
2020-09-14,BMRI.JK,2737.5,2887.5,2737.5,2875.0,1964.976806640625,143569800.0
2020-09-15,BMRI.JK,2875.0,2912.5,2800.0,2837.5,1939.3465576171875,128927400.0
2020-09-16,BMRI.JK,2875.0,2875.0,2812.5,2825.0,1930.8031005859375,57936000.0
2020-09-17,BMRI.JK,2800.0,2875.0,2762.5,2787.5,1905.173095703125,76432000.0
2020-09-18,BMRI.JK,2787.5,2837.5,2750.0,2787.5,1905.173095703125,91596600.0
2020-09-21,BMRI.JK,2787.5,2812.5,2700.0,2737.5,1870.99951171875,52930000.0
2020-09-22,BMRI.JK,2650.0,2712.5,2637.5,2650.0,1811.196044921875,113596600.0
2020-09-23,BMRI.JK,2650.0,2687.5,2562.5,2600.0,1777.0228271484375,84710800.0
2020-09-24,BMRI.JK,2525.0,2575.0,2500.0,2537.5,1734.3056640625,121965000.0
2020-09-25,BMRI.JK,2600.0,2675.0,2537.5,2675.0,1828.2828369140625,140455600.0
2020-09-28,BMRI.JK,2700.0,2712.5,2575.0,2575.0,1759.935791015625,99702600.0
2020-09-29,BMRI.JK,2600.0,2625.0,2512.5,2537.5,1734.3056640625,111325600.0
2020-09-30,BMRI.JK,2550.0,2575.0,2430.0,2480.0,1695.0062255859375,151529800.0
2020-10-01,BMRI.JK,2500.0,2600.0,2490.0,2600.0,1777.0228271484375,78954200.0
2020-10-02,BMRI.JK,2587.5,2612.5,2500.0,2600.0,1777.0228271484375,99143400.0
2020-10-05,BMRI.JK,2625.0,2687.5,2587.5,2675.0,1828.2828369140625,74300800.0
2020-10-06,BMRI.JK,2750.0,2775.0,2725.0,2750.0,1879.54296875,89104400.0
2020-10-07,BMRI.JK,2700.0,2775.0,2687.5,2775.0,1896.6297607421875,88748600.0
2020-10-08,BMRI.JK,2775.0,2787.5,2712.5,2725.0,1862.4561767578125,88763400.0
2020-10-09,BMRI.JK,2725.0,2787.5,2725.0,2775.0,1896.6297607421875,90248600.0
2020-10-12,BMRI.JK,2787.5,2825.0,2775.0,2812.5,1922.259765625,77947000.0
2020-10-13,BMRI.JK,2812.5,2837.5,2762.5,2837.5,1939.3465576171875,69863400.0
2020-10-14,BMRI.JK,2862.5,2887.5,2812.5,2887.5,1973.5203857421875,109787200.0
2020-10-15,BMRI.JK,2850.0,2875.0,2800.0,2800.0,1913.7166748046875,77289200.0
2020-10-16,BMRI.JK,2800.0,2825.0,2725.0,2787.5,1905.173095703125,67817800.0
2020-10-19,BMRI.JK,2800.0,2862.5,2787.5,2850.0,1947.889892578125,58936200.0
2020-10-20,BMRI.JK,2862.5,2875.0,2800.0,2825.0,1930.8031005859375,77213200.0
2020-10-21,BMRI.JK,2837.5,2862.5,2737.5,2762.5,1888.08642578125,113901800.0
2020-10-22,BMRI.JK,2750.0,2775.0,2700.0,2725.0,1862.4561767578125,138701400.0
2020-10-23,BMRI.JK,2762.5,2787.5,2737.5,2775.0,1896.6297607421875,65900200.0
2020-10-26,BMRI.JK,2812.5,2925.0,2812.5,2887.5,1973.5203857421875,188574400.0
2020-10-27,BMRI.JK,2875.0,2925.0,2850.0,2887.5,1973.5203857421875,112695800.0
2020-11-02,BMRI.JK,2837.5,3012.5,2800.0,2987.5,2041.867431640625,216862800.0
2020-11-03,BMRI.JK,2987.5,3000.0,2950.0,3000.0,2050.41064453125,75963400.0
2020-11-04,BMRI.JK,2975.0,3012.5,2850.0,2850.0,1947.889892578125,152817400.0
2020-11-05,BMRI.JK,2937.5,3000.0,2912.5,2987.5,2041.867431640625,175877400.0
2020-11-06,BMRI.JK,2987.5,3050.0,2962.5,3025.0,2067.497314453125,164219000.0
2020-11-09,BMRI.JK,3125.0,3150.0,3025.0,3075.0,2101.671142578125,122653200.0
2020-11-10,BMRI.JK,3200.0,3262.5,3150.0,3187.5,2178.5615234375,249588800.0
2020-11-11,BMRI.JK,3212.5,3250.0,3175.0,3187.5,2178.5615234375,166490200.0
2020-11-12,BMRI.JK,3187.5,3200.0,3050.0,3087.5,2110.21435546875,136150600.0
2020-11-13,BMRI.JK,3050.0,3125.0,3037.5,3125.0,2135.844482421875,122043800.0
2020-11-16,BMRI.JK,3150.0,3225.0,3075.0,3100.0,2118.7578125,133917600.0
2020-11-17,BMRI.JK,3137.5,3187.5,3100.0,3125.0,2135.844482421875,106261600.0
2020-11-18,BMRI.JK,3075.0,3175.0,3075.0,3175.0,2170.01806640625,124936000.0
2020-11-19,BMRI.JK,3125.0,3175.0,3100.0,3162.5,2161.474609375,94808200.0
2020-11-20,BMRI.JK,3137.5,3175.0,3125.0,3150.0,2152.93115234375,100573600.0
2020-11-23,BMRI.JK,3150.0,3212.5,3137.5,3200.0,2187.104736328125,106905400.0
2020-11-24,BMRI.JK,3225.0,3250.0,3187.5,3212.5,2195.648193359375,140929200.0
2020-11-25,BMRI.JK,3250.0,3325.0,3250.0,3262.5,2229.82177734375,197704000.0
2020-11-26,BMRI.JK,3300.0,3362.5,3275.0,3362.5,2298.168701171875,132275400.0
2020-11-27,BMRI.JK,3387.5,3400.0,3312.5,3325.0,2272.538330078125,124346800.0
2020-11-30,BMRI.JK,3275.0,3312.5,3112.5,3162.5,2161.474609375,307900800.0
2020-12-01,BMRI.JK,3162.5,3312.5,3162.5,3262.5,2229.82177734375,176568000.0
2020-12-02,BMRI.JK,3262.5,3325.0,3237.5,3325.0,2272.538330078125,114721600.0
2020-12-03,BMRI.JK,3325.0,3337.5,3262.5,3287.5,2246.908203125,155342400.0
2020-12-04,BMRI.JK,3250.0,3300.0,3212.5,3300.0,2255.451416015625,74976000.0
2020-12-07,BMRI.JK,3337.5,3375.0,3312.5,3350.0,2289.625,133585800.0
2020-12-08,BMRI.JK,3337.5,3362.5,3300.0,3337.5,2281.08154296875,70350400.0
2020-12-10,BMRI.JK,3387.5,3425.0,3362.5,3400.0,2323.798583984375,187847000.0
2020-12-11,BMRI.JK,3425.0,3437.5,3350.0,3387.5,2315.25537109375,94541800.0
2020-12-14,BMRI.JK,3362.5,3400.0,3337.5,3362.5,2298.168701171875,94645200.0
2020-12-15,BMRI.JK,3350.0,3362.5,3300.0,3350.0,2289.625,135663800.0
2020-12-16,BMRI.JK,3400.0,3412.5,3362.5,3387.5,2315.25537109375,97361800.0
2020-12-17,BMRI.JK,3387.5,3437.5,3387.5,3437.5,2349.428466796875,109966000.0
2020-12-18,BMRI.JK,3400.0,3412.5,3350.0,3350.0,2289.625,142797800.0
2020-12-21,BMRI.JK,3387.5,3400.0,3337.5,3350.0,2289.625,83174600.0
2020-12-22,BMRI.JK,3287.5,3312.5,3175.0,3200.0,2187.104736328125,165929800.0
2020-12-23,BMRI.JK,3250.0,3300.0,3100.0,3175.0,2170.01806640625,110032400.0
2020-12-28,BMRI.JK,3250.0,3287.5,3150.0,3262.5,2229.82177734375,75527000.0
2020-12-29,BMRI.JK,3287.5,3300.0,3200.0,3212.5,2195.648193359375,57422600.0
2020-12-30,BMRI.JK,3262.5,3262.5,3162.5,3162.5,2161.474609375,88941400.0
2021-01-04,BMRI.JK,3175.0,3262.5,3112.5,3250.0,2221.278076171875,61058000.0
2021-01-05,BMRI.JK,3275.0,3275.0,3200.0,3212.5,2195.648193359375,69928200.0
2021-01-06,BMRI.JK,3212.5,3262.5,3137.5,3212.5,2195.648193359375,87109000.0
2021-01-07,BMRI.JK,3225.0,3262.5,3212.5,3237.5,2212.73486328125,80114200.0
2021-01-08,BMRI.JK,3237.5,3287.5,3225.0,3275.0,2238.364990234375,93635600.0
2021-01-11,BMRI.JK,3287.5,3425.0,3275.0,3425.0,2340.88525390625,212763000.0
2021-01-12,BMRI.JK,3450.0,3500.0,3412.5,3475.0,2375.05908203125,168626000.0
2021-01-13,BMRI.JK,3525.0,3537.5,3462.5,3462.5,2366.515625,107392200.0
2021-01-14,BMRI.JK,3525.0,3525.0,3412.5,3425.0,2340.88525390625,70295000.0
2021-01-15,BMRI.JK,3437.5,3462.5,3312.5,3362.5,2298.168701171875,77235600.0
2021-01-18,BMRI.JK,3300.0,3475.0,3300.0,3462.5,2366.515625,119006800.0
2021-01-19,BMRI.JK,3500.0,3512.5,3425.0,3487.5,2383.602294921875,77834600.0
2021-01-20,BMRI.JK,3500.0,3725.0,3500.0,3687.5,2520.29638671875,220934600.0
2021-01-21,BMRI.JK,3687.5,3687.5,3600.0,3625.0,2477.57958984375,82052000.0
2021-01-22,BMRI.JK,3637.5,3675.0,3562.5,3600.0,2460.492431640625,117367200.0
2021-01-25,BMRI.JK,3625.0,3650.0,3512.5,3650.0,2494.66650390625,100647600.0
2021-01-26,BMRI.JK,3650.0,3725.0,3625.0,3687.5,2520.29638671875,206712400.0
2021-01-27,BMRI.JK,3700.0,3700.0,3587.5,3650.0,2494.66650390625,171581400.0
2021-01-28,BMRI.JK,3575.0,3625.0,3450.0,3525.0,2409.232177734375,135745000.0
2021-01-29,BMRI.JK,3550.0,3612.5,3287.5,3287.5,2246.908203125,334227600.0
2021-02-01,BMRI.JK,3325.0,3362.5,3100.0,3350.0,2289.625,242540200.0
2021-02-02,BMRI.JK,3400.0,3400.0,3200.0,3237.5,2212.73486328125,160482800.0
2021-02-03,BMRI.JK,3300.0,3325.0,3225.0,3250.0,2221.278076171875,167044600.0
2021-02-04,BMRI.JK,3287.5,3337.5,3225.0,3287.5,2246.908203125,139040400.0
2021-02-05,BMRI.JK,3350.0,3350.0,3225.0,3275.0,2238.364990234375,97199600.0
2021-02-08,BMRI.JK,3300.0,3337.5,3275.0,3287.5,2246.908203125,125050800.0
2021-02-09,BMRI.JK,3300.0,3350.0,3225.0,3250.0,2221.278076171875,208380400.0
2021-02-10,BMRI.JK,3287.5,3287.5,3237.5,3250.0,2221.278076171875,102693600.0
2021-02-11,BMRI.JK,3275.0,3275.0,3250.0,3250.0,2221.278076171875,35879400.0
2021-02-15,BMRI.JK,3275.0,3287.5,3250.0,3250.0,2221.278076171875,48995200.0
2021-02-16,BMRI.JK,3250.0,3275.0,3225.0,3237.5,2212.73486328125,63202000.0
2021-02-17,BMRI.JK,3225.0,3237.5,3150.0,3175.0,2170.01806640625,117413600.0
2021-02-18,BMRI.JK,3125.0,3200.0,3112.5,3125.0,2135.844482421875,113989000.0
2021-02-19,BMRI.JK,3125.0,3200.0,3100.0,3187.5,2178.5615234375,102020400.0
2021-02-22,BMRI.JK,3225.0,3250.0,3187.5,3187.5,2178.5615234375,107680600.0
2021-02-23,BMRI.JK,3150.0,3187.5,3150.0,3162.5,2161.474609375,89107800.0
2021-02-24,BMRI.JK,3175.0,3200.0,3162.5,3187.5,2178.5615234375,82498600.0
2021-02-25,BMRI.JK,3212.5,3237.5,3137.5,3137.5,2144.3876953125,133614800.0
2021-02-26,BMRI.JK,3087.5,3162.5,3050.0,3075.0,2101.671142578125,246190600.0
2021-03-01,BMRI.JK,3112.5,3300.0,3112.5,3287.5,2246.908203125,220785400.0
2021-03-02,BMRI.JK,3325.0,3325.0,3250.0,3300.0,2255.451416015625,163296600.0
2021-03-03,BMRI.JK,3337.5,3337.5,3262.5,3300.0,2255.451416015625,78532200.0
2021-03-04,BMRI.JK,3312.5,3325.0,3262.5,3275.0,2238.364990234375,120612600.0
2021-03-05,BMRI.JK,3262.5,3287.5,3225.0,3237.5,2212.73486328125,87239000.0
2021-03-08,BMRI.JK,3275.0,3287.5,3187.5,3212.5,2195.648193359375,54098000.0
2021-03-09,BMRI.JK,3187.5,3262.5,3187.5,3212.5,2195.648193359375,111838800.0
2021-03-10,BMRI.JK,3250.0,3250.0,3225.0,3250.0,2221.278076171875,51903000.0
2021-03-12,BMRI.JK,3275.0,3375.0,3275.0,3362.5,2298.168701171875,159202400.0
2021-03-15,BMRI.JK,3387.5,3387.5,3312.5,3325.0,2272.538330078125,79922400.0
2021-03-16,BMRI.JK,3325.0,3362.5,3250.0,3275.0,2238.364990234375,112248400.0
2021-03-17,BMRI.JK,3300.0,3325.0,3262.5,3262.5,2229.82177734375,50841200.0
2021-03-18,BMRI.JK,3312.5,3425.0,3312.5,3400.0,2323.798583984375,152427600.0
2021-03-19,BMRI.JK,3400.0,3400.0,3350.0,3387.5,2315.25537109375,150713800.0
2021-03-22,BMRI.JK,3375.0,3412.5,3312.5,3312.5,2263.994873046875,115979200.0
2021-03-23,BMRI.JK,3375.0,3375.0,3312.5,3337.5,2281.08154296875,97289600.0
2021-03-24,BMRI.JK,3250.0,3262.5,3200.0,3212.5,2270.575927734375,115254200.0
2021-03-25,BMRI.JK,3225.0,3237.5,3162.5,3200.0,2261.740966796875,71666600.0
2021-03-26,BMRI.JK,3225.0,3237.5,3175.0,3212.5,2270.575927734375,84478000.0
2021-03-29,BMRI.JK,3200.0,3250.0,3187.5,3187.5,2252.90625,79520400.0
2021-03-30,BMRI.JK,3200.0,3212.5,3137.5,3162.5,2235.236328125,41180600.0
2021-03-31,BMRI.JK,3125.0,3162.5,3062.5,3075.0,2173.391845703125,159155800.0
2021-04-01,BMRI.JK,3125.0,3162.5,3075.0,3100.0,2191.061767578125,77715200.0
2021-04-05,BMRI.JK,3150.0,3150.0,3100.0,3112.5,2199.896240234375,39468400.0
2021-04-06,BMRI.JK,3112.5,3150.0,3075.0,3137.5,2217.566162109375,29650600.0
2021-04-07,BMRI.JK,3150.0,3162.5,3125.0,3162.5,2235.236328125,46420200.0
2021-04-08,BMRI.JK,3125.0,3187.5,3100.0,3137.5,2217.566162109375,88449600.0
2021-04-09,BMRI.JK,3187.5,3275.0,3162.5,3237.5,2288.245849609375,126420200.0
2021-04-12,BMRI.JK,3212.5,3250.0,3137.5,3150.0,2226.4013671875,48429000.0
2021-04-13,BMRI.JK,3100.0,3175.0,3100.0,3150.0,2226.4013671875,76327000.0
2021-04-14,BMRI.JK,3175.0,3200.0,3125.0,3162.5,2235.236328125,80914000.0
2021-04-15,BMRI.JK,3200.0,3200.0,3112.5,3150.0,2226.4013671875,68337400.0
2021-04-16,BMRI.JK,3175.0,3175.0,3125.0,3150.0,2226.4013671875,63194400.0
2021-04-19,BMRI.JK,3125.0,3137.5,3100.0,3112.5,2199.896240234375,43598600.0
2021-04-20,BMRI.JK,3100.0,3125.0,3087.5,3100.0,2191.061767578125,63882600.0
2021-04-21,BMRI.JK,3075.0,3087.5,3062.5,3062.5,2164.556884765625,65425600.0
2021-04-22,BMRI.JK,3087.5,3112.5,3050.0,3062.5,2164.556884765625,71452000.0
2021-04-23,BMRI.JK,3025.0,3075.0,3012.5,3075.0,2173.391845703125,104928400.0
2021-04-26,BMRI.JK,3050.0,3062.5,2975.0,2987.5,2111.54736328125,115305000.0
2021-04-27,BMRI.JK,2987.5,3037.5,2975.0,3025.0,2138.052001953125,96850800.0
2021-04-28,BMRI.JK,3050.0,3137.5,3050.0,3100.0,2191.061767578125,161162600.0
2021-04-29,BMRI.JK,3112.5,3137.5,3075.0,3112.5,2199.896240234375,82870600.0
2021-04-30,BMRI.JK,3112.5,3125.0,3062.5,3087.5,2182.226806640625,69941600.0
2021-05-03,BMRI.JK,3050.0,3075.0,3000.0,3025.0,2138.052001953125,65334000.0
2021-05-04,BMRI.JK,3025.0,3050.0,2987.5,3050.0,2155.721923828125,56355200.0
2021-05-05,BMRI.JK,3075.0,3075.0,3025.0,3025.0,2138.052001953125,45851800.0
2021-05-06,BMRI.JK,3062.5,3062.5,3012.5,3037.5,2146.886962890625,37091000.0
2021-05-07,BMRI.JK,3062.5,3062.5,2975.0,2975.0,2102.71240234375,65331800.0
2021-05-10,BMRI.JK,3012.5,3012.5,2975.0,2987.5,2111.54736328125,35481400.0
2021-05-11,BMRI.JK,3000.0,3000.0,2925.0,2950.0,2085.04248046875,69381800.0
2021-05-17,BMRI.JK,2987.5,3000.0,2937.5,2962.5,2093.87744140625,95099800.0
2021-05-18,BMRI.JK,2987.5,3000.0,2912.5,2950.0,2085.04248046875,73965200.0
2021-05-19,BMRI.JK,2900.0,2925.0,2812.5,2837.5,2005.5281982421875,98436000.0
2021-05-20,BMRI.JK,2825.0,2875.0,2800.0,2825.0,1996.693115234375,69610000.0
2021-05-21,BMRI.JK,2862.5,2950.0,2837.5,2912.5,2058.53759765625,140453000.0
2021-05-24,BMRI.JK,2937.5,2937.5,2875.0,2875.0,2032.032958984375,54897600.0
2021-05-25,BMRI.JK,2887.5,2975.0,2887.5,2950.0,2085.04248046875,90594400.0
2021-05-27,BMRI.JK,3000.0,3000.0,2875.0,2875.0,2032.032958984375,353889800.0
2021-05-28,BMRI.JK,2912.5,2950.0,2887.5,2900.0,2049.702880859375,78305800.0
2021-05-31,BMRI.JK,2937.5,3050.0,2912.5,3000.0,2120.38232421875,96660000.0
2021-06-02,BMRI.JK,3075.0,3100.0,3037.5,3050.0,2155.721923828125,157335600.0
2021-06-03,BMRI.JK,3087.5,3137.5,3062.5,3125.0,2208.7314453125,86426400.0
2021-06-04,BMRI.JK,3125.0,3162.5,3062.5,3062.5,2164.556884765625,76307800.0
2021-06-07,BMRI.JK,3100.0,3100.0,3037.5,3062.5,2164.556884765625,42514400.0
2021-06-08,BMRI.JK,3075.0,3075.0,3000.0,3000.0,2120.38232421875,57084000.0
2021-06-09,BMRI.JK,3037.5,3087.5,3000.0,3075.0,2173.391845703125,47078600.0
2021-06-10,BMRI.JK,3087.5,3125.0,3062.5,3100.0,2191.061767578125,43543600.0
2021-06-11,BMRI.JK,3137.5,3150.0,3112.5,3137.5,2217.566162109375,77757800.0
2021-06-14,BMRI.JK,3150.0,3150.0,3112.5,3137.5,2217.566162109375,50043400.0
2021-06-15,BMRI.JK,3150.0,3162.5,3112.5,3162.5,2235.236328125,107187800.0
2021-06-16,BMRI.JK,3162.5,3175.0,3100.0,3137.5,2217.566162109375,90051600.0
2021-06-17,BMRI.JK,3125.0,3137.5,3100.0,3100.0,2191.061767578125,146517200.0
2021-06-18,BMRI.JK,3087.5,3100.0,2975.0,3100.0,2191.061767578125,201335400.0
2021-06-21,BMRI.JK,3050.0,3050.0,2975.0,3012.5,2129.217041015625,138949200.0
2021-06-22,BMRI.JK,3037.5,3125.0,3012.5,3087.5,2182.226806640625,96680600.0
2021-06-23,BMRI.JK,3112.5,3112.5,3012.5,3012.5,2129.217041015625,66074200.0
2021-06-24,BMRI.JK,3050.0,3050.0,2987.5,2987.5,2111.54736328125,52248000.0
2021-06-25,BMRI.JK,3000.0,3012.5,2950.0,2950.0,2085.04248046875,61052000.0
2021-06-28,BMRI.JK,2912.5,2950.0,2837.5,2850.0,2014.363037109375,127109000.0
2021-06-29,BMRI.JK,2925.0,2925.0,2850.0,2887.5,2040.8680419921875,96970800.0
2021-06-30,BMRI.JK,2925.0,2975.0,2900.0,2950.0,2085.04248046875,146560200.0
2021-07-01,BMRI.JK,2975.0,3000.0,2950.0,2987.5,2111.54736328125,87385400.0
2021-07-02,BMRI.JK,2987.5,3012.5,2962.5,2975.0,2102.71240234375,80422400.0
2021-07-05,BMRI.JK,2987.5,2987.5,2900.0,2925.0,2067.37255859375,29242400.0
2021-07-06,BMRI.JK,2950.0,2950.0,2875.0,2887.5,2040.8680419921875,56066200.0
2021-07-07,BMRI.JK,2887.5,2912.5,2837.5,2875.0,2032.032958984375,96691000.0
2021-07-08,BMRI.JK,2925.0,2950.0,2875.0,2950.0,2085.04248046875,81459000.0
2021-07-09,BMRI.JK,2950.0,2950.0,2887.5,2887.5,2040.8680419921875,50822400.0
2021-07-12,BMRI.JK,2937.5,2937.5,2887.5,2900.0,2049.702880859375,39692600.0
2021-07-13,BMRI.JK,2925.0,2950.0,2887.5,2887.5,2040.8680419921875,65117000.0
2021-07-14,BMRI.JK,2900.0,2912.5,2825.0,2850.0,2014.363037109375,59225200.0
2021-07-15,BMRI.JK,2862.5,2950.0,2837.5,2937.5,2076.20751953125,94438400.0
2021-07-16,BMRI.JK,2937.5,2950.0,2912.5,2937.5,2076.20751953125,39567600.0
2021-07-19,BMRI.JK,2900.0,2925.0,2875.0,2875.0,2032.032958984375,31460200.0
2021-07-21,BMRI.JK,2912.5,2975.0,2900.0,2962.5,2093.87744140625,87100200.0
2021-07-22,BMRI.JK,2987.5,3050.0,2975.0,3025.0,2138.052001953125,55171400.0
2021-07-23,BMRI.JK,3000.0,3025.0,2975.0,2987.5,2111.54736328125,37457600.0
2021-07-26,BMRI.JK,2987.5,3000.0,2900.0,2900.0,2049.702880859375,77160200.0
2021-07-27,BMRI.JK,2925.0,2950.0,2875.0,2912.5,2058.53759765625,79279400.0
2021-07-28,BMRI.JK,2875.0,2950.0,2875.0,2950.0,2085.04248046875,41266000.0
2021-07-29,BMRI.JK,2950.0,2950.0,2875.0,2875.0,2032.032958984375,68168400.0
2021-07-30,BMRI.JK,2912.5,2912.5,2850.0,2850.0,2014.363037109375,92132400.0
2021-08-02,BMRI.JK,2887.5,2887.5,2812.5,2837.5,2005.5281982421875,68571000.0
2021-08-03,BMRI.JK,2850.0,2900.0,2825.0,2887.5,2040.8680419921875,70957400.0
2021-08-04,BMRI.JK,2912.5,2950.0,2887.5,2912.5,2058.53759765625,67410400.0
2021-08-05,BMRI.JK,2937.5,3037.5,2925.0,3025.0,2138.052001953125,140254000.0
2021-08-06,BMRI.JK,3037.5,3050.0,2975.0,2987.5,2111.54736328125,63682000.0
2021-08-09,BMRI.JK,3000.0,3012.5,2900.0,2900.0,2049.702880859375,50317400.0
2021-08-10,BMRI.JK,2900.0,2937.5,2887.5,2900.0,2049.702880859375,54893400.0
2021-08-12,BMRI.JK,2937.5,2975.0,2912.5,2962.5,2093.87744140625,51328800.0
2021-08-13,BMRI.JK,2987.5,3025.0,2950.0,3000.0,2120.38232421875,41771600.0
2021-08-16,BMRI.JK,3000.0,3025.0,2925.0,2987.5,2111.54736328125,53074000.0
2021-08-18,BMRI.JK,3000.0,3087.5,2962.5,3025.0,2138.052001953125,141229400.0
2021-08-19,BMRI.JK,3050.0,3050.0,2900.0,2925.0,2067.37255859375,101976800.0
2021-08-20,BMRI.JK,2950.0,2975.0,2900.0,2950.0,2085.04248046875,62841600.0
2021-08-23,BMRI.JK,2950.0,3000.0,2950.0,2987.5,2111.54736328125,46346200.0
2021-08-24,BMRI.JK,2975.0,2987.5,2900.0,2912.5,2058.53759765625,85217600.0
2021-08-25,BMRI.JK,2937.5,2987.5,2925.0,2975.0,2102.71240234375,60726800.0
2021-08-26,BMRI.JK,2925.0,2962.5,2912.5,2912.5,2058.53759765625,55050200.0
2021-08-27,BMRI.JK,2912.5,2937.5,2887.5,2900.0,2049.702880859375,35765000.0
2021-08-30,BMRI.JK,2925.0,2975.0,2912.5,2975.0,2102.71240234375,65062000.0
2021-08-31,BMRI.JK,3000.0,3050.0,2975.0,3050.0,2155.721923828125,135700400.0
2021-09-01,BMRI.JK,3050.0,3050.0,3000.0,3000.0,2120.38232421875,70082000.0
2021-09-02,BMRI.JK,3025.0,3050.0,2987.5,3025.0,2138.052001953125,51554400.0
2021-09-03,BMRI.JK,3050.0,3075.0,3000.0,3062.5,2164.556884765625,50760000.0
2021-09-06,BMRI.JK,3100.0,3162.5,3062.5,3100.0,2191.061767578125,51684400.0
2021-09-07,BMRI.JK,3125.0,3175.0,3112.5,3125.0,2208.7314453125,70448400.0
2021-09-08,BMRI.JK,3150.0,3150.0,3062.5,3125.0,2208.7314453125,84660600.0
2021-09-09,BMRI.JK,3150.0,3175.0,3062.5,3175.0,2244.0712890625,93331600.0
2021-09-10,BMRI.JK,3137.5,3150.0,3087.5,3100.0,2191.061767578125,107576800.0
2021-09-13,BMRI.JK,3050.0,3112.5,3025.0,3075.0,2173.391845703125,104806600.0
2021-09-14,BMRI.JK,3075.0,3100.0,3037.5,3050.0,2155.721923828125,84931400.0
2021-09-15,BMRI.JK,3087.5,3100.0,3050.0,3062.5,2164.556884765625,135497800.0
2021-09-16,BMRI.JK,3087.5,3100.0,3062.5,3075.0,2173.391845703125,61344200.0
2021-09-17,BMRI.JK,3062.5,3075.0,3025.0,3025.0,2138.052001953125,82452800.0
2021-09-20,BMRI.JK,3012.5,3037.5,2962.5,3012.5,2129.217041015625,57569200.0
2021-09-21,BMRI.JK,3012.5,3012.5,2962.5,2987.5,2111.54736328125,45153400.0
2021-09-22,BMRI.JK,2987.5,3050.0,2975.0,3037.5,2146.886962890625,26711200.0
2021-09-23,BMRI.JK,3062.5,3062.5,3012.5,3037.5,2146.886962890625,40606000.0
2021-09-24,BMRI.JK,3037.5,3050.0,2962.5,2987.5,2111.54736328125,50278400.0
2021-09-27,BMRI.JK,3000.0,3012.5,2950.0,2950.0,2085.04248046875,68500800.0
2021-09-28,BMRI.JK,2975.0,3012.5,2950.0,2975.0,2102.71240234375,64652200.0
2021-09-29,BMRI.JK,2975.0,3025.0,2962.5,3000.0,2120.38232421875,56467400.0
2021-09-30,BMRI.JK,3025.0,3075.0,3000.0,3075.0,2173.391845703125,82812000.0
2021-10-01,BMRI.JK,3075.0,3100.0,3025.0,3050.0,2155.721923828125,74975400.0
2021-10-04,BMRI.JK,3087.5,3250.0,3075.0,3237.5,2288.245849609375,156691600.0
2021-10-05,BMRI.JK,3225.0,3275.0,3187.5,3212.5,2270.575927734375,94886200.0
2021-10-06,BMRI.JK,3237.5,3337.5,3225.0,3300.0,2332.420166015625,168775800.0
2021-10-07,BMRI.JK,3325.0,3412.5,3312.5,3350.0,2367.760009765625,253196600.0
2021-10-08,BMRI.JK,3362.5,3487.5,3362.5,3450.0,2438.439697265625,223592000.0
2021-10-11,BMRI.JK,3450.0,3462.5,3400.0,3450.0,2438.439697265625,123020200.0
2021-10-12,BMRI.JK,3487.5,3525.0,3462.5,3500.0,2473.779052734375,191044200.0
2021-10-13,BMRI.JK,3537.5,3550.0,3475.0,3550.0,2509.119140625,134998000.0
2021-10-14,BMRI.JK,3562.5,3587.5,3525.0,3587.5,2535.623779296875,104307800.0
2021-10-15,BMRI.JK,3587.5,3600.0,3537.5,3575.0,2526.788818359375,84353000.0
2021-10-18,BMRI.JK,3600.0,3662.5,3575.0,3587.5,2535.623779296875,152951600.0
2021-10-19,BMRI.JK,3625.0,3625.0,3525.0,3600.0,2544.458251953125,99358000.0
2021-10-21,BMRI.JK,3587.5,3662.5,3562.5,3587.5,2535.623779296875,189264000.0
2021-10-22,BMRI.JK,3550.0,3612.5,3537.5,3600.0,2544.458251953125,65782600.0
2021-10-25,BMRI.JK,3587.5,3625.0,3562.5,3562.5,2517.9541015625,76296200.0
2021-10-26,BMRI.JK,3550.0,3600.0,3550.0,3587.5,2535.623779296875,55872800.0
2021-10-27,BMRI.JK,3600.0,3612.5,3562.5,3575.0,2526.788818359375,82925200.0
2021-10-28,BMRI.JK,3562.5,3575.0,3500.0,3512.5,2482.614013671875,99023600.0
2021-10-29,BMRI.JK,3587.5,3650.0,3575.0,3587.5,2535.623779296875,160952400.0
2021-11-01,BMRI.JK,3625.0,3625.0,3575.0,3587.5,2535.623779296875,65621400.0
2021-11-02,BMRI.JK,3587.5,3600.0,3500.0,3512.5,2482.614013671875,51923400.0
2021-11-03,BMRI.JK,3487.5,3625.0,3462.5,3562.5,2517.9541015625,107556600.0
2021-11-04,BMRI.JK,3625.0,3650.0,3587.5,3587.5,2535.623779296875,103726400.0
2021-11-05,BMRI.JK,3625.0,3625.0,3500.0,3550.0,2509.119140625,48035600.0
2021-11-08,BMRI.JK,3600.0,3600.0,3500.0,3500.0,2473.779052734375,50517400.0
2021-11-09,BMRI.JK,3525.0,3550.0,3425.0,3437.5,2429.6044921875,120574200.0
2021-11-10,BMRI.JK,3437.5,3575.0,3437.5,3575.0,2526.788818359375,156118000.0
2021-11-11,BMRI.JK,3562.5,3612.5,3512.5,3612.5,2553.29345703125,86362400.0
2021-11-12,BMRI.JK,3637.5,3637.5,3525.0,3550.0,2509.119140625,56807000.0
2021-11-15,BMRI.JK,3550.0,3575.0,3525.0,3525.0,2491.448974609375,40131000.0
2021-11-16,BMRI.JK,3525.0,3612.5,3512.5,3612.5,2553.29345703125,76140200.0
2021-11-17,BMRI.JK,3612.5,3625.0,3575.0,3612.5,2553.29345703125,72789600.0
2021-11-18,BMRI.JK,3600.0,3612.5,3575.0,3587.5,2535.623779296875,30911600.0
2021-11-19,BMRI.JK,3587.5,3650.0,3575.0,3625.0,2562.12841796875,101125800.0
2021-11-22,BMRI.JK,3675.0,3750.0,3612.5,3675.0,2597.46826171875,92374400.0
2021-11-23,BMRI.JK,3612.5,3637.5,3550.0,3575.0,2526.788818359375,63127600.0
2021-11-24,BMRI.JK,3562.5,3587.5,3550.0,3575.0,2526.788818359375,56217000.0
2021-11-25,BMRI.JK,3612.5,3687.5,3587.5,3675.0,2597.46826171875,97473400.0
2021-11-26,BMRI.JK,3662.5,3662.5,3537.5,3550.0,2509.119140625,78633400.0
2021-11-29,BMRI.JK,3550.0,3637.5,3462.5,3587.5,2535.623779296875,112673000.0
2021-11-30,BMRI.JK,3625.0,3625.0,3475.0,3500.0,2473.779052734375,219340400.0
2021-12-01,BMRI.JK,3500.0,3562.5,3475.0,3537.5,2500.2841796875,93119800.0
2021-12-02,BMRI.JK,3537.5,3625.0,3500.0,3600.0,2544.458251953125,70416400.0
2021-12-03,BMRI.JK,3600.0,3612.5,3550.0,3575.0,2526.788818359375,46109400.0
2021-12-06,BMRI.JK,3575.0,3625.0,3550.0,3587.5,2535.623779296875,52050400.0
2021-12-07,BMRI.JK,3587.5,3650.0,3587.5,3650.0,2579.79833984375,64289400.0
2021-12-08,BMRI.JK,3637.5,3650.0,3575.0,3575.0,2526.788818359375,56064200.0
2021-12-09,BMRI.JK,3625.0,3675.0,3562.5,3675.0,2597.46826171875,42688600.0
2021-12-10,BMRI.JK,3600.0,3612.5,3550.0,3600.0,2544.458251953125,93532200.0
2021-12-13,BMRI.JK,3600.0,3612.5,3562.5,3562.5,2517.9541015625,50091200.0
2021-12-14,BMRI.JK,3562.5,3600.0,3550.0,3587.5,2535.623779296875,65061400.0
2021-12-15,BMRI.JK,3575.0,3662.5,3562.5,3637.5,2570.963623046875,75677400.0
2021-12-16,BMRI.JK,3650.0,3662.5,3600.0,3625.0,2562.12841796875,69082400.0
2021-12-17,BMRI.JK,3612.5,3612.5,3537.5,3575.0,2526.788818359375,83945200.0
2021-12-20,BMRI.JK,3550.0,3575.0,3537.5,3537.5,2500.2841796875,57932600.0
2021-12-21,BMRI.JK,3575.0,3625.0,3550.0,3575.0,2526.788818359375,49859600.0
2021-12-22,BMRI.JK,3587.5,3600.0,3525.0,3525.0,2491.448974609375,34814400.0
2021-12-23,BMRI.JK,3525.0,3575.0,3525.0,3537.5,2500.2841796875,44565000.0
2021-12-24,BMRI.JK,3550.0,3575.0,3475.0,3525.0,2491.448974609375,54902200.0
2021-12-27,BMRI.JK,3525.0,3550.0,3487.5,3500.0,2473.779052734375,34096400.0
2021-12-28,BMRI.JK,3525.0,3525.0,3487.5,3525.0,2491.448974609375,39835400.0
2021-12-29,BMRI.JK,3537.5,3562.5,3500.0,3550.0,2509.119140625,20860200.0
2021-12-30,BMRI.JK,3550.0,3562.5,3512.5,3512.5,2482.614013671875,34951600.0
2022-01-03,BMRI.JK,3550.0,3562.5,3512.5,3525.0,2491.448974609375,30999600.0
2022-01-04,BMRI.JK,3537.5,3600.0,3525.0,3587.5,2535.623779296875,44541400.0
2022-01-05,BMRI.JK,3575.0,3587.5,3462.5,3512.5,2482.614013671875,98910200.0
2022-01-06,BMRI.JK,3537.5,3537.5,3475.0,3512.5,2482.614013671875,65651200.0
2022-01-07,BMRI.JK,3512.5,3550.0,3512.5,3525.0,2491.448974609375,68452800.0
2022-01-10,BMRI.JK,3537.5,3550.0,3525.0,3525.0,2491.448974609375,44378600.0
2022-01-11,BMRI.JK,3550.0,3550.0,3500.0,3525.0,2491.448974609375,50367600.0
2022-01-12,BMRI.JK,3525.0,3575.0,3525.0,3575.0,2526.788818359375,34249200.0
2022-01-13,BMRI.JK,3575.0,3587.5,3550.0,3562.5,2517.9541015625,35763800.0
2022-01-14,BMRI.JK,3537.5,3612.5,3537.5,3587.5,2535.623779296875,43651400.0
2022-01-17,BMRI.JK,3625.0,3637.5,3575.0,3600.0,2544.458251953125,43188000.0
2022-01-18,BMRI.JK,3587.5,3625.0,3550.0,3625.0,2562.12841796875,64484800.0
2022-01-19,BMRI.JK,3587.5,3600.0,3500.0,3512.5,2482.614013671875,103093600.0
2022-01-20,BMRI.JK,3550.0,3587.5,3512.5,3587.5,2535.623779296875,53067000.0
2022-01-21,BMRI.JK,3587.5,3650.0,3562.5,3650.0,2579.79833984375,76806800.0
2022-01-24,BMRI.JK,3637.5,3637.5,3600.0,3637.5,2570.963623046875,44476800.0
2022-01-25,BMRI.JK,3600.0,3625.0,3575.0,3612.5,2553.29345703125,69268000.0
2022-01-26,BMRI.JK,3650.0,3737.5,3612.5,3737.5,2641.64306640625,140636400.0
2022-01-27,BMRI.JK,3737.5,3800.0,3700.0,3775.0,2668.1474609375,113618000.0
2022-01-28,BMRI.JK,3812.5,3825.0,3775.0,3825.0,2703.487548828125,121145200.0
2022-01-31,BMRI.JK,3887.5,3887.5,3725.0,3737.5,2641.64306640625,101700800.0
2022-02-02,BMRI.JK,3762.5,3762.5,3725.0,3737.5,2641.64306640625,68769000.0
2022-02-03,BMRI.JK,3737.5,3737.5,3675.0,3737.5,2641.64306640625,60204000.0
2022-02-04,BMRI.JK,3725.0,3762.5,3700.0,3737.5,2641.64306640625,36629400.0
2022-02-07,BMRI.JK,3825.0,3825.0,3737.5,3750.0,2650.47802734375,68867800.0
2022-02-08,BMRI.JK,3800.0,3862.5,3775.0,3812.5,2694.65234375,158581800.0
2022-02-09,BMRI.JK,3850.0,3862.5,3800.0,3837.5,2712.322265625,107360800.0
2022-02-10,BMRI.JK,3850.0,3875.0,3825.0,3862.5,2729.991943359375,107679400.0
2022-02-11,BMRI.JK,3887.5,3887.5,3825.0,3862.5,2729.991943359375,81582600.0
2022-02-14,BMRI.JK,3850.0,3900.0,3812.5,3900.0,2756.496826171875,76263200.0
2022-02-15,BMRI.JK,3900.0,3950.0,3837.5,3950.0,2791.83642578125,67804400.0
2022-02-16,BMRI.JK,3962.5,3962.5,3875.0,3925.0,2774.166748046875,74785000.0
2022-02-17,BMRI.JK,3937.5,3937.5,3837.5,3925.0,2774.166748046875,103038800.0
2022-02-18,BMRI.JK,3912.5,3975.0,3875.0,3925.0,2774.166748046875,81303200.0
2022-02-21,BMRI.JK,3925.0,3962.5,3925.0,3925.0,2774.166748046875,31720800.0
2022-02-22,BMRI.JK,3912.5,3950.0,3887.5,3937.5,2783.001708984375,69476600.0
2022-02-23,BMRI.JK,3962.5,3975.0,3912.5,3937.5,2783.001708984375,85991000.0
2022-02-24,BMRI.JK,3862.5,3937.5,3825.0,3850.0,2721.1572265625,170297000.0
2022-02-25,BMRI.JK,3862.5,3875.0,3825.0,3850.0,2721.1572265625,163299800.0
2022-03-01,BMRI.JK,3837.5,3925.0,3825.0,3825.0,2703.487548828125,149532200.0
2022-03-02,BMRI.JK,3825.0,3862.5,3775.0,3812.5,2694.65234375,110824000.0
2022-03-04,BMRI.JK,3850.0,3862.5,3800.0,3825.0,2703.487548828125,104914600.0
2022-03-07,BMRI.JK,3775.0,3812.5,3750.0,3775.0,2668.1474609375,137667600.0
2022-03-08,BMRI.JK,3812.5,3850.0,3775.0,3775.0,2668.1474609375,104072200.0
2022-03-09,BMRI.JK,3787.5,3862.5,3787.5,3812.5,2694.65234375,115109200.0
2022-03-10,BMRI.JK,3850.0,3875.0,3800.0,3837.5,2712.322265625,105803000.0
2022-03-11,BMRI.JK,3862.5,3862.5,3800.0,3825.0,2703.487548828125,122401600.0
2022-03-14,BMRI.JK,3825.0,3912.5,3812.5,3875.0,2738.826904296875,173513400.0
2022-03-15,BMRI.JK,3900.0,3937.5,3887.5,3887.5,2747.662109375,146735400.0
2022-03-16,BMRI.JK,3900.0,4025.0,3900.0,3975.0,2809.50634765625,291909800.0
2022-03-17,BMRI.JK,4000.0,4050.0,3975.0,3975.0,2809.50634765625,235559000.0
2022-03-18,BMRI.JK,3987.5,4000.0,3937.5,3962.5,2800.67138671875,212233400.0
2022-03-21,BMRI.JK,3837.5,3862.5,3800.0,3825.0,2832.377685546875,162364400.0
2022-03-22,BMRI.JK,3850.0,3875.0,3825.0,3837.5,2841.6337890625,112672400.0
2022-03-23,BMRI.JK,3837.5,3900.0,3825.0,3887.5,2878.658447265625,183894800.0
2022-03-24,BMRI.JK,3850.0,3962.5,3850.0,3962.5,2934.195068359375,210909800.0
2022-03-25,BMRI.JK,3975.0,3987.5,3887.5,3925.0,2906.427001953125,136083000.0
2022-03-28,BMRI.JK,3937.5,3950.0,3900.0,3937.5,2915.682861328125,95354400.0
2022-03-29,BMRI.JK,3987.5,4012.5,3937.5,3962.5,2934.195068359375,160112200.0
2022-03-30,BMRI.JK,3975.0,3987.5,3925.0,3937.5,2915.682861328125,82476000.0
2022-03-31,BMRI.JK,3962.5,3987.5,3925.0,3950.0,2924.93896484375,69174000.0
2022-04-01,BMRI.JK,3950.0,3950.0,3887.5,3937.5,2915.682861328125,62912400.0
2022-04-04,BMRI.JK,3912.5,3950.0,3887.5,3912.5,2897.17041015625,82013800.0
2022-04-05,BMRI.JK,3900.0,3937.5,3900.0,3912.5,2897.17041015625,82378200.0
2022-04-06,BMRI.JK,3900.0,3900.0,3825.0,3837.5,2841.6337890625,129476400.0
2022-04-07,BMRI.JK,3837.5,3887.5,3812.5,3850.0,2850.8896484375,136162800.0
2022-04-08,BMRI.JK,3900.0,3900.0,3837.5,3850.0,2850.8896484375,94622400.0
2022-04-11,BMRI.JK,3850.0,3875.0,3825.0,3837.5,2841.6337890625,107966400.0
2022-04-12,BMRI.JK,3837.5,3875.0,3812.5,3850.0,2850.8896484375,92691200.0
2022-04-13,BMRI.JK,3837.5,3875.0,3825.0,3862.5,2860.146240234375,90558600.0
2022-04-14,BMRI.JK,3862.5,3875.0,3825.0,3837.5,2841.6337890625,63275600.0
2022-04-18,BMRI.JK,3837.5,3862.5,3787.5,3812.5,2823.12158203125,101496000.0
2022-04-19,BMRI.JK,3812.5,3837.5,3787.5,3787.5,2804.609375,104508400.0
2022-04-20,BMRI.JK,3825.0,3950.0,3812.5,3925.0,2906.427001953125,164354800.0
2022-04-21,BMRI.JK,4000.0,4200.0,3962.5,4150.0,3073.037109375,337363200.0
2022-04-22,BMRI.JK,4100.0,4162.5,4037.5,4137.5,3063.781005859375,168301800.0
2022-04-25,BMRI.JK,4100.0,4225.0,4012.5,4112.5,3045.2685546875,179082600.0
2022-04-26,BMRI.JK,4125.0,4212.5,4112.5,4175.0,3091.54931640625,131930600.0
2022-04-27,BMRI.JK,4137.5,4212.5,4112.5,4112.5,3045.2685546875,118272800.0
2022-04-28,BMRI.JK,4387.5,4537.5,4337.5,4475.0,3313.69677734375,443163800.0
2022-05-09,BMRI.JK,4312.5,4337.5,4162.5,4162.5,3082.29345703125,351637800.0
2022-05-10,BMRI.JK,3912.5,4087.5,3912.5,4050.0,2998.98828125,498444800.0
2022-05-11,BMRI.JK,4050.0,4100.0,4000.0,4000.0,2961.963623046875,198922600.0
2022-05-12,BMRI.JK,3987.5,4025.0,3862.5,3937.5,2915.682861328125,162727200.0
2022-05-13,BMRI.JK,3937.5,3950.0,3875.0,3900.0,2887.91455078125,165507800.0
2022-05-17,BMRI.JK,3900.0,4000.0,3900.0,3925.0,2906.427001953125,149548800.0
2022-05-18,BMRI.JK,3987.5,4012.5,3900.0,3950.0,2924.93896484375,162519200.0
2022-05-19,BMRI.JK,3900.0,3962.5,3875.0,3950.0,2924.93896484375,127740400.0
2022-05-20,BMRI.JK,3975.0,4025.0,3975.0,4000.0,2961.963623046875,106866400.0
2022-05-23,BMRI.JK,4025.0,4037.5,3900.0,3937.5,2915.682861328125,144005200.0
2022-05-24,BMRI.JK,3975.0,4025.0,3950.0,3962.5,2934.195068359375,134555000.0
2022-05-25,BMRI.JK,3950.0,4025.0,3912.5,3925.0,2906.427001953125,132635400.0
2022-05-27,BMRI.JK,4000.0,4062.5,3975.0,4050.0,2998.98828125,155078600.0
2022-05-30,BMRI.JK,4100.0,4100.0,4000.0,4100.0,3036.012451171875,117617200.0
2022-05-31,BMRI.JK,4137.5,4250.0,4112.5,4250.0,3147.08642578125,262054000.0
2022-06-02,BMRI.JK,4162.5,4175.0,4025.0,4100.0,3036.012451171875,203021800.0
2022-06-03,BMRI.JK,4137.5,4150.0,4100.0,4100.0,3036.012451171875,147960000.0
2022-06-06,BMRI.JK,4100.0,4175.0,4012.5,4075.0,3017.50048828125,148785000.0
2022-06-07,BMRI.JK,4100.0,4175.0,4075.0,4150.0,3073.037109375,132673800.0
2022-06-08,BMRI.JK,4112.5,4212.5,4075.0,4200.0,3110.061767578125,153409200.0
2022-06-09,BMRI.JK,4200.0,4250.0,4175.0,4212.5,3119.31787109375,216804400.0
2022-06-10,BMRI.JK,4137.5,4162.5,4075.0,4087.5,3026.756591796875,165119600.0
2022-06-13,BMRI.JK,4000.0,4050.0,3975.0,4050.0,2998.98828125,122467200.0
2022-06-14,BMRI.JK,4000.0,4100.0,4000.0,4100.0,3036.012451171875,100136600.0
2022-06-15,BMRI.JK,4062.5,4162.5,4062.5,4150.0,3073.037109375,142400800.0
2022-06-16,BMRI.JK,4250.0,4250.0,4150.0,4187.5,3100.8056640625,186692600.0
2022-06-17,BMRI.JK,4087.5,4125.0,4037.5,4037.5,2989.73193359375,156836200.0
2022-06-20,BMRI.JK,4050.0,4125.0,4025.0,4125.0,3054.52490234375,74978200.0
2022-06-21,BMRI.JK,4150.0,4175.0,4100.0,4125.0,3054.52490234375,62996600.0
2022-06-22,BMRI.JK,4100.0,4137.5,4062.5,4075.0,3017.50048828125,88306600.0
2022-06-23,BMRI.JK,4075.0,4112.5,4050.0,4075.0,3017.50048828125,48817400.0
2022-06-24,BMRI.JK,4100.0,4150.0,4075.0,4150.0,3073.037109375,60638400.0
2022-06-27,BMRI.JK,4200.0,4200.0,4037.5,4112.5,3045.2685546875,76574400.0
2022-06-28,BMRI.JK,4075.0,4100.0,4000.0,4062.5,3008.244384765625,110131200.0
2022-06-29,BMRI.JK,4050.0,4062.5,3975.0,3975.0,2943.451416015625,113216400.0
2022-06-30,BMRI.JK,4000.0,4050.0,3950.0,3962.5,2934.195068359375,125507600.0
2022-07-01,BMRI.JK,3937.5,3962.5,3787.5,3800.0,2813.865234375,191672200.0
2022-07-04,BMRI.JK,3787.5,3837.5,3637.5,3700.0,2739.816162109375,246417000.0
2022-07-05,BMRI.JK,3725.0,3862.5,3725.0,3825.0,2832.377685546875,90919800.0
2022-07-06,BMRI.JK,3825.0,3825.0,3675.0,3762.5,2786.096923828125,180812800.0
2022-07-07,BMRI.JK,3750.0,3775.0,3712.5,3712.5,2749.072265625,120444800.0
2022-07-08,BMRI.JK,3775.0,3775.0,3700.0,3737.5,2767.5849609375,57156600.0
2022-07-11,BMRI.JK,3737.5,3762.5,3700.0,3737.5,2767.5849609375,22860800.0
2022-07-12,BMRI.JK,3737.5,3737.5,3687.5,3712.5,2749.072265625,51524400.0
2022-07-13,BMRI.JK,3700.0,3712.5,3637.5,3637.5,2693.53564453125,142494200.0
2022-07-14,BMRI.JK,3625.0,3687.5,3600.0,3637.5,2693.53564453125,158438200.0
2022-07-15,BMRI.JK,3650.0,3700.0,3587.5,3587.5,2656.510986328125,191949400.0
2022-07-18,BMRI.JK,3612.5,3675.0,3612.5,3675.0,2721.30419921875,152078400.0
2022-07-19,BMRI.JK,3675.0,3725.0,3637.5,3712.5,2749.072265625,128963600.0
2022-07-20,BMRI.JK,3775.0,3975.0,3775.0,3950.0,2924.93896484375,215712600.0
2022-07-21,BMRI.JK,4000.0,4000.0,3862.5,3950.0,2924.93896484375,125699200.0
2022-07-22,BMRI.JK,3962.5,3962.5,3887.5,3925.0,2906.427001953125,54461200.0
2022-07-25,BMRI.JK,3937.5,3950.0,3887.5,3887.5,2878.658447265625,30750600.0
2022-07-26,BMRI.JK,3912.5,4012.5,3900.0,4000.0,2961.963623046875,58317600.0
2022-07-27,BMRI.JK,4025.0,4062.5,4000.0,4050.0,2998.98828125,87439200.0
2022-07-28,BMRI.JK,4012.5,4100.0,4012.5,4025.0,2980.4755859375,94427400.0
2022-07-29,BMRI.JK,4112.5,4175.0,4075.0,4137.5,3063.781005859375,132709400.0
2022-08-01,BMRI.JK,4100.0,4112.5,3987.5,3987.5,2952.70751953125,95909000.0
2022-08-02,BMRI.JK,4000.0,4087.5,3987.5,4087.5,3026.756591796875,57458200.0
2022-08-03,BMRI.JK,4087.5,4125.0,4025.0,4125.0,3054.52490234375,55822800.0
2022-08-04,BMRI.JK,4150.0,4150.0,4075.0,4125.0,3054.52490234375,75188600.0
2022-08-05,BMRI.JK,4137.5,4150.0,4087.5,4125.0,3054.52490234375,64150800.0
2022-08-08,BMRI.JK,4125.0,4175.0,4112.5,4175.0,3091.54931640625,82522000.0
2022-08-09,BMRI.JK,4212.5,4300.0,4200.0,4237.5,3137.830078125,117148200.0
2022-08-10,BMRI.JK,4175.0,4300.0,4125.0,4300.0,3184.110595703125,79950200.0
2022-08-11,BMRI.JK,4312.5,4337.5,4212.5,4262.5,3156.342529296875,106627400.0
2022-08-12,BMRI.JK,4262.5,4287.5,4212.5,4237.5,3137.830078125,62626200.0
2022-08-15,BMRI.JK,4225.0,4275.0,4200.0,4225.0,3128.573974609375,44464800.0
2022-08-16,BMRI.JK,4275.0,4325.0,4237.5,4262.5,3156.342529296875,109260400.0
2022-08-18,BMRI.JK,4387.5,4400.0,4287.5,4300.0,3184.110595703125,116693200.0
2022-08-19,BMRI.JK,4300.0,4325.0,4250.0,4250.0,3147.08642578125,48290200.0
2022-08-22,BMRI.JK,4212.5,4275.0,4175.0,4262.5,3156.342529296875,121399800.0
2022-08-23,BMRI.JK,4250.0,4337.5,4225.0,4312.5,3193.366943359375,95553400.0
2022-08-24,BMRI.JK,4300.0,4350.0,4275.0,4312.5,3193.366943359375,60958200.0
2022-08-25,BMRI.JK,4275.0,4312.5,4212.5,4287.5,3174.8544921875,77254800.0
2022-08-26,BMRI.JK,4312.5,4325.0,4250.0,4250.0,3147.08642578125,82356600.0
2022-08-29,BMRI.JK,4200.0,4300.0,4175.0,4275.0,3165.5986328125,62683800.0
2022-08-30,BMRI.JK,4312.5,4375.0,4287.5,4325.0,3202.623046875,109649400.0
2022-08-31,BMRI.JK,4250.0,4425.0,4225.0,4425.0,3276.672119140625,151631600.0
2022-09-01,BMRI.JK,4425.0,4475.0,4337.5,4462.5,3304.440673828125,120967800.0
2022-09-02,BMRI.JK,4487.5,4500.0,4362.5,4425.0,3276.672119140625,90044600.0
2022-09-05,BMRI.JK,4425.0,4500.0,4400.0,4475.0,3313.69677734375,60491000.0
2022-09-06,BMRI.JK,4487.5,4500.0,4400.0,4412.5,3267.416015625,65296200.0
2022-09-07,BMRI.JK,4387.5,4437.5,4362.5,4437.5,3285.928466796875,97771400.0
2022-09-08,BMRI.JK,4450.0,4550.0,4412.5,4475.0,3313.69677734375,96931000.0
2022-09-09,BMRI.JK,4537.5,4550.0,4475.0,4537.5,3359.977294921875,128510800.0
2022-09-12,BMRI.JK,4575.0,4600.0,4537.5,4587.5,3397.002197265625,110819000.0
2022-09-13,BMRI.JK,4625.0,4750.0,4612.5,4725.0,3498.8193359375,185487800.0
2022-09-14,BMRI.JK,4637.5,4700.0,4600.0,4650.0,3443.282470703125,119631200.0
2022-09-15,BMRI.JK,4700.0,4750.0,4650.0,4675.0,3461.794677734375,156750600.0
2022-09-16,BMRI.JK,4637.5,4650.0,4512.5,4550.0,3369.233642578125,167812600.0
2022-09-19,BMRI.JK,4625.0,4650.0,4575.0,4612.5,3415.514404296875,137396600.0
2022-09-20,BMRI.JK,4662.5,4687.5,4600.0,4600.0,3406.25830078125,140752200.0
2022-09-21,BMRI.JK,4575.0,4637.5,4550.0,4637.5,3434.0263671875,71044400.0
2022-09-22,BMRI.JK,4637.5,4650.0,4587.5,4600.0,3406.25830078125,96479200.0
2022-09-23,BMRI.JK,4600.0,4625.0,4575.0,4600.0,3406.25830078125,61877000.0
2022-09-26,BMRI.JK,4562.5,4687.5,4475.0,4625.0,3424.7705078125,133769600.0
2022-09-27,BMRI.JK,4625.0,4675.0,4600.0,4675.0,3461.794677734375,130959400.0
2022-09-28,BMRI.JK,4725.0,4800.0,4637.5,4650.0,3443.282470703125,133085000.0
2022-09-29,BMRI.JK,4675.0,4687.5,4600.0,4625.0,3424.7705078125,67945200.0
2022-09-30,BMRI.JK,4650.0,4712.5,4612.5,4712.5,3489.563232421875,113501000.0
2022-10-03,BMRI.JK,4662.5,4687.5,4612.5,4637.5,3434.0263671875,54662400.0
2022-10-04,BMRI.JK,4650.0,4687.5,4612.5,4612.5,3415.514404296875,90247000.0
2022-10-05,BMRI.JK,4650.0,4737.5,4637.5,4637.5,3434.0263671875,75891600.0
2022-10-06,BMRI.JK,4650.0,4662.5,4612.5,4662.5,3452.538818359375,43279200.0
2022-10-07,BMRI.JK,4662.5,4712.5,4637.5,4712.5,3489.563232421875,51267000.0
2022-10-10,BMRI.JK,4687.5,4700.0,4637.5,4650.0,3443.282470703125,55465000.0
2022-10-11,BMRI.JK,4712.5,4712.5,4625.0,4650.0,3443.282470703125,71925600.0
2022-10-12,BMRI.JK,4687.5,4750.0,4650.0,4712.5,3489.563232421875,118731400.0
2022-10-13,BMRI.JK,4750.0,4775.0,4662.5,4737.5,3508.07568359375,58832000.0
2022-10-14,BMRI.JK,4825.0,4825.0,4687.5,4700.0,3480.307373046875,106401600.0
2022-10-17,BMRI.JK,4725.0,4737.5,4650.0,4725.0,3498.8193359375,60905200.0
2022-10-18,BMRI.JK,4750.0,4787.5,4725.0,4750.0,3517.331298828125,67904400.0
2022-10-19,BMRI.JK,4687.5,4787.5,4662.5,4737.5,3508.07568359375,71544800.0
2022-10-20,BMRI.JK,4675.0,4962.5,4675.0,4950.0,3665.4296875,102422400.0
2022-10-21,BMRI.JK,5000.0,5225.0,4962.5,5175.0,3832.04052734375,183987800.0
2022-10-24,BMRI.JK,5162.5,5250.0,5125.0,5125.0,3795.015869140625,102168000.0
2022-10-25,BMRI.JK,5137.5,5225.0,5112.5,5112.5,3785.75927734375,83305200.0
2022-10-26,BMRI.JK,5112.5,5125.0,5000.0,5100.0,3776.5029296875,80531400.0
2022-10-27,BMRI.JK,5100.0,5162.5,5025.0,5100.0,3776.5029296875,84531200.0
2022-10-28,BMRI.JK,5062.5,5112.5,5050.0,5100.0,3776.5029296875,102437400.0
2022-10-31,BMRI.JK,5150.0,5275.0,5112.5,5275.0,3906.08935546875,173874600.0
2022-11-01,BMRI.JK,5300.0,5300.0,5112.5,5200.0,3850.552734375,111898000.0
2022-11-02,BMRI.JK,5187.5,5200.0,4987.5,5037.5,3730.22265625,127515400.0
2022-11-03,BMRI.JK,4975.0,5100.0,4975.0,5087.5,3767.247314453125,119598600.0
2022-11-04,BMRI.JK,5012.5,5075.0,5000.0,5075.0,3757.991455078125,70781200.0
2022-11-07,BMRI.JK,5087.5,5125.0,5000.0,5125.0,3795.015869140625,98034400.0
2022-11-08,BMRI.JK,5137.5,5137.5,5037.5,5075.0,3757.991455078125,39585800.0
2022-11-09,BMRI.JK,5025.0,5075.0,5025.0,5075.0,3757.991455078125,68010400.0
2022-11-10,BMRI.JK,5025.0,5075.0,5000.0,5050.0,3739.47900390625,61964000.0
2022-11-11,BMRI.JK,5150.0,5225.0,5112.5,5212.5,3859.808837890625,102008200.0
2022-11-14,BMRI.JK,5275.0,5275.0,5075.0,5125.0,3795.015869140625,61055200.0
2022-11-15,BMRI.JK,5150.0,5150.0,5050.0,5125.0,3795.015869140625,83000800.0
2022-11-16,BMRI.JK,5050.0,5087.5,4950.0,5000.0,3702.45458984375,128257800.0
2022-11-17,BMRI.JK,4925.0,5012.5,4925.0,4950.0,3665.4296875,167562600.0
2022-11-18,BMRI.JK,4975.0,5112.5,4962.5,5087.5,3767.247314453125,111646200.0
2022-11-21,BMRI.JK,5087.5,5100.0,5012.5,5050.0,3739.47900390625,52311600.0
2022-11-22,BMRI.JK,5025.0,5125.0,5025.0,5062.5,3748.734619140625,79850600.0
2022-11-23,BMRI.JK,5062.5,5150.0,5062.5,5100.0,3776.5029296875,78250600.0
2022-11-24,BMRI.JK,5112.5,5150.0,5100.0,5112.5,3785.75927734375,59701400.0
2022-11-25,BMRI.JK,5112.5,5112.5,5050.0,5087.5,3767.247314453125,77984800.0
2022-11-28,BMRI.JK,5087.5,5137.5,5062.5,5062.5,3748.734619140625,64779000.0
2022-11-29,BMRI.JK,5125.0,5225.0,5100.0,5162.5,3822.78466796875,72261000.0
2022-11-30,BMRI.JK,5162.5,5400.0,5162.5,5262.5,3896.83349609375,347136800.0
2022-12-01,BMRI.JK,5262.5,5325.0,5200.0,5200.0,3850.552734375,141493000.0
2022-12-02,BMRI.JK,5200.0,5262.5,5162.5,5262.5,3896.83349609375,70811400.0
2022-12-05,BMRI.JK,5325.0,5500.0,5287.5,5437.5,4026.419189453125,146472800.0
2022-12-06,BMRI.JK,5437.5,5500.0,5362.5,5450.0,4035.675048828125,139360200.0
2022-12-07,BMRI.JK,5312.5,5350.0,5187.5,5187.5,3841.29638671875,200886200.0
2022-12-08,BMRI.JK,5037.5,5112.5,4987.5,5025.0,3720.966796875,279908400.0
2022-12-09,BMRI.JK,4975.0,5025.0,4912.5,4962.5,3674.686279296875,241338200.0
2022-12-12,BMRI.JK,4912.5,5000.0,4887.5,4975.0,3683.942138671875,183717600.0
2022-12-13,BMRI.JK,4887.5,5000.0,4887.5,4950.0,3665.4296875,224176000.0
2022-12-14,BMRI.JK,5037.5,5050.0,4975.0,4975.0,3683.942138671875,162689200.0
2022-12-15,BMRI.JK,4950.0,5012.5,4950.0,4950.0,3665.4296875,82673400.0
2022-12-16,BMRI.JK,4912.5,5050.0,4912.5,5050.0,3739.47900390625,770252400.0
2022-12-19,BMRI.JK,5000.0,5037.5,4950.0,5000.0,3702.45458984375,100871400.0
2022-12-20,BMRI.JK,5000.0,5025.0,4975.0,5025.0,3720.966796875,56633800.0
2022-12-21,BMRI.JK,5062.5,5062.5,5000.0,5000.0,3702.45458984375,37945200.0
2022-12-22,BMRI.JK,5050.0,5050.0,4975.0,4975.0,3683.942138671875,78836200.0
2022-12-23,BMRI.JK,4950.0,5000.0,4950.0,4962.5,3674.686279296875,38571200.0
2022-12-26,BMRI.JK,4987.5,5025.0,4975.0,5025.0,3720.966796875,19578800.0
2022-12-27,BMRI.JK,5025.0,5025.0,4937.5,4975.0,3683.942138671875,43282000.0
2022-12-28,BMRI.JK,5000.0,5000.0,4925.0,4987.5,3693.19873046875,30258400.0
2022-12-29,BMRI.JK,4950.0,4987.5,4937.5,4987.5,3693.19873046875,56981400.0
2022-12-30,BMRI.JK,5000.0,5025.0,4962.5,4962.5,3674.686279296875,40655800.0
2023-01-02,BMRI.JK,4962.5,4987.5,4937.5,4937.5,3656.173583984375,5985400.0
2023-01-03,BMRI.JK,4925.0,4987.5,4925.0,4975.0,3683.942138671875,13815200.0
2023-01-04,BMRI.JK,5012.5,5037.5,4987.5,5012.5,3711.71044921875,38575800.0
2023-01-05,BMRI.JK,5025.0,5025.0,4862.5,4912.5,3637.661376953125,84945800.0
2023-01-06,BMRI.JK,4862.5,4900.0,4800.0,4900.0,3628.405517578125,44097000.0
2023-01-09,BMRI.JK,4875.0,4925.0,4800.0,4862.5,3600.63671875,67250600.0
2023-01-10,BMRI.JK,4750.0,4775.0,4587.5,4637.5,3434.0263671875,214538800.0
2023-01-11,BMRI.JK,4537.5,4587.5,4450.0,4475.0,3313.69677734375,193915000.0
2023-01-12,BMRI.JK,4500.0,4725.0,4500.0,4600.0,3406.25830078125,219659400.0
2023-01-13,BMRI.JK,4562.5,4612.5,4525.0,4587.5,3397.002197265625,107483800.0
2023-01-16,BMRI.JK,4550.0,4675.0,4550.0,4650.0,3443.282470703125,145710000.0
2023-01-17,BMRI.JK,4700.0,4912.5,4687.5,4875.0,3609.89306640625,146238000.0
2023-01-18,BMRI.JK,4825.0,4887.5,4750.0,4775.0,3535.843994140625,95360600.0
2023-01-19,BMRI.JK,4800.0,4912.5,4762.5,4875.0,3609.89306640625,81704200.0
2023-01-20,BMRI.JK,4925.0,5000.0,4900.0,4987.5,3693.19873046875,93227400.0
2023-01-24,BMRI.JK,4925.0,4987.5,4900.0,4950.0,3665.4296875,35028000.0
2023-01-25,BMRI.JK,4900.0,4925.0,4850.0,4850.0,3591.380859375,72767800.0
2023-01-26,BMRI.JK,4887.5,4937.5,4875.0,4912.5,3637.661376953125,70558600.0
2023-01-27,BMRI.JK,4950.0,5075.0,4950.0,5012.5,3711.71044921875,216788400.0
2023-01-30,BMRI.JK,5012.5,5062.5,4937.5,4975.0,3683.942138671875,82589400.0
2023-01-31,BMRI.JK,5012.5,5050.0,4937.5,4975.0,3683.942138671875,167297000.0
2023-02-01,BMRI.JK,4975.0,5025.0,4837.5,4850.0,3591.380859375,165628800.0
2023-02-02,BMRI.JK,4862.5,4875.0,4787.5,4862.5,3600.63671875,99351800.0
2023-02-03,BMRI.JK,4875.0,4975.0,4875.0,4962.5,3674.686279296875,108125400.0
2023-02-06,BMRI.JK,4962.5,5025.0,4875.0,4937.5,3656.173583984375,109098400.0
2023-02-07,BMRI.JK,4975.0,5112.5,4950.0,5087.5,3767.247314453125,118132000.0
2023-02-08,BMRI.JK,5062.5,5112.5,5050.0,5100.0,3776.5029296875,75656000.0
2023-02-09,BMRI.JK,5150.0,5200.0,5125.0,5125.0,3795.015869140625,121757400.0
2023-02-10,BMRI.JK,5225.0,5225.0,5075.0,5150.0,3813.528076171875,81114600.0
2023-02-13,BMRI.JK,5275.0,5275.0,5125.0,5175.0,3832.04052734375,56771800.0
2023-02-14,BMRI.JK,5225.0,5225.0,5137.5,5187.5,3841.29638671875,39570600.0
2023-02-15,BMRI.JK,5150.0,5175.0,5050.0,5112.5,3785.75927734375,75595200.0
2023-02-16,BMRI.JK,5112.5,5137.5,5062.5,5087.5,3767.247314453125,49569000.0
2023-02-17,BMRI.JK,5087.5,5150.0,5050.0,5150.0,3813.528076171875,58521000.0
2023-02-20,BMRI.JK,5150.0,5150.0,5100.0,5137.5,3804.272216796875,40696400.0
2023-02-21,BMRI.JK,5150.0,5150.0,5087.5,5100.0,3776.5029296875,52604400.0
2023-02-22,BMRI.JK,5062.5,5087.5,4975.0,5000.0,3702.45458984375,75513400.0
2023-02-23,BMRI.JK,4987.5,5050.0,4962.5,5037.5,3730.22265625,177505200.0
2023-02-24,BMRI.JK,5062.5,5112.5,5037.5,5062.5,3748.734619140625,54138200.0
2023-02-27,BMRI.JK,5037.5,5075.0,5025.0,5075.0,3757.991455078125,47901800.0
2023-02-28,BMRI.JK,5037.5,5075.0,5000.0,5000.0,3702.45458984375,146440400.0
2023-03-01,BMRI.JK,5075.0,5100.0,5025.0,5050.0,3739.47900390625,89565600.0
2023-03-02,BMRI.JK,5075.0,5150.0,5075.0,5112.5,3785.75927734375,72991800.0
2023-03-03,BMRI.JK,5100.0,5125.0,5012.5,5025.0,3720.966796875,88630600.0
2023-03-06,BMRI.JK,5087.5,5112.5,5037.5,5062.5,3748.734619140625,53728800.0
2023-03-07,BMRI.JK,5075.0,5137.5,5062.5,5087.5,3767.247314453125,80065800.0
2023-03-08,BMRI.JK,5125.0,5137.5,5087.5,5137.5,3804.272216796875,104838200.0
2023-03-09,BMRI.JK,5200.0,5250.0,5175.0,5225.0,3869.064697265625,83286000.0
2023-03-10,BMRI.JK,5212.5,5212.5,5137.5,5187.5,3841.29638671875,107531000.0
2023-03-13,BMRI.JK,5137.5,5187.5,5112.5,5175.0,3832.04052734375,92827600.0
2023-03-14,BMRI.JK,5100.0,5137.5,4925.0,4962.5,3674.686279296875,191898400.0
2023-03-15,BMRI.JK,5025.0,5087.5,4925.0,5025.0,3720.966796875,262828600.0
2023-03-16,BMRI.JK,5037.5,5037.5,4912.5,4925.0,3646.91748046875,135467400.0
2023-03-17,BMRI.JK,4975.0,5062.5,4962.5,5050.0,3739.47900390625,224171600.0
2023-03-20,BMRI.JK,5025.0,5050.0,5000.0,5000.0,3702.45458984375,46333000.0
2023-03-21,BMRI.JK,5050.0,5250.0,5037.5,5250.0,3887.5771484375,131331000.0
2023-03-24,BMRI.JK,5312.5,5475.0,5287.5,5450.0,4035.675048828125,222156200.0
2023-03-27,BMRI.JK,5200.0,5212.5,5100.0,5100.0,3969.262451171875,151825600.0
2023-03-28,BMRI.JK,5100.0,5137.5,5050.0,5062.5,3940.076904296875,103951000.0
2023-03-29,BMRI.JK,5125.0,5187.5,5100.0,5175.0,4027.63427734375,107454600.0
2023-03-30,BMRI.JK,5175.0,5200.0,5112.5,5112.5,3978.991455078125,97186200.0
2023-03-31,BMRI.JK,5137.5,5162.5,5100.0,5162.5,4017.90576171875,92013200.0
2023-04-03,BMRI.JK,5200.0,5262.5,5200.0,5262.5,4095.734130859375,101724400.0
2023-04-04,BMRI.JK,5250.0,5300.0,5100.0,5200.0,4047.091796875,94482600.0
2023-04-05,BMRI.JK,5150.0,5250.0,5150.0,5225.0,4066.548583984375,42655500.0
2023-04-06,BMRI.JK,5225.0,5225.0,5150.0,5175.0,4027.63427734375,47999400.0
2023-04-10,BMRI.JK,5150.0,5175.0,5050.0,5100.0,3969.262451171875,74787800.0
2023-04-11,BMRI.JK,5100.0,5100.0,5050.0,5100.0,3969.262451171875,37744800.0
2023-04-12,BMRI.JK,5100.0,5225.0,5100.0,5150.0,4008.177734375,111901500.0
2023-04-13,BMRI.JK,5175.0,5200.0,5125.0,5125.0,3988.72021484375,67928500.0
2023-04-14,BMRI.JK,5150.0,5250.0,5150.0,5225.0,4066.548583984375,142479800.0
2023-04-17,BMRI.JK,5225.0,5250.0,5125.0,5125.0,3988.72021484375,95789900.0
2023-04-18,BMRI.JK,5150.0,5250.0,5125.0,5175.0,4027.63427734375,106962300.0
2023-04-26,BMRI.JK,5400.0,5425.0,5175.0,5200.0,4047.091796875,207338000.0
2023-04-27,BMRI.JK,5175.0,5225.0,5175.0,5200.0,4047.091796875,51076300.0
2023-04-28,BMRI.JK,5225.0,5225.0,5150.0,5175.0,4027.63427734375,116957800.0
2023-05-02,BMRI.JK,5250.0,5250.0,5175.0,5250.0,4086.005615234375,98024100.0
2023-05-03,BMRI.JK,5250.0,5250.0,5150.0,5225.0,4066.548583984375,110683000.0
2023-05-04,BMRI.JK,5175.0,5225.0,5125.0,5175.0,4027.63427734375,100945900.0
2023-05-05,BMRI.JK,5175.0,5200.0,5125.0,5175.0,4027.63427734375,64499500.0
2023-05-08,BMRI.JK,5175.0,5200.0,5125.0,5125.0,3988.72021484375,64678000.0
2023-05-09,BMRI.JK,5100.0,5125.0,5050.0,5050.0,3930.348388671875,93531000.0
2023-05-10,BMRI.JK,5050.0,5125.0,5050.0,5075.0,3949.805908203125,58148200.0
2023-05-11,BMRI.JK,5075.0,5100.0,5025.0,5100.0,3969.262451171875,63262300.0
2023-05-12,BMRI.JK,5075.0,5075.0,5000.0,5000.0,3891.4345703125,105407300.0
2023-05-15,BMRI.JK,5050.0,5050.0,5000.0,5050.0,3930.348388671875,76451700.0
2023-05-16,BMRI.JK,5075.0,5075.0,4980.0,4990.0,3883.6513671875,42752200.0
2023-05-17,BMRI.JK,4990.0,5075.0,4980.0,5000.0,3891.4345703125,63396700.0
2023-05-19,BMRI.JK,5075.0,5100.0,5025.0,5075.0,3949.805908203125,78499800.0
2023-05-22,BMRI.JK,5100.0,5250.0,5075.0,5225.0,4066.548583984375,120027200.0
2023-05-23,BMRI.JK,5200.0,5250.0,5100.0,5125.0,3988.72021484375,165534100.0
2023-05-24,BMRI.JK,5125.0,5150.0,5050.0,5075.0,3949.805908203125,125575300.0
2023-05-25,BMRI.JK,5050.0,5175.0,5050.0,5175.0,4027.63427734375,76424100.0
2023-05-26,BMRI.JK,5175.0,5200.0,5100.0,5125.0,3988.72021484375,42313700.0
2023-05-29,BMRI.JK,5175.0,5175.0,5100.0,5150.0,4008.177734375,60646900.0
2023-05-30,BMRI.JK,5100.0,5200.0,5100.0,5150.0,4008.177734375,49086100.0
2023-05-31,BMRI.JK,5175.0,5200.0,5050.0,5050.0,3930.348388671875,393735900.0
2023-06-05,BMRI.JK,5100.0,5150.0,5075.0,5075.0,3949.805908203125,149191300.0
2023-06-06,BMRI.JK,5050.0,5100.0,4950.0,5050.0,3930.348388671875,244590500.0
2023-06-07,BMRI.JK,5000.0,5075.0,5000.0,5025.0,3910.890869140625,130408700.0
2023-06-08,BMRI.JK,5000.0,5075.0,5000.0,5025.0,3910.890869140625,173484200.0
2023-06-09,BMRI.JK,5025.0,5125.0,5000.0,5125.0,3988.72021484375,150849200.0
2023-06-12,BMRI.JK,5100.0,5125.0,5050.0,5100.0,3969.262451171875,91080300.0
2023-06-13,BMRI.JK,5100.0,5175.0,5050.0,5100.0,3969.262451171875,143804700.0
2023-06-14,BMRI.JK,5125.0,5150.0,5050.0,5050.0,3930.348388671875,96670300.0
2023-06-15,BMRI.JK,5050.0,5150.0,5050.0,5125.0,3988.72021484375,94097900.0
2023-06-16,BMRI.JK,5125.0,5150.0,5075.0,5150.0,4008.177734375,103942500.0
2023-06-19,BMRI.JK,5100.0,5150.0,5100.0,5125.0,3988.72021484375,36211300.0
2023-06-20,BMRI.JK,5100.0,5125.0,5050.0,5100.0,3969.262451171875,44316800.0
2023-06-21,BMRI.JK,5050.0,5100.0,5050.0,5100.0,3969.262451171875,58061600.0
2023-06-22,BMRI.JK,5100.0,5150.0,5075.0,5075.0,3949.805908203125,60457300.0
2023-06-23,BMRI.JK,5075.0,5125.0,5050.0,5075.0,3949.805908203125,47276900.0
2023-06-26,BMRI.JK,5100.0,5175.0,5075.0,5125.0,3988.72021484375,74263700.0
2023-06-27,BMRI.JK,5175.0,5250.0,5150.0,5200.0,4047.091796875,101592900.0
2023-07-03,BMRI.JK,5125.0,5350.0,5125.0,5350.0,4163.8349609375,227354700.0
2023-07-04,BMRI.JK,5400.0,5400.0,5225.0,5250.0,4086.005615234375,119841200.0
2023-07-05,BMRI.JK,5300.0,5325.0,5250.0,5275.0,4105.46337890625,78430000.0
2023-07-06,BMRI.JK,5300.0,5350.0,5250.0,5300.0,4124.919921875,90981000.0
2023-07-07,BMRI.JK,5275.0,5300.0,5150.0,5150.0,4008.177734375,128515100.0
2023-07-10,BMRI.JK,5175.0,5225.0,5150.0,5175.0,4027.63427734375,82685700.0
2023-07-11,BMRI.JK,5200.0,5300.0,5175.0,5275.0,4105.46337890625,100578900.0
2023-07-12,BMRI.JK,5300.0,5375.0,5250.0,5300.0,4124.919921875,123947700.0
2023-07-13,BMRI.JK,5375.0,5375.0,5275.0,5350.0,4163.8349609375,101281200.0
2023-07-14,BMRI.JK,5400.0,5425.0,5350.0,5400.0,4202.7490234375,122343600.0
2023-07-17,BMRI.JK,5425.0,5475.0,5375.0,5375.0,4183.29150390625,99897600.0
2023-07-18,BMRI.JK,5375.0,5425.0,5300.0,5350.0,4163.8349609375,65073800.0
2023-07-20,BMRI.JK,5400.0,5550.0,5400.0,5525.0,4300.03466796875,132054000.0
2023-07-21,BMRI.JK,5550.0,5575.0,5450.0,5550.0,4319.4921875,111275700.0
2023-07-24,BMRI.JK,5550.0,5625.0,5500.0,5500.0,4280.5771484375,54865000.0
2023-07-25,BMRI.JK,5550.0,5575.0,5500.0,5550.0,4319.4921875,65237300.0
2023-07-26,BMRI.JK,5550.0,5600.0,5525.0,5575.0,4338.94921875,88526700.0
2023-07-27,BMRI.JK,5575.0,5700.0,5575.0,5625.0,4377.86328125,86556200.0
2023-07-28,BMRI.JK,5625.0,5725.0,5625.0,5700.0,4436.23486328125,121968500.0
2023-07-31,BMRI.JK,5800.0,5800.0,5625.0,5725.0,4455.6923828125,189375700.0
2023-08-01,BMRI.JK,5650.0,5725.0,5600.0,5650.0,4397.3203125,114702500.0
2023-08-02,BMRI.JK,5625.0,5750.0,5600.0,5700.0,4436.23486328125,133546200.0
2023-08-03,BMRI.JK,5725.0,5825.0,5700.0,5800.0,4514.06396484375,68587500.0
2023-08-04,BMRI.JK,5800.0,5825.0,5750.0,5775.0,4494.6064453125,47144200.0
2023-08-07,BMRI.JK,5850.0,5925.0,5825.0,5875.0,4572.43505859375,104342100.0
2023-08-08,BMRI.JK,5900.0,5950.0,5875.0,5900.0,4591.892578125,66473200.0
2023-08-09,BMRI.JK,5900.0,5950.0,5850.0,5900.0,4591.892578125,64495400.0
2023-08-10,BMRI.JK,5925.0,6000.0,5900.0,5975.0,4650.26416015625,78859600.0
2023-08-11,BMRI.JK,5975.0,6025.0,5900.0,5925.0,4611.349609375,46568600.0
2023-08-14,BMRI.JK,5925.0,5950.0,5800.0,5950.0,4630.806640625,86460500.0
2023-08-15,BMRI.JK,5900.0,5925.0,5800.0,5800.0,4514.06396484375,116815700.0
2023-08-16,BMRI.JK,5775.0,5800.0,5675.0,5800.0,4514.06396484375,163744100.0
2023-08-18,BMRI.JK,5725.0,5825.0,5725.0,5775.0,4494.6064453125,104894600.0
2023-08-21,BMRI.JK,5800.0,5875.0,5800.0,5825.0,4533.5205078125,61845800.0
2023-08-22,BMRI.JK,5800.0,5950.0,5800.0,5950.0,4630.806640625,93617200.0
2023-08-23,BMRI.JK,5950.0,5950.0,5850.0,5850.0,4552.9775390625,40844700.0
2023-08-24,BMRI.JK,5900.0,5950.0,5875.0,5950.0,4630.806640625,42648300.0
2023-08-25,BMRI.JK,5900.0,5925.0,5825.0,5900.0,4591.892578125,65093100.0
2023-08-28,BMRI.JK,5950.0,6025.0,5900.0,6000.0,4669.72119140625,63980400.0
2023-08-29,BMRI.JK,6000.0,6025.0,5950.0,5950.0,4630.806640625,50839300.0
2023-08-30,BMRI.JK,5925.0,6100.0,5925.0,5975.0,4650.26416015625,65727400.0
2023-08-31,BMRI.JK,6000.0,6075.0,5900.0,6025.0,4689.177734375,159062900.0
2023-09-01,BMRI.JK,6075.0,6125.0,6050.0,6075.0,4728.0927734375,50796000.0
2023-09-04,BMRI.JK,6075.0,6150.0,6050.0,6100.0,4747.5498046875,56317700.0
2023-09-05,BMRI.JK,6100.0,6150.0,6075.0,6100.0,4747.5498046875,24893100.0
2023-09-06,BMRI.JK,6050.0,6125.0,6050.0,6050.0,4708.63525390625,40547800.0
2023-09-07,BMRI.JK,6000.0,6025.0,5825.0,5875.0,4572.43505859375,124351400.0
2023-09-08,BMRI.JK,5900.0,5925.0,5775.0,5900.0,4591.892578125,81980400.0
2023-09-11,BMRI.JK,5900.0,5925.0,5825.0,5925.0,4611.349609375,74510600.0
2023-09-12,BMRI.JK,5950.0,5950.0,5850.0,5875.0,4572.43505859375,54076800.0
2023-09-13,BMRI.JK,5825.0,5850.0,5775.0,5850.0,4552.9775390625,69884000.0
2023-09-14,BMRI.JK,5825.0,5875.0,5775.0,5825.0,4533.5205078125,59132600.0
2023-09-15,BMRI.JK,5900.0,5975.0,5850.0,5925.0,4611.349609375,165106200.0
2023-09-18,BMRI.JK,5900.0,5950.0,5875.0,5900.0,4591.892578125,53450400.0
2023-09-19,BMRI.JK,5900.0,6075.0,5875.0,6000.0,4669.72119140625,84608400.0
2023-09-20,BMRI.JK,6100.0,6125.0,6050.0,6075.0,4728.0927734375,64864900.0
2023-09-21,BMRI.JK,6050.0,6075.0,5975.0,6000.0,4669.72119140625,60535000.0
2023-09-22,BMRI.JK,6000.0,6050.0,5975.0,6000.0,4669.72119140625,51069900.0
2023-09-25,BMRI.JK,6000.0,6050.0,5975.0,6000.0,4669.72119140625,40650900.0
2023-09-26,BMRI.JK,5975.0,6000.0,5850.0,5925.0,4611.349609375,109786400.0
2023-09-27,BMRI.JK,5925.0,6050.0,5900.0,6000.0,4669.72119140625,75050600.0
2023-09-29,BMRI.JK,6050.0,6050.0,6000.0,6025.0,4689.177734375,71554100.0
2023-10-02,BMRI.JK,6025.0,6100.0,6025.0,6050.0,4708.63525390625,33296500.0
2023-10-03,BMRI.JK,6000.0,6075.0,6000.0,6075.0,4728.0927734375,37093100.0
2023-10-04,BMRI.JK,6075.0,6125.0,5975.0,6125.0,4767.0068359375,69154000.0
2023-10-05,BMRI.JK,6150.0,6200.0,6100.0,6125.0,4767.0068359375,69566800.0
2023-10-06,BMRI.JK,6150.0,6150.0,6025.0,6025.0,4689.177734375,25913600.0
2023-10-09,BMRI.JK,6025.0,6050.0,5900.0,5900.0,4591.892578125,45321700.0
2023-10-10,BMRI.JK,5900.0,6075.0,5900.0,6000.0,4669.72119140625,42820800.0
2023-10-11,BMRI.JK,5950.0,6175.0,5950.0,6050.0,4708.63525390625,72955000.0
2023-10-12,BMRI.JK,6075.0,6175.0,6050.0,6075.0,4728.0927734375,91341800.0
2023-10-13,BMRI.JK,6075.0,6150.0,6025.0,6075.0,4728.0927734375,39914700.0
2023-10-16,BMRI.JK,6025.0,6075.0,5975.0,6025.0,4689.177734375,53416400.0
2023-10-17,BMRI.JK,6000.0,6025.0,5925.0,6000.0,4669.72119140625,74702300.0
2023-10-18,BMRI.JK,5925.0,5950.0,5825.0,5850.0,4552.9775390625,80637400.0
2023-10-19,BMRI.JK,5775.0,5800.0,5700.0,5725.0,4455.6923828125,160277800.0
2023-10-20,BMRI.JK,5675.0,5800.0,5650.0,5750.0,4475.1494140625,82132000.0
2023-10-23,BMRI.JK,5700.0,5725.0,5625.0,5675.0,4416.77783203125,73897500.0
2023-10-24,BMRI.JK,5700.0,5800.0,5675.0,5750.0,4475.1494140625,72469200.0
2023-10-25,BMRI.JK,5825.0,5900.0,5775.0,5850.0,4552.9775390625,90426500.0
2023-10-26,BMRI.JK,5800.0,5850.0,5700.0,5700.0,4436.23486328125,86348700.0
2023-10-27,BMRI.JK,5750.0,5775.0,5700.0,5700.0,4436.23486328125,90177000.0
2023-10-30,BMRI.JK,5700.0,5725.0,5625.0,5725.0,4455.6923828125,81547000.0
2023-10-31,BMRI.JK,5800.0,5850.0,5650.0,5675.0,4416.77783203125,99449400.0
2023-11-01,BMRI.JK,5700.0,5700.0,5625.0,5650.0,4397.3203125,74281200.0
2023-11-02,BMRI.JK,5750.0,5925.0,5725.0,5900.0,4591.892578125,115678200.0
2023-11-03,BMRI.JK,5925.0,5975.0,5825.0,5825.0,4533.5205078125,53379500.0
2023-11-06,BMRI.JK,5900.0,5925.0,5850.0,5925.0,4611.349609375,58266100.0
2023-11-07,BMRI.JK,5950.0,5975.0,5800.0,5875.0,4572.43505859375,56161300.0
2023-11-08,BMRI.JK,5775.0,5850.0,5725.0,5850.0,4552.9775390625,63442400.0
2023-11-09,BMRI.JK,5825.0,5900.0,5800.0,5875.0,4572.43505859375,45026200.0
2023-11-10,BMRI.JK,5850.0,5850.0,5775.0,5775.0,4494.6064453125,59611500.0
2023-11-13,BMRI.JK,5850.0,5850.0,5800.0,5825.0,4533.5205078125,17444600.0
2023-11-14,BMRI.JK,5825.0,5900.0,5800.0,5825.0,4533.5205078125,50587800.0
2023-11-15,BMRI.JK,5900.0,5975.0,5875.0,5925.0,4611.349609375,74255700.0
2023-11-16,BMRI.JK,5850.0,5925.0,5825.0,5925.0,4611.349609375,36004500.0
2023-11-17,BMRI.JK,5875.0,5950.0,5850.0,5900.0,4591.892578125,33963900.0
2023-11-20,BMRI.JK,5825.0,5925.0,5825.0,5875.0,4572.43505859375,20014600.0
2023-11-21,BMRI.JK,5850.0,5925.0,5825.0,5875.0,4572.43505859375,55094300.0
2023-11-22,BMRI.JK,5825.0,5900.0,5825.0,5875.0,4572.43505859375,21111100.0
2023-11-23,BMRI.JK,5950.0,5950.0,5900.0,5900.0,4591.892578125,36725600.0
2023-11-24,BMRI.JK,5925.0,5925.0,5850.0,5875.0,4572.43505859375,27087900.0
2023-11-27,BMRI.JK,5900.0,5925.0,5875.0,5900.0,4591.892578125,39719300.0
2023-11-28,BMRI.JK,5900.0,5925.0,5875.0,5900.0,4591.892578125,58255800.0
2023-11-29,BMRI.JK,5850.0,5925.0,5825.0,5850.0,4552.9775390625,36796600.0
2023-11-30,BMRI.JK,5850.0,5925.0,5825.0,5850.0,4552.9775390625,117365000.0
2023-12-01,BMRI.JK,5850.0,5900.0,5825.0,5900.0,4591.892578125,31365100.0
2023-12-04,BMRI.JK,5925.0,6025.0,5900.0,6000.0,4669.72119140625,66145100.0
2023-12-05,BMRI.JK,6000.0,6000.0,5875.0,5975.0,4650.26416015625,58668400.0
2023-12-06,BMRI.JK,5925.0,5950.0,5800.0,5800.0,4514.06396484375,88747200.0
2023-12-07,BMRI.JK,5800.0,5825.0,5725.0,5750.0,4475.1494140625,97966700.0
2023-12-08,BMRI.JK,5750.0,5775.0,5650.0,5700.0,4436.23486328125,98036700.0
2023-12-11,BMRI.JK,5650.0,5800.0,5650.0,5775.0,4494.6064453125,68655000.0
2023-12-12,BMRI.JK,5800.0,5825.0,5750.0,5800.0,4514.06396484375,55110500.0
2023-12-13,BMRI.JK,5750.0,5775.0,5700.0,5725.0,4455.6923828125,121450600.0
2023-12-14,BMRI.JK,5825.0,6025.0,5800.0,5950.0,4630.806640625,171595800.0
2023-12-15,BMRI.JK,5950.0,6000.0,5900.0,5900.0,4591.892578125,142382200.0
2023-12-18,BMRI.JK,5850.0,5950.0,5850.0,5925.0,4611.349609375,101458600.0
2023-12-19,BMRI.JK,5950.0,5975.0,5925.0,5975.0,4650.26416015625,40763200.0
2023-12-20,BMRI.JK,5900.0,5975.0,5900.0,5925.0,4611.349609375,65361000.0
2023-12-21,BMRI.JK,5950.0,5975.0,5925.0,5975.0,4650.26416015625,50363900.0
2023-12-22,BMRI.JK,5950.0,5975.0,5925.0,5975.0,4650.26416015625,29975600.0
2023-12-27,BMRI.JK,6000.0,6025.0,5925.0,6000.0,4669.72119140625,43114900.0
2023-12-28,BMRI.JK,6050.0,6150.0,6000.0,6125.0,4767.0068359375,75118700.0
2023-12-29,BMRI.JK,6125.0,6125.0,6000.0,6050.0,4708.63525390625,63097100.0
2024-01-02,BMRI.JK,6050.0,6125.0,6025.0,6125.0,4767.0068359375,26235700.0
2024-01-03,BMRI.JK,6100.0,6150.0,6050.0,6100.0,4747.5498046875,30053900.0
2024-01-04,BMRI.JK,6125.0,6400.0,6100.0,6350.0,4942.12109375,135344500.0
2024-01-05,BMRI.JK,6400.0,6475.0,6350.0,6425.0,5000.49267578125,114339400.0
2024-01-08,BMRI.JK,6500.0,6600.0,6375.0,6400.0,4981.0361328125,151018300.0
2024-01-09,BMRI.JK,6425.0,6450.0,6350.0,6375.0,4961.57861328125,77953400.0
2024-01-10,BMRI.JK,6375.0,6450.0,6325.0,6425.0,5000.49267578125,50019800.0
2024-01-11,BMRI.JK,6425.0,6500.0,6400.0,6450.0,5019.9501953125,32120200.0
2024-01-12,BMRI.JK,6575.0,6675.0,6525.0,6575.0,5117.236328125,114039700.0
2024-01-15,BMRI.JK,6575.0,6625.0,6475.0,6500.0,5058.8642578125,83066800.0
2024-01-16,BMRI.JK,6525.0,6625.0,6500.0,6525.0,5078.3212890625,83516800.0
2024-01-17,BMRI.JK,6525.0,6625.0,6500.0,6525.0,5078.3212890625,80929000.0
2024-01-18,BMRI.JK,6525.0,6550.0,6475.0,6525.0,5078.3212890625,78209900.0
2024-01-19,BMRI.JK,6500.0,6525.0,6425.0,6525.0,5078.3212890625,74814000.0
2024-01-22,BMRI.JK,6500.0,6550.0,6450.0,6500.0,5058.8642578125,96993100.0
2024-01-23,BMRI.JK,6525.0,6550.0,6450.0,6500.0,5058.8642578125,77037800.0
2024-01-24,BMRI.JK,6450.0,6475.0,6350.0,6400.0,4981.0361328125,97290600.0
2024-01-25,BMRI.JK,6325.0,6400.0,6250.0,6275.0,4883.75,99094100.0
2024-01-26,BMRI.JK,6250.0,6325.0,6225.0,6300.0,4903.20703125,77236800.0
2024-01-29,BMRI.JK,6350.0,6475.0,6275.0,6475.0,5039.4072265625,124753000.0
2024-01-30,BMRI.JK,6475.0,6700.0,6450.0,6650.0,5175.607421875,123330900.0
2024-01-31,BMRI.JK,6650.0,6700.0,6650.0,6650.0,5175.607421875,128185000.0
2024-02-01,BMRI.JK,6575.0,6625.0,6500.0,6550.0,5097.77880859375,168145800.0
2024-02-02,BMRI.JK,6625.0,6675.0,6600.0,6675.0,5195.064453125,120116200.0
2024-02-05,BMRI.JK,6700.0,6950.0,6675.0,6825.0,5311.80712890625,150535100.0
2024-02-06,BMRI.JK,6825.0,6925.0,6775.0,6850.0,5331.2646484375,90146000.0
2024-02-07,BMRI.JK,6875.0,6950.0,6850.0,6950.0,5409.09326171875,88745500.0
2024-02-12,BMRI.JK,7150.0,7200.0,7050.0,7100.0,5525.83642578125,162771300.0
2024-02-13,BMRI.JK,7100.0,7125.0,7025.0,7025.0,5467.46484375,102668900.0
2024-02-15,BMRI.JK,7300.0,7375.0,7150.0,7200.0,5603.66552734375,220530000.0
2024-02-16,BMRI.JK,7375.0,7400.0,7200.0,7200.0,5603.66552734375,142022100.0
2024-02-19,BMRI.JK,7150.0,7325.0,7125.0,7150.0,5564.75048828125,83753500.0
2024-02-20,BMRI.JK,7250.0,7250.0,7150.0,7150.0,5564.75048828125,87312000.0
2024-02-21,BMRI.JK,7125.0,7250.0,7075.0,7250.0,5642.57958984375,128063900.0
2024-02-22,BMRI.JK,7175.0,7200.0,7100.0,7100.0,5525.83642578125,85735800.0
2024-02-23,BMRI.JK,7050.0,7100.0,7000.0,7050.0,5486.92236328125,109404700.0
2024-02-26,BMRI.JK,6950.0,7075.0,6950.0,7050.0,5486.92236328125,65407700.0
2024-02-27,BMRI.JK,6975.0,7100.0,6975.0,7075.0,5506.37939453125,58066100.0
2024-02-28,BMRI.JK,7025.0,7125.0,7025.0,7125.0,5545.2939453125,49888400.0
2024-02-29,BMRI.JK,7125.0,7150.0,7000.0,7000.0,5448.0078125,150713600.0
2024-03-01,BMRI.JK,7050.0,7075.0,6975.0,7025.0,5467.46484375,90739400.0
2024-03-04,BMRI.JK,7000.0,7050.0,6975.0,7025.0,5467.46484375,44707200.0
2024-03-05,BMRI.JK,7075.0,7100.0,7000.0,7025.0,5467.46484375,92557200.0
2024-03-06,BMRI.JK,7000.0,7100.0,7000.0,7075.0,5506.37939453125,74178100.0
2024-03-07,BMRI.JK,7075.0,7125.0,7025.0,7100.0,5525.83642578125,94950400.0
2024-03-08,BMRI.JK,7150.0,7175.0,7100.0,7125.0,5545.2939453125,109032400.0
2024-03-13,BMRI.JK,7250.0,7275.0,7150.0,7275.0,5662.03662109375,126022700.0
2024-03-14,BMRI.JK,7250.0,7400.0,7225.0,7400.0,5759.32275390625,161193000.0
2024-03-15,BMRI.JK,7450.0,7500.0,7275.0,7400.0,5759.32275390625,250581100.0
2024-03-18,BMRI.JK,7425.0,7425.0,7175.0,7175.0,5584.2080078125,105778200.0
2024-03-19,BMRI.JK,7250.0,7350.0,7225.0,7275.0,5662.03662109375,100836600.0
2024-03-20,BMRI.JK,7050.0,7050.0,7000.0,7050.0,5767.53564453125,83416700.0
2024-03-21,BMRI.JK,7100.0,7200.0,7050.0,7050.0,5767.53564453125,81774800.0
2024-03-22,BMRI.JK,7000.0,7075.0,6950.0,7050.0,5767.53564453125,65219900.0
2024-03-25,BMRI.JK,7250.0,7250.0,7000.0,7250.0,5931.1533203125,78212700.0
2024-03-26,BMRI.JK,7225.0,7225.0,7125.0,7175.0,5869.79736328125,74274300.0
2024-03-27,BMRI.JK,7200.0,7250.0,7175.0,7175.0,5869.79736328125,46295700.0
2024-03-28,BMRI.JK,7150.0,7250.0,7125.0,7250.0,5931.1533203125,90900900.0
2024-04-01,BMRI.JK,7250.0,7250.0,6750.0,6900.0,5644.822265625,158358600.0
2024-04-02,BMRI.JK,6900.0,6900.0,6700.0,6900.0,5644.822265625,135764900.0
2024-04-03,BMRI.JK,6950.0,6950.0,6675.0,6775.0,5542.56103515625,115372600.0
2024-04-04,BMRI.JK,6750.0,6925.0,6750.0,6875.0,5624.36962890625,63174900.0
2024-04-05,BMRI.JK,6825.0,6900.0,6825.0,6825.0,5583.46484375,46111500.0
2024-04-16,BMRI.JK,6350.0,6725.0,6300.0,6625.0,5419.84716796875,180012400.0
2024-04-17,BMRI.JK,6700.0,6775.0,6625.0,6625.0,5419.84716796875,83840200.0
2024-04-18,BMRI.JK,6800.0,6900.0,6725.0,6800.0,5563.01318359375,106893900.0
2024-04-19,BMRI.JK,6725.0,6800.0,6650.0,6725.0,5501.65625,47943300.0
2024-04-22,BMRI.JK,6875.0,6875.0,6575.0,6725.0,5501.65625,121727900.0
2024-04-23,BMRI.JK,6850.0,6925.0,6725.0,6825.0,5583.46484375,106699200.0
2024-04-24,BMRI.JK,6925.0,7050.0,6900.0,7050.0,5767.53564453125,117586500.0
2024-04-25,BMRI.JK,7050.0,7075.0,6925.0,6950.0,5685.7265625,111803500.0
2024-04-26,BMRI.JK,7000.0,7025.0,6750.0,6750.0,5522.10888671875,125875000.0
2024-04-29,BMRI.JK,6650.0,6950.0,6650.0,6925.0,5665.2744140625,77938400.0
2024-04-30,BMRI.JK,6800.0,7050.0,6775.0,6900.0,5644.822265625,189991300.0
2024-05-02,BMRI.JK,6800.0,6800.0,6050.0,6325.0,5174.42041015625,501849300.0
2024-05-03,BMRI.JK,6300.0,6425.0,6050.0,6150.0,5031.25439453125,269305400.0
2024-05-06,BMRI.JK,6250.0,6400.0,6150.0,6275.0,5133.515625,184234200.0
2024-05-07,BMRI.JK,6325.0,6400.0,6250.0,6275.0,5133.515625,130410300.0
2024-05-08,BMRI.JK,6325.0,6450.0,6250.0,6275.0,5133.515625,117065300.0
2024-05-13,BMRI.JK,6200.0,6275.0,6125.0,6200.0,5072.1591796875,128638300.0
2024-05-14,BMRI.JK,6175.0,6300.0,6175.0,6200.0,5072.1591796875,94048400.0
2024-05-15,BMRI.JK,6200.0,6400.0,6200.0,6375.0,5215.3251953125,80923000.0
2024-05-16,BMRI.JK,6450.0,6500.0,6325.0,6350.0,5194.87255859375,114806300.0
2024-05-17,BMRI.JK,6350.0,6650.0,6350.0,6575.0,5378.94287109375,133153900.0
2024-05-20,BMRI.JK,6550.0,6625.0,6200.0,6325.0,5174.42041015625,168796000.0
2024-05-21,BMRI.JK,6225.0,6275.0,5975.0,6025.0,4928.99267578125,307362900.0
2024-05-22,BMRI.JK,6000.0,6150.0,5950.0,6050.0,4949.4453125,171675900.0
2024-05-27,BMRI.JK,6025.0,6050.0,5825.0,5825.0,4765.375,258450900.0
2024-05-28,BMRI.JK,5850.0,6025.0,5825.0,5950.0,4867.63671875,93701700.0
2024-05-29,BMRI.JK,5825.0,5875.0,5700.0,5800.0,4744.92333984375,169386300.0
2024-05-30,BMRI.JK,5775.0,6000.0,5525.0,5875.0,4806.279296875,236632600.0
2024-05-31,BMRI.JK,6000.0,6025.0,5900.0,5900.0,4826.73193359375,169567000.0
2024-06-03,BMRI.JK,6075.0,6150.0,6025.0,6100.0,4990.35009765625,92525600.0
2024-06-04,BMRI.JK,6150.0,6275.0,6125.0,6150.0,5031.25439453125,137800600.0
2024-06-05,BMRI.JK,6125.0,6150.0,5975.0,6000.0,4908.54150390625,102327300.0
2024-06-06,BMRI.JK,6125.0,6200.0,6075.0,6175.0,5051.70703125,85735200.0
2024-06-07,BMRI.JK,6250.0,6275.0,6150.0,6275.0,5133.515625,99092800.0
2024-06-10,BMRI.JK,6275.0,6350.0,6200.0,6275.0,5133.515625,80154400.0
2024-06-11,BMRI.JK,6200.0,6250.0,6125.0,6125.0,5010.80224609375,56254400.0
2024-06-12,BMRI.JK,6050.0,6075.0,5900.0,5925.0,4847.18408203125,120857200.0
2024-06-13,BMRI.JK,5975.0,6000.0,5850.0,5875.0,4806.279296875,162616700.0
2024-06-14,BMRI.JK,5850.0,5875.0,5650.0,5750.0,4704.0185546875,203241500.0
2024-06-19,BMRI.JK,5775.0,5850.0,5675.0,5750.0,4704.0185546875,116004200.0
2024-06-20,BMRI.JK,5825.0,5950.0,5750.0,5950.0,4867.63671875,82660000.0
2024-06-21,BMRI.JK,6050.0,6200.0,6025.0,6125.0,5010.80224609375,184240600.0
2024-06-24,BMRI.JK,6075.0,6125.0,6000.0,6000.0,4908.54150390625,58831900.0
2024-06-25,BMRI.JK,5925.0,5975.0,5825.0,5925.0,4847.18408203125,159983800.0
2024-06-26,BMRI.JK,5950.0,6025.0,5850.0,5850.0,4785.82763671875,92895700.0
2024-06-27,BMRI.JK,5900.0,6075.0,5875.0,6000.0,4908.54150390625,117602400.0
2024-06-28,BMRI.JK,6000.0,6250.0,6000.0,6150.0,5031.25439453125,191371600.0
2024-07-01,BMRI.JK,6175.0,6250.0,6100.0,6250.0,5113.0634765625,100408200.0
2024-07-02,BMRI.JK,6275.0,6350.0,6150.0,6200.0,5072.1591796875,159356600.0
2024-07-03,BMRI.JK,6275.0,6300.0,6100.0,6225.0,5092.611328125,70017100.0
2024-07-04,BMRI.JK,6250.0,6400.0,6225.0,6250.0,5113.0634765625,90147800.0
2024-07-05,BMRI.JK,6325.0,6500.0,6300.0,6425.0,5256.22900390625,111646800.0
2024-07-08,BMRI.JK,6400.0,6425.0,6200.0,6225.0,5092.611328125,138144000.0
2024-07-09,BMRI.JK,6225.0,6400.0,6200.0,6375.0,5215.3251953125,84177600.0
2024-07-10,BMRI.JK,6375.0,6450.0,6300.0,6375.0,5215.3251953125,59685300.0
2024-07-11,BMRI.JK,6400.0,6425.0,6350.0,6400.0,5235.77734375,66789800.0
2024-07-12,BMRI.JK,6450.0,6550.0,6400.0,6425.0,5256.22900390625,136132200.0
2024-07-15,BMRI.JK,6450.0,6450.0,6300.0,6350.0,5194.87255859375,66071800.0
2024-07-16,BMRI.JK,6400.0,6400.0,6300.0,6350.0,5194.87255859375,64687900.0
2024-07-17,BMRI.JK,6450.0,6525.0,6375.0,6450.0,5276.68115234375,109729800.0
2024-07-18,BMRI.JK,6550.0,6600.0,6500.0,6550.0,5358.49072265625,132532000.0
2024-07-19,BMRI.JK,6500.0,6525.0,6450.0,6525.0,5338.03857421875,63165500.0
2024-07-22,BMRI.JK,6575.0,6700.0,6525.0,6700.0,5481.2041015625,110467000.0
2024-07-23,BMRI.JK,6750.0,6750.0,6550.0,6625.0,5419.84716796875,77861700.0
2024-07-24,BMRI.JK,6500.0,6575.0,6475.0,6475.0,5297.1337890625,63940900.0
2024-07-25,BMRI.JK,6450.0,6575.0,6400.0,6575.0,5378.94287109375,66655400.0
2024-07-26,BMRI.JK,6575.0,6625.0,6500.0,6550.0,5358.49072265625,76519500.0
2024-07-29,BMRI.JK,6550.0,6550.0,6450.0,6475.0,5297.1337890625,54435300.0
2024-07-30,BMRI.JK,6475.0,6550.0,6375.0,6475.0,5297.1337890625,86701400.0
2024-07-31,BMRI.JK,6400.0,6475.0,6375.0,6400.0,5235.77734375,99004100.0
2024-08-01,BMRI.JK,6550.0,6750.0,6500.0,6750.0,5522.10888671875,163086200.0
2024-08-02,BMRI.JK,6700.0,6875.0,6675.0,6800.0,5563.01318359375,167892400.0
2024-08-05,BMRI.JK,6700.0,6725.0,6500.0,6575.0,5378.94287109375,184384000.0
2024-08-06,BMRI.JK,6650.0,6700.0,6525.0,6625.0,5419.84716796875,95785000.0
2024-08-07,BMRI.JK,6725.0,6775.0,6650.0,6775.0,5542.56103515625,84582200.0
2024-08-08,BMRI.JK,6800.0,6850.0,6725.0,6800.0,5563.01318359375,81408500.0
2024-08-09,BMRI.JK,6825.0,6900.0,6800.0,6850.0,5603.91748046875,79710700.0
2024-08-12,BMRI.JK,6875.0,6900.0,6775.0,6900.0,5644.822265625,50756000.0
2024-08-13,BMRI.JK,6850.0,7000.0,6850.0,7000.0,5726.630859375,68666000.0
2024-08-14,BMRI.JK,7075.0,7100.0,7025.0,7075.0,5787.98828125,97695100.0
2024-08-15,BMRI.JK,7075.0,7075.0,6925.0,7025.0,5747.08349609375,75955500.0
2024-08-16,BMRI.JK,7075.0,7125.0,7025.0,7075.0,5787.98828125,64266400.0
2024-08-19,BMRI.JK,7075.0,7150.0,7025.0,7150.0,5849.3447265625,50246100.0
2024-08-20,BMRI.JK,7200.0,7350.0,7150.0,7200.0,5890.2490234375,102615900.0
2024-08-21,BMRI.JK,7300.0,7300.0,7225.0,7250.0,5931.1533203125,88487800.0
2024-08-22,BMRI.JK,7150.0,7175.0,6925.0,7050.0,5767.53564453125,157323000.0
2024-08-23,BMRI.JK,7000.0,7075.0,6975.0,7050.0,5767.53564453125,111752100.0
2024-08-26,BMRI.JK,7050.0,7100.0,7000.0,7050.0,5767.53564453125,78515400.0
2024-08-27,BMRI.JK,7025.0,7050.0,6925.0,7025.0,5747.08349609375,91686700.0
2024-08-28,BMRI.JK,7025.0,7225.0,7000.0,7225.0,5910.701171875,114606200.0
2024-08-29,BMRI.JK,7300.0,7300.0,7100.0,7100.0,5808.43994140625,94475900.0
2024-08-30,BMRI.JK,7100.0,7175.0,7075.0,7125.0,5828.892578125,153760500.0
2024-09-02,BMRI.JK,7200.0,7275.0,7125.0,7200.0,5890.2490234375,82176000.0
2024-09-03,BMRI.JK,7200.0,7250.0,7050.0,7075.0,5787.98828125,75100800.0
2024-09-04,BMRI.JK,7000.0,7175.0,7000.0,7175.0,5869.79736328125,78789800.0
2024-09-05,BMRI.JK,7125.0,7225.0,7125.0,7175.0,5869.79736328125,59432000.0
2024-09-06,BMRI.JK,7175.0,7275.0,7150.0,7250.0,5931.1533203125,63619300.0
2024-09-09,BMRI.JK,7250.0,7250.0,7200.0,7250.0,5931.1533203125,71430300.0
2024-09-10,BMRI.JK,7250.0,7275.0,7225.0,7250.0,5931.1533203125,73515700.0
2024-09-11,BMRI.JK,7300.0,7400.0,7275.0,7375.0,6033.4150390625,91822300.0
2024-09-12,BMRI.JK,7375.0,7425.0,7300.0,7300.0,5972.05810546875,68254300.0
2024-09-13,BMRI.JK,7300.0,7300.0,7225.0,7275.0,5951.60595703125,45854000.0
2024-09-17,BMRI.JK,7325.0,7450.0,7300.0,7425.0,6074.3193359375,96428000.0
2024-09-18,BMRI.JK,7375.0,7450.0,7350.0,7400.0,6053.8671875,47279200.0
2024-09-19,BMRI.JK,7450.0,7550.0,7400.0,7400.0,6053.8671875,124377800.0
2024-09-20,BMRI.JK,7400.0,7425.0,7300.0,7300.0,5972.05810546875,97901700.0
2024-09-23,BMRI.JK,7325.0,7450.0,7300.0,7450.0,6094.77197265625,79675600.0
2024-09-24,BMRI.JK,7400.0,7475.0,7375.0,7425.0,6074.3193359375,81817100.0
2024-09-25,BMRI.JK,7350.0,7350.0,7050.0,7200.0,5890.2490234375,192197100.0
2024-09-26,BMRI.JK,7175.0,7200.0,7100.0,7175.0,5869.79736328125,173044000.0
2024-09-27,BMRI.JK,7025.0,7125.0,7000.0,7050.0,5767.53564453125,161405200.0
2024-09-30,BMRI.JK,7000.0,7025.0,6875.0,6925.0,5665.2744140625,166203500.0
2024-10-01,BMRI.JK,7000.0,7075.0,6950.0,7050.0,5767.53564453125,82690100.0
2024-10-02,BMRI.JK,7025.0,7100.0,6925.0,6975.0,5706.1787109375,91076400.0
2024-10-03,BMRI.JK,7000.0,7075.0,6900.0,7050.0,5767.53564453125,86264900.0
2024-10-04,BMRI.JK,7025.0,7050.0,6900.0,6950.0,5685.7265625,79485300.0
2024-10-07,BMRI.JK,6925.0,6925.0,6800.0,6875.0,5624.36962890625,103943100.0
2024-10-08,BMRI.JK,6825.0,7175.0,6775.0,7075.0,5787.98828125,132141500.0
2024-10-09,BMRI.JK,7075.0,7175.0,6950.0,6950.0,5685.7265625,76515700.0
2024-10-10,BMRI.JK,6925.0,7050.0,6900.0,6950.0,5685.7265625,44291900.0
2024-10-11,BMRI.JK,7025.0,7025.0,6925.0,6950.0,5685.7265625,45331500.0
2024-10-14,BMRI.JK,6925.0,6975.0,6900.0,6925.0,5665.2744140625,55885300.0
2024-10-15,BMRI.JK,7000.0,7100.0,6925.0,7050.0,5767.53564453125,90358600.0
2024-10-16,BMRI.JK,7050.0,7075.0,6925.0,7000.0,5726.630859375,133022500.0
2024-10-17,BMRI.JK,7050.0,7250.0,7000.0,7225.0,5910.701171875,90219900.0
2024-10-18,BMRI.JK,7275.0,7300.0,7175.0,7175.0,5869.79736328125,57379200.0
2024-10-21,BMRI.JK,7250.0,7250.0,7125.0,7200.0,5890.2490234375,43056000.0
2024-10-22,BMRI.JK,7150.0,7175.0,7075.0,7075.0,5787.98828125,43582700.0
2024-10-23,BMRI.JK,7075.0,7125.0,7025.0,7075.0,5787.98828125,38222900.0
2024-10-24,BMRI.JK,7000.0,7150.0,6975.0,6975.0,5706.1787109375,65877100.0
2024-10-25,BMRI.JK,6975.0,7050.0,6975.0,7050.0,5767.53564453125,34637500.0
2024-10-28,BMRI.JK,7075.0,7075.0,6800.0,6825.0,5583.46484375,114500800.0
2024-10-29,BMRI.JK,6800.0,6850.0,6725.0,6825.0,5583.46484375,91268300.0
2024-10-30,BMRI.JK,6575.0,6775.0,6575.0,6750.0,5522.10888671875,122132700.0
2024-10-31,BMRI.JK,6750.0,6825.0,6700.0,6700.0,5481.2041015625,126730700.0
2024-11-01,BMRI.JK,6725.0,6725.0,6550.0,6650.0,5440.2998046875,101423100.0
2024-11-04,BMRI.JK,6600.0,6800.0,6525.0,6750.0,5522.10888671875,80208800.0
2024-11-05,BMRI.JK,6725.0,6950.0,6675.0,6925.0,5665.2744140625,88661200.0
2024-11-06,BMRI.JK,6925.0,6925.0,6550.0,6550.0,5358.49072265625,147272800.0
2024-11-07,BMRI.JK,6500.0,6550.0,6425.0,6425.0,5256.22900390625,154758500.0
2024-11-08,BMRI.JK,6425.0,6525.0,6275.0,6325.0,5174.42041015625,192423000.0
2024-11-11,BMRI.JK,6300.0,6450.0,6150.0,6350.0,5194.87255859375,125606000.0
2024-11-12,BMRI.JK,6375.0,6450.0,6325.0,6375.0,5215.3251953125,117281700.0
2024-11-13,BMRI.JK,6500.0,6550.0,6400.0,6425.0,5256.22900390625,102748300.0
2024-11-14,BMRI.JK,6375.0,6475.0,6350.0,6375.0,5215.3251953125,69750600.0
2024-11-15,BMRI.JK,6300.0,6400.0,6300.0,6350.0,5194.87255859375,41079700.0
2024-11-18,BMRI.JK,6350.0,6425.0,6225.0,6325.0,5174.42041015625,77471700.0
2024-11-19,BMRI.JK,6375.0,6375.0,6225.0,6250.0,5113.0634765625,95495700.0
2024-11-20,BMRI.JK,6325.0,6350.0,6200.0,6225.0,5092.611328125,68707200.0
2024-11-21,BMRI.JK,6225.0,6225.0,6125.0,6150.0,5031.25439453125,76579300.0
2024-11-22,BMRI.JK,6125.0,6300.0,6100.0,6250.0,5113.0634765625,80236400.0
2024-11-25,BMRI.JK,6325.0,6600.0,6325.0,6575.0,5378.94287109375,183449100.0
2024-11-26,BMRI.JK,6600.0,6600.0,6325.0,6400.0,5235.77734375,107194300.0
2024-11-28,BMRI.JK,6350.0,6525.0,6350.0,6450.0,5276.68115234375,81883200.0
2024-11-29,BMRI.JK,6325.0,6375.0,6125.0,6150.0,5031.25439453125,157628700.0
2024-12-02,BMRI.JK,6175.0,6250.0,5975.0,6000.0,4908.54150390625,114555300.0
2024-12-03,BMRI.JK,6100.0,6275.0,6100.0,6275.0,5133.515625,99509800.0
2024-12-04,BMRI.JK,6275.0,6450.0,6225.0,6375.0,5215.3251953125,75260000.0
2024-12-05,BMRI.JK,6350.0,6375.0,6150.0,6150.0,5031.25439453125,69528700.0
2024-12-06,BMRI.JK,6200.0,6275.0,6125.0,6225.0,5092.611328125,75989700.0
2024-12-09,BMRI.JK,6175.0,6375.0,6175.0,6375.0,5215.3251953125,74220300.0
2024-12-10,BMRI.JK,6275.0,6325.0,6225.0,6300.0,5153.9677734375,92245000.0
2024-12-11,BMRI.JK,6300.0,6400.0,6300.0,6300.0,5153.9677734375,62509600.0
2024-12-12,BMRI.JK,6200.0,6225.0,6100.0,6125.0,5010.80224609375,96707500.0
2024-12-13,BMRI.JK,6025.0,6100.0,5975.0,6025.0,4928.99267578125,135581400.0
2024-12-16,BMRI.JK,5900.0,6100.0,5900.0,6075.0,4969.8974609375,105375900.0
2024-12-17,BMRI.JK,6050.0,6075.0,5925.0,5950.0,4867.63671875,72109300.0
2024-12-18,BMRI.JK,5925.0,6000.0,5775.0,5825.0,4765.375,153164600.0
2024-12-19,BMRI.JK,5625.0,5725.0,5600.0,5675.0,4642.66162109375,277793000.0
2024-12-20,BMRI.JK,5675.0,5750.0,5625.0,5675.0,4642.66162109375,148568600.0
2024-12-23,BMRI.JK,5800.0,5875.0,5725.0,5825.0,4765.375,82910100.0
2024-12-24,BMRI.JK,5825.0,5875.0,5750.0,5750.0,4704.0185546875,41240900.0
2024-12-27,BMRI.JK,5750.0,5850.0,5750.0,5800.0,4744.92333984375,46126800.0
2024-12-30,BMRI.JK,5675.0,5750.0,5650.0,5700.0,4663.1142578125,96782100.0
2025-01-02,BMRI.JK,5700.0,5850.0,5700.0,5850.0,4785.82763671875,82914600.0
2025-01-03,BMRI.JK,5850.0,5875.0,5775.0,5800.0,4744.92333984375,58067100.0
2025-01-06,BMRI.JK,5825.0,5825.0,5650.0,5675.0,4642.66162109375,68443700.0
2025-01-07,BMRI.JK,5600.0,5650.0,5550.0,5600.0,4581.3046875,96982300.0
2025-01-08,BMRI.JK,5600.0,5750.0,5600.0,5750.0,4704.0185546875,118246100.0
2025-01-09,BMRI.JK,5725.0,5775.0,5700.0,5750.0,4704.0185546875,56491700.0
2025-01-10,BMRI.JK,5750.0,5775.0,5600.0,5600.0,4581.3046875,77751500.0
2025-01-13,BMRI.JK,5500.0,5550.0,5475.0,5525.0,4519.9482421875,99953900.0
2025-01-14,BMRI.JK,5425.0,5575.0,5400.0,5400.0,4417.68701171875,97351900.0
2025-01-15,BMRI.JK,5475.0,5825.0,5450.0,5750.0,4704.0185546875,194025700.0
2025-01-16,BMRI.JK,6075.0,6200.0,5850.0,5875.0,4806.279296875,204359900.0
2025-01-17,BMRI.JK,5800.0,6050.0,5750.0,5875.0,4806.279296875,114054600.0
2025-01-20,BMRI.JK,6000.0,6050.0,5925.0,6000.0,4908.54150390625,84338400.0
2025-01-21,BMRI.JK,6100.0,6175.0,6025.0,6050.0,4949.4453125,115355900.0
2025-01-22,BMRI.JK,6150.0,6200.0,6100.0,6150.0,5031.25439453125,117929800.0
2025-01-23,BMRI.JK,6200.0,6300.0,6175.0,6175.0,5051.70703125,120893700.0
2025-01-24,BMRI.JK,6250.0,6250.0,6125.0,6125.0,5010.80224609375,96161800.0
2025-01-30,BMRI.JK,6100.0,6225.0,6075.0,6100.0,4990.35009765625,101400400.0
2025-01-31,BMRI.JK,6175.0,6225.0,6025.0,6025.0,4928.99267578125,107861000.0
2025-02-03,BMRI.JK,5975.0,6000.0,5700.0,5800.0,4744.92333984375,182181700.0
2025-02-04,BMRI.JK,5825.0,5850.0,5625.0,5675.0,4642.66162109375,121871500.0
2025-02-05,BMRI.JK,5600.0,5600.0,5475.0,5525.0,4519.9482421875,185656000.0
2025-02-06,BMRI.JK,5425.0,5425.0,5000.0,5100.0,4172.259765625,642118700.0
2025-02-07,BMRI.JK,5000.0,5150.0,4950.0,5150.0,4213.16455078125,407896100.0
2025-02-10,BMRI.JK,5150.0,5150.0,4990.0,5000.0,4090.450927734375,169384300.0
2025-02-11,BMRI.JK,4750.0,4950.0,4750.0,4880.0,3992.280029296875,316743200.0
2025-02-12,BMRI.JK,4920.0,4950.0,4830.0,4940.0,4041.365478515625,225073300.0
2025-02-13,BMRI.JK,4940.0,5075.0,4900.0,5025.0,4110.90283203125,215271400.0
2025-02-14,BMRI.JK,5100.0,5200.0,4970.0,5125.0,4192.7119140625,239709300.0
2025-02-17,BMRI.JK,5200.0,5475.0,5175.0,5425.0,4438.13916015625,223837300.0
2025-02-18,BMRI.JK,5450.0,5550.0,5375.0,5450.0,4458.59130859375,157430200.0
2025-02-19,BMRI.JK,5375.0,5400.0,5125.0,5175.0,4233.61669921875,204335500.0
2025-02-20,BMRI.JK,5125.0,5225.0,5100.0,5150.0,4213.16455078125,98363500.0
2025-02-21,BMRI.JK,5000.0,5100.0,5000.0,5075.0,4151.80712890625,152528600.0
2025-02-24,BMRI.JK,5050.0,5075.0,4980.0,5025.0,4110.90283203125,127578500.0
2025-02-25,BMRI.JK,5000.0,5025.0,4860.0,4870.0,3984.098876953125,224607800.0
2025-02-26,BMRI.JK,4860.0,4980.0,4850.0,4920.0,4025.003662109375,161836900.0
2025-02-27,BMRI.JK,4930.0,4950.0,4660.0,4660.0,3812.300048828125,334919800.0
2025-02-28,BMRI.JK,4620.0,4690.0,4550.0,4600.0,3763.21484375,464696700.0
2025-03-03,BMRI.JK,4750.0,4980.0,4700.0,4900.0,4008.641845703125,257118300.0
2025-03-04,BMRI.JK,4900.0,4920.0,4750.0,4840.0,3959.556396484375,144346500.0
2025-03-05,BMRI.JK,4860.0,5050.0,4860.0,4860.0,3975.918212890625,252222800.0
2025-03-06,BMRI.JK,4910.0,4980.0,4870.0,4870.0,3984.098876953125,194909200.0
2025-03-07,BMRI.JK,4870.0,4870.0,4810.0,4840.0,3959.556396484375,117916600.0
2025-03-10,BMRI.JK,4730.0,4760.0,4660.0,4710.0,3853.204833984375,231152200.0
2025-03-11,BMRI.JK,4650.0,4780.0,4640.0,4740.0,3877.747314453125,150738100.0
2025-03-12,BMRI.JK,4750.0,4880.0,4750.0,4880.0,3992.280029296875,129973900.0
2025-03-13,BMRI.JK,4940.0,4940.0,4710.0,4740.0,3877.747314453125,176286000.0
2025-03-14,BMRI.JK,4640.0,4800.0,4640.0,4740.0,3877.747314453125,154331400.0
2025-03-17,BMRI.JK,4740.0,4770.0,4660.0,4680.0,3828.661865234375,135692800.0
2025-03-18,BMRI.JK,4680.0,4690.0,4300.0,4530.0,3705.9482421875,387565100.0
2025-03-19,BMRI.JK,4530.0,4700.0,4440.0,4680.0,3828.661865234375,273084900.0
2025-03-20,BMRI.JK,4760.0,4770.0,4610.0,4620.0,3779.57666015625,138209700.0
2025-03-21,BMRI.JK,4600.0,4610.0,4380.0,4410.0,3607.777587890625,374396400.0
2025-03-24,BMRI.JK,4350.0,4530.0,4250.0,4460.0,3648.68212890625,319017400.0
2025-03-25,BMRI.JK,4500.0,4810.0,4500.0,4740.0,3877.747314453125,313034100.0
2025-03-26,BMRI.JK,4980.0,5175.0,4930.0,5150.0,4213.16455078125,582172700.0
2025-03-27,BMRI.JK,5150.0,5250.0,5050.0,5200.0,4254.06884765625,301025300.0
2025-04-08,BMRI.JK,4500.0,4830.0,4500.0,4670.0,3820.481201171875,738455000.0
2025-04-09,BMRI.JK,4630.0,4790.0,4630.0,4710.0,3853.204833984375,316821100.0
2025-04-10,BMRI.JK,5200.0,5225.0,4970.0,5025.0,4110.90283203125,559966600.0
2025-04-11,BMRI.JK,5000.0,5175.0,4950.0,5100.0,4172.259765625,384917500.0
2025-04-14,BMRI.JK,4650.0,4750.0,4650.0,4750.0,4276.87158203125,423716000.0
2025-04-15,BMRI.JK,4800.0,4820.0,4710.0,4710.0,4240.85595703125,230981700.0
2025-04-16,BMRI.JK,4740.0,4750.0,4590.0,4630.0,4168.82421875,201660000.0
2025-04-17,BMRI.JK,4630.0,4660.0,4570.0,4600.0,4141.81298828125,165381400.0
2025-04-21,BMRI.JK,4600.0,4640.0,4560.0,4610.0,4150.81640625,83034600.0
2025-04-22,BMRI.JK,4610.0,4720.0,4590.0,4720.0,4249.85986328125,126426200.0
2025-04-23,BMRI.JK,4780.0,4900.0,4740.0,4900.0,4411.9306640625,273395600.0
2025-04-24,BMRI.JK,4950.0,5025.0,4860.0,4890.0,4402.9267578125,282970000.0
2025-04-25,BMRI.JK,4960.0,4960.0,4900.0,4900.0,4411.9306640625,134208400.0
2025-04-28,BMRI.JK,4950.0,4980.0,4890.0,4920.0,4429.9384765625,90697900.0
2025-04-29,BMRI.JK,4930.0,4950.0,4880.0,4940.0,4447.9462890625,108857600.0
2025-04-30,BMRI.JK,4900.0,4920.0,4810.0,4890.0,4402.9267578125,278360600.0
2025-05-02,BMRI.JK,4980.0,4980.0,4910.0,4960.0,4465.95458984375,146800800.0
2025-05-05,BMRI.JK,4990.0,5100.0,4960.0,4980.0,4483.96240234375,154073100.0
2025-05-06,BMRI.JK,5025.0,5050.0,4980.0,4980.0,4483.96240234375,120165500.0
2025-05-07,BMRI.JK,5050.0,5050.0,4950.0,4950.0,4456.95068359375,100674600.0
2025-05-08,BMRI.JK,4960.0,5025.0,4790.0,4790.0,4312.88720703125,205199700.0
2025-05-09,BMRI.JK,4790.0,4830.0,4750.0,4770.0,4294.87939453125,164014200.0
2025-05-14,BMRI.JK,4890.0,5050.0,4880.0,5050.0,4546.98974609375,342468200.0
2025-05-15,BMRI.JK,5075.0,5400.0,5050.0,5325.0,4794.5986328125,300147300.0
2025-05-16,BMRI.JK,5425.0,5475.0,5200.0,5475.0,4929.6572265625,229382100.0
2025-05-19,BMRI.JK,5450.0,5575.0,5400.0,5525.0,4974.67724609375,191440600.0
2025-05-20,BMRI.JK,5500.0,5550.0,5350.0,5400.0,4862.1279296875,145525700.0
2025-05-21,BMRI.JK,5400.0,5550.0,5375.0,5450.0,4907.1474609375,167239400.0
2025-05-22,BMRI.JK,5450.0,5500.0,5400.0,5450.0,4907.1474609375,137585600.0
2025-05-23,BMRI.JK,5450.0,5475.0,5375.0,5425.0,4884.6376953125,67336400.0
2025-05-26,BMRI.JK,5425.0,5475.0,5300.0,5475.0,4929.6572265625,102960800.0
2025-05-27,BMRI.JK,5500.0,5500.0,5400.0,5400.0,4862.1279296875,86083800.0
2025-05-28,BMRI.JK,5400.0,5425.0,5300.0,5300.0,4772.08837890625,190669100.0
2025-06-02,BMRI.JK,5200.0,5250.0,5025.0,5075.0,4569.49951171875,373474500.0
2025-06-03,BMRI.JK,5100.0,5125.0,4950.0,5050.0,4546.98974609375,169321800.0
2025-06-04,BMRI.JK,5125.0,5125.0,4980.0,5025.0,4524.47998046875,139577800.0
2025-06-05,BMRI.JK,5050.0,5075.0,5000.0,5075.0,4569.49951171875,69179700.0
2025-06-10,BMRI.JK,5075.0,5250.0,5075.0,5250.0,4727.06884765625,158265000.0
2025-06-11,BMRI.JK,5300.0,5300.0,5150.0,5200.0,4682.048828125,90666100.0
2025-06-12,BMRI.JK,5225.0,5225.0,5125.0,5175.0,4659.5390625,72423700.0
2025-06-13,BMRI.JK,5175.0,5250.0,5100.0,5150.0,4637.029296875,128071000.0
2025-06-16,BMRI.JK,5150.0,5200.0,5100.0,5150.0,4637.029296875,61695600.0
2025-06-17,BMRI.JK,5175.0,5225.0,5100.0,5100.0,4592.00927734375,70657700.0
2025-06-18,BMRI.JK,5075.0,5100.0,5025.0,5075.0,4569.49951171875,53353000.0
2025-06-19,BMRI.JK,5050.0,5050.0,4910.0,4970.0,4474.9580078125,114769600.0
2025-06-20,BMRI.JK,4940.0,4990.0,4830.0,4930.0,4438.94287109375,301154300.0
2025-06-23,BMRI.JK,4870.0,4930.0,4800.0,4920.0,4429.9384765625,119439200.0
2025-06-24,BMRI.JK,5050.0,5125.0,5025.0,5025.0,4524.47998046875,126563900.0
2025-06-25,BMRI.JK,5025.0,5050.0,4880.0,4880.0,4393.9228515625,139963400.0
2025-06-26,BMRI.JK,4950.0,5025.0,4910.0,5025.0,4524.47998046875,94704500.0
2025-06-30,BMRI.JK,5050.0,5050.0,4880.0,4880.0,4393.9228515625,220479900.0
2025-07-01,BMRI.JK,4900.0,4910.0,4710.0,4750.0,4276.87158203125,319875800.0
2025-07-02,BMRI.JK,4730.0,4770.0,4710.0,4770.0,4294.87939453125,159152200.0
2025-07-03,BMRI.JK,4780.0,4850.0,4720.0,4740.0,4267.86767578125,103849000.0
2025-07-04,BMRI.JK,4750.0,4790.0,4700.0,4740.0,4267.86767578125,104170500.0
2025-07-07,BMRI.JK,4740.0,4750.0,4680.0,4740.0,4267.86767578125,120538300.0
2025-07-08,BMRI.JK,4710.0,4750.0,4700.0,4720.0,4249.85986328125,132853800.0
2025-07-09,BMRI.JK,4720.0,4760.0,4670.0,4710.0,4240.85595703125,110198500.0
2025-07-10,BMRI.JK,4750.0,4830.0,4730.0,4820.0,4339.8994140625,160889700.0
2025-07-11,BMRI.JK,4850.0,4990.0,4830.0,4970.0,4474.9580078125,219980300.0
2025-07-14,BMRI.JK,4980.0,4990.0,4670.0,4690.0,4222.84814453125,429438700.0
2025-07-15,BMRI.JK,4700.0,4740.0,4690.0,4700.0,4231.85205078125,206958200.0
2025-07-16,BMRI.JK,4730.0,4760.0,4680.0,4690.0,4222.84814453125,323831100.0
2025-07-17,BMRI.JK,4700.0,4720.0,4680.0,4720.0,4249.85986328125,120304000.0
2025-07-18,BMRI.JK,4760.0,4810.0,4720.0,4740.0,4267.86767578125,161262400.0
2025-07-21,BMRI.JK,4770.0,4770.0,4680.0,4680.0,4213.84423828125,103387400.0
2025-07-22,BMRI.JK,4680.0,4710.0,4650.0,4660.0,4195.8359375,132984400.0
2025-07-23,BMRI.JK,4660.0,4690.0,4660.0,4680.0,4213.84423828125,115298400.0
2025-07-24,BMRI.JK,4690.0,4840.0,4680.0,4800.0,4321.8916015625,273623100.0
2025-07-25,BMRI.JK,4800.0,4800.0,4690.0,4690.0,4222.84814453125,88471700.0
2025-07-28,BMRI.JK,4730.0,4750.0,4690.0,4700.0,4231.85205078125,112048900.0
2025-07-29,BMRI.JK,4700.0,4720.0,4690.0,4710.0,4240.85595703125,74422700.0
2025-07-30,BMRI.JK,4710.0,4720.0,4620.0,4620.0,4159.8203125,141263400.0
2025-07-31,BMRI.JK,4610.0,4640.0,4510.0,4510.0,4060.77685546875,155903600.0
2025-08-01,BMRI.JK,4570.0,4610.0,4510.0,4530.0,4078.784912109375,157949900.0
2025-08-04,BMRI.JK,4530.0,4630.0,4510.0,4620.0,4159.8203125,174404800.0
2025-08-05,BMRI.JK,4690.0,4780.0,4660.0,4750.0,4276.87158203125,277668300.0
2025-08-06,BMRI.JK,4750.0,4750.0,4690.0,4700.0,4231.85205078125,79277900.0
2025-08-07,BMRI.JK,4740.0,4740.0,4680.0,4680.0,4213.84423828125,61453100.0
2025-08-08,BMRI.JK,4680.0,4700.0,4660.0,4670.0,4204.84033203125,71516700.0
2025-08-11,BMRI.JK,4710.0,4780.0,4700.0,4720.0,4249.85986328125,105204200.0
2025-08-12,BMRI.JK,4770.0,4920.0,4750.0,4910.0,4420.93505859375,301599000.0
2025-08-13,BMRI.JK,4930.0,4970.0,4860.0,4870.0,4384.9189453125,180844900.0
2025-08-14,BMRI.JK,4910.0,4930.0,4840.0,4850.0,4366.9111328125,109457100.0
2025-08-15,BMRI.JK,4890.0,4930.0,4850.0,4850.0,4366.9111328125,126685400.0
2025-08-19,BMRI.JK,4860.0,4870.0,4780.0,4800.0,4321.8916015625,116454000.0
2025-08-20,BMRI.JK,4790.0,4950.0,4780.0,4950.0,4456.95068359375,144622900.0
2025-08-21,BMRI.JK,4950.0,4950.0,4860.0,4900.0,4411.9306640625,132019200.0
2025-08-22,BMRI.JK,4920.0,4920.0,4870.0,4890.0,4402.9267578125,73104500.0
2025-08-25,BMRI.JK,4950.0,4980.0,4920.0,4950.0,4456.95068359375,149580800.0
2025-08-26,BMRI.JK,4950.0,4950.0,4860.0,4900.0,4411.9306640625,308891700.0
2025-08-27,BMRI.JK,4840.0,4880.0,4800.0,4800.0,4321.8916015625,113576300.0
2025-08-28,BMRI.JK,4790.0,4850.0,4770.0,4770.0,4294.87939453125,111707400.0
2025-08-29,BMRI.JK,4720.0,4750.0,4660.0,4730.0,4258.86376953125,176485100.0
2025-09-01,BMRI.JK,4550.0,4670.0,4460.0,4600.0,4141.81298828125,320335300.0
2025-09-02,BMRI.JK,4610.0,4670.0,4560.0,4570.0,4114.80078125,150045600.0
2025-09-03,BMRI.JK,4620.0,4660.0,4570.0,4620.0,4159.8203125,131617900.0
2025-09-04,BMRI.JK,4630.0,4680.0,4620.0,4680.0,4213.84423828125,88735300.0
2025-09-08,BMRI.JK,4750.0,4750.0,4460.0,4490.0,4042.76953125,200234500.0
2025-09-09,BMRI.JK,4450.0,4480.0,4310.0,4310.0,3880.6982421875,509366600.0
2025-09-10,BMRI.JK,4360.0,4420.0,4350.0,4400.0,3961.733642578125,293494200.0
2025-09-11,BMRI.JK,4480.0,4540.0,4450.0,4480.0,4033.76513671875,366697800.0
2025-09-12,BMRI.JK,4500.0,4550.0,4480.0,4520.0,4069.781005859375,216960200.0
2025-09-15,BMRI.JK,4550.0,4640.0,4520.0,4530.0,4078.784912109375,231346000.0
2025-09-16,BMRI.JK,4570.0,4570.0,4460.0,4480.0,4033.76513671875,122027400.0
2025-09-17,BMRI.JK,4480.0,4520.0,4440.0,4510.0,4060.77685546875,232702500.0
2025-09-18,BMRI.JK,4540.0,4550.0,4420.0,4420.0,3979.741455078125,177560100.0
2025-09-19,BMRI.JK,4350.0,4420.0,4330.0,4380.0,3943.72607421875,235975900.0
2025-09-22,BMRI.JK,4410.0,4420.0,4360.0,4420.0,3979.741455078125,107176100.0
2025-09-23,BMRI.JK,4390.0,4430.0,4370.0,4410.0,3970.73779296875,90675500.0
2025-09-24,BMRI.JK,4410.0,4430.0,4390.0,4390.0,3952.729736328125,85439100.0
2025-09-25,BMRI.JK,4400.0,4410.0,4360.0,4360.0,3925.71826171875,73946900.0
2025-09-26,BMRI.JK,4350.0,4430.0,4350.0,4420.0,3979.741455078125,86572900.0
2025-09-29,BMRI.JK,4420.0,4430.0,4400.0,4400.0,3961.733642578125,63753600.0
2025-09-30,BMRI.JK,4420.0,4450.0,4380.0,4400.0,3961.733642578125,108639600.0
2025-10-01,BMRI.JK,4360.0,4400.0,4350.0,4380.0,3943.72607421875,92265100.0
2025-10-02,BMRI.JK,4410.0,4440.0,4360.0,4360.0,3925.71826171875,93387400.0
2025-10-03,BMRI.JK,4370.0,4380.0,4300.0,4310.0,3880.6982421875,102459100.0
2025-10-06,BMRI.JK,4320.0,4330.0,4260.0,4260.0,3835.678466796875,96040500.0
2025-10-07,BMRI.JK,4260.0,4320.0,4250.0,4290.0,3862.690185546875,100237500.0
2025-10-08,BMRI.JK,4280.0,4290.0,4210.0,4250.0,3826.6748046875,97466800.0
2025-10-09,BMRI.JK,4240.0,4450.0,4200.0,4390.0,3952.729736328125,183242600.0
2025-10-10,BMRI.JK,4410.0,4420.0,4250.0,4250.0,3826.6748046875,139911200.0
2025-10-13,BMRI.JK,4210.0,4240.0,4200.0,4230.0,3808.6669921875,79178600.0
2025-10-14,BMRI.JK,4220.0,4270.0,4090.0,4090.0,3682.611572265625,188507000.0
2025-10-15,BMRI.JK,4110.0,4140.0,4010.0,4050.0,3646.595947265625,270562400.0
2025-10-16,BMRI.JK,4050.0,4150.0,4050.0,4090.0,3682.611572265625,125979600.0
2025-10-17,BMRI.JK,4110.0,4110.0,4030.0,4050.0,3646.595947265625,247510000.0
2025-10-20,BMRI.JK,4120.0,4320.0,4070.0,4300.0,3871.6943359375,331939200.0
2025-10-21,BMRI.JK,4350.0,4390.0,4300.0,4350.0,3916.7138671875,230858900.0
2025-10-22,BMRI.JK,4350.0,4460.0,4290.0,4330.0,3898.7060546875,216261300.0
2025-10-23,BMRI.JK,4310.0,4440.0,4310.0,4430.0,3988.74560546875,202102500.0
2025-10-24,BMRI.JK,4380.0,4590.0,4380.0,4550.0,4096.79296875,350420300.0
2025-10-27,BMRI.JK,4590.0,4600.0,4410.0,4470.0,4024.761474609375,245576100.0
2025-10-28,BMRI.JK,4490.0,4510.0,4440.0,4510.0,4060.77685546875,174666600.0
2025-10-29,BMRI.JK,4500.0,4650.0,4490.0,4650.0,4186.83251953125,176978800.0
2025-10-30,BMRI.JK,4670.0,4830.0,4650.0,4800.0,4321.8916015625,390256000.0
2025-10-31,BMRI.JK,4790.0,4800.0,4720.0,4720.0,4249.85986328125,227378000.0
2025-11-03,BMRI.JK,4710.0,4760.0,4700.0,4760.0,4285.87548828125,129834200.0
2025-11-04,BMRI.JK,4760.0,4790.0,4720.0,4730.0,4258.86376953125,136412400.0
2025-11-05,BMRI.JK,4690.0,4770.0,4680.0,4770.0,4294.87939453125,102878900.0
2025-11-06,BMRI.JK,4790.0,4790.0,4750.0,4750.0,4276.87158203125,57932600.0
2025-11-07,BMRI.JK,4750.0,4780.0,4740.0,4750.0,4276.87158203125,58845500.0
2025-11-10,BMRI.JK,4790.0,4790.0,4730.0,4730.0,4258.86376953125,88738200.0
2025-11-11,BMRI.JK,4740.0,4750.0,4610.0,4680.0,4213.84423828125,168794500.0
2025-11-12,BMRI.JK,4680.0,4790.0,4680.0,4760.0,4285.87548828125,138539800.0
2025-11-13,BMRI.JK,4760.0,4760.0,4690.0,4700.0,4231.85205078125,108100300.0
2025-11-14,BMRI.JK,4690.0,4750.0,4680.0,4750.0,4276.87158203125,73479600.0
2025-11-17,BMRI.JK,4780.0,4850.0,4770.0,4820.0,4339.8994140625,136477100.0
2025-11-18,BMRI.JK,4810.0,4850.0,4780.0,4790.0,4312.88720703125,127022100.0
2025-11-19,BMRI.JK,4820.0,4850.0,4800.0,4850.0,4366.9111328125,107585700.0
2025-11-20,BMRI.JK,4940.0,4990.0,4900.0,4940.0,4447.9462890625,234717700.0
2025-11-21,BMRI.JK,4940.0,4970.0,4900.0,4950.0,4456.95068359375,142452600.0
2025-11-24,BMRI.JK,4910.0,5100.0,4870.0,5100.0,4592.00927734375,303252000.0
2025-11-25,BMRI.JK,5075.0,5100.0,4950.0,5025.0,4524.47998046875,169379300.0
2025-11-26,BMRI.JK,5025.0,5025.0,4960.0,5025.0,4524.47998046875,128492000.0
2025-11-27,BMRI.JK,5025.0,5025.0,4850.0,4860.0,4375.9150390625,170213000.0
2025-11-28,BMRI.JK,4800.0,4880.0,4800.0,4830.0,4348.9033203125,128777200.0
2025-12-01,BMRI.JK,4850.0,4910.0,4820.0,4860.0,4375.9150390625,58603700.0
2025-12-02,BMRI.JK,4920.0,4940.0,4820.0,4850.0,4366.9111328125,104013500.0
2025-12-03,BMRI.JK,4850.0,4920.0,4820.0,4880.0,4393.9228515625,102556300.0
2025-12-04,BMRI.JK,4930.0,4940.0,4880.0,4920.0,4429.9384765625,59392600.0
2025-12-05,BMRI.JK,4940.0,4940.0,4870.0,4900.0,4411.9306640625,53969200.0
2025-12-08,BMRI.JK,4950.0,4960.0,4910.0,4950.0,4456.95068359375,62947600.0
2025-12-09,BMRI.JK,4970.0,4980.0,4870.0,4890.0,4402.9267578125,134575200.0
2025-12-10,BMRI.JK,4950.0,4970.0,4870.0,4970.0,4474.9580078125,96005900.0
2025-12-11,BMRI.JK,5000.0,5050.0,4830.0,4950.0,4456.95068359375,151956700.0
2025-12-12,BMRI.JK,4980.0,4980.0,4820.0,4820.0,4339.8994140625,111830600.0
2025-12-15,BMRI.JK,4820.0,5025.0,4790.0,4990.0,4492.96630859375,122451500.0
2025-12-16,BMRI.JK,5025.0,5050.0,4920.0,5000.0,4501.97021484375,137373200.0
2025-12-17,BMRI.JK,4990.0,5025.0,4960.0,5025.0,4524.47998046875,94254100.0
2025-12-18,BMRI.JK,5025.0,5175.0,5025.0,5150.0,4637.029296875,150669000.0
2025-12-19,BMRI.JK,5175.0,5200.0,5100.0,5175.0,4659.5390625,161960800.0
2025-12-22,BMRI.JK,5175.0,5200.0,5025.0,5100.0,4592.00927734375,93615600.0
2025-12-23,BMRI.JK,5050.0,5100.0,5000.0,5050.0,4546.98974609375,44307700.0
2025-12-24,BMRI.JK,5025.0,5100.0,5025.0,5050.0,4546.98974609375,40272500.0
2025-12-29,BMRI.JK,5075.0,5150.0,5050.0,5075.0,4569.49951171875,55697500.0
2025-12-30,BMRI.JK,5075.0,5150.0,5050.0,5100.0,4592.00927734375,74077800.0
2026-01-02,BMRI.JK,5125.0,5150.0,5025.0,5075.0,4569.49951171875,59263700.0
2026-01-05,BMRI.JK,5075.0,5100.0,5025.0,5050.0,4546.98974609375,108458200.0
2026-01-06,BMRI.JK,4990.0,4990.0,4880.0,4880.0,4482.68896484375,180600600.0
2026-01-07,BMRI.JK,4890.0,4900.0,4800.0,4810.0,4418.38818359375,284261700.0
2026-01-08,BMRI.JK,4820.0,4880.0,4810.0,4810.0,4418.38818359375,108534300.0
2026-01-09,BMRI.JK,4820.0,4840.0,4760.0,4760.0,4372.458984375,104703800.0
2026-01-12,BMRI.JK,4780.0,4850.0,4720.0,4770.0,4381.64453125,118384500.0
2026-01-13,BMRI.JK,4800.0,4840.0,4780.0,4820.0,4427.57373046875,93419500.0
2026-01-14,BMRI.JK,4840.0,4850.0,4770.0,4840.0,4445.94580078125,114314800.0
2017-01-02,TLKM.JK,3980.0,3980.0,3980.0,3980.0,2406.24267578125,0.0
2017-01-03,TLKM.JK,3950.0,3990.0,3920.0,3950.0,2388.10546875,71660600.0
2017-01-04,TLKM.JK,3880.0,3980.0,3880.0,3950.0,2388.10546875,68494500.0
2017-01-05,TLKM.JK,3960.0,4030.0,3940.0,3950.0,2388.10546875,74018400.0
2017-01-06,TLKM.JK,3970.0,4010.0,3960.0,4000.0,2418.33447265625,44136900.0
2017-01-09,TLKM.JK,4000.0,4030.0,3990.0,4020.0,2430.426025390625,85713200.0
2017-01-10,TLKM.JK,4030.0,4030.0,3960.0,4000.0,2418.33447265625,44608000.0
2017-01-11,TLKM.JK,3960.0,4000.0,3950.0,3960.0,2394.151123046875,47226300.0
2017-01-12,TLKM.JK,3920.0,3970.0,3920.0,3960.0,2394.151123046875,45738500.0
2017-01-13,TLKM.JK,3930.0,3970.0,3930.0,3950.0,2388.10546875,64704600.0
2017-01-16,TLKM.JK,3970.0,4000.0,3950.0,3950.0,2388.10546875,42188800.0
2017-01-17,TLKM.JK,3980.0,4000.0,3960.0,3970.0,2400.19677734375,45793400.0
2017-01-18,TLKM.JK,3960.0,4010.0,3950.0,3960.0,2394.151123046875,56558200.0
2017-01-19,TLKM.JK,3940.0,3980.0,3920.0,3970.0,2400.19677734375,53435400.0
2017-01-20,TLKM.JK,3920.0,3940.0,3820.0,3830.0,2315.555419921875,101523500.0
2017-01-23,TLKM.JK,3800.0,3880.0,3780.0,3840.0,2321.60107421875,77653500.0
2017-01-24,TLKM.JK,3850.0,3950.0,3850.0,3910.0,2363.921875,113430200.0
2017-01-25,TLKM.JK,3940.0,3940.0,3890.0,3900.0,2357.876220703125,47799100.0
2017-01-26,TLKM.JK,3900.0,3960.0,3860.0,3940.0,2382.059326171875,60944600.0
2017-01-27,TLKM.JK,3900.0,3920.0,3880.0,3890.0,2351.829833984375,47240400.0
2017-01-30,TLKM.JK,3860.0,3910.0,3860.0,3860.0,2333.69287109375,30060700.0
2017-01-31,TLKM.JK,3870.0,3920.0,3860.0,3870.0,2339.73828125,57849200.0
2017-02-01,TLKM.JK,3910.0,3980.0,3900.0,3940.0,2382.059326171875,77648400.0
2017-02-02,TLKM.JK,3940.0,3980.0,3900.0,3950.0,2388.10546875,73895600.0
2017-02-03,TLKM.JK,3900.0,3970.0,3900.0,3950.0,2388.10546875,59225000.0
2017-02-06,TLKM.JK,3940.0,3960.0,3910.0,3960.0,2394.151123046875,52999700.0
2017-02-07,TLKM.JK,3930.0,3960.0,3920.0,3920.0,2369.9677734375,66017500.0
2017-02-08,TLKM.JK,3900.0,3920.0,3860.0,3870.0,2339.73828125,115706000.0
2017-02-09,TLKM.JK,3870.0,3910.0,3860.0,3870.0,2339.73828125,78090700.0
2017-02-10,TLKM.JK,3870.0,3910.0,3860.0,3890.0,2351.829833984375,91636700.0
2017-02-13,TLKM.JK,3920.0,3920.0,3900.0,3920.0,2369.9677734375,54547600.0
2017-02-14,TLKM.JK,3900.0,3900.0,3840.0,3860.0,2333.69287109375,146309400.0
2017-02-15,TLKM.JK,3860.0,3860.0,3860.0,3860.0,2333.69287109375,0.0
2017-02-16,TLKM.JK,3880.0,3890.0,3840.0,3870.0,2339.73828125,127779400.0
2017-02-17,TLKM.JK,3890.0,3890.0,3850.0,3870.0,2339.73828125,80814700.0
2017-02-20,TLKM.JK,3860.0,3880.0,3850.0,3870.0,2339.73828125,26820400.0
2017-02-21,TLKM.JK,3880.0,3890.0,3860.0,3880.0,2345.783935546875,49368500.0
2017-02-22,TLKM.JK,3880.0,3890.0,3850.0,3880.0,2345.783935546875,74260200.0
2017-02-23,TLKM.JK,3860.0,3870.0,3830.0,3840.0,2321.60107421875,122760100.0
2017-02-24,TLKM.JK,3830.0,3870.0,3830.0,3840.0,2321.60107421875,71119600.0
2017-02-27,TLKM.JK,3850.0,3890.0,3850.0,3870.0,2339.73828125,54712100.0
2017-02-28,TLKM.JK,3860.0,3900.0,3850.0,3850.0,2327.646484375,65928100.0
2017-03-01,TLKM.JK,3870.0,3890.0,3840.0,3850.0,2327.646484375,79662500.0
2017-03-02,TLKM.JK,3870.0,3870.0,3830.0,3830.0,2315.555419921875,59748700.0
2017-03-03,TLKM.JK,3820.0,3870.0,3810.0,3850.0,2327.646484375,92350100.0
2017-03-06,TLKM.JK,3860.0,3920.0,3850.0,3920.0,2369.9677734375,99064100.0
2017-03-07,TLKM.JK,3920.0,3950.0,3890.0,3950.0,2388.10546875,61945400.0
2017-03-08,TLKM.JK,3920.0,3930.0,3880.0,3880.0,2345.783935546875,31336300.0
2017-03-09,TLKM.JK,3960.0,3960.0,3880.0,3960.0,2394.151123046875,83224900.0
2017-03-10,TLKM.JK,3970.0,3990.0,3910.0,3950.0,2388.10546875,70318300.0
2017-03-13,TLKM.JK,3940.0,3970.0,3920.0,3950.0,2388.10546875,54433000.0
2017-03-14,TLKM.JK,3950.0,4070.0,3950.0,4050.0,2448.5634765625,122779100.0
2017-03-15,TLKM.JK,4030.0,4080.0,4010.0,4040.0,2442.517578125,80434200.0
2017-03-16,TLKM.JK,4060.0,4150.0,4060.0,4140.0,2502.976318359375,123306900.0
2017-03-17,TLKM.JK,4140.0,4140.0,4030.0,4110.0,2484.838623046875,123085600.0
2017-03-20,TLKM.JK,4100.0,4110.0,4050.0,4100.0,2478.79248046875,87628300.0
2017-03-21,TLKM.JK,4060.0,4120.0,4060.0,4090.0,2472.74658203125,75349600.0
2017-03-22,TLKM.JK,4060.0,4080.0,4010.0,4070.0,2460.6552734375,110927600.0
2017-03-23,TLKM.JK,4070.0,4100.0,4050.0,4090.0,2472.74658203125,72319900.0
2017-03-24,TLKM.JK,4080.0,4110.0,4050.0,4080.0,2466.701171875,71877500.0
2017-03-27,TLKM.JK,4080.0,4090.0,4070.0,4080.0,2466.701171875,56070700.0
2017-03-29,TLKM.JK,4080.0,4150.0,4080.0,4150.0,2509.021728515625,84076600.0
2017-03-30,TLKM.JK,4140.0,4170.0,4110.0,4140.0,2502.976318359375,61410200.0
2017-03-31,TLKM.JK,4180.0,4190.0,4130.0,4130.0,2496.93017578125,88859000.0
2017-04-03,TLKM.JK,4130.0,4200.0,4130.0,4170.0,2521.113525390625,66564400.0
2017-04-04,TLKM.JK,4170.0,4290.0,4170.0,4250.0,2569.48046875,108165500.0
2017-04-05,TLKM.JK,4250.0,4250.0,4250.0,4250.0,2569.48046875,0.0
2017-04-06,TLKM.JK,4180.0,4200.0,4130.0,4170.0,2521.113525390625,79905800.0
2017-04-07,TLKM.JK,4130.0,4140.0,4110.0,4130.0,2496.93017578125,72954300.0
2017-04-10,TLKM.JK,4110.0,4140.0,4090.0,4100.0,2478.79248046875,53211800.0
2017-04-11,TLKM.JK,4110.0,4180.0,4110.0,4150.0,2509.021728515625,54580200.0
2017-04-12,TLKM.JK,4170.0,4170.0,4110.0,4150.0,2509.021728515625,33441400.0
2017-04-13,TLKM.JK,4150.0,4170.0,4090.0,4090.0,2472.74658203125,47225000.0
2017-04-17,TLKM.JK,4090.0,4090.0,4010.0,4010.0,2424.380126953125,51373500.0
2017-04-18,TLKM.JK,4060.0,4120.0,4050.0,4070.0,2460.6552734375,68193500.0
2017-04-19,TLKM.JK,4070.0,4070.0,4070.0,4070.0,2460.6552734375,0.0
2017-04-20,TLKM.JK,4030.0,4150.0,4030.0,4110.0,2484.838623046875,110208600.0
2017-04-21,TLKM.JK,4180.0,4420.0,4170.0,4420.0,2672.259521484375,237062100.0
2017-04-25,TLKM.JK,4500.0,4520.0,4330.0,4420.0,2672.259521484375,213322700.0
2017-04-26,TLKM.JK,4380.0,4410.0,4360.0,4400.0,2660.16748046875,103930700.0
2017-04-27,TLKM.JK,4380.0,4400.0,4360.0,4370.0,2642.0302734375,78695300.0
2017-04-28,TLKM.JK,4400.0,4410.0,4370.0,4370.0,2642.0302734375,124845700.0
2017-05-02,TLKM.JK,4410.0,4450.0,4380.0,4410.0,2666.2138671875,140198900.0
2017-05-03,TLKM.JK,4400.0,4400.0,4330.0,4340.0,2695.63427734375,92896600.0
2017-05-04,TLKM.JK,4360.0,4390.0,4340.0,4370.0,2714.267822265625,100510700.0
2017-05-05,TLKM.JK,4350.0,4360.0,4330.0,4340.0,2695.63427734375,43566800.0
2017-05-08,TLKM.JK,4370.0,4380.0,4310.0,4340.0,2695.63427734375,85508700.0
2017-05-09,TLKM.JK,4390.0,4450.0,4330.0,4340.0,2695.63427734375,90061700.0
2017-05-10,TLKM.JK,4340.0,4410.0,4330.0,4370.0,2714.267822265625,85484500.0
2017-05-12,TLKM.JK,4410.0,4440.0,4380.0,4400.0,2732.901123046875,84813500.0
2017-05-15,TLKM.JK,4420.0,4420.0,4320.0,4360.0,2708.056640625,88965200.0
2017-05-16,TLKM.JK,4390.0,4390.0,4340.0,4340.0,2695.63427734375,79436500.0
2017-05-17,TLKM.JK,4380.0,4380.0,4300.0,4340.0,2695.63427734375,65470700.0
2017-05-18,TLKM.JK,4300.0,4340.0,4270.0,4310.0,2677.000732421875,78913600.0
2017-05-19,TLKM.JK,4300.0,4650.0,4300.0,4530.0,2813.645751953125,140860000.0
2017-05-22,TLKM.JK,4590.0,4670.0,4440.0,4470.0,2776.37890625,92800400.0
2017-05-23,TLKM.JK,4500.0,4520.0,4370.0,4400.0,2732.901123046875,70551200.0
2017-05-24,TLKM.JK,4360.0,4410.0,4330.0,4360.0,2708.056640625,76441800.0
2017-05-26,TLKM.JK,4430.0,4490.0,4430.0,4470.0,2776.37890625,123903300.0
2017-05-29,TLKM.JK,4470.0,4470.0,4360.0,4390.0,2726.68994140625,69694400.0
2017-05-30,TLKM.JK,4350.0,4380.0,4330.0,4330.0,2689.4228515625,57720500.0
2017-05-31,TLKM.JK,4350.0,4370.0,4300.0,4350.0,2701.845458984375,184808900.0
2017-06-01,TLKM.JK,4350.0,4350.0,4350.0,4350.0,2701.845458984375,0.0
2017-06-02,TLKM.JK,4400.0,4450.0,4340.0,4380.0,2720.47900390625,168414800.0
2017-06-05,TLKM.JK,4340.0,4380.0,4300.0,4340.0,2695.63427734375,88200300.0
2017-06-06,TLKM.JK,4350.0,4350.0,4300.0,4310.0,2677.000732421875,99538800.0
2017-06-07,TLKM.JK,4350.0,4350.0,4290.0,4320.0,2683.2119140625,99176400.0
2017-06-08,TLKM.JK,4320.0,4320.0,4300.0,4300.0,2670.789794921875,88979800.0
2017-06-09,TLKM.JK,4370.0,4380.0,4320.0,4330.0,2689.4228515625,137960200.0
2017-06-12,TLKM.JK,4320.0,4340.0,4310.0,4330.0,2689.4228515625,52481100.0
2017-06-13,TLKM.JK,4340.0,4360.0,4330.0,4360.0,2708.056640625,61967400.0
2017-06-14,TLKM.JK,4380.0,4380.0,4330.0,4360.0,2708.056640625,72198600.0
2017-06-15,TLKM.JK,4350.0,4370.0,4330.0,4360.0,2708.056640625,50887900.0
2017-06-16,TLKM.JK,4330.0,4440.0,4330.0,4370.0,2714.267822265625,267351200.0
2017-06-19,TLKM.JK,4400.0,4420.0,4390.0,4400.0,2732.901123046875,48458800.0
2017-06-20,TLKM.JK,4420.0,4510.0,4400.0,4490.0,2788.80126953125,93396600.0
2017-06-21,TLKM.JK,4480.0,4530.0,4460.0,4520.0,2807.434814453125,116596300.0
2017-06-22,TLKM.JK,4540.0,4540.0,4500.0,4520.0,2807.434814453125,76420700.0
2017-06-23,TLKM.JK,4520.0,4520.0,4520.0,4520.0,2807.434814453125,0.0
2017-06-26,TLKM.JK,4520.0,4520.0,4520.0,4520.0,2807.434814453125,0.0
2017-06-27,TLKM.JK,4520.0,4520.0,4520.0,4520.0,2807.434814453125,0.0
2017-06-28,TLKM.JK,4520.0,4520.0,4520.0,4520.0,2807.434814453125,0.0
2017-06-29,TLKM.JK,4520.0,4520.0,4520.0,4520.0,2807.434814453125,0.0
2017-06-30,TLKM.JK,4520.0,4520.0,4520.0,4520.0,2807.434814453125,0.0
2017-07-03,TLKM.JK,4530.0,4790.0,4520.0,4790.0,2975.1357421875,213322100.0
2017-07-04,TLKM.JK,4710.0,4730.0,4590.0,4590.0,2850.912841796875,126977200.0
2017-07-05,TLKM.JK,4550.0,4590.0,4530.0,4580.0,2844.70166015625,76950600.0
2017-07-06,TLKM.JK,4570.0,4680.0,4570.0,4650.0,2888.179443359375,74712800.0
2017-07-07,TLKM.JK,4640.0,4690.0,4630.0,4630.0,2875.757080078125,74859600.0
2017-07-10,TLKM.JK,4670.0,4670.0,4560.0,4570.0,2838.490478515625,40905200.0
2017-07-11,TLKM.JK,4590.0,4640.0,4560.0,4600.0,2857.123779296875,59015400.0
2017-07-12,TLKM.JK,4580.0,4640.0,4580.0,4620.0,2869.54638671875,42386500.0
2017-07-13,TLKM.JK,4660.0,4680.0,4580.0,4600.0,2857.123779296875,83010800.0
2017-07-14,TLKM.JK,4580.0,4620.0,4570.0,4600.0,2857.123779296875,61198800.0
2017-07-17,TLKM.JK,4570.0,4650.0,4570.0,4650.0,2888.179443359375,53983200.0
2017-07-18,TLKM.JK,4660.0,4660.0,4590.0,4630.0,2875.757080078125,63087200.0
2017-07-19,TLKM.JK,4630.0,4630.0,4570.0,4600.0,2857.123779296875,31882000.0
2017-07-20,TLKM.JK,4620.0,4650.0,4600.0,4630.0,2875.757080078125,65946300.0
2017-07-21,TLKM.JK,4600.0,4620.0,4530.0,4560.0,2832.279296875,61852600.0
2017-07-24,TLKM.JK,4500.0,4650.0,4500.0,4650.0,2888.179443359375,139361700.0
2017-07-25,TLKM.JK,4680.0,4740.0,4640.0,4720.0,2931.65771484375,82776400.0
2017-07-26,TLKM.JK,4700.0,4740.0,4650.0,4700.0,2919.235107421875,65286900.0
2017-07-27,TLKM.JK,4700.0,4720.0,4650.0,4650.0,2888.179443359375,79556300.0
2017-07-28,TLKM.JK,4670.0,4720.0,4660.0,4700.0,2919.235107421875,77012600.0
2017-07-31,TLKM.JK,4680.0,4750.0,4670.0,4690.0,2913.02392578125,105620500.0
2017-08-01,TLKM.JK,4700.0,4820.0,4690.0,4770.0,2962.713134765625,98006400.0
2017-08-02,TLKM.JK,4800.0,4840.0,4780.0,4800.0,2981.346923828125,76646000.0
2017-08-03,TLKM.JK,4760.0,4790.0,4670.0,4700.0,2919.235107421875,57453500.0
2017-08-04,TLKM.JK,4700.0,4710.0,4660.0,4670.0,2900.6015625,53596700.0
2017-08-07,TLKM.JK,4670.0,4730.0,4660.0,4670.0,2900.6015625,50259300.0
2017-08-08,TLKM.JK,4650.0,4690.0,4650.0,4690.0,2913.02392578125,55006100.0
2017-08-09,TLKM.JK,4670.0,4720.0,4670.0,4710.0,2925.4462890625,67040700.0
2017-08-10,TLKM.JK,4720.0,4730.0,4700.0,4710.0,2925.4462890625,36139000.0
2017-08-11,TLKM.JK,4690.0,4700.0,4660.0,4680.0,2906.81298828125,61681900.0
2017-08-14,TLKM.JK,4720.0,4730.0,4700.0,4710.0,2925.4462890625,45942500.0
2017-08-15,TLKM.JK,4750.0,4750.0,4710.0,4730.0,2937.86865234375,62541500.0
2017-08-16,TLKM.JK,4750.0,4780.0,4730.0,4770.0,2962.713134765625,72564900.0
2017-08-17,TLKM.JK,4770.0,4770.0,4770.0,4770.0,2962.713134765625,0.0
2017-08-18,TLKM.JK,4770.0,4820.0,4770.0,4780.0,2968.92431640625,72171800.0
2017-08-21,TLKM.JK,4800.0,4800.0,4730.0,4770.0,2962.713134765625,36963300.0
2017-08-22,TLKM.JK,4800.0,4810.0,4770.0,4790.0,2975.1357421875,45279100.0
2017-08-23,TLKM.JK,4800.0,4810.0,4750.0,4800.0,2981.346923828125,55475800.0
2017-08-24,TLKM.JK,4800.0,4800.0,4760.0,4780.0,2968.92431640625,59747100.0
2017-08-25,TLKM.JK,4800.0,4810.0,4770.0,4770.0,2962.713134765625,34666200.0
2017-08-28,TLKM.JK,4740.0,4770.0,4720.0,4750.0,2950.290771484375,42681600.0
2017-08-29,TLKM.JK,4740.0,4760.0,4710.0,4730.0,2937.86865234375,66770700.0
2017-08-30,TLKM.JK,4720.0,4760.0,4720.0,4740.0,2944.079345703125,41010800.0
2017-08-31,TLKM.JK,4740.0,4750.0,4690.0,4690.0,2913.02392578125,60803000.0
2017-09-01,TLKM.JK,4690.0,4690.0,4690.0,4690.0,2913.02392578125,0.0
2017-09-04,TLKM.JK,4710.0,4710.0,4660.0,4680.0,2906.81298828125,74663400.0
2017-09-05,TLKM.JK,4670.0,4680.0,4620.0,4650.0,2888.179443359375,71280300.0
2017-09-06,TLKM.JK,4650.0,4730.0,4650.0,4710.0,2925.4462890625,60257800.0
2017-09-07,TLKM.JK,4700.0,4730.0,4690.0,4700.0,2919.235107421875,47238900.0
2017-09-08,TLKM.JK,4670.0,4720.0,4670.0,4720.0,2931.65771484375,40939600.0
2017-09-11,TLKM.JK,4710.0,4720.0,4700.0,4710.0,2925.4462890625,45419200.0
2017-09-12,TLKM.JK,4720.0,4730.0,4700.0,4720.0,2931.65771484375,68810000.0
2017-09-13,TLKM.JK,4650.0,4730.0,4650.0,4690.0,2913.02392578125,55115400.0
2017-09-14,TLKM.JK,4690.0,4700.0,4660.0,4670.0,2900.6015625,53421400.0
2017-09-15,TLKM.JK,4650.0,4700.0,4650.0,4690.0,2913.02392578125,112759200.0
2017-09-18,TLKM.JK,4680.0,4720.0,4660.0,4710.0,2925.4462890625,61345400.0
2017-09-19,TLKM.JK,4690.0,4720.0,4680.0,4710.0,2925.4462890625,54676900.0
2017-09-20,TLKM.JK,4690.0,4710.0,4680.0,4690.0,2913.02392578125,58141200.0
2017-09-21,TLKM.JK,4690.0,4690.0,4690.0,4690.0,2913.02392578125,0.0
2017-09-22,TLKM.JK,4690.0,4690.0,4610.0,4640.0,2881.96826171875,100046700.0
2017-09-25,TLKM.JK,4620.0,4670.0,4610.0,4650.0,2888.179443359375,33070000.0
2017-09-26,TLKM.JK,4640.0,4710.0,4640.0,4690.0,2913.02392578125,83557100.0
2017-09-27,TLKM.JK,4690.0,4710.0,4680.0,4700.0,2919.235107421875,60995800.0
2017-09-28,TLKM.JK,4720.0,4740.0,4710.0,4710.0,2925.4462890625,105241200.0
2017-09-29,TLKM.JK,4700.0,4750.0,4670.0,4680.0,2906.81298828125,202031900.0
2017-10-02,TLKM.JK,4690.0,4690.0,4660.0,4680.0,2906.81298828125,79696400.0
2017-10-03,TLKM.JK,4650.0,4700.0,4640.0,4690.0,2913.02392578125,113933700.0
2017-10-04,TLKM.JK,4660.0,4710.0,4660.0,4690.0,2913.02392578125,101963100.0
2017-10-05,TLKM.JK,4680.0,4690.0,4640.0,4660.0,2894.390869140625,164687600.0
2017-10-06,TLKM.JK,4680.0,4680.0,4630.0,4660.0,2894.390869140625,83595800.0
2017-10-09,TLKM.JK,4640.0,4660.0,4610.0,4620.0,2869.54638671875,73027700.0
2017-10-10,TLKM.JK,4650.0,4650.0,4510.0,4530.0,2813.645751953125,95524700.0
2017-10-11,TLKM.JK,4540.0,4550.0,4310.0,4400.0,2732.901123046875,365951800.0
2017-10-12,TLKM.JK,4380.0,4490.0,4370.0,4440.0,2757.745849609375,163091000.0
2017-10-13,TLKM.JK,4440.0,4450.0,4400.0,4430.0,2751.534423828125,122491000.0
2017-10-16,TLKM.JK,4380.0,4480.0,4380.0,4450.0,2763.956787109375,167517000.0
2017-10-17,TLKM.JK,4400.0,4410.0,4320.0,4400.0,2732.901123046875,286827400.0
2017-10-18,TLKM.JK,4400.0,4400.0,4190.0,4300.0,2670.789794921875,379725700.0
2017-10-19,TLKM.JK,4230.0,4250.0,4180.0,4210.0,2614.889404296875,231274800.0
2017-10-20,TLKM.JK,4250.0,4290.0,4200.0,4270.0,2652.156494140625,107642900.0
2017-10-23,TLKM.JK,4270.0,4320.0,4240.0,4250.0,2639.73388671875,118213500.0
2017-10-24,TLKM.JK,4270.0,4270.0,4230.0,4230.0,2627.311767578125,69942200.0
2017-10-25,TLKM.JK,4210.0,4230.0,4060.0,4090.0,2540.35595703125,308355300.0
2017-10-26,TLKM.JK,4010.0,4260.0,4010.0,4160.0,2583.833740234375,348271000.0
2017-10-27,TLKM.JK,4190.0,4200.0,4080.0,4150.0,2577.62255859375,122923500.0
2017-10-30,TLKM.JK,4150.0,4180.0,4080.0,4080.0,2534.14453125,140445100.0
2017-10-31,TLKM.JK,4150.0,4150.0,4030.0,4030.0,2503.089111328125,111757900.0
2017-11-01,TLKM.JK,4070.0,4080.0,3910.0,3950.0,2453.400146484375,267366500.0
2017-11-02,TLKM.JK,3980.0,4110.0,3970.0,4030.0,2503.089111328125,154764900.0
2017-11-03,TLKM.JK,4050.0,4100.0,4010.0,4090.0,2540.35595703125,80926400.0
2017-11-06,TLKM.JK,4100.0,4210.0,4070.0,4190.0,2602.467529296875,177511800.0
2017-11-07,TLKM.JK,4180.0,4210.0,4160.0,4190.0,2602.467529296875,84694700.0
2017-11-08,TLKM.JK,4160.0,4160.0,4100.0,4100.0,2546.566650390625,145225500.0
2017-11-09,TLKM.JK,4100.0,4180.0,4100.0,4160.0,2583.833740234375,91933800.0
2017-11-10,TLKM.JK,4130.0,4160.0,4120.0,4120.0,2558.9892578125,56993800.0
2017-11-13,TLKM.JK,4130.0,4160.0,4100.0,4100.0,2546.566650390625,92109100.0
2017-11-14,TLKM.JK,4100.0,4110.0,4070.0,4080.0,2534.14453125,64809800.0
2017-11-15,TLKM.JK,4090.0,4180.0,4080.0,4130.0,2565.200439453125,96128400.0
2017-11-16,TLKM.JK,4150.0,4230.0,4150.0,4200.0,2608.678466796875,134137000.0
2017-11-17,TLKM.JK,4200.0,4230.0,4200.0,4200.0,2608.678466796875,80261800.0
2017-11-20,TLKM.JK,4220.0,4220.0,4150.0,4150.0,2577.62255859375,48453900.0
2017-11-21,TLKM.JK,4170.0,4200.0,4150.0,4200.0,2608.678466796875,96842900.0
2017-11-22,TLKM.JK,4220.0,4220.0,4190.0,4200.0,2608.678466796875,69602300.0
2017-11-23,TLKM.JK,4200.0,4270.0,4200.0,4250.0,2639.73388671875,62887900.0
2017-11-24,TLKM.JK,4220.0,4320.0,4220.0,4320.0,2683.2119140625,87879900.0
2017-11-27,TLKM.JK,4320.0,4350.0,4280.0,4300.0,2670.789794921875,82769500.0
2017-11-28,TLKM.JK,4270.0,4290.0,4230.0,4240.0,2633.52294921875,99928100.0
2017-11-29,TLKM.JK,4220.0,4240.0,4180.0,4200.0,2608.678466796875,79872900.0
2017-11-30,TLKM.JK,4200.0,4220.0,4150.0,4150.0,2577.62255859375,185905200.0
2017-12-01,TLKM.JK,4150.0,4150.0,4150.0,4150.0,2577.62255859375,0.0
2017-12-04,TLKM.JK,4180.0,4230.0,4160.0,4200.0,2608.678466796875,78040500.0
2017-12-05,TLKM.JK,4210.0,4220.0,4180.0,4200.0,2608.678466796875,96504800.0
2017-12-06,TLKM.JK,4160.0,4210.0,4160.0,4200.0,2608.678466796875,92126500.0
2017-12-07,TLKM.JK,4200.0,4210.0,4160.0,4200.0,2608.678466796875,52703100.0
2017-12-08,TLKM.JK,4150.0,4200.0,4120.0,4140.0,2571.411376953125,88536500.0
2017-12-11,TLKM.JK,4110.0,4150.0,4110.0,4140.0,2571.411376953125,47625800.0
2017-12-12,TLKM.JK,4150.0,4190.0,4150.0,4170.0,2590.044921875,63036000.0
2017-12-13,TLKM.JK,4150.0,4200.0,4150.0,4200.0,2608.678466796875,49020200.0
2017-12-14,TLKM.JK,4220.0,4250.0,4200.0,4250.0,2639.73388671875,61517800.0
2017-12-15,TLKM.JK,4200.0,4240.0,4180.0,4230.0,2627.311767578125,77110600.0
2017-12-18,TLKM.JK,4250.0,4250.0,4170.0,4240.0,2633.52294921875,47756500.0
2017-12-19,TLKM.JK,4200.0,4200.0,4170.0,4190.0,2602.467529296875,85383600.0
2017-12-20,TLKM.JK,4190.0,4200.0,4160.0,4160.0,2583.833740234375,87778400.0
2017-12-21,TLKM.JK,4190.0,4250.0,4170.0,4250.0,2639.73388671875,83893400.0
2017-12-22,TLKM.JK,4250.0,4300.0,4210.0,4300.0,2670.789794921875,50330400.0
2017-12-25,TLKM.JK,4300.0,4300.0,4300.0,4300.0,2670.789794921875,0.0
2017-12-26,TLKM.JK,4300.0,4300.0,4300.0,4300.0,2670.789794921875,0.0
2017-12-27,TLKM.JK,4270.0,4310.0,4270.0,4300.0,2670.789794921875,32211800.0
2017-12-28,TLKM.JK,4300.0,4390.0,4270.0,4390.0,2726.68994140625,88576700.0
2017-12-29,TLKM.JK,4390.0,4460.0,4390.0,4440.0,2757.745849609375,110053200.0
2018-01-01,TLKM.JK,4440.0,4440.0,4440.0,4440.0,2757.745849609375,0.0
2018-01-02,TLKM.JK,4430.0,4460.0,4380.0,4410.0,2739.1123046875,66075600.0
2018-01-03,TLKM.JK,4380.0,4380.0,4200.0,4230.0,2627.311767578125,129205000.0
2018-01-04,TLKM.JK,4230.0,4250.0,4190.0,4220.0,2621.1005859375,77953300.0
2018-01-05,TLKM.JK,4220.0,4280.0,4200.0,4280.0,2658.36767578125,55863000.0
2018-01-08,TLKM.JK,4250.0,4290.0,4250.0,4260.0,2645.9453125,42916700.0
2018-01-09,TLKM.JK,4240.0,4240.0,4180.0,4200.0,2608.678466796875,100497400.0
2018-01-10,TLKM.JK,4200.0,4250.0,4180.0,4190.0,2602.467529296875,95004000.0
2018-01-11,TLKM.JK,4200.0,4200.0,4150.0,4170.0,2590.044921875,80524900.0
2018-01-12,TLKM.JK,4160.0,4190.0,4130.0,4130.0,2565.200439453125,70976800.0
2018-01-15,TLKM.JK,4160.0,4170.0,4100.0,4120.0,2558.9892578125,71388000.0
2018-01-16,TLKM.JK,4150.0,4220.0,4120.0,4210.0,2614.889404296875,84393300.0
2018-01-17,TLKM.JK,4210.0,4220.0,4180.0,4200.0,2608.678466796875,77197700.0
2018-01-18,TLKM.JK,4210.0,4240.0,4160.0,4170.0,2590.044921875,100089500.0
2018-01-19,TLKM.JK,4190.0,4190.0,4120.0,4160.0,2583.833740234375,70890100.0
2018-01-22,TLKM.JK,4120.0,4160.0,4120.0,4130.0,2565.200439453125,83090400.0
2018-01-23,TLKM.JK,4160.0,4160.0,4030.0,4090.0,2540.35595703125,184176500.0
2018-01-24,TLKM.JK,4090.0,4090.0,3970.0,3980.0,2472.032958984375,241779600.0
2018-01-25,TLKM.JK,3980.0,4020.0,3920.0,3970.0,2465.82177734375,232552500.0
2018-01-26,TLKM.JK,3990.0,4160.0,3990.0,4150.0,2577.62255859375,246067800.0
2018-01-29,TLKM.JK,4170.0,4180.0,4030.0,4070.0,2527.933349609375,156356300.0
2018-01-30,TLKM.JK,4020.0,4040.0,3960.0,3970.0,2465.82177734375,140694300.0
2018-01-31,TLKM.JK,3960.0,4060.0,3950.0,3990.0,2478.244384765625,112276200.0
2018-02-01,TLKM.JK,4030.0,4070.0,3980.0,3980.0,2472.032958984375,102291000.0
2018-02-02,TLKM.JK,4030.0,4030.0,4000.0,4000.0,2484.45556640625,71707200.0
2018-02-05,TLKM.JK,3950.0,4030.0,3920.0,4010.0,2490.666748046875,70792500.0
2018-02-06,TLKM.JK,3950.0,3990.0,3930.0,3940.0,2447.188720703125,146207400.0
2018-02-07,TLKM.JK,3990.0,4020.0,3950.0,3980.0,2472.032958984375,120081100.0
2018-02-08,TLKM.JK,3980.0,4040.0,3940.0,4020.0,2496.8779296875,101865000.0
2018-02-09,TLKM.JK,3970.0,4000.0,3940.0,3950.0,2453.400146484375,78255000.0
2018-02-12,TLKM.JK,3950.0,3990.0,3950.0,3960.0,2459.611083984375,58535200.0
2018-02-13,TLKM.JK,3990.0,4060.0,3980.0,4040.0,2509.2998046875,79288000.0
2018-02-14,TLKM.JK,4050.0,4080.0,3990.0,4040.0,2509.2998046875,63313200.0
2018-02-15,TLKM.JK,4050.0,4060.0,4000.0,4010.0,2490.666748046875,32896000.0
2018-02-16,TLKM.JK,4010.0,4010.0,4010.0,4010.0,2490.666748046875,0.0
2018-02-19,TLKM.JK,4050.0,4080.0,4040.0,4050.0,2515.511474609375,89429500.0
2018-02-20,TLKM.JK,4080.0,4080.0,4040.0,4070.0,2527.933349609375,53466600.0
2018-02-21,TLKM.JK,4040.0,4080.0,4020.0,4070.0,2527.933349609375,74130200.0
2018-02-22,TLKM.JK,4070.0,4070.0,4010.0,4010.0,2490.666748046875,91272600.0
2018-02-23,TLKM.JK,4030.0,4040.0,4010.0,4030.0,2503.089111328125,59706400.0
2018-02-26,TLKM.JK,4050.0,4050.0,4010.0,4030.0,2503.089111328125,56293900.0
2018-02-27,TLKM.JK,4030.0,4030.0,3960.0,4020.0,2496.8779296875,81554100.0
2018-02-28,TLKM.JK,3970.0,4050.0,3970.0,4000.0,2484.45556640625,94528200.0
2018-03-01,TLKM.JK,4050.0,4090.0,4020.0,4060.0,2521.72216796875,84215600.0
2018-03-02,TLKM.JK,4060.0,4070.0,4030.0,4070.0,2527.933349609375,61410200.0
2018-03-05,TLKM.JK,4050.0,4060.0,4000.0,4020.0,2496.8779296875,56394900.0
2018-03-06,TLKM.JK,4050.0,4060.0,4020.0,4020.0,2496.8779296875,59010500.0
2018-03-07,TLKM.JK,4000.0,4040.0,3980.0,4000.0,2484.45556640625,100646000.0
2018-03-08,TLKM.JK,4050.0,4140.0,4020.0,4140.0,2571.411376953125,152547000.0
2018-03-09,TLKM.JK,4150.0,4160.0,4090.0,4150.0,2577.62255859375,97354700.0
2018-03-12,TLKM.JK,4170.0,4200.0,4130.0,4200.0,2608.678466796875,87344000.0
2018-03-13,TLKM.JK,4160.0,4180.0,4080.0,4090.0,2540.35595703125,96605900.0
2018-03-14,TLKM.JK,4070.0,4090.0,4040.0,4060.0,2521.72216796875,74296000.0
2018-03-15,TLKM.JK,4030.0,4040.0,3930.0,3930.0,2440.9775390625,133775500.0
2018-03-16,TLKM.JK,3930.0,3950.0,3820.0,3820.0,2372.655029296875,208216200.0
2018-03-19,TLKM.JK,3860.0,3900.0,3810.0,3820.0,2372.655029296875,111808000.0
2018-03-20,TLKM.JK,3800.0,3810.0,3640.0,3660.0,2273.27685546875,254154700.0
2018-03-21,TLKM.JK,3660.0,3720.0,3630.0,3710.0,2304.33251953125,152085900.0
2018-03-22,TLKM.JK,3720.0,3810.0,3690.0,3700.0,2298.12158203125,132850400.0
2018-03-23,TLKM.JK,3520.0,3690.0,3520.0,3660.0,2273.27685546875,104485500.0
2018-03-26,TLKM.JK,3600.0,3650.0,3580.0,3590.0,2229.798828125,104993600.0
2018-03-27,TLKM.JK,3630.0,3650.0,3540.0,3560.0,2211.16552734375,106157400.0
2018-03-28,TLKM.JK,3570.0,3620.0,3540.0,3570.0,2217.37646484375,83907700.0
2018-03-29,TLKM.JK,3580.0,3600.0,3530.0,3600.0,2236.010009765625,106930200.0
2018-03-30,TLKM.JK,3600.0,3600.0,3600.0,3600.0,2236.010009765625,0.0
2018-04-02,TLKM.JK,3640.0,3680.0,3600.0,3670.0,2279.488037109375,63944000.0
2018-04-03,TLKM.JK,3640.0,3670.0,3620.0,3630.0,2254.6435546875,57234700.0
2018-04-04,TLKM.JK,3630.0,3660.0,3570.0,3600.0,2236.010009765625,80976000.0
2018-04-05,TLKM.JK,3650.0,3690.0,3650.0,3680.0,2285.698974609375,102973700.0
2018-04-06,TLKM.JK,3680.0,3690.0,3650.0,3650.0,2267.065673828125,62905500.0
2018-04-09,TLKM.JK,3630.0,3780.0,3630.0,3770.0,2341.599609375,114947800.0
2018-04-10,TLKM.JK,3740.0,3880.0,3730.0,3860.0,2397.499755859375,138847700.0
2018-04-11,TLKM.JK,3850.0,3890.0,3850.0,3870.0,2403.710693359375,58454500.0
2018-04-12,TLKM.JK,3830.0,3860.0,3740.0,3750.0,2329.177001953125,76340800.0
2018-04-13,TLKM.JK,3760.0,3780.0,3630.0,3660.0,2273.27685546875,88313600.0
2018-04-16,TLKM.JK,3660.0,3660.0,3660.0,3660.0,2273.27685546875,0.0
2018-04-17,TLKM.JK,3660.0,3660.0,3660.0,3660.0,2273.27685546875,0.0
2018-04-18,TLKM.JK,3720.0,3770.0,3710.0,3770.0,2341.599609375,65927000.0
2018-04-19,TLKM.JK,3770.0,3770.0,3770.0,3770.0,2341.599609375,0.0
2018-04-20,TLKM.JK,3770.0,3770.0,3770.0,3770.0,2341.599609375,0.0
2018-04-23,TLKM.JK,3720.0,3780.0,3720.0,3750.0,2329.177001953125,72362700.0
2018-04-24,TLKM.JK,3810.0,3830.0,3770.0,3830.0,2378.8662109375,81396500.0
2018-04-25,TLKM.JK,3830.0,3830.0,3830.0,3830.0,2378.8662109375,0.0
2018-04-26,TLKM.JK,3830.0,3830.0,3830.0,3830.0,2378.8662109375,0.0
2018-04-27,TLKM.JK,3830.0,3830.0,3830.0,3830.0,2378.8662109375,0.0
2018-04-30,TLKM.JK,3750.0,3870.0,3750.0,3830.0,2378.8662109375,95418200.0
2018-05-01,TLKM.JK,3830.0,3830.0,3830.0,3830.0,2378.8662109375,0.0
2018-05-02,TLKM.JK,3810.0,3880.0,3780.0,3870.0,2403.710693359375,118872100.0
2018-05-03,TLKM.JK,3850.0,3860.0,3740.0,3740.0,2322.9658203125,91601300.0
2018-05-04,TLKM.JK,3700.0,3750.0,3650.0,3730.0,2316.7548828125,80894300.0
2018-05-07,TLKM.JK,3750.0,3820.0,3730.0,3800.0,2360.23291015625,97351600.0
2018-05-08,TLKM.JK,3650.0,3670.0,3570.0,3620.0,2352.214111328125,107379900.0
2018-05-09,TLKM.JK,3600.0,3780.0,3530.0,3700.0,2404.197265625,149687500.0
2018-05-10,TLKM.JK,3700.0,3700.0,3700.0,3700.0,2404.197265625,0.0
2018-05-11,TLKM.JK,3700.0,3750.0,3620.0,3630.0,2358.71240234375,120995700.0
2018-05-14,TLKM.JK,3560.0,3610.0,3500.0,3540.0,2300.231689453125,161018200.0
2018-05-15,TLKM.JK,3520.0,3530.0,3350.0,3370.0,2189.7685546875,230994800.0
2018-05-16,TLKM.JK,3280.0,3530.0,3250.0,3480.0,2261.24462890625,205406800.0
2018-05-17,TLKM.JK,3510.0,3610.0,3490.0,3490.0,2267.74267578125,179026500.0
2018-05-18,TLKM.JK,3520.0,3530.0,3400.0,3490.0,2267.74267578125,75748600.0
2018-05-21,TLKM.JK,3490.0,3490.0,3410.0,3420.0,2222.258056640625,57210900.0
2018-05-22,TLKM.JK,3420.0,3500.0,3420.0,3470.0,2254.746826171875,78667200.0
2018-05-23,TLKM.JK,3460.0,3530.0,3450.0,3470.0,2254.746826171875,110630200.0
2018-05-24,TLKM.JK,3480.0,3590.0,3480.0,3560.0,2313.2275390625,84178300.0
2018-05-25,TLKM.JK,3540.0,3590.0,3530.0,3560.0,2313.2275390625,66374400.0
2018-05-28,TLKM.JK,3580.0,3700.0,3560.0,3690.0,2397.69921875,90299200.0
2018-05-29,TLKM.JK,3690.0,3690.0,3690.0,3690.0,2397.69921875,0.0
2018-05-30,TLKM.JK,3600.0,3730.0,3590.0,3600.0,2339.21875,148933500.0
2018-05-31,TLKM.JK,3600.0,3610.0,3500.0,3520.0,2287.236083984375,255204300.0
2018-06-01,TLKM.JK,3520.0,3520.0,3520.0,3520.0,2287.236083984375,0.0
2018-06-04,TLKM.JK,3540.0,3660.0,3530.0,3640.0,2365.210205078125,141754800.0
2018-06-05,TLKM.JK,3680.0,3860.0,3660.0,3830.0,2488.6689453125,181376800.0
2018-06-06,TLKM.JK,3790.0,3830.0,3760.0,3790.0,2462.677490234375,143554900.0
2018-06-07,TLKM.JK,3800.0,3830.0,3770.0,3770.0,2449.68212890625,122724300.0
2018-06-08,TLKM.JK,3710.0,3730.0,3600.0,3610.0,2345.716552734375,260396300.0
2018-06-11,TLKM.JK,3610.0,3610.0,3610.0,3610.0,2345.716552734375,0.0
2018-06-12,TLKM.JK,3610.0,3610.0,3610.0,3610.0,2345.716552734375,0.0
2018-06-13,TLKM.JK,3610.0,3610.0,3610.0,3610.0,2345.716552734375,0.0
2018-06-14,TLKM.JK,3610.0,3610.0,3610.0,3610.0,2345.716552734375,0.0
2018-06-15,TLKM.JK,3610.0,3610.0,3610.0,3610.0,2345.716552734375,0.0
2018-06-18,TLKM.JK,3610.0,3610.0,3610.0,3610.0,2345.716552734375,0.0
2018-06-19,TLKM.JK,3610.0,3610.0,3610.0,3610.0,2345.716552734375,0.0
2018-06-20,TLKM.JK,3540.0,3710.0,3510.0,3710.0,2410.69482421875,295386100.0
2018-06-21,TLKM.JK,3650.0,3700.0,3610.0,3610.0,2345.716552734375,123848500.0
2018-06-22,TLKM.JK,3610.0,3630.0,3540.0,3580.0,2326.22314453125,121490900.0
2018-06-25,TLKM.JK,3630.0,3690.0,3600.0,3660.0,2378.205810546875,97826600.0
2018-06-26,TLKM.JK,3600.0,3700.0,3600.0,3690.0,2397.69921875,91252300.0
2018-06-27,TLKM.JK,3690.0,3780.0,3690.0,3710.0,2410.69482421875,106616500.0
2018-06-28,TLKM.JK,3700.0,3720.0,3660.0,3660.0,2378.205810546875,133779300.0
2018-06-29,TLKM.JK,3650.0,3750.0,3640.0,3750.0,2436.68603515625,79116600.0
2018-07-02,TLKM.JK,3800.0,3800.0,3710.0,3750.0,2436.68603515625,55810800.0
2018-07-03,TLKM.JK,3740.0,3740.0,3670.0,3700.0,2404.197265625,79439500.0
2018-07-04,TLKM.JK,3700.0,3810.0,3630.0,3760.0,2443.183837890625,54884500.0
2018-07-05,TLKM.JK,3800.0,3830.0,3760.0,3830.0,2488.6689453125,59717900.0
2018-07-06,TLKM.JK,3850.0,3890.0,3830.0,3860.0,2508.162353515625,67655200.0
2018-07-09,TLKM.JK,3900.0,4000.0,3880.0,3980.0,2586.135986328125,68798500.0
2018-07-10,TLKM.JK,3990.0,4050.0,3960.0,4030.0,2618.62548828125,118127300.0
2018-07-11,TLKM.JK,4000.0,4080.0,3960.0,4060.0,2638.11865234375,144055300.0
2018-07-12,TLKM.JK,4050.0,4110.0,4040.0,4100.0,2664.10986328125,114531700.0
2018-07-13,TLKM.JK,4080.0,4100.0,3970.0,4020.0,2612.127685546875,120852800.0
2018-07-16,TLKM.JK,3970.0,4030.0,3860.0,3940.0,2560.14501953125,66229700.0
2018-07-17,TLKM.JK,3970.0,3970.0,3890.0,3940.0,2560.14501953125,53740400.0
2018-07-18,TLKM.JK,3910.0,4030.0,3890.0,4010.0,2605.6298828125,75157800.0
2018-07-19,TLKM.JK,4000.0,4000.0,3910.0,3910.0,2540.651611328125,65340900.0
2018-07-20,TLKM.JK,3900.0,3990.0,3890.0,3990.0,2592.634033203125,66456000.0
2018-07-23,TLKM.JK,4030.0,4090.0,4010.0,4060.0,2638.11865234375,74605900.0
2018-07-24,TLKM.JK,4090.0,4090.0,4030.0,4030.0,2618.62548828125,64353800.0
2018-07-25,TLKM.JK,4060.0,4060.0,3900.0,3900.0,2534.153564453125,55617500.0
2018-07-26,TLKM.JK,3920.0,3940.0,3890.0,3930.0,2553.64697265625,55761900.0
2018-07-27,TLKM.JK,3910.0,3950.0,3890.0,3940.0,2560.14501953125,52506800.0
2018-07-30,TLKM.JK,3890.0,3950.0,3890.0,3910.0,2540.651611328125,49045100.0
2018-07-31,TLKM.JK,3830.0,3830.0,3550.0,3570.0,2319.72509765625,339081700.0
2018-08-01,TLKM.JK,3570.0,3600.0,3500.0,3550.0,2306.729248046875,190720900.0
2018-08-02,TLKM.JK,3550.0,3590.0,3450.0,3500.0,2274.240234375,171276100.0
2018-08-03,TLKM.JK,3480.0,3490.0,3430.0,3460.0,2248.249267578125,224005400.0
2018-08-06,TLKM.JK,3480.0,3670.0,3480.0,3650.0,2371.707763671875,231846400.0
2018-08-07,TLKM.JK,3650.0,3670.0,3570.0,3580.0,2326.22314453125,111024900.0
2018-08-08,TLKM.JK,3600.0,3600.0,3520.0,3550.0,2306.729248046875,109077400.0
2018-08-09,TLKM.JK,3520.0,3550.0,3490.0,3490.0,2267.74267578125,110452900.0
2018-08-10,TLKM.JK,3510.0,3540.0,3480.0,3500.0,2274.240234375,79851700.0
2018-08-13,TLKM.JK,3440.0,3450.0,3360.0,3370.0,2189.7685546875,106124800.0
2018-08-14,TLKM.JK,3360.0,3440.0,3330.0,3350.0,2176.77294921875,108189200.0
2018-08-15,TLKM.JK,3350.0,3450.0,3310.0,3430.0,2228.75537109375,95526000.0
2018-08-16,TLKM.JK,3390.0,3430.0,3350.0,3350.0,2176.77294921875,112653900.0
2018-08-17,TLKM.JK,3350.0,3350.0,3350.0,3350.0,2176.77294921875,0.0
2018-08-20,TLKM.JK,3420.0,3450.0,3370.0,3390.0,2202.763916015625,163133800.0
2018-08-21,TLKM.JK,3400.0,3440.0,3350.0,3350.0,2176.77294921875,126746000.0
2018-08-22,TLKM.JK,3350.0,3350.0,3350.0,3350.0,2176.77294921875,0.0
2018-08-23,TLKM.JK,3390.0,3390.0,3290.0,3300.0,2144.28369140625,209401300.0
2018-08-24,TLKM.JK,3290.0,3340.0,3270.0,3290.0,2137.78564453125,103476200.0
2018-08-27,TLKM.JK,3330.0,3480.0,3310.0,3460.0,2248.249267578125,142917000.0
2018-08-28,TLKM.JK,3480.0,3600.0,3480.0,3580.0,2326.22314453125,224122500.0
2018-08-29,TLKM.JK,3560.0,3610.0,3520.0,3580.0,2326.22314453125,126710100.0
2018-08-30,TLKM.JK,3580.0,3590.0,3510.0,3510.0,2280.738037109375,80352300.0
2018-08-31,TLKM.JK,3500.0,3520.0,3460.0,3490.0,2267.74267578125,109920300.0
2018-09-03,TLKM.JK,3520.0,3550.0,3480.0,3490.0,2267.74267578125,46014400.0
2018-09-04,TLKM.JK,3500.0,3510.0,3410.0,3420.0,2222.258056640625,77620800.0
2018-09-05,TLKM.JK,3400.0,3400.0,3250.0,3270.0,2124.790283203125,183864900.0
2018-09-06,TLKM.JK,3250.0,3380.0,3250.0,3360.0,2183.27099609375,172294300.0
2018-09-07,TLKM.JK,3360.0,3390.0,3320.0,3390.0,2202.763916015625,99447200.0
2018-09-10,TLKM.JK,3380.0,3400.0,3350.0,3380.0,2196.2666015625,48741600.0
2018-09-11,TLKM.JK,3380.0,3380.0,3380.0,3380.0,2196.2666015625,0.0
2018-09-12,TLKM.JK,3380.0,3390.0,3310.0,3320.0,2157.279541015625,81217700.0
2018-09-13,TLKM.JK,3370.0,3470.0,3370.0,3450.0,2241.751708984375,115198100.0
2018-09-14,TLKM.JK,3470.0,3600.0,3470.0,3590.0,2332.720947265625,156541000.0
2018-09-17,TLKM.JK,3550.0,3570.0,3430.0,3470.0,2254.746826171875,95431800.0
2018-09-18,TLKM.JK,3470.0,3590.0,3440.0,3570.0,2319.72509765625,132571400.0
2018-09-19,TLKM.JK,3580.0,3610.0,3540.0,3550.0,2306.729248046875,88139600.0
2018-09-20,TLKM.JK,3590.0,3640.0,3570.0,3600.0,2339.21875,80194400.0
2018-09-21,TLKM.JK,3630.0,3630.0,3550.0,3600.0,2339.21875,98577800.0
2018-09-24,TLKM.JK,3590.0,3600.0,3510.0,3540.0,2300.231689453125,48101000.0
2018-09-25,TLKM.JK,3540.0,3560.0,3520.0,3560.0,2313.2275390625,25350200.0
2018-09-26,TLKM.JK,3550.0,3590.0,3540.0,3540.0,2300.231689453125,51055900.0
2018-09-27,TLKM.JK,3580.0,3590.0,3550.0,3580.0,2326.22314453125,49549400.0
2018-09-28,TLKM.JK,3600.0,3670.0,3600.0,3640.0,2365.210205078125,116695900.0
2018-10-01,TLKM.JK,3610.0,3690.0,3610.0,3670.0,2384.70361328125,45504900.0
2018-10-02,TLKM.JK,3640.0,3670.0,3580.0,3620.0,2352.214111328125,61393800.0
2018-10-03,TLKM.JK,3570.0,3640.0,3570.0,3600.0,2339.21875,46611900.0
2018-10-04,TLKM.JK,3570.0,3600.0,3510.0,3600.0,2339.21875,82550500.0
2018-10-05,TLKM.JK,3540.0,3600.0,3530.0,3530.0,2293.733642578125,59270300.0
2018-10-08,TLKM.JK,3500.0,3530.0,3470.0,3520.0,2287.236083984375,71886100.0
2018-10-09,TLKM.JK,3530.0,3620.0,3520.0,3590.0,2332.720947265625,58708100.0
2018-10-10,TLKM.JK,3640.0,3640.0,3560.0,3600.0,2339.21875,31937500.0
2018-10-11,TLKM.JK,3500.0,3640.0,3480.0,3570.0,2319.72509765625,114418300.0
2018-10-12,TLKM.JK,3630.0,3700.0,3620.0,3680.0,2391.201171875,87991200.0
2018-10-15,TLKM.JK,3700.0,3750.0,3650.0,3660.0,2378.205810546875,68466400.0
2018-10-16,TLKM.JK,3680.0,3780.0,3680.0,3780.0,2456.179443359375,98103600.0
2018-10-17,TLKM.JK,3800.0,3910.0,3800.0,3900.0,2534.153564453125,122953700.0
2018-10-18,TLKM.JK,3840.0,3880.0,3720.0,3760.0,2443.183837890625,102322600.0
2018-10-19,TLKM.JK,3700.0,3770.0,3690.0,3730.0,2423.690673828125,140162100.0
2018-10-22,TLKM.JK,3730.0,3830.0,3730.0,3800.0,2469.175537109375,57680500.0
2018-10-23,TLKM.JK,3800.0,3800.0,3670.0,3700.0,2404.197265625,53266800.0
2018-10-24,TLKM.JK,3700.0,3710.0,3520.0,3520.0,2287.236083984375,117672200.0
2018-10-25,TLKM.JK,3490.0,3580.0,3460.0,3550.0,2306.729248046875,120108900.0
2018-10-26,TLKM.JK,3580.0,3660.0,3580.0,3630.0,2358.71240234375,100554100.0
2018-10-29,TLKM.JK,3630.0,3660.0,3580.0,3660.0,2378.205810546875,54304000.0
2018-10-30,TLKM.JK,3640.0,3850.0,3630.0,3800.0,2469.175537109375,158933000.0
2018-10-31,TLKM.JK,3850.0,3870.0,3730.0,3850.0,2501.66455078125,140351400.0
2018-11-01,TLKM.JK,3850.0,3880.0,3810.0,3880.0,2521.15771484375,69586900.0
2018-11-02,TLKM.JK,3900.0,3940.0,3880.0,3940.0,2560.14501953125,98072700.0
2018-11-05,TLKM.JK,3850.0,3910.0,3850.0,3890.0,2527.655517578125,60121700.0
2018-11-06,TLKM.JK,3930.0,3930.0,3820.0,3890.0,2527.655517578125,58088000.0
2018-11-07,TLKM.JK,3900.0,3950.0,3870.0,3950.0,2566.64306640625,98350100.0
2018-11-08,TLKM.JK,3970.0,4000.0,3920.0,4000.0,2599.1318359375,74004300.0
2018-11-09,TLKM.JK,3960.0,3960.0,3920.0,3920.0,2547.149169921875,45243300.0
2018-11-12,TLKM.JK,3890.0,3950.0,3860.0,3860.0,2508.162353515625,57256000.0
2018-11-13,TLKM.JK,3810.0,3850.0,3750.0,3830.0,2488.6689453125,89819400.0
2018-11-14,TLKM.JK,3860.0,3880.0,3750.0,3750.0,2436.68603515625,72968500.0
2018-11-15,TLKM.JK,3800.0,3940.0,3790.0,3910.0,2540.651611328125,71440400.0
2018-11-16,TLKM.JK,3930.0,4110.0,3920.0,4050.0,2631.621337890625,128595600.0
2018-11-19,TLKM.JK,4050.0,4050.0,3930.0,3950.0,2566.64306640625,72785900.0
2018-11-20,TLKM.JK,3950.0,3950.0,3950.0,3950.0,2566.64306640625,0.0
2018-11-21,TLKM.JK,3860.0,3960.0,3850.0,3960.0,2573.140625,97525800.0
2018-11-22,TLKM.JK,3910.0,3990.0,3910.0,3980.0,2586.135986328125,52279900.0
2018-11-23,TLKM.JK,3980.0,4000.0,3950.0,3990.0,2592.634033203125,35499400.0
2018-11-26,TLKM.JK,3980.0,4000.0,3950.0,3990.0,2592.634033203125,43879100.0
2018-11-27,TLKM.JK,3940.0,3950.0,3850.0,3880.0,2521.15771484375,116422400.0
2018-11-28,TLKM.JK,3890.0,3900.0,3710.0,3720.0,2417.192626953125,195860500.0
2018-11-29,TLKM.JK,3770.0,3810.0,3710.0,3740.0,2430.188232421875,120921500.0
2018-11-30,TLKM.JK,3760.0,3780.0,3680.0,3680.0,2391.201171875,151545800.0
2018-12-03,TLKM.JK,3740.0,3770.0,3700.0,3700.0,2404.197265625,106891000.0
2018-12-04,TLKM.JK,3720.0,3780.0,3720.0,3780.0,2456.179443359375,121586400.0
2018-12-05,TLKM.JK,3740.0,3800.0,3730.0,3770.0,2449.68212890625,58424400.0
2018-12-06,TLKM.JK,3740.0,3770.0,3700.0,3710.0,2410.69482421875,62164100.0
2018-12-07,TLKM.JK,3700.0,3710.0,3660.0,3670.0,2384.70361328125,92902000.0
2018-12-10,TLKM.JK,3650.0,3720.0,3610.0,3680.0,2391.201171875,70093700.0
2018-12-11,TLKM.JK,3640.0,3670.0,3610.0,3620.0,2352.214111328125,88050700.0
2018-12-12,TLKM.JK,3660.0,3670.0,3620.0,3650.0,2371.707763671875,87333000.0
2018-12-13,TLKM.JK,3680.0,3780.0,3660.0,3750.0,2436.68603515625,118965900.0
2018-12-14,TLKM.JK,3800.0,3840.0,3730.0,3730.0,2423.690673828125,139547100.0
2018-12-17,TLKM.JK,3740.0,3770.0,3710.0,3710.0,2410.69482421875,86251600.0
2018-12-18,TLKM.JK,3700.0,3740.0,3680.0,3740.0,2430.188232421875,79833100.0
2018-12-19,TLKM.JK,3740.0,3810.0,3740.0,3810.0,2475.67333984375,81542500.0
2018-12-20,TLKM.JK,3810.0,3810.0,3720.0,3740.0,2430.188232421875,100129200.0
2018-12-21,TLKM.JK,3700.0,3770.0,3700.0,3760.0,2443.183837890625,114752300.0
2018-12-24,TLKM.JK,3760.0,3760.0,3760.0,3760.0,2443.183837890625,0.0
2018-12-25,TLKM.JK,3760.0,3760.0,3760.0,3760.0,2443.183837890625,0.0
2018-12-26,TLKM.JK,3730.0,3750.0,3700.0,3730.0,2423.690673828125,50416400.0
2018-12-27,TLKM.JK,3780.0,3790.0,3730.0,3750.0,2436.68603515625,49980900.0
2018-12-28,TLKM.JK,3770.0,3780.0,3750.0,3750.0,2436.68603515625,48224400.0
2018-12-31,TLKM.JK,3750.0,3750.0,3750.0,3750.0,2436.68603515625,0.0
2019-01-01,TLKM.JK,3750.0,3750.0,3750.0,3750.0,2436.68603515625,0.0
2019-01-02,TLKM.JK,3750.0,3760.0,3700.0,3730.0,2423.690673828125,31355300.0
2019-01-03,TLKM.JK,3710.0,3770.0,3690.0,3740.0,2430.188232421875,83842400.0
2019-01-04,TLKM.JK,3690.0,3740.0,3690.0,3710.0,2410.69482421875,73936900.0
2019-01-07,TLKM.JK,3760.0,3790.0,3750.0,3770.0,2449.68212890625,83678100.0
2019-01-08,TLKM.JK,3770.0,3800.0,3750.0,3800.0,2469.175537109375,67963700.0
2019-01-09,TLKM.JK,3820.0,3830.0,3730.0,3730.0,2423.690673828125,98529400.0
2019-01-10,TLKM.JK,3760.0,3800.0,3740.0,3800.0,2469.175537109375,126396700.0
2019-01-11,TLKM.JK,3820.0,3860.0,3800.0,3860.0,2508.162353515625,116753700.0
2019-01-14,TLKM.JK,3810.0,3850.0,3790.0,3850.0,2501.66455078125,68487000.0
2019-01-15,TLKM.JK,3860.0,3930.0,3850.0,3930.0,2553.64697265625,83464900.0
2019-01-16,TLKM.JK,3940.0,4000.0,3920.0,3990.0,2592.634033203125,139056700.0
2019-01-17,TLKM.JK,3970.0,3990.0,3960.0,3990.0,2592.634033203125,78766100.0
2019-01-18,TLKM.JK,4010.0,4020.0,3970.0,4020.0,2612.127685546875,76350400.0
2019-01-21,TLKM.JK,4040.0,4050.0,4020.0,4030.0,2618.62548828125,83317600.0
2019-01-22,TLKM.JK,4000.0,4010.0,3930.0,4000.0,2599.1318359375,95420500.0
2019-01-23,TLKM.JK,3950.0,3980.0,3920.0,3920.0,2547.149169921875,72518500.0
2019-01-24,TLKM.JK,3900.0,3910.0,3830.0,3860.0,2508.162353515625,118836500.0
2019-01-25,TLKM.JK,3880.0,3930.0,3840.0,3880.0,2521.15771484375,75844000.0
2019-01-28,TLKM.JK,3880.0,3890.0,3730.0,3780.0,2456.179443359375,168983100.0
2019-01-29,TLKM.JK,3780.0,3850.0,3780.0,3840.0,2495.1669921875,118131200.0
2019-01-30,TLKM.JK,3850.0,3890.0,3830.0,3860.0,2508.162353515625,85903100.0
2019-01-31,TLKM.JK,3900.0,3920.0,3870.0,3900.0,2534.153564453125,110953700.0
2019-02-01,TLKM.JK,3910.0,3930.0,3830.0,3870.0,2514.66015625,79588900.0
2019-02-04,TLKM.JK,3890.0,3890.0,3780.0,3780.0,2456.179443359375,70070500.0
2019-02-05,TLKM.JK,3780.0,3780.0,3780.0,3780.0,2456.179443359375,0.0
2019-02-06,TLKM.JK,3820.0,3870.0,3820.0,3860.0,2508.162353515625,72180200.0
2019-02-07,TLKM.JK,3890.0,3890.0,3830.0,3860.0,2508.162353515625,39141500.0
2019-02-08,TLKM.JK,3810.0,3850.0,3810.0,3850.0,2501.66455078125,32131700.0
2019-02-11,TLKM.JK,3870.0,3940.0,3860.0,3930.0,2553.64697265625,88628900.0
2019-02-12,TLKM.JK,3900.0,3910.0,3800.0,3820.0,2482.1708984375,92427800.0
2019-02-13,TLKM.JK,3840.0,3850.0,3780.0,3790.0,2462.677490234375,113161100.0
2019-02-14,TLKM.JK,3790.0,3810.0,3740.0,3740.0,2430.188232421875,76939400.0
2019-02-15,TLKM.JK,3770.0,3800.0,3730.0,3790.0,2462.677490234375,67812600.0
2019-02-18,TLKM.JK,3830.0,3920.0,3830.0,3900.0,2534.153564453125,80275800.0
2019-02-19,TLKM.JK,3930.0,3940.0,3900.0,3920.0,2547.149169921875,82962700.0
2019-02-20,TLKM.JK,3940.0,3940.0,3830.0,3870.0,2514.66015625,87933000.0
2019-02-21,TLKM.JK,3870.0,3890.0,3860.0,3870.0,2514.66015625,48031100.0
2019-02-22,TLKM.JK,3870.0,3870.0,3820.0,3840.0,2495.1669921875,61392700.0
2019-02-25,TLKM.JK,3900.0,3920.0,3850.0,3910.0,2540.651611328125,53792400.0
2019-02-26,TLKM.JK,3920.0,3930.0,3880.0,3930.0,2553.64697265625,49657300.0
2019-02-27,TLKM.JK,3900.0,3940.0,3890.0,3910.0,2540.651611328125,48788200.0
2019-02-28,TLKM.JK,3880.0,3900.0,3840.0,3860.0,2508.162353515625,161156000.0
2019-03-01,TLKM.JK,3890.0,3920.0,3880.0,3910.0,2540.651611328125,49810100.0
2019-03-04,TLKM.JK,3910.0,3910.0,3850.0,3850.0,2501.66455078125,32250500.0
2019-03-05,TLKM.JK,3890.0,3890.0,3820.0,3870.0,2514.66015625,41171000.0
2019-03-06,TLKM.JK,3860.0,3880.0,3820.0,3820.0,2482.1708984375,69927600.0
2019-03-07,TLKM.JK,3820.0,3820.0,3820.0,3820.0,2482.1708984375,0.0
2019-03-08,TLKM.JK,3810.0,3820.0,3740.0,3740.0,2430.188232421875,105963500.0
2019-03-11,TLKM.JK,3780.0,3820.0,3760.0,3800.0,2469.175537109375,43971600.0
2019-03-12,TLKM.JK,3800.0,3820.0,3730.0,3760.0,2443.183837890625,43343700.0
2019-03-13,TLKM.JK,3730.0,3770.0,3710.0,3720.0,2417.192626953125,45607600.0
2019-03-14,TLKM.JK,3720.0,3760.0,3710.0,3740.0,2430.188232421875,62094100.0
2019-03-15,TLKM.JK,3720.0,3760.0,3710.0,3750.0,2436.68603515625,68778100.0
2019-03-18,TLKM.JK,3770.0,3820.0,3760.0,3820.0,2482.1708984375,44322600.0
2019-03-19,TLKM.JK,3800.0,3820.0,3770.0,3780.0,2456.179443359375,33156500.0
2019-03-20,TLKM.JK,3810.0,3820.0,3750.0,3760.0,2443.183837890625,42784600.0
2019-03-21,TLKM.JK,3800.0,3810.0,3780.0,3790.0,2462.677490234375,36527500.0
2019-03-22,TLKM.JK,3800.0,3820.0,3790.0,3800.0,2469.175537109375,26772900.0
2019-03-25,TLKM.JK,3730.0,3790.0,3720.0,3790.0,2462.677490234375,49162900.0
2019-03-26,TLKM.JK,3780.0,3820.0,3780.0,3820.0,2482.1708984375,23049100.0
2019-03-27,TLKM.JK,3840.0,3840.0,3810.0,3820.0,2482.1708984375,35521900.0
2019-03-28,TLKM.JK,3820.0,3890.0,3810.0,3880.0,2521.15771484375,55847200.0
2019-03-29,TLKM.JK,3880.0,3970.0,3880.0,3960.0,2573.140625,82231400.0
2019-04-01,TLKM.JK,3950.0,3960.0,3900.0,3930.0,2553.64697265625,28246400.0
2019-04-02,TLKM.JK,3910.0,3950.0,3910.0,3930.0,2553.64697265625,35443400.0
2019-04-03,TLKM.JK,3930.0,3930.0,3930.0,3930.0,2553.64697265625,0.0
2019-04-04,TLKM.JK,3980.0,4040.0,3950.0,4030.0,2618.62548828125,96122100.0
2019-04-05,TLKM.JK,4020.0,4090.0,4000.0,4060.0,2638.11865234375,66832600.0
2019-04-08,TLKM.JK,4020.0,4030.0,3940.0,3950.0,2566.64306640625,73208300.0
2019-04-09,TLKM.JK,3980.0,4000.0,3910.0,3950.0,2566.64306640625,88580200.0
2019-04-10,TLKM.JK,3920.0,3950.0,3890.0,3930.0,2553.64697265625,52555500.0
2019-04-11,TLKM.JK,3900.0,3930.0,3880.0,3890.0,2527.655517578125,51480700.0
2019-04-12,TLKM.JK,3820.0,3870.0,3810.0,3830.0,2488.6689453125,45324300.0
2019-04-15,TLKM.JK,3860.0,3860.0,3810.0,3830.0,2488.6689453125,44510600.0
2019-04-16,TLKM.JK,3830.0,3880.0,3830.0,3870.0,2514.66015625,62572100.0
2019-04-17,TLKM.JK,3870.0,3870.0,3870.0,3870.0,2514.66015625,0.0
2019-04-18,TLKM.JK,3920.0,3950.0,3840.0,3860.0,2508.162353515625,119263400.0
2019-04-19,TLKM.JK,3860.0,3860.0,3860.0,3860.0,2508.162353515625,0.0
2019-04-22,TLKM.JK,3860.0,3860.0,3780.0,3780.0,2456.179443359375,48671200.0
2019-04-23,TLKM.JK,3780.0,3870.0,3730.0,3850.0,2501.66455078125,86443700.0
2019-04-24,TLKM.JK,3850.0,3860.0,3780.0,3840.0,2495.1669921875,76660900.0
2019-04-25,TLKM.JK,3800.0,3840.0,3790.0,3830.0,2488.6689453125,52775100.0
2019-04-26,TLKM.JK,3800.0,3910.0,3800.0,3910.0,2540.651611328125,66452700.0
2019-04-29,TLKM.JK,3850.0,3900.0,3850.0,3860.0,2508.162353515625,50143700.0
2019-04-30,TLKM.JK,3890.0,3890.0,3750.0,3790.0,2462.677490234375,132318200.0
2019-05-01,TLKM.JK,3790.0,3790.0,3790.0,3790.0,2462.677490234375,0.0
2019-05-02,TLKM.JK,3760.0,3880.0,3760.0,3830.0,2488.6689453125,136768800.0
2019-05-03,TLKM.JK,3800.0,3830.0,3760.0,3820.0,2482.1708984375,101522800.0
2019-05-06,TLKM.JK,3760.0,3840.0,3720.0,3840.0,2495.1669921875,107167400.0
2019-05-07,TLKM.JK,3870.0,3910.0,3840.0,3900.0,2534.153564453125,74814500.0
2019-05-08,TLKM.JK,3890.0,3920.0,3870.0,3900.0,2534.153564453125,77743400.0
2019-05-09,TLKM.JK,3860.0,3900.0,3800.0,3800.0,2469.175537109375,74716500.0
2019-05-10,TLKM.JK,3800.0,3840.0,3790.0,3790.0,2462.677490234375,66672500.0
2019-05-13,TLKM.JK,3820.0,3840.0,3760.0,3770.0,2449.68212890625,47605100.0
2019-05-14,TLKM.JK,3730.0,3800.0,3720.0,3760.0,2443.183837890625,77483200.0
2019-05-15,TLKM.JK,3770.0,3790.0,3660.0,3660.0,2378.205810546875,57596600.0
2019-05-16,TLKM.JK,3660.0,3720.0,3530.0,3600.0,2339.21875,107366200.0
2019-05-17,TLKM.JK,3610.0,3620.0,3500.0,3510.0,2280.738037109375,94437400.0
2019-05-20,TLKM.JK,3520.0,3620.0,3480.0,3600.0,2339.21875,82354400.0
2019-05-21,TLKM.JK,3600.0,3630.0,3550.0,3600.0,2339.21875,106104000.0
2019-05-22,TLKM.JK,3590.0,3600.0,3540.0,3540.0,2300.231689453125,63687000.0
2019-05-23,TLKM.JK,3540.0,3690.0,3540.0,3660.0,2378.205810546875,113281100.0
2019-05-24,TLKM.JK,3700.0,3780.0,3690.0,3750.0,2436.68603515625,87594500.0
2019-05-27,TLKM.JK,3760.0,3830.0,3750.0,3820.0,2482.1708984375,87146600.0
2019-05-28,TLKM.JK,3800.0,3820.0,3690.0,3690.0,2397.69921875,322246900.0
2019-05-29,TLKM.JK,3750.0,3830.0,3730.0,3780.0,2456.179443359375,122534500.0
2019-05-30,TLKM.JK,3780.0,3780.0,3780.0,3780.0,2456.179443359375,0.0
2019-05-31,TLKM.JK,3780.0,3930.0,3780.0,3900.0,2534.153564453125,194331700.0
2019-06-03,TLKM.JK,3900.0,3900.0,3900.0,3900.0,2534.153564453125,0.0
2019-06-04,TLKM.JK,3900.0,3900.0,3900.0,3900.0,2534.153564453125,0.0
2019-06-05,TLKM.JK,3900.0,3900.0,3900.0,3900.0,2534.153564453125,0.0
2019-06-06,TLKM.JK,3900.0,3900.0,3900.0,3900.0,2534.153564453125,0.0
2019-06-07,TLKM.JK,3900.0,3900.0,3900.0,3900.0,2534.153564453125,0.0
2019-06-10,TLKM.JK,4000.0,4060.0,3970.0,4040.0,2625.123046875,222522800.0
2019-06-11,TLKM.JK,4010.0,4060.0,4000.0,4020.0,2612.127685546875,88861700.0
2019-06-12,TLKM.JK,3880.0,3950.0,3840.0,3940.0,2668.908203125,134724400.0
2019-06-13,TLKM.JK,3940.0,3990.0,3900.0,3990.0,2702.777099609375,115734700.0
2019-06-14,TLKM.JK,4020.0,4050.0,3970.0,3990.0,2702.777099609375,92466800.0
2019-06-17,TLKM.JK,3950.0,3970.0,3900.0,3900.0,2641.8125,60851700.0
2019-06-18,TLKM.JK,3890.0,3990.0,3890.0,3980.0,2696.003173828125,66112800.0
2019-06-20,TLKM.JK,4110.0,4110.0,4020.0,4040.0,2736.646484375,57673700.0
2019-06-21,TLKM.JK,4010.0,4040.0,3950.0,4040.0,2736.646484375,154049700.0
2019-06-24,TLKM.JK,4050.0,4050.0,3970.0,3980.0,2696.003173828125,50525100.0
2019-06-25,TLKM.JK,4040.0,4040.0,4000.0,4010.0,2716.3251953125,42601100.0
2019-06-26,TLKM.JK,4020.0,4050.0,3980.0,3980.0,2696.003173828125,56092200.0
2019-06-27,TLKM.JK,4010.0,4120.0,4000.0,4090.0,2770.516357421875,94221200.0
2019-06-28,TLKM.JK,4100.0,4200.0,4090.0,4140.0,2804.385498046875,130153100.0
2019-07-01,TLKM.JK,4200.0,4240.0,4170.0,4220.0,2858.57666015625,79382300.0
2019-07-02,TLKM.JK,4240.0,4250.0,4180.0,4250.0,2878.89794921875,87999800.0
2019-07-03,TLKM.JK,4160.0,4240.0,4160.0,4240.0,2872.1240234375,63296200.0
2019-07-04,TLKM.JK,4190.0,4260.0,4190.0,4250.0,2878.89794921875,38459300.0
2019-07-05,TLKM.JK,4260.0,4280.0,4240.0,4280.0,2899.219970703125,50332800.0
2019-07-08,TLKM.JK,4230.0,4290.0,4210.0,4270.0,2892.4462890625,57903400.0
2019-07-09,TLKM.JK,4300.0,4370.0,4270.0,4350.0,2946.636962890625,124822400.0
2019-07-10,TLKM.JK,4310.0,4320.0,4260.0,4290.0,2905.99365234375,62529900.0
2019-07-11,TLKM.JK,4250.0,4280.0,4240.0,4270.0,2892.4462890625,25645900.0
2019-07-12,TLKM.JK,4240.0,4250.0,4170.0,4180.0,2831.48095703125,57088600.0
2019-07-15,TLKM.JK,4250.0,4290.0,4230.0,4280.0,2899.219970703125,66960500.0
2019-07-16,TLKM.JK,4240.0,4280.0,4210.0,4240.0,2872.1240234375,45461500.0
2019-07-17,TLKM.JK,4250.0,4260.0,4220.0,4230.0,2865.350341796875,32069800.0
2019-07-18,TLKM.JK,4220.0,4250.0,4210.0,4240.0,2872.1240234375,45408100.0
2019-07-19,TLKM.JK,4260.0,4280.0,4250.0,4270.0,2892.4462890625,60692800.0
2019-07-22,TLKM.JK,4250.0,4270.0,4230.0,4260.0,2885.672119140625,37513700.0
2019-07-23,TLKM.JK,4260.0,4270.0,4200.0,4250.0,2878.89794921875,62628100.0
2019-07-24,TLKM.JK,4230.0,4240.0,4160.0,4190.0,2838.255126953125,73904300.0
2019-07-25,TLKM.JK,4160.0,4240.0,4160.0,4210.0,2851.802490234375,49276300.0
2019-07-26,TLKM.JK,4160.0,4210.0,4110.0,4160.0,2817.933349609375,70952400.0
2019-07-29,TLKM.JK,4150.0,4240.0,4140.0,4200.0,2845.029052734375,54336900.0
2019-07-30,TLKM.JK,4280.0,4300.0,4260.0,4270.0,2892.4462890625,88417200.0
2019-07-31,TLKM.JK,4240.0,4300.0,4210.0,4300.0,2912.767578125,175741000.0
2019-08-01,TLKM.JK,4300.0,4300.0,4260.0,4280.0,2899.219970703125,94856600.0
2019-08-02,TLKM.JK,4280.0,4300.0,4250.0,4280.0,2899.219970703125,82253800.0
2019-08-05,TLKM.JK,4200.0,4220.0,4060.0,4080.0,2763.742431640625,112253200.0
2019-08-06,TLKM.JK,4060.0,4190.0,4050.0,4130.0,2797.611572265625,108890100.0
2019-08-07,TLKM.JK,4230.0,4270.0,4170.0,4210.0,2851.802490234375,104785500.0
2019-08-08,TLKM.JK,4270.0,4290.0,4240.0,4260.0,2885.672119140625,95204000.0
2019-08-09,TLKM.JK,4300.0,4300.0,4240.0,4260.0,2885.672119140625,89600500.0
2019-08-12,TLKM.JK,4300.0,4320.0,4230.0,4260.0,2885.672119140625,41817800.0
2019-08-13,TLKM.JK,4290.0,4290.0,4230.0,4250.0,2878.89794921875,98757900.0
2019-08-14,TLKM.JK,4300.0,4300.0,4270.0,4290.0,2905.99365234375,84928200.0
2019-08-15,TLKM.JK,4200.0,4290.0,4200.0,4290.0,2905.99365234375,97255500.0
2019-08-16,TLKM.JK,4300.0,4310.0,4220.0,4280.0,2899.219970703125,51853900.0
2019-08-19,TLKM.JK,4340.0,4340.0,4290.0,4340.0,2939.863037109375,86011300.0
2019-08-20,TLKM.JK,4350.0,4470.0,4340.0,4470.0,3027.923583984375,143171600.0
2019-08-21,TLKM.JK,4460.0,4500.0,4390.0,4410.0,2987.2802734375,99649300.0
2019-08-22,TLKM.JK,4380.0,4450.0,4320.0,4450.0,3014.37548828125,110968600.0
2019-08-23,TLKM.JK,4390.0,4450.0,4340.0,4380.0,2966.95849609375,83823900.0
2019-08-26,TLKM.JK,4280.0,4360.0,4280.0,4330.0,2933.089111328125,77603200.0
2019-08-27,TLKM.JK,4390.0,4410.0,4320.0,4380.0,2966.95849609375,168209400.0
2019-08-28,TLKM.JK,4430.0,4430.0,4350.0,4370.0,2960.184814453125,68091100.0
2019-08-29,TLKM.JK,4370.0,4440.0,4370.0,4380.0,2966.95849609375,65718900.0
2019-08-30,TLKM.JK,4430.0,4450.0,4420.0,4450.0,3014.37548828125,95138200.0
2019-09-02,TLKM.JK,4440.0,4450.0,4400.0,4410.0,2987.2802734375,27531000.0
2019-09-03,TLKM.JK,4440.0,4440.0,4330.0,4350.0,2946.636962890625,66884700.0
2019-09-04,TLKM.JK,4310.0,4350.0,4280.0,4290.0,2905.99365234375,78905600.0
2019-09-05,TLKM.JK,4290.0,4360.0,4290.0,4320.0,2926.315185546875,97098300.0
2019-09-06,TLKM.JK,4360.0,4360.0,4210.0,4210.0,2851.802490234375,117223300.0
2019-09-09,TLKM.JK,4280.0,4300.0,4240.0,4270.0,2892.4462890625,47057300.0
2019-09-10,TLKM.JK,4300.0,4300.0,4250.0,4270.0,2892.4462890625,80403000.0
2019-09-11,TLKM.JK,4300.0,4300.0,4210.0,4250.0,2878.89794921875,90211600.0
2019-09-12,TLKM.JK,4220.0,4230.0,4160.0,4170.0,2824.70703125,70382200.0
2019-09-13,TLKM.JK,4230.0,4230.0,4160.0,4160.0,2817.933349609375,64074800.0
2019-09-16,TLKM.JK,4160.0,4260.0,4160.0,4220.0,2858.57666015625,85284700.0
2019-09-17,TLKM.JK,4240.0,4280.0,4220.0,4270.0,2892.4462890625,86432000.0
2019-09-18,TLKM.JK,4250.0,4280.0,4230.0,4250.0,2878.89794921875,72359600.0
2019-09-19,TLKM.JK,4260.0,4260.0,4190.0,4210.0,2851.802490234375,58720600.0
2019-09-20,TLKM.JK,4250.0,4300.0,4230.0,4290.0,2905.99365234375,132359100.0
2019-09-23,TLKM.JK,4290.0,4300.0,4230.0,4250.0,2878.89794921875,70483600.0
2019-09-24,TLKM.JK,4210.0,4240.0,4150.0,4210.0,2851.802490234375,88979100.0
2019-09-25,TLKM.JK,4220.0,4250.0,4180.0,4220.0,2858.57666015625,84582300.0
2019-09-26,TLKM.JK,4220.0,4370.0,4200.0,4360.0,2953.410888671875,79324000.0
2019-09-27,TLKM.JK,4310.0,4350.0,4300.0,4310.0,2919.541259765625,52305800.0
2019-09-30,TLKM.JK,4270.0,4330.0,4270.0,4310.0,2919.541259765625,111879100.0
2019-10-01,TLKM.JK,4400.0,4400.0,4220.0,4250.0,2878.89794921875,60332400.0
2019-10-02,TLKM.JK,4260.0,4300.0,4190.0,4200.0,2845.029052734375,51606300.0
2019-10-03,TLKM.JK,4190.0,4250.0,4160.0,4200.0,2845.029052734375,56433000.0
2019-10-04,TLKM.JK,4250.0,4250.0,4180.0,4190.0,2838.255126953125,34082000.0
2019-10-07,TLKM.JK,4240.0,4240.0,4090.0,4110.0,2784.0634765625,42996900.0
2019-10-08,TLKM.JK,4170.0,4170.0,4060.0,4090.0,2770.516357421875,74448900.0
2019-10-09,TLKM.JK,4090.0,4170.0,4080.0,4120.0,2790.837890625,59314500.0
2019-10-10,TLKM.JK,4060.0,4120.0,4060.0,4110.0,2784.0634765625,34345600.0
2019-10-11,TLKM.JK,4100.0,4170.0,4100.0,4170.0,2824.70703125,42198800.0
2019-10-14,TLKM.JK,4200.0,4210.0,4150.0,4190.0,2838.255126953125,52681800.0
2019-10-15,TLKM.JK,4190.0,4190.0,4150.0,4170.0,2824.70703125,64670200.0
2019-10-16,TLKM.JK,4170.0,4190.0,4140.0,4170.0,2824.70703125,70555700.0
2019-10-17,TLKM.JK,4160.0,4180.0,4140.0,4170.0,2824.70703125,50695300.0
2019-10-18,TLKM.JK,4170.0,4190.0,4160.0,4190.0,2838.255126953125,169540200.0
2019-10-21,TLKM.JK,4200.0,4250.0,4190.0,4200.0,2845.029052734375,63797000.0
2019-10-22,TLKM.JK,4200.0,4250.0,4200.0,4230.0,2865.350341796875,56711100.0
2019-10-23,TLKM.JK,4210.0,4270.0,4210.0,4260.0,2885.672119140625,97971900.0
2019-10-24,TLKM.JK,4300.0,4350.0,4250.0,4350.0,2946.636962890625,99213400.0
2019-10-25,TLKM.JK,4320.0,4360.0,4270.0,4280.0,2899.219970703125,67661500.0
2019-10-28,TLKM.JK,4280.0,4280.0,4220.0,4260.0,2885.672119140625,30710600.0
2019-10-29,TLKM.JK,4230.0,4330.0,4220.0,4330.0,2933.089111328125,68715000.0
2019-10-30,TLKM.JK,4290.0,4350.0,4210.0,4270.0,2892.4462890625,89575600.0
2019-10-31,TLKM.JK,4220.0,4240.0,4080.0,4110.0,2784.0634765625,185713300.0
2019-11-01,TLKM.JK,4090.0,4150.0,4060.0,4080.0,2763.742431640625,107208500.0
2019-11-04,TLKM.JK,4080.0,4160.0,4080.0,4150.0,2811.159423828125,65897700.0
2019-11-05,TLKM.JK,4170.0,4200.0,4130.0,4200.0,2845.029052734375,109276000.0
2019-11-06,TLKM.JK,4180.0,4190.0,4110.0,4120.0,2790.837890625,134618700.0
2019-11-07,TLKM.JK,4150.0,4150.0,3990.0,4070.0,2756.96826171875,125291200.0
2019-11-08,TLKM.JK,4010.0,4120.0,3990.0,4110.0,2784.0634765625,70404800.0
2019-11-11,TLKM.JK,4040.0,4120.0,4040.0,4100.0,2777.289794921875,57079800.0
2019-11-12,TLKM.JK,4050.0,4190.0,4050.0,4180.0,2831.48095703125,88251100.0
2019-11-13,TLKM.JK,4130.0,4170.0,4100.0,4150.0,2811.159423828125,91925700.0
2019-11-14,TLKM.JK,4110.0,4130.0,4010.0,4050.0,2743.420654296875,123468500.0
2019-11-15,TLKM.JK,4080.0,4090.0,4030.0,4080.0,2763.742431640625,50780500.0
2019-11-18,TLKM.JK,4040.0,4060.0,3990.0,4000.0,2709.55126953125,104978700.0
2019-11-19,TLKM.JK,4000.0,4020.0,3970.0,4020.0,2723.09912109375,113996600.0
2019-11-20,TLKM.JK,4000.0,4090.0,4000.0,4090.0,2770.516357421875,149185500.0
2019-11-21,TLKM.JK,4050.0,4090.0,4020.0,4020.0,2723.09912109375,64005900.0
2019-11-22,TLKM.JK,4030.0,4050.0,4000.0,4050.0,2743.420654296875,76569400.0
2019-11-25,TLKM.JK,4070.0,4070.0,3940.0,3950.0,2675.68212890625,107581200.0
2019-11-26,TLKM.JK,3950.0,3960.0,3860.0,3860.0,2614.716796875,281002600.0
2019-11-27,TLKM.JK,3870.0,3930.0,3800.0,3880.0,2628.2646484375,97511300.0
2019-11-28,TLKM.JK,3830.0,3900.0,3800.0,3820.0,2587.621337890625,70635000.0
2019-11-29,TLKM.JK,3860.0,3950.0,3840.0,3930.0,2662.1337890625,72146900.0
2019-12-02,TLKM.JK,3960.0,3960.0,3930.0,3950.0,2675.68212890625,74263500.0
2019-12-03,TLKM.JK,3920.0,3940.0,3910.0,3920.0,2655.360107421875,74494000.0
2019-12-04,TLKM.JK,3920.0,3990.0,3900.0,3990.0,2702.777099609375,64948300.0
2019-12-05,TLKM.JK,3990.0,4080.0,3990.0,4060.0,2750.1943359375,118494800.0
2019-12-06,TLKM.JK,4040.0,4100.0,4020.0,4100.0,2777.289794921875,50682100.0
2019-12-09,TLKM.JK,4080.0,4110.0,4050.0,4070.0,2756.96826171875,80864200.0
2019-12-10,TLKM.JK,4050.0,4070.0,4010.0,4040.0,2736.646484375,54824900.0
2019-12-11,TLKM.JK,4010.0,4050.0,4000.0,4050.0,2743.420654296875,79749500.0
2019-12-12,TLKM.JK,4040.0,4050.0,3950.0,3950.0,2675.68212890625,147627000.0
2019-12-13,TLKM.JK,4000.0,4020.0,3960.0,3990.0,2702.777099609375,81937300.0
2019-12-16,TLKM.JK,3970.0,4020.0,3960.0,3970.0,2689.229248046875,86479200.0
2019-12-17,TLKM.JK,3970.0,3990.0,3950.0,3980.0,2696.003173828125,91747200.0
2019-12-18,TLKM.JK,3960.0,4000.0,3950.0,3990.0,2702.777099609375,101569300.0
2019-12-19,TLKM.JK,3970.0,3980.0,3900.0,3900.0,2641.8125,127316000.0
2019-12-20,TLKM.JK,3900.0,4020.0,3900.0,4020.0,2723.09912109375,152132200.0
2019-12-23,TLKM.JK,4020.0,4030.0,3980.0,4020.0,2723.09912109375,58715700.0
2019-12-26,TLKM.JK,4020.0,4020.0,3980.0,4000.0,2709.55126953125,36935300.0
2019-12-27,TLKM.JK,3990.0,4010.0,3980.0,3990.0,2702.777099609375,52812000.0
2019-12-30,TLKM.JK,3980.0,4030.0,3970.0,3970.0,2689.229248046875,67738300.0
2020-01-02,TLKM.JK,3970.0,4000.0,3900.0,3910.0,2648.58642578125,52094000.0
2020-01-03,TLKM.JK,3960.0,3980.0,3930.0,3980.0,2696.003173828125,70032900.0
2020-01-06,TLKM.JK,3930.0,3970.0,3930.0,3960.0,2682.455810546875,42908900.0
2020-01-07,TLKM.JK,3930.0,3970.0,3920.0,3940.0,2668.908203125,51837600.0
2020-01-08,TLKM.JK,3920.0,3950.0,3900.0,3900.0,2641.8125,52402600.0
2020-01-09,TLKM.JK,3920.0,3970.0,3920.0,3960.0,2682.455810546875,37580300.0
2020-01-10,TLKM.JK,3980.0,3990.0,3950.0,3980.0,2696.003173828125,48099000.0
2020-01-13,TLKM.JK,4000.0,4030.0,3990.0,4030.0,2729.872802734375,61913800.0
2020-01-14,TLKM.JK,3980.0,4000.0,3940.0,3950.0,2675.68212890625,95058600.0
2020-01-15,TLKM.JK,3960.0,3960.0,3870.0,3880.0,2628.2646484375,147583300.0
2020-01-16,TLKM.JK,3890.0,3890.0,3830.0,3850.0,2607.94287109375,118903100.0
2020-01-17,TLKM.JK,3860.0,3870.0,3800.0,3810.0,2580.84765625,119904100.0
2020-01-20,TLKM.JK,3820.0,3840.0,3800.0,3810.0,2580.84765625,73599200.0
2020-01-21,TLKM.JK,3810.0,3900.0,3810.0,3890.0,2635.038330078125,78014400.0
2020-01-22,TLKM.JK,3890.0,3890.0,3850.0,3860.0,2614.716796875,45839800.0
2020-01-23,TLKM.JK,3860.0,3880.0,3830.0,3880.0,2628.2646484375,41077400.0
2020-01-24,TLKM.JK,3880.0,3930.0,3860.0,3920.0,2655.360107421875,58524000.0
2020-01-27,TLKM.JK,3920.0,3920.0,3830.0,3840.0,2601.16943359375,33081800.0
2020-01-28,TLKM.JK,3810.0,3840.0,3800.0,3830.0,2594.395263671875,56210000.0
2020-01-29,TLKM.JK,3840.0,3900.0,3840.0,3900.0,2641.8125,51929800.0
2020-01-30,TLKM.JK,3910.0,3910.0,3850.0,3860.0,2614.716796875,60391600.0
2020-01-31,TLKM.JK,3890.0,3890.0,3780.0,3800.0,2574.07373046875,120447900.0
2020-02-03,TLKM.JK,3800.0,3820.0,3730.0,3740.0,2533.430419921875,68360600.0
2020-02-04,TLKM.JK,3810.0,3810.0,3730.0,3760.0,2546.97802734375,77259600.0
2020-02-05,TLKM.JK,3760.0,3780.0,3720.0,3770.0,2553.752197265625,68150800.0
2020-02-06,TLKM.JK,3800.0,3800.0,3750.0,3760.0,2546.97802734375,56261500.0
2020-02-07,TLKM.JK,3780.0,3820.0,3760.0,3790.0,2567.299560546875,53578900.0
2020-02-10,TLKM.JK,3800.0,3850.0,3780.0,3810.0,2580.84765625,86588500.0
2020-02-11,TLKM.JK,3810.0,3830.0,3780.0,3790.0,2567.299560546875,50248200.0
2020-02-12,TLKM.JK,3800.0,3850.0,3780.0,3820.0,2587.621337890625,73840300.0
2020-02-13,TLKM.JK,3820.0,3830.0,3710.0,3730.0,2526.656494140625,66699800.0
2020-02-14,TLKM.JK,3680.0,3730.0,3640.0,3640.0,2465.691650390625,108793300.0
2020-02-17,TLKM.JK,3630.0,3660.0,3590.0,3610.0,2445.3701171875,94887800.0
2020-02-18,TLKM.JK,3590.0,3660.0,3590.0,3620.0,2452.1435546875,94382900.0
2020-02-19,TLKM.JK,3620.0,3640.0,3590.0,3620.0,2452.1435546875,63717800.0
2020-02-20,TLKM.JK,3620.0,3650.0,3600.0,3630.0,2458.91796875,53035400.0
2020-02-21,TLKM.JK,3650.0,3710.0,3640.0,3690.0,2499.56103515625,86862600.0
2020-02-24,TLKM.JK,3670.0,3720.0,3630.0,3640.0,2465.691650390625,72610600.0
2020-02-25,TLKM.JK,3600.0,3670.0,3590.0,3590.0,2431.822265625,73990700.0
2020-02-26,TLKM.JK,3530.0,3550.0,3450.0,3510.0,2377.631103515625,133449900.0
2020-02-27,TLKM.JK,3510.0,3550.0,3420.0,3470.0,2350.53564453125,88389400.0
2020-02-28,TLKM.JK,3390.0,3490.0,3340.0,3490.0,2364.083740234375,151751800.0
2020-03-02,TLKM.JK,3470.0,3550.0,3440.0,3440.0,2330.2138671875,96802900.0
2020-03-03,TLKM.JK,3510.0,3660.0,3470.0,3620.0,2452.1435546875,114698200.0
2020-03-04,TLKM.JK,3640.0,3840.0,3630.0,3830.0,2594.395263671875,136081000.0
2020-03-05,TLKM.JK,3820.0,3880.0,3760.0,3830.0,2594.395263671875,101235000.0
2020-03-06,TLKM.JK,3730.0,3790.0,3710.0,3750.0,2540.2041015625,86476000.0
2020-03-09,TLKM.JK,3560.0,3620.0,3500.0,3500.0,2370.857177734375,109347300.0
2020-03-10,TLKM.JK,3480.0,3620.0,3480.0,3490.0,2364.083740234375,119718000.0
2020-03-11,TLKM.JK,3470.0,3480.0,3370.0,3400.0,2303.118408203125,115486900.0
2020-03-12,TLKM.JK,3300.0,3440.0,3270.0,3310.0,2242.154052734375,84363800.0
2020-03-13,TLKM.JK,3310.0,3310.0,3310.0,3310.0,2242.154052734375,0.0
2020-03-16,TLKM.JK,3300.0,3300.0,3160.0,3160.0,2140.54541015625,115972300.0
2020-03-17,TLKM.JK,3160.0,3160.0,2940.0,2940.0,1991.5198974609375,150122700.0
2020-03-18,TLKM.JK,3010.0,3080.0,2740.0,2810.0,1903.4595947265625,150147300.0
2020-03-19,TLKM.JK,2810.0,2810.0,2620.0,2620.0,1774.7559814453125,138987300.0
2020-03-20,TLKM.JK,2660.0,2990.0,2450.0,2880.0,1950.8768310546875,267694700.0
2020-03-23,TLKM.JK,2880.0,2880.0,2680.0,2680.0,1815.3992919921875,86157200.0
2020-03-24,TLKM.JK,2700.0,2880.0,2570.0,2620.0,1774.7559814453125,243778900.0
2020-03-26,TLKM.JK,2550.0,3080.0,2550.0,2980.0,2018.615478515625,267369500.0
2020-03-27,TLKM.JK,3050.0,3270.0,3050.0,3090.0,2093.12841796875,200952500.0
2020-03-30,TLKM.JK,3060.0,3180.0,2880.0,3140.0,2126.997802734375,134474300.0
2020-03-31,TLKM.JK,3180.0,3300.0,3120.0,3160.0,2140.54541015625,151302900.0
2020-04-01,TLKM.JK,3180.0,3200.0,3040.0,3100.0,2099.90234375,104550600.0
2020-04-02,TLKM.JK,3100.0,3130.0,3020.0,3130.0,2120.223876953125,92893600.0
2020-04-03,TLKM.JK,3150.0,3220.0,3120.0,3200.0,2167.640625,83469200.0
2020-04-06,TLKM.JK,3280.0,3330.0,3180.0,3330.0,2255.701171875,115495000.0
2020-04-07,TLKM.JK,3390.0,3500.0,3200.0,3220.0,2181.18896484375,166425600.0
2020-04-08,TLKM.JK,3220.0,3220.0,3050.0,3110.0,2106.676025390625,124553900.0
2020-04-09,TLKM.JK,3110.0,3180.0,3030.0,3120.0,2113.449951171875,122622400.0
2020-04-13,TLKM.JK,3140.0,3230.0,3130.0,3180.0,2154.09326171875,45469500.0
2020-04-14,TLKM.JK,3200.0,3250.0,3160.0,3240.0,2194.73681640625,79114600.0
2020-04-15,TLKM.JK,3250.0,3300.0,3090.0,3110.0,2106.676025390625,69832000.0
2020-04-16,TLKM.JK,3110.0,3110.0,3000.0,3000.0,2032.1634521484375,109582500.0
2020-04-17,TLKM.JK,3050.0,3250.0,3050.0,3230.0,2187.962646484375,127860400.0
2020-04-20,TLKM.JK,3270.0,3270.0,3120.0,3120.0,2113.449951171875,77306900.0
2020-04-21,TLKM.JK,3120.0,3130.0,3050.0,3070.0,2079.580322265625,43239400.0
2020-04-22,TLKM.JK,3050.0,3270.0,3030.0,3160.0,2140.54541015625,126278300.0
2020-04-23,TLKM.JK,3200.0,3240.0,3070.0,3070.0,2079.580322265625,117391500.0
2020-04-24,TLKM.JK,3100.0,3160.0,3080.0,3090.0,2093.12841796875,84061400.0
2020-04-27,TLKM.JK,3120.0,3200.0,3100.0,3150.0,2133.771484375,85475400.0
2020-04-28,TLKM.JK,3170.0,3200.0,3140.0,3160.0,2140.54541015625,80212700.0
2020-04-29,TLKM.JK,3200.0,3390.0,3100.0,3350.0,2269.249267578125,154902100.0
2020-04-30,TLKM.JK,3400.0,3540.0,3350.0,3500.0,2370.857177734375,163170100.0
2020-05-04,TLKM.JK,3400.0,3400.0,3260.0,3320.0,2248.927490234375,108988600.0
2020-05-05,TLKM.JK,3320.0,3390.0,3320.0,3320.0,2248.927490234375,74036700.0
2020-05-06,TLKM.JK,3300.0,3340.0,3220.0,3240.0,2194.73681640625,86395000.0
2020-05-08,TLKM.JK,3270.0,3290.0,3150.0,3190.0,2160.8671875,143584400.0
2020-05-11,TLKM.JK,3220.0,3250.0,3210.0,3220.0,2181.18896484375,58473100.0
2020-05-12,TLKM.JK,3270.0,3270.0,3100.0,3150.0,2133.771484375,138978700.0
2020-05-13,TLKM.JK,3150.0,3170.0,3080.0,3160.0,2140.54541015625,73238700.0
2020-05-14,TLKM.JK,3110.0,3140.0,3060.0,3070.0,2079.580322265625,101581300.0
2020-05-15,TLKM.JK,3100.0,3130.0,3020.0,3100.0,2099.90234375,114753900.0
2020-05-18,TLKM.JK,3100.0,3220.0,3100.0,3220.0,2181.18896484375,108828800.0
2020-05-19,TLKM.JK,3250.0,3330.0,3250.0,3270.0,2215.05810546875,97387100.0
2020-05-20,TLKM.JK,3200.0,3260.0,3180.0,3180.0,2154.09326171875,76086600.0
2020-05-26,TLKM.JK,3150.0,3280.0,3130.0,3250.0,2201.510498046875,105792900.0
2020-05-27,TLKM.JK,3250.0,3270.0,3150.0,3170.0,2147.3193359375,128693900.0
2020-05-28,TLKM.JK,3180.0,3210.0,3130.0,3130.0,2120.223876953125,177385100.0
2020-05-29,TLKM.JK,3100.0,3150.0,3080.0,3150.0,2133.771484375,276092100.0
2020-06-02,TLKM.JK,3160.0,3270.0,3120.0,3250.0,2201.510498046875,174790600.0
2020-06-03,TLKM.JK,3280.0,3320.0,3230.0,3290.0,2228.605712890625,216200900.0
2020-06-04,TLKM.JK,3320.0,3390.0,3250.0,3300.0,2235.379638671875,167708600.0
2020-06-05,TLKM.JK,3360.0,3360.0,3200.0,3230.0,2187.962646484375,188420700.0
2020-06-08,TLKM.JK,3250.0,3290.0,3220.0,3230.0,2187.962646484375,221641600.0
2020-06-09,TLKM.JK,3250.0,3270.0,3140.0,3140.0,2126.997802734375,171214500.0
2020-06-10,TLKM.JK,3150.0,3190.0,3100.0,3110.0,2106.676025390625,263483700.0
2020-06-11,TLKM.JK,3120.0,3150.0,3060.0,3080.0,2086.3544921875,175767800.0
2020-06-12,TLKM.JK,3080.0,3080.0,2970.0,3030.0,2052.485107421875,260087300.0
2020-06-15,TLKM.JK,3060.0,3150.0,3030.0,3090.0,2093.12841796875,241625700.0
2020-06-16,TLKM.JK,3150.0,3220.0,3130.0,3200.0,2167.640625,194424800.0
2020-06-17,TLKM.JK,3210.0,3230.0,3140.0,3210.0,2174.414794921875,177784900.0
2020-06-18,TLKM.JK,3210.0,3350.0,3180.0,3280.0,2221.83203125,235586600.0
2020-06-19,TLKM.JK,3300.0,3340.0,3250.0,3280.0,2221.83203125,227358800.0
2020-06-22,TLKM.JK,3290.0,3300.0,3180.0,3200.0,2167.640625,159776500.0
2020-06-23,TLKM.JK,3200.0,3200.0,3120.0,3130.0,2120.223876953125,167271000.0
2020-06-24,TLKM.JK,3150.0,3230.0,3140.0,3180.0,2154.09326171875,170895600.0
2020-06-25,TLKM.JK,3160.0,3220.0,3140.0,3160.0,2140.54541015625,100882600.0
2020-06-26,TLKM.JK,3190.0,3220.0,3180.0,3190.0,2160.8671875,100784500.0
2020-06-29,TLKM.JK,3200.0,3250.0,3160.0,3180.0,2154.09326171875,156613200.0
2020-06-30,TLKM.JK,3090.0,3100.0,3050.0,3050.0,2171.226806640625,258068400.0
2020-07-01,TLKM.JK,3070.0,3100.0,3010.0,3040.0,2164.10791015625,148037400.0
2020-07-02,TLKM.JK,3040.0,3140.0,3040.0,3140.0,2235.2958984375,178357900.0
2020-07-03,TLKM.JK,3150.0,3180.0,3110.0,3120.0,2221.058349609375,102033100.0
2020-07-06,TLKM.JK,3130.0,3150.0,3040.0,3050.0,2171.226806640625,248572600.0
2020-07-07,TLKM.JK,3060.0,3120.0,3050.0,3120.0,2221.058349609375,169104200.0
2020-07-08,TLKM.JK,3130.0,3160.0,3110.0,3150.0,2242.414306640625,158166300.0
2020-07-09,TLKM.JK,3170.0,3190.0,3110.0,3110.0,2213.939453125,125940800.0
2020-07-10,TLKM.JK,3110.0,3130.0,3100.0,3110.0,2213.939453125,95422400.0
2020-07-13,TLKM.JK,3120.0,3130.0,3080.0,3090.0,2199.701904296875,77733900.0
2020-07-14,TLKM.JK,3100.0,3110.0,3070.0,3080.0,2192.583251953125,111442600.0
2020-07-15,TLKM.JK,3120.0,3130.0,3080.0,3090.0,2199.701904296875,102304100.0
2020-07-16,TLKM.JK,3090.0,3110.0,3080.0,3100.0,2206.82080078125,91951000.0
2020-07-17,TLKM.JK,3100.0,3110.0,3060.0,3060.0,2178.345703125,112416300.0
2020-07-20,TLKM.JK,3080.0,3080.0,3040.0,3060.0,2178.345703125,64735500.0
2020-07-21,TLKM.JK,3050.0,3110.0,3050.0,3060.0,2178.345703125,101283800.0
2020-07-22,TLKM.JK,3070.0,3090.0,3060.0,3070.0,2185.464111328125,69462100.0
2020-07-23,TLKM.JK,3070.0,3090.0,3060.0,3070.0,2185.464111328125,70482100.0
2020-07-24,TLKM.JK,3080.0,3080.0,3020.0,3020.0,2149.870361328125,137265100.0
2020-07-27,TLKM.JK,3020.0,3050.0,3020.0,3040.0,2164.10791015625,58708800.0
2020-07-28,TLKM.JK,3050.0,3050.0,3010.0,3020.0,2149.870361328125,102705300.0
2020-07-29,TLKM.JK,3030.0,3050.0,3000.0,3000.0,2135.633056640625,114352000.0
2020-07-30,TLKM.JK,3040.0,3050.0,3000.0,3050.0,2171.226806640625,95785000.0
2020-08-03,TLKM.JK,3060.0,3060.0,2850.0,2920.0,2078.682861328125,255659800.0
2020-08-04,TLKM.JK,2970.0,2970.0,2920.0,2950.0,2100.0390625,96018000.0
2020-08-05,TLKM.JK,2960.0,3040.0,2920.0,3020.0,2149.870361328125,120719100.0
2020-08-06,TLKM.JK,3050.0,3050.0,3000.0,3020.0,2149.870361328125,71699000.0
2020-08-07,TLKM.JK,3020.0,3030.0,2970.0,2980.0,2121.395263671875,78347200.0
2020-08-10,TLKM.JK,3000.0,3020.0,2970.0,2970.0,2114.276611328125,65485400.0
2020-08-11,TLKM.JK,2980.0,3000.0,2930.0,2930.0,2085.80126953125,175693000.0
2020-08-12,TLKM.JK,2930.0,2960.0,2920.0,2950.0,2100.0390625,110934800.0
2020-08-13,TLKM.JK,2950.0,3020.0,2950.0,3010.0,2142.751708984375,160906600.0
2020-08-14,TLKM.JK,3020.0,3040.0,3000.0,3030.0,2156.989013671875,93007500.0
2020-08-18,TLKM.JK,3030.0,3060.0,3000.0,3050.0,2171.226806640625,139358500.0
2020-08-19,TLKM.JK,3050.0,3050.0,3000.0,3000.0,2135.633056640625,103980600.0
2020-08-24,TLKM.JK,3010.0,3020.0,2990.0,3000.0,2135.633056640625,76713900.0
2020-08-25,TLKM.JK,3010.0,3010.0,2980.0,2980.0,2121.395263671875,100013600.0
2020-08-26,TLKM.JK,2980.0,3050.0,2980.0,3020.0,2149.870361328125,122465300.0
2020-08-27,TLKM.JK,3020.0,3040.0,2970.0,2990.0,2128.513916015625,102787800.0
2020-08-28,TLKM.JK,2990.0,2990.0,2940.0,2960.0,2107.157958984375,160569500.0
2020-08-31,TLKM.JK,2960.0,2980.0,2860.0,2860.0,2035.97021484375,204261100.0
2020-09-01,TLKM.JK,2900.0,2910.0,2860.0,2900.0,2064.445068359375,90565400.0
2020-09-02,TLKM.JK,2900.0,2970.0,2900.0,2950.0,2100.0390625,107589800.0
2020-09-03,TLKM.JK,2950.0,2960.0,2880.0,2900.0,2064.445068359375,123106100.0
2020-09-04,TLKM.JK,2850.0,2890.0,2840.0,2860.0,2035.97021484375,143569100.0
2020-09-07,TLKM.JK,2870.0,2910.0,2870.0,2900.0,2064.445068359375,62206600.0
2020-09-08,TLKM.JK,2890.0,2900.0,2860.0,2860.0,2035.97021484375,80068200.0
2020-09-09,TLKM.JK,2850.0,2860.0,2800.0,2800.0,1993.25732421875,108397400.0
2020-09-10,TLKM.JK,2800.0,2800.0,2620.0,2700.0,1922.069580078125,287496300.0
2020-09-11,TLKM.JK,2670.0,2840.0,2650.0,2810.0,2000.3760986328125,197756800.0
2020-09-14,TLKM.JK,2830.0,2890.0,2820.0,2890.0,2057.32666015625,127562700.0
2020-09-15,TLKM.JK,2890.0,2900.0,2810.0,2830.0,2014.6136474609375,106215900.0
2020-09-16,TLKM.JK,2810.0,2830.0,2770.0,2790.0,1986.1385498046875,68113400.0
2020-09-17,TLKM.JK,2810.0,2850.0,2780.0,2820.0,2007.494873046875,97257400.0
2020-09-18,TLKM.JK,2850.0,2890.0,2840.0,2890.0,2057.32666015625,162116700.0
2020-09-21,TLKM.JK,2890.0,2910.0,2800.0,2810.0,2000.3760986328125,100305100.0
2020-09-22,TLKM.JK,2790.0,2810.0,2750.0,2780.0,1979.0198974609375,75891600.0
2020-09-23,TLKM.JK,2770.0,2810.0,2740.0,2800.0,1993.25732421875,85953300.0
2020-09-24,TLKM.JK,2750.0,2760.0,2710.0,2730.0,1943.4261474609375,74516800.0
2020-09-25,TLKM.JK,2720.0,2740.0,2670.0,2690.0,1914.950927734375,180968900.0
2020-09-28,TLKM.JK,2710.0,2730.0,2660.0,2660.0,1893.5946044921875,89256700.0
2020-09-29,TLKM.JK,2690.0,2690.0,2630.0,2630.0,1872.2381591796875,155853900.0
2020-09-30,TLKM.JK,2630.0,2650.0,2540.0,2560.0,1822.40673828125,235611600.0
2020-10-01,TLKM.JK,2600.0,2760.0,2600.0,2750.0,1957.66357421875,225006000.0
2020-10-02,TLKM.JK,2750.0,2750.0,2650.0,2680.0,1907.83203125,140161900.0
2020-10-05,TLKM.JK,2690.0,2710.0,2640.0,2650.0,1886.4757080078125,124720200.0
2020-10-06,TLKM.JK,2680.0,2700.0,2620.0,2650.0,1886.4757080078125,148977400.0
2020-10-07,TLKM.JK,2650.0,2670.0,2620.0,2660.0,1893.5946044921875,110186000.0
2020-10-08,TLKM.JK,2670.0,2720.0,2650.0,2700.0,1922.069580078125,154587800.0
2020-10-09,TLKM.JK,2710.0,2750.0,2700.0,2730.0,1943.4261474609375,109122300.0
2020-10-12,TLKM.JK,2750.0,2760.0,2710.0,2730.0,1943.4261474609375,77479100.0
2020-10-13,TLKM.JK,2730.0,2740.0,2680.0,2730.0,1943.4261474609375,97205500.0
2020-10-14,TLKM.JK,2730.0,2830.0,2710.0,2810.0,2000.3760986328125,183236500.0
2020-10-15,TLKM.JK,2800.0,2850.0,2760.0,2780.0,1979.0198974609375,138462900.0
2020-10-16,TLKM.JK,2780.0,2780.0,2720.0,2750.0,1957.66357421875,135175000.0
2020-10-19,TLKM.JK,2800.0,2810.0,2710.0,2710.0,1929.188232421875,187840500.0
2020-10-20,TLKM.JK,2710.0,2740.0,2670.0,2670.0,1900.713134765625,168211100.0
2020-10-21,TLKM.JK,2680.0,2710.0,2670.0,2680.0,1907.83203125,142146300.0
2020-10-22,TLKM.JK,2670.0,2720.0,2650.0,2700.0,1922.069580078125,257179400.0
2020-10-23,TLKM.JK,2710.0,2720.0,2630.0,2630.0,1872.2381591796875,166356000.0
2020-10-26,TLKM.JK,2630.0,2680.0,2630.0,2650.0,1886.4757080078125,97523200.0
2020-10-27,TLKM.JK,2640.0,2690.0,2620.0,2620.0,1865.119384765625,146366600.0
2020-11-02,TLKM.JK,2590.0,2620.0,2550.0,2560.0,1822.40673828125,391510600.0
2020-11-03,TLKM.JK,2570.0,2590.0,2540.0,2580.0,1836.6441650390625,188874000.0
2020-11-04,TLKM.JK,2600.0,2640.0,2580.0,2580.0,1836.6441650390625,150678200.0
2020-11-05,TLKM.JK,2630.0,2810.0,2620.0,2770.0,1971.9012451171875,369260400.0
2020-11-06,TLKM.JK,2800.0,2840.0,2750.0,2830.0,2014.6136474609375,243865800.0
2020-11-09,TLKM.JK,2860.0,2900.0,2840.0,2880.0,2050.20751953125,208192700.0
2020-11-10,TLKM.JK,2950.0,2950.0,2860.0,2860.0,2035.97021484375,195337300.0
2020-11-11,TLKM.JK,2900.0,3100.0,2880.0,3080.0,2192.583251953125,480530200.0
2020-11-12,TLKM.JK,3080.0,3080.0,3010.0,3040.0,2164.10791015625,169609900.0
2020-11-13,TLKM.JK,3010.0,3010.0,2950.0,2990.0,2128.513916015625,186708800.0
2020-11-16,TLKM.JK,3040.0,3100.0,3020.0,3070.0,2185.464111328125,206145500.0
2020-11-17,TLKM.JK,3100.0,3270.0,3100.0,3220.0,2292.24609375,527501800.0
2020-11-18,TLKM.JK,3200.0,3250.0,3160.0,3180.0,2263.770751953125,239122600.0
2020-11-19,TLKM.JK,3150.0,3220.0,3140.0,3170.0,2256.65185546875,185558800.0
2020-11-20,TLKM.JK,3190.0,3270.0,3180.0,3220.0,2292.24609375,211892500.0
2020-11-23,TLKM.JK,3230.0,3340.0,3220.0,3320.0,2363.433837890625,260752200.0
2020-11-24,TLKM.JK,3350.0,3380.0,3330.0,3350.0,2384.790283203125,207503900.0
2020-11-25,TLKM.JK,3370.0,3390.0,3280.0,3280.0,2334.95849609375,253156200.0
2020-11-26,TLKM.JK,3280.0,3480.0,3280.0,3470.0,2470.21533203125,374185400.0
2020-11-27,TLKM.JK,3480.0,3500.0,3420.0,3460.0,2463.0966796875,163651600.0
2020-11-30,TLKM.JK,3460.0,3470.0,3220.0,3230.0,2299.36474609375,624142600.0
2020-12-01,TLKM.JK,3230.0,3320.0,3160.0,3240.0,2306.483642578125,277929200.0
2020-12-02,TLKM.JK,3270.0,3330.0,3240.0,3330.0,2370.552490234375,187276600.0
2020-12-03,TLKM.JK,3330.0,3360.0,3280.0,3300.0,2349.196044921875,121434200.0
2020-12-04,TLKM.JK,3270.0,3280.0,3210.0,3250.0,2313.6025390625,170418900.0
2020-12-07,TLKM.JK,3280.0,3330.0,3260.0,3330.0,2370.552490234375,175436900.0
2020-12-08,TLKM.JK,3350.0,3350.0,3290.0,3300.0,2349.196044921875,113775100.0
2020-12-10,TLKM.JK,3270.0,3290.0,3250.0,3260.0,2320.720947265625,229380200.0
2020-12-11,TLKM.JK,3270.0,3330.0,3250.0,3280.0,2334.95849609375,154365400.0
2020-12-14,TLKM.JK,3300.0,3340.0,3250.0,3320.0,2363.433837890625,281474900.0
2020-12-15,TLKM.JK,3320.0,3490.0,3290.0,3450.0,2455.97802734375,410175700.0
2020-12-16,TLKM.JK,3500.0,3640.0,3500.0,3610.0,2569.87841796875,455088400.0
2020-12-17,TLKM.JK,3610.0,3620.0,3520.0,3540.0,2520.046875,249797800.0
2020-12-18,TLKM.JK,3500.0,3540.0,3500.0,3510.0,2498.6904296875,187856600.0
2020-12-21,TLKM.JK,3530.0,3610.0,3510.0,3520.0,2505.80908203125,267970200.0
2020-12-22,TLKM.JK,3500.0,3540.0,3340.0,3360.0,2391.908935546875,311860000.0
2020-12-23,TLKM.JK,3350.0,3420.0,3240.0,3320.0,2363.433837890625,240067600.0
2020-12-28,TLKM.JK,3370.0,3460.0,3280.0,3430.0,2441.739990234375,178138100.0
2020-12-29,TLKM.JK,3500.0,3530.0,3400.0,3420.0,2434.62158203125,184525500.0
2020-12-30,TLKM.JK,3420.0,3420.0,3310.0,3310.0,2356.315185546875,150844500.0
2021-01-04,TLKM.JK,3320.0,3500.0,3310.0,3490.0,2484.452880859375,165339800.0
2021-01-05,TLKM.JK,3480.0,3480.0,3420.0,3470.0,2470.21533203125,157800700.0
2021-01-06,TLKM.JK,3470.0,3490.0,3330.0,3370.0,2399.02783203125,177877900.0
2021-01-07,TLKM.JK,3390.0,3450.0,3380.0,3390.0,2413.26513671875,140221900.0
2021-01-08,TLKM.JK,3450.0,3620.0,3440.0,3570.0,2541.403076171875,492643700.0
2021-01-11,TLKM.JK,3590.0,3640.0,3570.0,3600.0,2562.759521484375,271231200.0
2021-01-12,TLKM.JK,3600.0,3620.0,3500.0,3510.0,2498.6904296875,189779500.0
2021-01-13,TLKM.JK,3550.0,3550.0,3460.0,3480.0,2477.334228515625,162329300.0
2021-01-14,TLKM.JK,3480.0,3590.0,3470.0,3500.0,2491.57177734375,187448400.0
2021-01-15,TLKM.JK,3510.0,3540.0,3450.0,3480.0,2477.334228515625,133304300.0
2021-01-18,TLKM.JK,3480.0,3520.0,3430.0,3450.0,2455.97802734375,138913100.0
2021-01-19,TLKM.JK,3470.0,3490.0,3370.0,3410.0,2427.502685546875,144100700.0
2021-01-20,TLKM.JK,3420.0,3480.0,3380.0,3470.0,2470.21533203125,116098100.0
2021-01-21,TLKM.JK,3500.0,3520.0,3460.0,3480.0,2477.334228515625,81801900.0
2021-01-22,TLKM.JK,3420.0,3440.0,3360.0,3390.0,2413.26513671875,165024200.0
2021-01-25,TLKM.JK,3370.0,3410.0,3310.0,3370.0,2399.02783203125,118131800.0
2021-01-26,TLKM.JK,3360.0,3390.0,3260.0,3260.0,2320.720947265625,111414500.0
2021-01-27,TLKM.JK,3340.0,3380.0,3260.0,3380.0,2406.146240234375,159144700.0
2021-01-28,TLKM.JK,3280.0,3330.0,3230.0,3240.0,2306.483642578125,142648800.0
2021-01-29,TLKM.JK,3290.0,3290.0,3110.0,3110.0,2213.939453125,191915100.0
2021-02-01,TLKM.JK,3130.0,3250.0,3040.0,3230.0,2299.36474609375,133929600.0
2021-02-02,TLKM.JK,3300.0,3330.0,3250.0,3270.0,2327.83984375,114734600.0
2021-02-03,TLKM.JK,3250.0,3330.0,3220.0,3240.0,2306.483642578125,86433900.0
2021-02-04,TLKM.JK,3270.0,3330.0,3260.0,3290.0,2342.077392578125,80319500.0
2021-02-05,TLKM.JK,3320.0,3320.0,3270.0,3290.0,2342.077392578125,52630500.0
2021-02-08,TLKM.JK,3300.0,3370.0,3270.0,3280.0,2334.95849609375,96635600.0
2021-02-09,TLKM.JK,3250.0,3300.0,3180.0,3200.0,2278.008056640625,157479200.0
2021-02-10,TLKM.JK,3180.0,3220.0,3160.0,3190.0,2270.889892578125,125221400.0
2021-02-11,TLKM.JK,3220.0,3230.0,3170.0,3190.0,2270.889892578125,79940700.0
2021-02-15,TLKM.JK,3200.0,3260.0,3200.0,3220.0,2292.24609375,88883300.0
2021-02-16,TLKM.JK,3200.0,3250.0,3190.0,3210.0,2285.127197265625,82026300.0
2021-02-17,TLKM.JK,3220.0,3250.0,3140.0,3150.0,2242.414306640625,121105300.0
2021-02-18,TLKM.JK,3190.0,3270.0,3180.0,3180.0,2263.770751953125,151200300.0
2021-02-19,TLKM.JK,3180.0,3220.0,3170.0,3210.0,2285.127197265625,63214600.0
2021-02-22,TLKM.JK,3210.0,3240.0,3170.0,3170.0,2256.65185546875,100425500.0
2021-02-23,TLKM.JK,3200.0,3480.0,3200.0,3470.0,2470.21533203125,354966200.0
2021-02-24,TLKM.JK,3490.0,3550.0,3460.0,3480.0,2477.334228515625,303017100.0
2021-02-25,TLKM.JK,3510.0,3570.0,3450.0,3490.0,2484.452880859375,226833000.0
2021-02-26,TLKM.JK,3450.0,3510.0,3410.0,3490.0,2484.452880859375,230007700.0
2021-03-01,TLKM.JK,3490.0,3510.0,3470.0,3490.0,2484.452880859375,91513500.0
2021-03-02,TLKM.JK,3490.0,3500.0,3440.0,3460.0,2463.0966796875,169061400.0
2021-03-03,TLKM.JK,3480.0,3480.0,3420.0,3440.0,2448.85888671875,82610700.0
2021-03-04,TLKM.JK,3420.0,3430.0,3350.0,3360.0,2391.908935546875,142322100.0
2021-03-05,TLKM.JK,3340.0,3370.0,3320.0,3320.0,2363.433837890625,128546000.0
2021-03-08,TLKM.JK,3360.0,3400.0,3330.0,3340.0,2377.67138671875,80094900.0
2021-03-09,TLKM.JK,3370.0,3390.0,3280.0,3290.0,2342.077392578125,110090800.0
2021-03-10,TLKM.JK,3340.0,3420.0,3310.0,3400.0,2420.384033203125,91631900.0
2021-03-12,TLKM.JK,3440.0,3480.0,3430.0,3450.0,2455.97802734375,100195200.0
2021-03-15,TLKM.JK,3440.0,3450.0,3380.0,3380.0,2406.146240234375,50077300.0
2021-03-16,TLKM.JK,3400.0,3410.0,3360.0,3360.0,2391.908935546875,60111200.0
2021-03-17,TLKM.JK,3410.0,3430.0,3370.0,3390.0,2413.26513671875,61701400.0
2021-03-18,TLKM.JK,3450.0,3480.0,3430.0,3450.0,2455.97802734375,101896400.0
2021-03-19,TLKM.JK,3410.0,3440.0,3380.0,3440.0,2448.85888671875,140000000.0
2021-03-22,TLKM.JK,3440.0,3440.0,3380.0,3380.0,2406.146240234375,53870300.0
2021-03-23,TLKM.JK,3390.0,3420.0,3350.0,3360.0,2391.908935546875,55323200.0
2021-03-24,TLKM.JK,3320.0,3390.0,3320.0,3370.0,2399.02783203125,67173200.0
2021-03-25,TLKM.JK,3400.0,3430.0,3380.0,3410.0,2427.502685546875,107607200.0
2021-03-26,TLKM.JK,3410.0,3500.0,3390.0,3490.0,2484.452880859375,106810400.0
2021-03-29,TLKM.JK,3470.0,3490.0,3400.0,3410.0,2427.502685546875,72214100.0
2021-03-30,TLKM.JK,3420.0,3430.0,3360.0,3380.0,2406.146240234375,66491800.0
2021-03-31,TLKM.JK,3380.0,3420.0,3330.0,3420.0,2434.62158203125,134671900.0
2021-04-01,TLKM.JK,3390.0,3440.0,3380.0,3390.0,2413.26513671875,73332000.0
2021-04-05,TLKM.JK,3430.0,3430.0,3370.0,3380.0,2406.146240234375,36029200.0
2021-04-06,TLKM.JK,3400.0,3410.0,3370.0,3370.0,2399.02783203125,40566400.0
2021-04-07,TLKM.JK,3410.0,3430.0,3380.0,3400.0,2420.384033203125,84754300.0
2021-04-08,TLKM.JK,3380.0,3400.0,3380.0,3390.0,2413.26513671875,59079700.0
2021-04-09,TLKM.JK,3390.0,3390.0,3360.0,3360.0,2391.908935546875,56861400.0
2021-04-12,TLKM.JK,3340.0,3390.0,3300.0,3310.0,2356.315185546875,79003200.0
2021-04-13,TLKM.JK,3340.0,3340.0,3300.0,3330.0,2370.552490234375,51300200.0
2021-04-14,TLKM.JK,3360.0,3360.0,3320.0,3340.0,2377.67138671875,52587500.0
2021-04-15,TLKM.JK,3340.0,3360.0,3320.0,3360.0,2391.908935546875,65669100.0
2021-04-16,TLKM.JK,3370.0,3370.0,3320.0,3360.0,2391.908935546875,52517800.0
2021-04-19,TLKM.JK,3330.0,3360.0,3330.0,3340.0,2377.67138671875,44899700.0
2021-04-20,TLKM.JK,3330.0,3350.0,3300.0,3320.0,2363.433837890625,55700100.0
2021-04-21,TLKM.JK,3290.0,3330.0,3280.0,3280.0,2334.95849609375,47167800.0
2021-04-22,TLKM.JK,3290.0,3340.0,3290.0,3330.0,2370.552490234375,54970000.0
2021-04-23,TLKM.JK,3330.0,3330.0,3290.0,3310.0,2356.315185546875,39798400.0
2021-04-26,TLKM.JK,3280.0,3300.0,3250.0,3250.0,2313.6025390625,55076200.0
2021-04-27,TLKM.JK,3240.0,3250.0,3140.0,3160.0,2249.533203125,166985400.0
2021-04-28,TLKM.JK,3160.0,3170.0,3130.0,3140.0,2235.2958984375,91596300.0
2021-04-29,TLKM.JK,3150.0,3210.0,3140.0,3200.0,2278.008056640625,111785100.0
2021-04-30,TLKM.JK,3220.0,3260.0,3200.0,3200.0,2278.008056640625,143840800.0
2021-05-03,TLKM.JK,3200.0,3210.0,3130.0,3170.0,2256.65185546875,124724400.0
2021-05-04,TLKM.JK,3180.0,3210.0,3170.0,3210.0,2285.127197265625,60180600.0
2021-05-05,TLKM.JK,3210.0,3210.0,3180.0,3200.0,2278.008056640625,76480300.0
2021-05-06,TLKM.JK,3200.0,3200.0,3150.0,3190.0,2270.889892578125,91955600.0
2021-05-07,TLKM.JK,3200.0,3220.0,3180.0,3190.0,2270.889892578125,98099900.0
2021-05-10,TLKM.JK,3190.0,3200.0,3160.0,3170.0,2256.65185546875,104121900.0
2021-05-11,TLKM.JK,3170.0,3200.0,3150.0,3180.0,2263.770751953125,94281900.0
2021-05-17,TLKM.JK,3190.0,3190.0,3150.0,3190.0,2270.889892578125,114071400.0
2021-05-18,TLKM.JK,3190.0,3190.0,3150.0,3180.0,2263.770751953125,77310400.0
2021-05-19,TLKM.JK,3150.0,3220.0,3150.0,3160.0,2249.533203125,48958100.0
2021-05-20,TLKM.JK,3190.0,3320.0,3180.0,3310.0,2356.315185546875,197430900.0
2021-05-21,TLKM.JK,3340.0,3350.0,3270.0,3270.0,2327.83984375,104101400.0
2021-05-24,TLKM.JK,3290.0,3330.0,3220.0,3260.0,2320.720947265625,64347100.0
2021-05-25,TLKM.JK,3290.0,3320.0,3270.0,3300.0,2349.196044921875,62218300.0
2021-05-27,TLKM.JK,3350.0,3400.0,3330.0,3380.0,2406.146240234375,233551300.0
2021-05-28,TLKM.JK,3380.0,3400.0,3260.0,3270.0,2327.83984375,87439800.0
2021-05-31,TLKM.JK,3300.0,3460.0,3300.0,3440.0,2448.85888671875,155768200.0
2021-06-02,TLKM.JK,3490.0,3500.0,3420.0,3450.0,2455.97802734375,108933400.0
2021-06-03,TLKM.JK,3420.0,3490.0,3420.0,3490.0,2484.452880859375,77627900.0
2021-06-04,TLKM.JK,3490.0,3510.0,3450.0,3500.0,2491.57177734375,70624200.0
2021-06-07,TLKM.JK,3540.0,3570.0,3500.0,3550.0,2527.16552734375,124440300.0
2021-06-08,TLKM.JK,3550.0,3550.0,3470.0,3500.0,2491.57177734375,132409400.0
2021-06-09,TLKM.JK,3340.0,3400.0,3310.0,3390.0,2534.94970703125,112204200.0
2021-06-10,TLKM.JK,3350.0,3500.0,3340.0,3480.0,2602.249267578125,137713700.0
2021-06-11,TLKM.JK,3490.0,3500.0,3420.0,3470.0,2594.77197265625,82336600.0
2021-06-14,TLKM.JK,3460.0,3470.0,3400.0,3410.0,2549.905517578125,46016500.0
2021-06-15,TLKM.JK,3410.0,3440.0,3380.0,3440.0,2572.33837890625,60528600.0
2021-06-16,TLKM.JK,3380.0,3430.0,3380.0,3410.0,2549.905517578125,39149800.0
2021-06-17,TLKM.JK,3370.0,3420.0,3350.0,3350.0,2505.0390625,50286100.0
2021-06-18,TLKM.JK,3350.0,3400.0,3290.0,3350.0,2505.0390625,168414300.0
2021-06-21,TLKM.JK,3280.0,3340.0,3260.0,3300.0,2467.650390625,74248200.0
2021-06-22,TLKM.JK,3300.0,3370.0,3290.0,3300.0,2467.650390625,89349200.0
2021-06-23,TLKM.JK,3310.0,3420.0,3310.0,3370.0,2519.99462890625,81901000.0
2021-06-24,TLKM.JK,3330.0,3360.0,3240.0,3250.0,2430.261962890625,101334200.0
2021-06-25,TLKM.JK,3250.0,3300.0,3240.0,3250.0,2430.261962890625,58330700.0
2021-06-28,TLKM.JK,3250.0,3260.0,3170.0,3170.0,2370.43994140625,66338900.0
2021-06-29,TLKM.JK,3190.0,3260.0,3150.0,3160.0,2362.96240234375,123411200.0
2021-06-30,TLKM.JK,3150.0,3180.0,3130.0,3150.0,2355.484375,142204500.0
2021-07-01,TLKM.JK,3160.0,3170.0,3090.0,3110.0,2325.573486328125,143665900.0
2021-07-02,TLKM.JK,3110.0,3130.0,3060.0,3070.0,2295.66259765625,161855700.0
2021-07-05,TLKM.JK,3070.0,3090.0,3010.0,3040.0,2273.229248046875,133815000.0
2021-07-06,TLKM.JK,3050.0,3070.0,3000.0,3010.0,2250.796142578125,151573500.0
2021-07-07,TLKM.JK,3030.0,3070.0,3010.0,3030.0,2265.751708984375,110215500.0
2021-07-08,TLKM.JK,3060.0,3060.0,3000.0,3010.0,2250.796142578125,132576600.0
2021-07-09,TLKM.JK,3040.0,3170.0,3030.0,3160.0,2362.96240234375,222916400.0
2021-07-12,TLKM.JK,3190.0,3190.0,3110.0,3130.0,2340.529052734375,86268000.0
2021-07-13,TLKM.JK,3160.0,3160.0,3050.0,3070.0,2295.66259765625,82856600.0
2021-07-14,TLKM.JK,3050.0,3070.0,3020.0,3060.0,2288.18505859375,84993400.0
2021-07-15,TLKM.JK,3110.0,3140.0,3080.0,3130.0,2340.529052734375,88092800.0
2021-07-16,TLKM.JK,3140.0,3170.0,3110.0,3170.0,2370.43994140625,63626300.0
2021-07-19,TLKM.JK,3160.0,3230.0,3150.0,3220.0,2407.828857421875,116219500.0
2021-07-21,TLKM.JK,3190.0,3240.0,3180.0,3210.0,2400.3505859375,115099400.0
2021-07-22,TLKM.JK,3210.0,3260.0,3210.0,3260.0,2437.739501953125,48865700.0
2021-07-23,TLKM.JK,3250.0,3250.0,3150.0,3170.0,2370.43994140625,67128400.0
2021-07-26,TLKM.JK,3140.0,3200.0,3140.0,3190.0,2385.3955078125,55525800.0
2021-07-27,TLKM.JK,3210.0,3270.0,3160.0,3270.0,2445.21728515625,62673400.0
2021-07-28,TLKM.JK,3250.0,3250.0,3150.0,3190.0,2385.3955078125,103282300.0
2021-07-29,TLKM.JK,3210.0,3290.0,3200.0,3230.0,2415.306396484375,126542400.0
2021-07-30,TLKM.JK,3200.0,3290.0,3200.0,3240.0,2422.783935546875,95143100.0
2021-08-02,TLKM.JK,3240.0,3310.0,3210.0,3310.0,2475.12841796875,60368200.0
2021-08-03,TLKM.JK,3310.0,3360.0,3290.0,3330.0,2490.08349609375,89712500.0
2021-08-04,TLKM.JK,3330.0,3370.0,3310.0,3370.0,2519.99462890625,63108600.0
2021-08-05,TLKM.JK,3360.0,3400.0,3320.0,3340.0,2497.561279296875,89742800.0
2021-08-06,TLKM.JK,3360.0,3380.0,3310.0,3320.0,2482.60595703125,31664200.0
2021-08-09,TLKM.JK,3260.0,3300.0,3220.0,3250.0,2430.261962890625,70299500.0
2021-08-10,TLKM.JK,3240.0,3270.0,3190.0,3230.0,2415.306396484375,57658000.0
2021-08-12,TLKM.JK,3260.0,3350.0,3240.0,3350.0,2505.0390625,93133400.0
2021-08-13,TLKM.JK,3370.0,3380.0,3260.0,3300.0,2467.650390625,59903600.0
2021-08-16,TLKM.JK,3300.0,3340.0,3290.0,3340.0,2497.561279296875,38661800.0
2021-08-18,TLKM.JK,3360.0,3440.0,3350.0,3420.0,2557.383056640625,162921300.0
2021-08-19,TLKM.JK,3410.0,3430.0,3360.0,3390.0,2534.94970703125,100851800.0
2021-08-20,TLKM.JK,3390.0,3430.0,3370.0,3400.0,2542.427978515625,113411000.0
2021-08-23,TLKM.JK,3420.0,3440.0,3400.0,3440.0,2572.33837890625,64122400.0
2021-08-24,TLKM.JK,3410.0,3420.0,3310.0,3400.0,2542.427978515625,69338100.0
2021-08-25,TLKM.JK,3390.0,3390.0,3330.0,3370.0,2519.99462890625,66618200.0
2021-08-26,TLKM.JK,3330.0,3360.0,3320.0,3360.0,2512.516845703125,55756100.0
2021-08-27,TLKM.JK,3370.0,3370.0,3310.0,3320.0,2482.60595703125,62419000.0
2021-08-30,TLKM.JK,3330.0,3400.0,3330.0,3400.0,2542.427978515625,64177700.0
2021-08-31,TLKM.JK,3400.0,3420.0,3360.0,3400.0,2542.427978515625,130019000.0
2021-09-01,TLKM.JK,3420.0,3420.0,3330.0,3340.0,2497.561279296875,85135200.0
2021-09-02,TLKM.JK,3350.0,3390.0,3350.0,3370.0,2519.99462890625,51633800.0
2021-09-03,TLKM.JK,3400.0,3420.0,3370.0,3390.0,2534.94970703125,65479800.0
2021-09-06,TLKM.JK,3410.0,3410.0,3380.0,3390.0,2534.94970703125,52640400.0
2021-09-07,TLKM.JK,3410.0,3410.0,3360.0,3380.0,2527.47216796875,42617400.0
2021-09-08,TLKM.JK,3400.0,3400.0,3310.0,3330.0,2490.08349609375,80636800.0
2021-09-09,TLKM.JK,3360.0,3390.0,3330.0,3390.0,2534.94970703125,82214400.0
2021-09-10,TLKM.JK,3380.0,3390.0,3320.0,3330.0,2490.08349609375,52115300.0
2021-09-13,TLKM.JK,3310.0,3350.0,3300.0,3350.0,2505.0390625,45547200.0
2021-09-14,TLKM.JK,3380.0,3450.0,3350.0,3440.0,2572.33837890625,166002100.0
2021-09-15,TLKM.JK,3430.0,3450.0,3410.0,3450.0,2579.81640625,73158300.0
2021-09-16,TLKM.JK,3470.0,3470.0,3400.0,3440.0,2572.33837890625,58318700.0
2021-09-17,TLKM.JK,3400.0,3530.0,3390.0,3530.0,2639.63818359375,117573100.0
2021-09-20,TLKM.JK,3500.0,3520.0,3460.0,3520.0,2632.160400390625,83985100.0
2021-09-21,TLKM.JK,3500.0,3560.0,3480.0,3530.0,2639.63818359375,95848100.0
2021-09-22,TLKM.JK,3530.0,3590.0,3520.0,3590.0,2684.50439453125,66835200.0
2021-09-23,TLKM.JK,3600.0,3610.0,3550.0,3560.0,2662.0712890625,104737500.0
2021-09-24,TLKM.JK,3560.0,3580.0,3540.0,3560.0,2662.0712890625,72224500.0
2021-09-27,TLKM.JK,3530.0,3560.0,3480.0,3520.0,2632.160400390625,87303000.0
2021-09-28,TLKM.JK,3510.0,3540.0,3490.0,3530.0,2639.63818359375,54671700.0
2021-09-29,TLKM.JK,3490.0,3540.0,3490.0,3530.0,2639.63818359375,53170100.0
2021-09-30,TLKM.JK,3550.0,3690.0,3540.0,3690.0,2759.281982421875,153853900.0
2021-10-01,TLKM.JK,3680.0,3690.0,3610.0,3660.0,2736.8486328125,109898400.0
2021-10-04,TLKM.JK,3620.0,3670.0,3600.0,3670.0,2744.32666015625,82205100.0
2021-10-05,TLKM.JK,3670.0,3680.0,3620.0,3670.0,2744.32666015625,140488300.0
2021-10-06,TLKM.JK,3690.0,3770.0,3650.0,3760.0,2811.6259765625,153535700.0
2021-10-07,TLKM.JK,3720.0,3740.0,3690.0,3720.0,2781.715087890625,56837600.0
2021-10-08,TLKM.JK,3730.0,3800.0,3720.0,3800.0,2841.536865234375,91361800.0
2021-10-11,TLKM.JK,3800.0,3850.0,3770.0,3810.0,2849.0146484375,78865000.0
2021-10-12,TLKM.JK,3780.0,3840.0,3770.0,3780.0,2826.581298828125,69866300.0
2021-10-13,TLKM.JK,3750.0,3820.0,3750.0,3770.0,2819.103759765625,87143900.0
2021-10-14,TLKM.JK,3770.0,3830.0,3770.0,3830.0,2863.969970703125,95817900.0
2021-10-15,TLKM.JK,3840.0,3840.0,3750.0,3810.0,2849.0146484375,69707700.0
2021-10-18,TLKM.JK,3840.0,3840.0,3790.0,3790.0,2834.05908203125,78580700.0
2021-10-19,TLKM.JK,3750.0,3800.0,3720.0,3740.0,2796.67041015625,61095700.0
2021-10-21,TLKM.JK,3780.0,3880.0,3760.0,3850.0,2878.925537109375,169659500.0
2021-10-22,TLKM.JK,3860.0,3880.0,3820.0,3870.0,2893.881103515625,59640700.0
2021-10-25,TLKM.JK,3800.0,3840.0,3780.0,3780.0,2826.581298828125,58246300.0
2021-10-26,TLKM.JK,3800.0,3830.0,3780.0,3800.0,2841.536865234375,58615100.0
2021-10-27,TLKM.JK,3820.0,3830.0,3770.0,3790.0,2834.05908203125,52210100.0
2021-10-28,TLKM.JK,3820.0,3820.0,3710.0,3750.0,2804.148193359375,61151100.0
2021-10-29,TLKM.JK,3750.0,3810.0,3730.0,3800.0,2841.536865234375,70430900.0
2021-11-01,TLKM.JK,3810.0,3820.0,3700.0,3700.0,2766.759765625,65447100.0
2021-11-02,TLKM.JK,3700.0,3710.0,3640.0,3660.0,2736.8486328125,170260000.0
2021-11-03,TLKM.JK,3620.0,3740.0,3620.0,3720.0,2781.715087890625,48810500.0
2021-11-04,TLKM.JK,3750.0,3780.0,3720.0,3770.0,2819.103759765625,53494200.0
2021-11-05,TLKM.JK,3760.0,3770.0,3710.0,3770.0,2819.103759765625,43133000.0
2021-11-08,TLKM.JK,3780.0,3780.0,3710.0,3750.0,2804.148193359375,58758600.0
2021-11-09,TLKM.JK,3730.0,3740.0,3680.0,3710.0,2774.237060546875,92427800.0
2021-11-10,TLKM.JK,3670.0,3720.0,3670.0,3700.0,2766.759765625,53511200.0
2021-11-11,TLKM.JK,3700.0,3730.0,3640.0,3650.0,2729.37060546875,95789600.0
2021-11-12,TLKM.JK,3660.0,3660.0,3600.0,3600.0,2691.982421875,115142400.0
2021-11-15,TLKM.JK,3600.0,3650.0,3600.0,3600.0,2691.982421875,91001800.0
2021-11-16,TLKM.JK,3590.0,3680.0,3590.0,3670.0,2744.32666015625,99590700.0
2021-11-17,TLKM.JK,3690.0,3690.0,3600.0,3630.0,2714.41552734375,82023300.0
2021-11-18,TLKM.JK,3630.0,3640.0,3600.0,3630.0,2714.41552734375,53290400.0
2021-11-19,TLKM.JK,3660.0,3920.0,3660.0,3900.0,2916.314453125,310615000.0
2021-11-22,TLKM.JK,3920.0,3930.0,3780.0,3800.0,2841.536865234375,206683100.0
2021-11-23,TLKM.JK,3800.0,3850.0,3780.0,3800.0,2841.536865234375,67778800.0
2021-11-24,TLKM.JK,3840.0,3840.0,3790.0,3800.0,2841.536865234375,67303800.0
2021-11-25,TLKM.JK,3880.0,4090.0,3850.0,4000.0,2991.091552734375,264897100.0
2021-11-26,TLKM.JK,4040.0,4050.0,3970.0,4010.0,2998.56884765625,231870300.0
2021-11-29,TLKM.JK,4010.0,4170.0,3980.0,4140.0,3095.77978515625,228774600.0
2021-11-30,TLKM.JK,4150.0,4170.0,3990.0,3990.0,2983.61376953125,435800600.0
2021-12-01,TLKM.JK,4040.0,4150.0,4020.0,4080.0,3050.913330078125,200699200.0
2021-12-02,TLKM.JK,4140.0,4190.0,4100.0,4160.0,3110.735107421875,116093100.0
2021-12-03,TLKM.JK,4130.0,4180.0,4050.0,4070.0,3043.435546875,96760700.0
2021-12-06,TLKM.JK,4060.0,4250.0,4050.0,4170.0,3118.212890625,106756900.0
2021-12-07,TLKM.JK,4180.0,4200.0,4120.0,4150.0,3103.257080078125,121543400.0
2021-12-08,TLKM.JK,4100.0,4120.0,4010.0,4090.0,3058.39111328125,113845600.0
2021-12-09,TLKM.JK,4090.0,4150.0,4080.0,4150.0,3103.257080078125,86985800.0
2021-12-10,TLKM.JK,4070.0,4150.0,4070.0,4150.0,3103.257080078125,90725000.0
2021-12-13,TLKM.JK,4150.0,4150.0,4080.0,4080.0,3050.913330078125,65533000.0
2021-12-14,TLKM.JK,4120.0,4120.0,4070.0,4100.0,3065.86865234375,75736900.0
2021-12-15,TLKM.JK,4060.0,4140.0,4060.0,4080.0,3050.913330078125,84424500.0
2021-12-16,TLKM.JK,4110.0,4150.0,4060.0,4100.0,3065.86865234375,98164300.0
2021-12-17,TLKM.JK,4010.0,4100.0,4010.0,4100.0,3065.86865234375,149615800.0
2021-12-20,TLKM.JK,4070.0,4110.0,4040.0,4080.0,3050.913330078125,72794200.0
2021-12-21,TLKM.JK,4110.0,4190.0,4100.0,4160.0,3110.735107421875,98039300.0
2021-12-22,TLKM.JK,4160.0,4170.0,4110.0,4110.0,3073.34619140625,50574500.0
2021-12-23,TLKM.JK,4110.0,4160.0,4100.0,4160.0,3110.735107421875,54508200.0
2021-12-24,TLKM.JK,4160.0,4170.0,4100.0,4110.0,3073.34619140625,29075600.0
2021-12-27,TLKM.JK,4150.0,4150.0,4070.0,4080.0,3050.913330078125,30748000.0
2021-12-28,TLKM.JK,4080.0,4130.0,4050.0,4090.0,3058.39111328125,39443300.0
2021-12-29,TLKM.JK,4100.0,4130.0,4080.0,4080.0,3050.913330078125,25596100.0
2021-12-30,TLKM.JK,4130.0,4130.0,4040.0,4040.0,3021.002197265625,50575100.0
2022-01-03,TLKM.JK,4060.0,4180.0,4050.0,4180.0,3125.6904296875,65937900.0
2022-01-04,TLKM.JK,4180.0,4200.0,4150.0,4170.0,3118.212890625,42984700.0
2022-01-05,TLKM.JK,4150.0,4190.0,4030.0,4050.0,3028.47998046875,119584700.0
2022-01-06,TLKM.JK,4090.0,4120.0,4030.0,4120.0,3080.82421875,89197500.0
2022-01-07,TLKM.JK,4120.0,4190.0,4090.0,4170.0,3118.212890625,68415100.0
2022-01-10,TLKM.JK,4180.0,4190.0,4100.0,4100.0,3065.86865234375,44921200.0
2022-01-11,TLKM.JK,4120.0,4160.0,4090.0,4090.0,3058.39111328125,61890200.0
2022-01-12,TLKM.JK,4110.0,4140.0,4070.0,4110.0,3073.34619140625,45132700.0
2022-01-13,TLKM.JK,4170.0,4180.0,4110.0,4180.0,3125.6904296875,84148400.0
2022-01-14,TLKM.JK,4140.0,4190.0,4130.0,4190.0,3133.16845703125,28193100.0
2022-01-17,TLKM.JK,4200.0,4200.0,4140.0,4180.0,3125.6904296875,39816300.0
2022-01-18,TLKM.JK,4200.0,4250.0,4160.0,4250.0,3178.03466796875,112212200.0
2022-01-19,TLKM.JK,4260.0,4260.0,4230.0,4250.0,3178.03466796875,88713900.0
2022-01-20,TLKM.JK,4300.0,4300.0,4190.0,4220.0,3155.6015625,100014500.0
2022-01-21,TLKM.JK,4240.0,4330.0,4190.0,4330.0,3237.856201171875,75534800.0
2022-01-24,TLKM.JK,4260.0,4310.0,4250.0,4300.0,3215.423095703125,70404500.0
2022-01-25,TLKM.JK,4310.0,4320.0,4250.0,4290.0,3207.9453125,116353600.0
2022-01-26,TLKM.JK,4380.0,4390.0,4290.0,4390.0,3282.722900390625,127641400.0
2022-01-27,TLKM.JK,4400.0,4400.0,4260.0,4270.0,3192.990234375,98613900.0
2022-01-28,TLKM.JK,4260.0,4300.0,4230.0,4260.0,3185.512451171875,61686700.0
2022-01-31,TLKM.JK,4210.0,4250.0,4190.0,4190.0,3133.16845703125,88735900.0
2022-02-02,TLKM.JK,4170.0,4200.0,4150.0,4170.0,3118.212890625,144006000.0
2022-02-03,TLKM.JK,4200.0,4210.0,4160.0,4200.0,3140.64599609375,58212400.0
2022-02-04,TLKM.JK,4260.0,4260.0,4180.0,4230.0,3163.0791015625,98728700.0
2022-02-07,TLKM.JK,4230.0,4290.0,4210.0,4290.0,3207.9453125,90285800.0
2022-02-08,TLKM.JK,4280.0,4280.0,4230.0,4230.0,3163.0791015625,71210400.0
2022-02-09,TLKM.JK,4280.0,4280.0,4210.0,4280.0,3200.468017578125,95375000.0
2022-02-10,TLKM.JK,4400.0,4470.0,4340.0,4460.0,3335.06689453125,233984700.0
2022-02-11,TLKM.JK,4500.0,4550.0,4410.0,4450.0,3327.589111328125,130081900.0
2022-02-14,TLKM.JK,4380.0,4400.0,4310.0,4400.0,3290.200439453125,104903700.0
2022-02-15,TLKM.JK,4400.0,4440.0,4360.0,4410.0,3297.67822265625,75305900.0
2022-02-16,TLKM.JK,4420.0,4460.0,4380.0,4400.0,3290.200439453125,90121200.0
2022-02-17,TLKM.JK,4400.0,4440.0,4360.0,4410.0,3297.67822265625,72970200.0
2022-02-18,TLKM.JK,4420.0,4440.0,4370.0,4400.0,3290.200439453125,71111300.0
2022-02-21,TLKM.JK,4370.0,4420.0,4340.0,4370.0,3267.767578125,58883000.0
2022-02-22,TLKM.JK,4320.0,4360.0,4250.0,4300.0,3215.423095703125,106985800.0
2022-02-23,TLKM.JK,4280.0,4370.0,4270.0,4350.0,3252.81201171875,110562400.0
2022-02-24,TLKM.JK,4280.0,4320.0,4200.0,4240.0,3170.556884765625,126158600.0
2022-02-25,TLKM.JK,4240.0,4350.0,4240.0,4340.0,3245.334228515625,208757000.0
2022-03-01,TLKM.JK,4640.0,4650.0,4350.0,4350.0,3252.81201171875,206416900.0
2022-03-02,TLKM.JK,4400.0,4400.0,4270.0,4290.0,3207.9453125,152165300.0
2022-03-04,TLKM.JK,4440.0,4440.0,4300.0,4400.0,3290.200439453125,155369100.0
2022-03-07,TLKM.JK,4400.0,4530.0,4370.0,4510.0,3372.45556640625,177360400.0
2022-03-08,TLKM.JK,4600.0,4700.0,4540.0,4620.0,3454.71044921875,234086000.0
2022-03-09,TLKM.JK,4550.0,4620.0,4420.0,4440.0,3320.111572265625,145145900.0
2022-03-10,TLKM.JK,4500.0,4500.0,4380.0,4410.0,3297.67822265625,130830800.0
2022-03-11,TLKM.JK,4410.0,4590.0,4400.0,4590.0,3432.277587890625,143446200.0
2022-03-14,TLKM.JK,4650.0,4670.0,4540.0,4580.0,3424.799560546875,166572700.0
2022-03-15,TLKM.JK,4630.0,4630.0,4570.0,4620.0,3454.71044921875,231077800.0
2022-03-16,TLKM.JK,4660.0,4660.0,4550.0,4630.0,3462.188232421875,109961900.0
2022-03-17,TLKM.JK,4550.0,4580.0,4450.0,4480.0,3350.022216796875,246300800.0
2022-03-18,TLKM.JK,4490.0,4540.0,4470.0,4540.0,3394.888671875,210266100.0
2022-03-21,TLKM.JK,4550.0,4570.0,4520.0,4550.0,3402.3662109375,79691600.0
2022-03-22,TLKM.JK,4550.0,4580.0,4540.0,4550.0,3402.3662109375,98699900.0
2022-03-23,TLKM.JK,4550.0,4570.0,4500.0,4550.0,3402.3662109375,78299500.0
2022-03-24,TLKM.JK,4500.0,4570.0,4500.0,4560.0,3409.84423828125,89578400.0
2022-03-25,TLKM.JK,4510.0,4540.0,4480.0,4520.0,3379.93310546875,90053700.0
2022-03-28,TLKM.JK,4510.0,4600.0,4500.0,4600.0,3439.755126953125,184131000.0
2022-03-29,TLKM.JK,4600.0,4620.0,4560.0,4560.0,3409.84423828125,77920800.0
2022-03-30,TLKM.JK,4620.0,4620.0,4560.0,4580.0,3424.799560546875,118749100.0
2022-03-31,TLKM.JK,4620.0,4640.0,4560.0,4580.0,3424.799560546875,108109700.0
2022-04-01,TLKM.JK,4550.0,4580.0,4530.0,4580.0,3424.799560546875,86590300.0
2022-04-04,TLKM.JK,4560.0,4570.0,4490.0,4540.0,3394.888671875,103480300.0
2022-04-05,TLKM.JK,4550.0,4550.0,4500.0,4520.0,3379.93310546875,52172300.0
2022-04-06,TLKM.JK,4490.0,4500.0,4420.0,4430.0,3312.633544921875,108368800.0
2022-04-07,TLKM.JK,4450.0,4540.0,4440.0,4540.0,3394.888671875,143921800.0
2022-04-08,TLKM.JK,4580.0,4610.0,4560.0,4580.0,3424.799560546875,161974500.0
2022-04-11,TLKM.JK,4610.0,4610.0,4550.0,4590.0,3432.277587890625,90521500.0
2022-04-12,TLKM.JK,4620.0,4630.0,4580.0,4630.0,3462.188232421875,187948000.0
2022-04-13,TLKM.JK,4700.0,4720.0,4650.0,4690.0,3507.0546875,196864200.0
2022-04-14,TLKM.JK,4700.0,4730.0,4660.0,4680.0,3499.576904296875,112735200.0
2022-04-18,TLKM.JK,4720.0,4730.0,4690.0,4710.0,3522.010498046875,120778200.0
2022-04-19,TLKM.JK,4740.0,4750.0,4680.0,4680.0,3499.576904296875,92268300.0
2022-04-20,TLKM.JK,4680.0,4690.0,4620.0,4630.0,3462.188232421875,88360900.0
2022-04-21,TLKM.JK,4620.0,4670.0,4600.0,4620.0,3454.71044921875,97575800.0
2022-04-22,TLKM.JK,4620.0,4680.0,4580.0,4620.0,3454.71044921875,101299100.0
2022-04-25,TLKM.JK,4610.0,4720.0,4580.0,4710.0,3522.010498046875,92045500.0
2022-04-26,TLKM.JK,4680.0,4760.0,4670.0,4760.0,3559.39892578125,85945800.0
2022-04-27,TLKM.JK,4720.0,4790.0,4720.0,4770.0,3566.87646484375,136485600.0
2022-04-28,TLKM.JK,4850.0,4850.0,4620.0,4620.0,3454.71044921875,198484800.0
2022-05-09,TLKM.JK,4560.0,4560.0,4300.0,4310.0,3222.901123046875,343682000.0
2022-05-10,TLKM.JK,4120.0,4380.0,4120.0,4340.0,3245.334228515625,281386300.0
2022-05-11,TLKM.JK,4400.0,4480.0,4330.0,4330.0,3237.856201171875,154455400.0
2022-05-12,TLKM.JK,4340.0,4390.0,4250.0,4300.0,3215.423095703125,233518500.0
2022-05-13,TLKM.JK,4250.0,4350.0,4230.0,4260.0,3185.512451171875,190889200.0
2022-05-17,TLKM.JK,4250.0,4290.0,4180.0,4180.0,3125.6904296875,170880700.0
2022-05-18,TLKM.JK,4230.0,4290.0,4190.0,4250.0,3178.03466796875,185359500.0
2022-05-19,TLKM.JK,4180.0,4230.0,4150.0,4210.0,3148.12353515625,112679300.0
2022-05-20,TLKM.JK,4220.0,4230.0,4170.0,4170.0,3118.212890625,141701800.0
2022-05-23,TLKM.JK,4160.0,4180.0,4070.0,4110.0,3073.34619140625,196569900.0
2022-05-24,TLKM.JK,4120.0,4200.0,4120.0,4150.0,3103.257080078125,151693700.0
2022-05-25,TLKM.JK,4200.0,4210.0,4150.0,4200.0,3140.64599609375,166595400.0
2022-05-27,TLKM.JK,4260.0,4300.0,4210.0,4300.0,3215.423095703125,186513500.0
2022-05-30,TLKM.JK,4340.0,4340.0,4200.0,4250.0,3178.03466796875,107614100.0
2022-05-31,TLKM.JK,4270.0,4330.0,4230.0,4310.0,3222.901123046875,469620300.0
2022-06-02,TLKM.JK,4390.0,4390.0,4270.0,4290.0,3207.9453125,164481100.0
2022-06-03,TLKM.JK,4310.0,4390.0,4300.0,4310.0,3222.901123046875,108852800.0
2022-06-06,TLKM.JK,4310.0,4340.0,4270.0,4340.0,3245.334228515625,79319400.0
2022-06-07,TLKM.JK,4340.0,4340.0,4250.0,4250.0,3178.03466796875,142504000.0
2022-06-08,TLKM.JK,4150.0,4170.0,4080.0,4100.0,3178.0078125,202555900.0
2022-06-09,TLKM.JK,4080.0,4130.0,4050.0,4050.0,3139.251708984375,148580200.0
2022-06-10,TLKM.JK,4040.0,4080.0,4000.0,4020.0,3115.998046875,189186700.0
2022-06-13,TLKM.JK,3950.0,4100.0,3930.0,4080.0,3162.505615234375,156054900.0
2022-06-14,TLKM.JK,4050.0,4120.0,4020.0,4110.0,3185.759033203125,117325600.0
2022-06-15,TLKM.JK,4060.0,4080.0,4030.0,4060.0,3147.0029296875,94848800.0
2022-06-16,TLKM.JK,4120.0,4120.0,4030.0,4040.0,3131.500244140625,96042200.0
2022-06-17,TLKM.JK,4010.0,4120.0,3980.0,4120.0,3193.510498046875,169375800.0
2022-06-20,TLKM.JK,4050.0,4060.0,4000.0,4040.0,3131.500244140625,82101200.0
2022-06-21,TLKM.JK,4060.0,4120.0,4030.0,4110.0,3185.759033203125,77489000.0
2022-06-22,TLKM.JK,4090.0,4090.0,4040.0,4050.0,3139.251708984375,60907800.0
2022-06-23,TLKM.JK,4030.0,4160.0,4030.0,4160.0,3224.515380859375,101065400.0
2022-06-24,TLKM.JK,4230.0,4230.0,4100.0,4150.0,3216.763916015625,81050700.0
2022-06-27,TLKM.JK,4110.0,4120.0,4040.0,4070.0,3154.754150390625,71574300.0
2022-06-28,TLKM.JK,4010.0,4050.0,4000.0,4030.0,3123.749267578125,128618800.0
2022-06-29,TLKM.JK,4000.0,4080.0,4000.0,4040.0,3131.500244140625,72888100.0
2022-06-30,TLKM.JK,4110.0,4110.0,4000.0,4000.0,3100.49560546875,116718900.0
2022-07-01,TLKM.JK,4010.0,4040.0,4000.0,4020.0,3115.998046875,39572500.0
2022-07-04,TLKM.JK,4020.0,4040.0,3840.0,3990.0,3092.744384765625,115885200.0
2022-07-05,TLKM.JK,4010.0,4070.0,3950.0,3990.0,3092.744384765625,72329600.0
2022-07-06,TLKM.JK,4050.0,4050.0,3970.0,4020.0,3115.998046875,62679000.0
2022-07-07,TLKM.JK,4040.0,4050.0,4010.0,4040.0,3131.500244140625,42393800.0
2022-07-08,TLKM.JK,4050.0,4060.0,4000.0,4010.0,3108.24658203125,64049000.0
2022-07-11,TLKM.JK,4100.0,4100.0,4000.0,4040.0,3131.500244140625,42258000.0
2022-07-12,TLKM.JK,4060.0,4060.0,4010.0,4010.0,3108.24658203125,43399800.0
2022-07-13,TLKM.JK,4010.0,4030.0,3930.0,3940.0,3053.988037109375,96218200.0
2022-07-14,TLKM.JK,3940.0,4020.0,3900.0,4020.0,3115.998046875,68708500.0
2022-07-15,TLKM.JK,4040.0,4210.0,4010.0,4150.0,3216.763916015625,146093800.0
2022-07-18,TLKM.JK,4110.0,4190.0,4070.0,4190.0,3247.769287109375,84009400.0
2022-07-19,TLKM.JK,4190.0,4190.0,4130.0,4160.0,3224.515380859375,91367900.0
2022-07-20,TLKM.JK,4140.0,4220.0,4140.0,4210.0,3263.271484375,82344000.0
2022-07-21,TLKM.JK,4210.0,4260.0,4180.0,4260.0,3302.02783203125,107234600.0
2022-07-22,TLKM.JK,4240.0,4240.0,4190.0,4230.0,3278.77392578125,59792300.0
2022-07-25,TLKM.JK,4240.0,4260.0,4220.0,4240.0,3286.525146484375,37218000.0
2022-07-26,TLKM.JK,4240.0,4250.0,4190.0,4250.0,3294.276611328125,49786900.0
2022-07-27,TLKM.JK,4230.0,4300.0,4210.0,4300.0,3333.032470703125,60672300.0
2022-07-28,TLKM.JK,4310.0,4320.0,4190.0,4240.0,3286.525146484375,110767300.0
2022-07-29,TLKM.JK,4280.0,4300.0,4210.0,4230.0,3278.77392578125,108823600.0
2022-08-01,TLKM.JK,4230.0,4300.0,4230.0,4300.0,3333.032470703125,104724300.0
2022-08-02,TLKM.JK,4350.0,4450.0,4250.0,4450.0,3449.30126953125,112228800.0
2022-08-03,TLKM.JK,4450.0,4590.0,4410.0,4500.0,3488.0576171875,251825000.0
2022-08-04,TLKM.JK,4450.0,4550.0,4450.0,4550.0,3526.8134765625,186881500.0
2022-08-05,TLKM.JK,4590.0,4650.0,4530.0,4650.0,3604.325927734375,268967200.0
2022-08-08,TLKM.JK,4700.0,4700.0,4650.0,4700.0,3643.08203125,191023500.0
2022-08-09,TLKM.JK,4700.0,4700.0,4630.0,4640.0,3596.574462890625,164453900.0
2022-08-10,TLKM.JK,4530.0,4590.0,4490.0,4560.0,3534.56494140625,162061400.0
2022-08-11,TLKM.JK,4550.0,4610.0,4520.0,4570.0,3542.316162109375,123629000.0
2022-08-12,TLKM.JK,4570.0,4600.0,4530.0,4550.0,3526.8134765625,124552500.0
2022-08-15,TLKM.JK,4540.0,4570.0,4440.0,4450.0,3449.30126953125,136882800.0
2022-08-16,TLKM.JK,4530.0,4580.0,4410.0,4410.0,3418.296142578125,127710800.0
2022-08-18,TLKM.JK,4360.0,4550.0,4350.0,4550.0,3526.8134765625,182044300.0
2022-08-19,TLKM.JK,4560.0,4610.0,4460.0,4600.0,3565.56982421875,177623900.0
2022-08-22,TLKM.JK,4550.0,4660.0,4530.0,4650.0,3604.325927734375,202320400.0
2022-08-23,TLKM.JK,4680.0,4710.0,4610.0,4660.0,3612.077392578125,229431400.0
2022-08-24,TLKM.JK,4660.0,4770.0,4600.0,4750.0,3681.83837890625,189007900.0
2022-08-25,TLKM.JK,4680.0,4700.0,4560.0,4570.0,3542.316162109375,179495700.0
2022-08-26,TLKM.JK,4510.0,4540.0,4480.0,4490.0,3480.306396484375,184317100.0
2022-08-29,TLKM.JK,4370.0,4550.0,4360.0,4520.0,3503.559814453125,101529800.0
2022-08-30,TLKM.JK,4580.0,4620.0,4480.0,4480.0,3472.554931640625,118884300.0
2022-08-31,TLKM.JK,4420.0,4600.0,4420.0,4560.0,3534.56494140625,175300400.0
2022-09-01,TLKM.JK,4560.0,4650.0,4530.0,4580.0,3550.0673828125,120871700.0
2022-09-02,TLKM.JK,4540.0,4620.0,4540.0,4600.0,3565.56982421875,106985000.0
2022-09-05,TLKM.JK,4560.0,4630.0,4550.0,4620.0,3581.072265625,77323800.0
2022-09-06,TLKM.JK,4610.0,4620.0,4510.0,4510.0,3495.80859375,61970100.0
2022-09-07,TLKM.JK,4500.0,4560.0,4480.0,4490.0,3480.306396484375,106145700.0
2022-09-08,TLKM.JK,4500.0,4640.0,4500.0,4560.0,3534.56494140625,123389200.0
2022-09-09,TLKM.JK,4550.0,4600.0,4530.0,4600.0,3565.56982421875,50307800.0
2022-09-12,TLKM.JK,4600.0,4600.0,4530.0,4540.0,3519.062255859375,74820600.0
2022-09-13,TLKM.JK,4540.0,4560.0,4520.0,4520.0,3503.559814453125,91510200.0
2022-09-14,TLKM.JK,4490.0,4530.0,4460.0,4480.0,3472.554931640625,97919200.0
2022-09-15,TLKM.JK,4540.0,4600.0,4500.0,4500.0,3488.0576171875,125599900.0
2022-09-16,TLKM.JK,4500.0,4500.0,4410.0,4410.0,3418.296142578125,210277300.0
2022-09-19,TLKM.JK,4460.0,4560.0,4440.0,4500.0,3488.0576171875,116164500.0
2022-09-20,TLKM.JK,4530.0,4540.0,4480.0,4480.0,3472.554931640625,100743700.0
2022-09-21,TLKM.JK,4450.0,4470.0,4410.0,4430.0,3433.798583984375,91363200.0
2022-09-22,TLKM.JK,4400.0,4450.0,4380.0,4430.0,3433.798583984375,89922900.0
2022-09-23,TLKM.JK,4400.0,4430.0,4380.0,4380.0,3395.042724609375,95911400.0
2022-09-26,TLKM.JK,4390.0,4510.0,4300.0,4460.0,3457.052490234375,132185400.0
2022-09-27,TLKM.JK,4450.0,4470.0,4380.0,4440.0,3441.550048828125,123113800.0
2022-09-28,TLKM.JK,4430.0,4530.0,4400.0,4470.0,3464.8037109375,104385500.0
2022-09-29,TLKM.JK,4460.0,4500.0,4420.0,4440.0,3441.550048828125,90290400.0
2022-09-30,TLKM.JK,4400.0,4500.0,4390.0,4460.0,3457.052490234375,111482000.0
2022-10-03,TLKM.JK,4460.0,4470.0,4380.0,4460.0,3457.052490234375,77569100.0
2022-10-04,TLKM.JK,4460.0,4510.0,4430.0,4440.0,3441.550048828125,87832800.0
2022-10-05,TLKM.JK,4490.0,4540.0,4460.0,4460.0,3457.052490234375,61888400.0
2022-10-06,TLKM.JK,4460.0,4480.0,4420.0,4430.0,3433.798583984375,60464300.0
2022-10-07,TLKM.JK,4400.0,4430.0,4350.0,4350.0,3371.7890625,102570000.0
2022-10-10,TLKM.JK,4340.0,4420.0,4330.0,4420.0,3426.04736328125,72389100.0
2022-10-11,TLKM.JK,4360.0,4380.0,4310.0,4310.0,3340.783935546875,108794500.0
2022-10-12,TLKM.JK,4300.0,4350.0,4280.0,4340.0,3364.03759765625,107938600.0
2022-10-13,TLKM.JK,4330.0,4350.0,4290.0,4300.0,3333.032470703125,70034500.0
2022-10-14,TLKM.JK,4360.0,4360.0,4290.0,4290.0,3325.28125,68096300.0
2022-10-17,TLKM.JK,4200.0,4330.0,4200.0,4330.0,3356.2861328125,90321700.0
2022-10-18,TLKM.JK,4310.0,4340.0,4250.0,4250.0,3294.276611328125,72516000.0
2022-10-19,TLKM.JK,4220.0,4300.0,4200.0,4200.0,3255.520263671875,65848300.0
2022-10-20,TLKM.JK,4200.0,4350.0,4200.0,4350.0,3371.7890625,165391500.0
2022-10-21,TLKM.JK,4300.0,4390.0,4300.0,4360.0,3379.5400390625,79825700.0
2022-10-24,TLKM.JK,4380.0,4450.0,4380.0,4410.0,3418.296142578125,76777200.0
2022-10-25,TLKM.JK,4430.0,4470.0,4390.0,4390.0,3402.7939453125,109154300.0
2022-10-26,TLKM.JK,4420.0,4430.0,4330.0,4370.0,3387.29150390625,97320500.0
2022-10-27,TLKM.JK,4390.0,4410.0,4340.0,4370.0,3387.29150390625,80270300.0
2022-10-28,TLKM.JK,4420.0,4450.0,4380.0,4450.0,3449.30126953125,91101500.0
2022-10-31,TLKM.JK,4460.0,4460.0,4360.0,4390.0,3402.7939453125,162753500.0
2022-11-01,TLKM.JK,4420.0,4420.0,4360.0,4420.0,3426.04736328125,108592900.0
2022-11-02,TLKM.JK,4400.0,4420.0,4220.0,4220.0,3271.02294921875,217855200.0
2022-11-03,TLKM.JK,4140.0,4170.0,4050.0,4130.0,3201.26171875,231475000.0
2022-11-04,TLKM.JK,4070.0,4210.0,4070.0,4210.0,3263.271484375,201183100.0
2022-11-07,TLKM.JK,4250.0,4280.0,4160.0,4280.0,3317.530517578125,129868800.0
2022-11-08,TLKM.JK,4270.0,4280.0,4200.0,4220.0,3271.02294921875,110546800.0
2022-11-09,TLKM.JK,4200.0,4230.0,4180.0,4190.0,3247.769287109375,145833200.0
2022-11-10,TLKM.JK,4110.0,4210.0,4110.0,4170.0,3232.2666015625,81249200.0
2022-11-11,TLKM.JK,4160.0,4180.0,4140.0,4150.0,3216.763916015625,227799300.0
2022-11-14,TLKM.JK,4090.0,4120.0,4030.0,4050.0,3139.251708984375,188771200.0
2022-11-15,TLKM.JK,4050.0,4080.0,4030.0,4050.0,3139.251708984375,88570400.0
2022-11-16,TLKM.JK,4000.0,4070.0,3960.0,4050.0,3139.251708984375,149512300.0
2022-11-17,TLKM.JK,4020.0,4070.0,4020.0,4040.0,3131.500244140625,68616700.0
2022-11-18,TLKM.JK,4070.0,4080.0,4010.0,4010.0,3108.24658203125,115907900.0
2022-11-21,TLKM.JK,4020.0,4060.0,4010.0,4030.0,3123.749267578125,45277400.0
2022-11-22,TLKM.JK,4020.0,4040.0,4000.0,4000.0,3100.49560546875,83888300.0
2022-11-23,TLKM.JK,3990.0,4030.0,3970.0,3970.0,3077.24169921875,95750400.0
2022-11-24,TLKM.JK,3980.0,4040.0,3980.0,4030.0,3123.749267578125,50741600.0
2022-11-25,TLKM.JK,4010.0,4040.0,3980.0,4030.0,3123.749267578125,73305800.0
2022-11-28,TLKM.JK,4030.0,4040.0,3980.0,3980.0,3084.99267578125,94063100.0
2022-11-29,TLKM.JK,3980.0,4020.0,3980.0,3980.0,3084.99267578125,94389800.0
2022-11-30,TLKM.JK,3970.0,4050.0,3970.0,4040.0,3131.500244140625,585687400.0
2022-12-01,TLKM.JK,4020.0,4040.0,3960.0,3960.0,3069.49072265625,230066600.0
2022-12-02,TLKM.JK,3950.0,4020.0,3930.0,4000.0,3100.49560546875,113336600.0
2022-12-05,TLKM.JK,3980.0,3990.0,3820.0,3840.0,2976.475830078125,148751200.0
2022-12-06,TLKM.JK,3640.0,3720.0,3580.0,3600.0,2790.446044921875,416468700.0
2022-12-07,TLKM.JK,3600.0,3700.0,3570.0,3680.0,2852.455810546875,278572200.0
2022-12-08,TLKM.JK,3700.0,3780.0,3620.0,3740.0,2898.96337890625,245646400.0
2022-12-09,TLKM.JK,3680.0,3720.0,3630.0,3650.0,2829.201904296875,164606100.0
2022-12-12,TLKM.JK,3670.0,3710.0,3640.0,3700.0,2867.95849609375,170545000.0
2022-12-13,TLKM.JK,3690.0,3790.0,3680.0,3750.0,2906.714599609375,231127000.0
2022-12-14,TLKM.JK,3820.0,3820.0,3740.0,3750.0,2906.714599609375,107175700.0
2022-12-15,TLKM.JK,3680.0,3720.0,3670.0,3670.0,2844.704833984375,143233600.0
2022-12-16,TLKM.JK,3610.0,3740.0,3610.0,3680.0,2852.455810546875,310944500.0
2022-12-19,TLKM.JK,3740.0,3790.0,3680.0,3720.0,2883.4609375,119137700.0
2022-12-20,TLKM.JK,3730.0,3750.0,3700.0,3720.0,2883.4609375,55351300.0
2022-12-21,TLKM.JK,3690.0,3790.0,3670.0,3790.0,2937.719482421875,98741000.0
2022-12-22,TLKM.JK,3800.0,3810.0,3740.0,3750.0,2906.714599609375,68702100.0
2022-12-23,TLKM.JK,3710.0,3780.0,3700.0,3780.0,2929.96826171875,45179400.0
2022-12-26,TLKM.JK,3780.0,3800.0,3730.0,3750.0,2906.714599609375,19216700.0
2022-12-27,TLKM.JK,3770.0,3840.0,3750.0,3810.0,2953.22216796875,49816500.0
2022-12-28,TLKM.JK,3800.0,3810.0,3710.0,3730.0,2891.212158203125,65006300.0
2022-12-29,TLKM.JK,3720.0,3790.0,3710.0,3780.0,2929.96826171875,51703500.0
2022-12-30,TLKM.JK,3760.0,3800.0,3750.0,3750.0,2906.714599609375,79677300.0
2023-01-02,TLKM.JK,3750.0,3800.0,3750.0,3800.0,2945.470703125,7959900.0
2023-01-03,TLKM.JK,3790.0,3890.0,3770.0,3860.0,2991.978271484375,64235000.0
2023-01-04,TLKM.JK,3840.0,3860.0,3810.0,3820.0,2960.97314453125,56785600.0
2023-01-05,TLKM.JK,3800.0,3820.0,3720.0,3770.0,2922.217041015625,135167000.0
2023-01-06,TLKM.JK,3750.0,3770.0,3710.0,3710.0,2875.70947265625,65207400.0
2023-01-09,TLKM.JK,3730.0,3790.0,3730.0,3790.0,2937.719482421875,46616400.0
2023-01-10,TLKM.JK,3810.0,3850.0,3750.0,3830.0,2968.724365234375,80009900.0
2023-01-11,TLKM.JK,3820.0,3900.0,3790.0,3870.0,2999.7294921875,75139300.0
2023-01-12,TLKM.JK,3790.0,3900.0,3780.0,3860.0,2991.978271484375,105775500.0
2023-01-13,TLKM.JK,3820.0,3860.0,3770.0,3780.0,2929.96826171875,85780600.0
2023-01-16,TLKM.JK,3780.0,3850.0,3780.0,3850.0,2984.22705078125,58918700.0
2023-01-17,TLKM.JK,3870.0,3990.0,3860.0,3950.0,3061.7392578125,132256600.0
2023-01-18,TLKM.JK,4010.0,4010.0,3900.0,3930.0,3046.23681640625,94772000.0
2023-01-19,TLKM.JK,3900.0,3980.0,3880.0,3890.0,3015.231689453125,109555200.0
2023-01-20,TLKM.JK,3910.0,3920.0,3850.0,3870.0,2999.7294921875,88457800.0
2023-01-24,TLKM.JK,3890.0,3910.0,3850.0,3850.0,2984.22705078125,45504900.0
2023-01-25,TLKM.JK,3850.0,3880.0,3810.0,3840.0,2976.475830078125,80575100.0
2023-01-26,TLKM.JK,3850.0,4000.0,3850.0,3970.0,3077.24169921875,117238000.0
2023-01-27,TLKM.JK,3970.0,3990.0,3950.0,3960.0,3069.49072265625,100769500.0
2023-01-30,TLKM.JK,3960.0,3970.0,3910.0,3960.0,3069.49072265625,59425300.0
2023-01-31,TLKM.JK,3940.0,3950.0,3850.0,3850.0,2984.22705078125,179726700.0
2023-02-01,TLKM.JK,3850.0,3900.0,3840.0,3870.0,2999.7294921875,70997300.0
2023-02-02,TLKM.JK,3850.0,3900.0,3840.0,3890.0,3015.231689453125,78852300.0
2023-02-03,TLKM.JK,3910.0,3920.0,3870.0,3880.0,3007.48046875,55154800.0
2023-02-06,TLKM.JK,3860.0,3910.0,3850.0,3880.0,3007.48046875,58861300.0
2023-02-07,TLKM.JK,3880.0,3880.0,3800.0,3800.0,2945.470703125,76254900.0
2023-02-08,TLKM.JK,3800.0,3850.0,3790.0,3840.0,2976.475830078125,65856500.0
2023-02-09,TLKM.JK,3840.0,3840.0,3760.0,3770.0,2922.217041015625,91337300.0
2023-02-10,TLKM.JK,3750.0,3800.0,3690.0,3800.0,2945.470703125,88759600.0
2023-02-13,TLKM.JK,3800.0,3810.0,3750.0,3790.0,2937.719482421875,69004400.0
2023-02-14,TLKM.JK,3830.0,3830.0,3760.0,3800.0,2945.470703125,80331100.0
2023-02-15,TLKM.JK,3810.0,3820.0,3730.0,3790.0,2937.719482421875,59028200.0
2023-02-16,TLKM.JK,3800.0,3800.0,3750.0,3770.0,2922.217041015625,49869900.0
2023-02-17,TLKM.JK,3770.0,3770.0,3720.0,3760.0,2914.4658203125,50369000.0
2023-02-20,TLKM.JK,3760.0,3820.0,3760.0,3820.0,2960.97314453125,57438900.0
2023-02-21,TLKM.JK,3850.0,3870.0,3830.0,3840.0,2976.475830078125,63880300.0
2023-02-22,TLKM.JK,3850.0,3870.0,3800.0,3860.0,2991.978271484375,48505600.0
2023-02-23,TLKM.JK,3950.0,3970.0,3890.0,3970.0,3077.24169921875,109147100.0
2023-02-24,TLKM.JK,4000.0,4040.0,3950.0,4040.0,3131.500244140625,142165700.0
2023-02-27,TLKM.JK,3990.0,4000.0,3920.0,3960.0,3069.49072265625,66461600.0
2023-02-28,TLKM.JK,3930.0,3970.0,3880.0,3880.0,3007.48046875,115766900.0
2023-03-01,TLKM.JK,3930.0,3990.0,3910.0,3930.0,3046.23681640625,47395200.0
2023-03-02,TLKM.JK,3900.0,3930.0,3880.0,3880.0,3007.48046875,43208800.0
2023-03-03,TLKM.JK,3880.0,3920.0,3870.0,3900.0,3022.9833984375,49796000.0
2023-03-06,TLKM.JK,3940.0,3950.0,3870.0,3880.0,3007.48046875,50103800.0
2023-03-07,TLKM.JK,3890.0,3910.0,3850.0,3880.0,3007.48046875,59086800.0
2023-03-08,TLKM.JK,3850.0,3940.0,3850.0,3940.0,3053.988037109375,78551000.0
2023-03-09,TLKM.JK,3970.0,4000.0,3960.0,3970.0,3077.24169921875,68725500.0
2023-03-10,TLKM.JK,3960.0,4020.0,3930.0,4010.0,3108.24658203125,76136200.0
2023-03-13,TLKM.JK,4020.0,4090.0,3980.0,4070.0,3154.754150390625,104663300.0
2023-03-14,TLKM.JK,4030.0,4090.0,4000.0,4020.0,3115.998046875,111430100.0
2023-03-15,TLKM.JK,4050.0,4050.0,3990.0,4010.0,3108.24658203125,65025400.0
2023-03-16,TLKM.JK,4040.0,4060.0,3980.0,4050.0,3139.251708984375,96707900.0
2023-03-17,TLKM.JK,4090.0,4100.0,4030.0,4050.0,3139.251708984375,232270900.0
2023-03-20,TLKM.JK,4050.0,4050.0,3940.0,3990.0,3092.744384765625,105982700.0
2023-03-21,TLKM.JK,4000.0,4120.0,4000.0,4120.0,3193.510498046875,88808200.0
2023-03-24,TLKM.JK,4100.0,4120.0,4060.0,4070.0,3154.754150390625,96214700.0
2023-03-27,TLKM.JK,4100.0,4120.0,4030.0,4050.0,3139.251708984375,71556400.0
2023-03-28,TLKM.JK,4100.0,4100.0,4030.0,4050.0,3139.251708984375,87955300.0
2023-03-29,TLKM.JK,4090.0,4120.0,4070.0,4100.0,3178.0078125,113504700.0
2023-03-30,TLKM.JK,4050.0,4130.0,4040.0,4090.0,3170.2568359375,87690800.0
2023-03-31,TLKM.JK,4110.0,4120.0,4040.0,4060.0,3147.0029296875,93699000.0
2023-04-03,TLKM.JK,4100.0,4100.0,4070.0,4080.0,3162.505615234375,56896200.0
2023-04-04,TLKM.JK,4080.0,4100.0,4040.0,4060.0,3147.0029296875,82969200.0
2023-04-05,TLKM.JK,4100.0,4170.0,4080.0,4150.0,3216.763916015625,70419100.0
2023-04-06,TLKM.JK,4200.0,4270.0,4170.0,4250.0,3294.276611328125,125329700.0
2023-04-10,TLKM.JK,4250.0,4300.0,4190.0,4300.0,3333.032470703125,85757900.0
2023-04-11,TLKM.JK,4290.0,4300.0,4250.0,4300.0,3333.032470703125,84322900.0
2023-04-12,TLKM.JK,4320.0,4350.0,4260.0,4310.0,3340.783935546875,178923700.0
2023-04-13,TLKM.JK,4340.0,4350.0,4290.0,4340.0,3364.03759765625,119431600.0
2023-04-14,TLKM.JK,4340.0,4360.0,4320.0,4340.0,3364.03759765625,117305500.0
2023-04-17,TLKM.JK,4340.0,4340.0,4250.0,4270.0,3309.779052734375,59688000.0
2023-04-18,TLKM.JK,4240.0,4280.0,4230.0,4270.0,3309.779052734375,65644600.0
2023-04-26,TLKM.JK,4480.0,4500.0,4330.0,4400.0,3410.544921875,198984100.0
2023-04-27,TLKM.JK,4450.0,4450.0,4300.0,4320.0,3348.53515625,58407000.0
2023-04-28,TLKM.JK,4270.0,4320.0,4220.0,4250.0,3294.276611328125,112116900.0
2023-05-02,TLKM.JK,4210.0,4220.0,4130.0,4190.0,3247.769287109375,117097400.0
2023-05-03,TLKM.JK,4200.0,4200.0,4080.0,4150.0,3216.763916015625,158597800.0
2023-05-04,TLKM.JK,4170.0,4190.0,4140.0,4150.0,3216.763916015625,98421300.0
2023-05-05,TLKM.JK,4160.0,4170.0,4080.0,4170.0,3232.2666015625,113408100.0
2023-05-08,TLKM.JK,4170.0,4180.0,4040.0,4060.0,3147.0029296875,121002600.0
2023-05-09,TLKM.JK,4050.0,4090.0,4030.0,4070.0,3154.754150390625,105907900.0
2023-05-10,TLKM.JK,4050.0,4130.0,4040.0,4130.0,3201.26171875,84306600.0
2023-05-11,TLKM.JK,4100.0,4120.0,4060.0,4090.0,3170.2568359375,74171300.0
2023-05-12,TLKM.JK,4050.0,4050.0,3950.0,3980.0,3084.99267578125,236777600.0
2023-05-15,TLKM.JK,3990.0,3990.0,3930.0,3980.0,3084.99267578125,113329300.0
2023-05-16,TLKM.JK,4020.0,4020.0,3940.0,3980.0,3084.99267578125,68777200.0
2023-05-17,TLKM.JK,3980.0,4020.0,3960.0,3990.0,3092.744384765625,83183300.0
2023-05-19,TLKM.JK,3990.0,4060.0,3970.0,4020.0,3115.998046875,95986000.0
2023-05-22,TLKM.JK,4000.0,4080.0,3980.0,4040.0,3131.500244140625,115578100.0
2023-05-23,TLKM.JK,4030.0,4080.0,4030.0,4040.0,3131.500244140625,132751000.0
2023-05-24,TLKM.JK,4020.0,4200.0,4020.0,4160.0,3224.515380859375,194127500.0
2023-05-25,TLKM.JK,4190.0,4220.0,4120.0,4120.0,3193.510498046875,122121000.0
2023-05-26,TLKM.JK,4140.0,4160.0,4110.0,4130.0,3201.26171875,62211800.0
2023-05-29,TLKM.JK,4120.0,4200.0,4090.0,4200.0,3255.520263671875,77540300.0
2023-05-30,TLKM.JK,4140.0,4190.0,4120.0,4120.0,3193.510498046875,78924700.0
2023-05-31,TLKM.JK,4120.0,4160.0,4040.0,4040.0,3131.500244140625,1155861400.0
2023-06-05,TLKM.JK,4060.0,4130.0,4020.0,4080.0,3162.505615234375,189129300.0
2023-06-06,TLKM.JK,4090.0,4130.0,4050.0,4090.0,3170.2568359375,95792700.0
2023-06-07,TLKM.JK,4100.0,4150.0,4080.0,4150.0,3216.763916015625,127707400.0
2023-06-08,TLKM.JK,4160.0,4180.0,4120.0,4170.0,3232.2666015625,78989700.0
2023-06-09,TLKM.JK,4170.0,4170.0,4140.0,4150.0,3216.763916015625,83014700.0
2023-06-12,TLKM.JK,4040.0,4050.0,4010.0,4050.0,3271.36669921875,94687300.0
2023-06-13,TLKM.JK,4040.0,4060.0,4030.0,4030.0,3255.211669921875,69609000.0
2023-06-14,TLKM.JK,4020.0,4040.0,3990.0,4000.0,3230.979248046875,110730800.0
2023-06-15,TLKM.JK,3990.0,4040.0,3980.0,4020.0,3247.13427734375,85391800.0
2023-06-16,TLKM.JK,4020.0,4030.0,3960.0,3970.0,3206.7470703125,160978900.0
2023-06-19,TLKM.JK,3960.0,3990.0,3950.0,3960.0,3198.669677734375,54934100.0
2023-06-20,TLKM.JK,3980.0,3990.0,3950.0,3990.0,3222.902099609375,55155600.0
2023-06-21,TLKM.JK,3970.0,3980.0,3950.0,3980.0,3214.824462890625,60191300.0
2023-06-22,TLKM.JK,3980.0,3990.0,3940.0,3940.0,3182.514892578125,56150900.0
2023-06-23,TLKM.JK,3940.0,3960.0,3940.0,3950.0,3190.59228515625,41812400.0
2023-06-26,TLKM.JK,3940.0,3990.0,3940.0,3990.0,3222.902099609375,36011500.0
2023-06-27,TLKM.JK,4030.0,4030.0,3990.0,4000.0,3230.979248046875,64879900.0
2023-07-03,TLKM.JK,4030.0,4030.0,3970.0,4000.0,3230.979248046875,75193200.0
2023-07-04,TLKM.JK,4000.0,4010.0,3970.0,3970.0,3206.7470703125,33974300.0
2023-07-05,TLKM.JK,3970.0,3980.0,3950.0,3980.0,3214.824462890625,43303000.0
2023-07-06,TLKM.JK,3970.0,3990.0,3960.0,3960.0,3198.669677734375,68088900.0
2023-07-07,TLKM.JK,3960.0,3980.0,3950.0,3960.0,3198.669677734375,50474800.0
2023-07-10,TLKM.JK,3960.0,3980.0,3940.0,3950.0,3190.59228515625,65643300.0
2023-07-11,TLKM.JK,3950.0,3990.0,3950.0,3980.0,3214.824462890625,89768500.0
2023-07-12,TLKM.JK,3980.0,4010.0,3970.0,3980.0,3214.824462890625,73770400.0
2023-07-13,TLKM.JK,3960.0,3970.0,3910.0,3920.0,3166.35986328125,83009900.0
2023-07-14,TLKM.JK,3960.0,3960.0,3920.0,3930.0,3174.437255859375,64886900.0
2023-07-17,TLKM.JK,3950.0,3970.0,3910.0,3910.0,3158.2822265625,81399700.0
2023-07-18,TLKM.JK,3930.0,3930.0,3820.0,3850.0,3109.81787109375,135860500.0
2023-07-20,TLKM.JK,3820.0,3860.0,3810.0,3850.0,3109.81787109375,88907600.0
2023-07-21,TLKM.JK,3840.0,3870.0,3840.0,3860.0,3117.895263671875,53955100.0
2023-07-24,TLKM.JK,3880.0,3930.0,3870.0,3900.0,3150.205078125,80710100.0
2023-07-25,TLKM.JK,3920.0,3920.0,3880.0,3880.0,3134.050048828125,66434400.0
2023-07-26,TLKM.JK,3890.0,3900.0,3830.0,3880.0,3134.050048828125,86732900.0
2023-07-27,TLKM.JK,3840.0,3860.0,3720.0,3720.0,3004.810791015625,235026400.0
2023-07-28,TLKM.JK,3710.0,3750.0,3690.0,3720.0,3004.810791015625,181626700.0
2023-07-31,TLKM.JK,3700.0,3750.0,3670.0,3720.0,3004.810791015625,153583300.0
2023-08-01,TLKM.JK,3700.0,3780.0,3700.0,3750.0,3029.043212890625,97680500.0
2023-08-02,TLKM.JK,3740.0,3740.0,3680.0,3690.0,2980.57861328125,121333500.0
2023-08-03,TLKM.JK,3670.0,3760.0,3670.0,3720.0,3004.810791015625,82013300.0
2023-08-04,TLKM.JK,3720.0,3730.0,3690.0,3690.0,2980.57861328125,67746800.0
2023-08-07,TLKM.JK,3700.0,3720.0,3680.0,3680.0,2972.5009765625,94909700.0
2023-08-08,TLKM.JK,3680.0,3760.0,3680.0,3730.0,3012.88818359375,116329400.0
2023-08-09,TLKM.JK,3750.0,3800.0,3740.0,3770.0,3045.1982421875,129416100.0
2023-08-10,TLKM.JK,3800.0,3830.0,3800.0,3800.0,3069.430419921875,140158900.0
2023-08-11,TLKM.JK,3830.0,3840.0,3790.0,3810.0,3077.5078125,109714400.0
2023-08-14,TLKM.JK,3810.0,3830.0,3760.0,3830.0,3093.662841796875,86871800.0
2023-08-15,TLKM.JK,3800.0,3830.0,3800.0,3820.0,3085.585205078125,80015200.0
2023-08-16,TLKM.JK,3790.0,3830.0,3750.0,3830.0,3093.662841796875,81507800.0
2023-08-18,TLKM.JK,3790.0,3800.0,3760.0,3760.0,3037.120849609375,108780100.0
2023-08-21,TLKM.JK,3760.0,3780.0,3720.0,3740.0,3020.9658203125,64449000.0
2023-08-22,TLKM.JK,3740.0,3780.0,3730.0,3750.0,3029.043212890625,98059600.0
2023-08-23,TLKM.JK,3750.0,3770.0,3730.0,3740.0,3020.9658203125,84842500.0
2023-08-24,TLKM.JK,3730.0,3770.0,3720.0,3720.0,3004.810791015625,82789700.0
2023-08-25,TLKM.JK,3700.0,3730.0,3700.0,3720.0,3004.810791015625,42049200.0
2023-08-28,TLKM.JK,3730.0,3740.0,3700.0,3700.0,2988.656005859375,37727500.0
2023-08-29,TLKM.JK,3700.0,3720.0,3700.0,3720.0,3004.810791015625,53453600.0
2023-08-30,TLKM.JK,3730.0,3850.0,3720.0,3810.0,3077.5078125,130027200.0
2023-08-31,TLKM.JK,3810.0,3820.0,3700.0,3730.0,3012.88818359375,227635800.0
2023-09-01,TLKM.JK,3710.0,3740.0,3710.0,3720.0,3004.810791015625,82253200.0
2023-09-04,TLKM.JK,3720.0,3750.0,3710.0,3730.0,3012.88818359375,55881900.0
2023-09-05,TLKM.JK,3730.0,3750.0,3710.0,3740.0,3020.9658203125,62933300.0
2023-09-06,TLKM.JK,3750.0,3810.0,3740.0,3790.0,3061.35302734375,98673400.0
2023-09-07,TLKM.JK,3780.0,3790.0,3730.0,3760.0,3037.120849609375,63054500.0
2023-09-08,TLKM.JK,3770.0,3770.0,3670.0,3690.0,2980.57861328125,143090100.0
2023-09-11,TLKM.JK,3710.0,3710.0,3680.0,3700.0,2988.656005859375,76577500.0
2023-09-12,TLKM.JK,3700.0,3740.0,3700.0,3710.0,2996.733154296875,72170600.0
2023-09-13,TLKM.JK,3720.0,3720.0,3670.0,3710.0,2996.733154296875,82635900.0
2023-09-14,TLKM.JK,3710.0,3720.0,3680.0,3680.0,2972.5009765625,55532900.0
2023-09-15,TLKM.JK,3680.0,3780.0,3670.0,3720.0,3004.810791015625,147757300.0
2023-09-18,TLKM.JK,3700.0,3720.0,3680.0,3680.0,2972.5009765625,40645900.0
2023-09-19,TLKM.JK,3690.0,3740.0,3690.0,3730.0,3012.88818359375,38375000.0
2023-09-20,TLKM.JK,3740.0,3850.0,3740.0,3810.0,3077.5078125,171751900.0
2023-09-21,TLKM.JK,3810.0,3840.0,3790.0,3810.0,3077.5078125,94880700.0
2023-09-22,TLKM.JK,3830.0,3880.0,3810.0,3860.0,3117.895263671875,101185700.0
2023-09-25,TLKM.JK,3810.0,3830.0,3770.0,3770.0,3045.1982421875,125817700.0
2023-09-26,TLKM.JK,3770.0,3800.0,3750.0,3760.0,3037.120849609375,74734500.0
2023-09-27,TLKM.JK,3750.0,3780.0,3720.0,3720.0,3004.810791015625,83337700.0
2023-09-29,TLKM.JK,3730.0,3800.0,3730.0,3750.0,3029.043212890625,66219300.0
2023-10-02,TLKM.JK,3750.0,3780.0,3730.0,3750.0,3029.043212890625,71945000.0
2023-10-03,TLKM.JK,3750.0,3800.0,3740.0,3770.0,3045.1982421875,61155100.0
2023-10-04,TLKM.JK,3800.0,3800.0,3740.0,3780.0,3053.275390625,77527700.0
2023-10-05,TLKM.JK,3790.0,3800.0,3720.0,3720.0,3004.810791015625,81258900.0
2023-10-06,TLKM.JK,3780.0,3800.0,3770.0,3780.0,3053.275390625,60156100.0
2023-10-09,TLKM.JK,3770.0,3780.0,3750.0,3760.0,3037.120849609375,37711400.0
2023-10-10,TLKM.JK,3780.0,3820.0,3770.0,3810.0,3077.5078125,51167900.0
2023-10-11,TLKM.JK,3780.0,3810.0,3780.0,3780.0,3053.275390625,83154300.0
2023-10-12,TLKM.JK,3820.0,3870.0,3800.0,3830.0,3093.662841796875,101645100.0
2023-10-13,TLKM.JK,3820.0,3850.0,3810.0,3850.0,3109.81787109375,48856500.0
2023-10-16,TLKM.JK,3850.0,3850.0,3740.0,3760.0,3037.120849609375,117472800.0
2023-10-17,TLKM.JK,3780.0,3810.0,3770.0,3790.0,3061.35302734375,57046900.0
2023-10-18,TLKM.JK,3770.0,3780.0,3730.0,3750.0,3029.043212890625,64910600.0
2023-10-19,TLKM.JK,3730.0,3760.0,3720.0,3730.0,3012.88818359375,62296900.0
2023-10-20,TLKM.JK,3720.0,3730.0,3690.0,3700.0,2988.656005859375,38978200.0
2023-10-23,TLKM.JK,3710.0,3720.0,3610.0,3610.0,2915.958984375,69428400.0
2023-10-24,TLKM.JK,3640.0,3670.0,3600.0,3650.0,2948.268798828125,67041700.0
2023-10-25,TLKM.JK,3650.0,3680.0,3580.0,3600.0,2907.881591796875,89567900.0
2023-10-26,TLKM.JK,3600.0,3610.0,3460.0,3480.0,2810.9521484375,141139700.0
2023-10-27,TLKM.JK,3480.0,3530.0,3440.0,3500.0,2827.10693359375,99607000.0
2023-10-30,TLKM.JK,3500.0,3500.0,3390.0,3420.0,2762.4873046875,82945500.0
2023-10-31,TLKM.JK,3400.0,3510.0,3400.0,3490.0,2819.029541015625,66801600.0
2023-11-01,TLKM.JK,3600.0,3700.0,3600.0,3620.0,2924.0361328125,154441100.0
2023-11-02,TLKM.JK,3690.0,3690.0,3620.0,3620.0,2924.0361328125,69582500.0
2023-11-03,TLKM.JK,3590.0,3630.0,3540.0,3570.0,2883.649169921875,85146800.0
2023-11-06,TLKM.JK,3610.0,3650.0,3600.0,3650.0,2948.268798828125,66902400.0
2023-11-07,TLKM.JK,3600.0,3610.0,3550.0,3570.0,2883.649169921875,103642200.0
2023-11-08,TLKM.JK,3520.0,3540.0,3500.0,3520.0,2843.26171875,103415400.0
2023-11-09,TLKM.JK,3500.0,3570.0,3500.0,3530.0,2851.339111328125,96594900.0
2023-11-10,TLKM.JK,3520.0,3550.0,3490.0,3550.0,2867.494140625,48619500.0
2023-11-13,TLKM.JK,3570.0,3570.0,3510.0,3520.0,2843.26171875,37975400.0
2023-11-14,TLKM.JK,3500.0,3540.0,3500.0,3500.0,2827.10693359375,45987000.0
2023-11-15,TLKM.JK,3520.0,3570.0,3520.0,3550.0,2867.494140625,114104500.0
2023-11-16,TLKM.JK,3550.0,3550.0,3510.0,3540.0,2859.416748046875,41789400.0
2023-11-17,TLKM.JK,3530.0,3550.0,3480.0,3550.0,2867.494140625,55585600.0
2023-11-20,TLKM.JK,3560.0,3600.0,3540.0,3590.0,2899.803955078125,39932700.0
2023-11-21,TLKM.JK,3590.0,3620.0,3580.0,3620.0,2924.0361328125,68255800.0
2023-11-22,TLKM.JK,3610.0,3630.0,3590.0,3610.0,2915.958984375,34555300.0
2023-11-23,TLKM.JK,3610.0,3630.0,3590.0,3600.0,2907.881591796875,57385100.0
2023-11-24,TLKM.JK,3600.0,3620.0,3570.0,3620.0,2924.0361328125,34583700.0
2023-11-27,TLKM.JK,3640.0,3730.0,3640.0,3680.0,2972.5009765625,73888700.0
2023-11-28,TLKM.JK,3680.0,3800.0,3680.0,3770.0,3045.1982421875,106829100.0
2023-11-29,TLKM.JK,3750.0,3770.0,3700.0,3720.0,3004.810791015625,56467400.0
2023-11-30,TLKM.JK,3750.0,3820.0,3740.0,3760.0,3037.120849609375,258522400.0
2023-12-01,TLKM.JK,3790.0,3840.0,3790.0,3830.0,3093.662841796875,81037200.0
2023-12-04,TLKM.JK,3840.0,3860.0,3780.0,3810.0,3077.5078125,118483900.0
2023-12-05,TLKM.JK,3830.0,3850.0,3800.0,3850.0,3109.81787109375,74608900.0
2023-12-06,TLKM.JK,3900.0,3950.0,3870.0,3920.0,3166.35986328125,149345100.0
2023-12-07,TLKM.JK,3950.0,3950.0,3880.0,3910.0,3158.2822265625,91076200.0
2023-12-08,TLKM.JK,3940.0,3940.0,3900.0,3940.0,3182.514892578125,61476300.0
2023-12-11,TLKM.JK,3870.0,3980.0,3850.0,3980.0,3214.824462890625,99365500.0
2023-12-12,TLKM.JK,3940.0,3950.0,3890.0,3910.0,3158.2822265625,58707700.0
2023-12-13,TLKM.JK,3870.0,3920.0,3870.0,3920.0,3166.35986328125,54386800.0
2023-12-14,TLKM.JK,3880.0,3960.0,3880.0,3940.0,3182.514892578125,70705300.0
2023-12-15,TLKM.JK,3940.0,3980.0,3900.0,3980.0,3214.824462890625,109064200.0
2023-12-18,TLKM.JK,3940.0,3970.0,3930.0,3970.0,3206.7470703125,60940400.0
2023-12-19,TLKM.JK,3950.0,3970.0,3940.0,3970.0,3206.7470703125,32984500.0
2023-12-20,TLKM.JK,3960.0,3990.0,3960.0,3960.0,3198.669677734375,59574800.0
2023-12-21,TLKM.JK,3960.0,3970.0,3930.0,3950.0,3190.59228515625,48242100.0
2023-12-22,TLKM.JK,3980.0,3980.0,3950.0,3960.0,3198.669677734375,28222700.0
2023-12-27,TLKM.JK,3990.0,4000.0,3920.0,3940.0,3182.514892578125,73157200.0
2023-12-28,TLKM.JK,3960.0,3970.0,3940.0,3960.0,3198.669677734375,34024400.0
2023-12-29,TLKM.JK,3960.0,3980.0,3940.0,3950.0,3190.59228515625,27497600.0
2024-01-02,TLKM.JK,3950.0,3990.0,3940.0,3990.0,3222.902099609375,23774100.0
2024-01-03,TLKM.JK,3990.0,3990.0,3950.0,3960.0,3198.669677734375,22018500.0
2024-01-04,TLKM.JK,3980.0,3990.0,3960.0,3970.0,3206.7470703125,33922400.0
2024-01-05,TLKM.JK,3950.0,3970.0,3880.0,3890.0,3142.12744140625,69268000.0
2024-01-08,TLKM.JK,3890.0,3920.0,3860.0,3890.0,3142.12744140625,61064100.0
2024-01-09,TLKM.JK,3930.0,3980.0,3920.0,3960.0,3198.669677734375,64015400.0
2024-01-10,TLKM.JK,4000.0,4030.0,3980.0,4000.0,3230.979248046875,99083600.0
2024-01-11,TLKM.JK,4040.0,4040.0,3990.0,3990.0,3222.902099609375,36333300.0
2024-01-12,TLKM.JK,3970.0,4010.0,3970.0,4010.0,3239.056884765625,53685600.0
2024-01-15,TLKM.JK,4040.0,4040.0,3980.0,4000.0,3230.979248046875,38339500.0
2024-01-16,TLKM.JK,4020.0,4030.0,3980.0,4010.0,3239.056884765625,44782300.0
2024-01-17,TLKM.JK,4000.0,4010.0,3970.0,3990.0,3222.902099609375,62728400.0
2024-01-18,TLKM.JK,3990.0,4010.0,3930.0,3950.0,3190.59228515625,73029300.0
2024-01-19,TLKM.JK,3950.0,3960.0,3890.0,3940.0,3182.514892578125,67016100.0
2024-01-22,TLKM.JK,3980.0,4010.0,3960.0,3980.0,3214.824462890625,50643700.0
2024-01-23,TLKM.JK,4000.0,4010.0,3910.0,3950.0,3190.59228515625,72595400.0
2024-01-24,TLKM.JK,3950.0,3980.0,3930.0,3970.0,3206.7470703125,38732000.0
2024-01-25,TLKM.JK,3980.0,4000.0,3960.0,3980.0,3214.824462890625,58541300.0
2024-01-26,TLKM.JK,3940.0,3990.0,3930.0,3980.0,3214.824462890625,65272600.0
2024-01-29,TLKM.JK,4000.0,4010.0,3970.0,4010.0,3239.056884765625,59150000.0
2024-01-30,TLKM.JK,4000.0,4020.0,3980.0,4000.0,3230.979248046875,66906900.0
2024-01-31,TLKM.JK,4000.0,4020.0,3960.0,3960.0,3198.669677734375,100403700.0
2024-02-01,TLKM.JK,3970.0,4050.0,3970.0,4040.0,3263.289306640625,105414400.0
2024-02-02,TLKM.JK,4030.0,4030.0,3930.0,3990.0,3222.902099609375,96180000.0
2024-02-05,TLKM.JK,4010.0,4010.0,3970.0,3980.0,3214.824462890625,57789500.0
2024-02-06,TLKM.JK,3970.0,4000.0,3970.0,3980.0,3214.824462890625,65167500.0
2024-02-07,TLKM.JK,4010.0,4020.0,3980.0,3980.0,3214.824462890625,53084600.0
2024-02-12,TLKM.JK,4000.0,4020.0,3970.0,4000.0,3230.979248046875,85763200.0
2024-02-13,TLKM.JK,4010.0,4010.0,3980.0,3980.0,3214.824462890625,52020300.0
2024-02-15,TLKM.JK,4040.0,4080.0,3980.0,4030.0,3255.211669921875,129347900.0
2024-02-16,TLKM.JK,4050.0,4160.0,4050.0,4160.0,3360.218505859375,244064200.0
2024-02-19,TLKM.JK,4130.0,4170.0,4130.0,4160.0,3360.218505859375,82867500.0
2024-02-20,TLKM.JK,4200.0,4210.0,4160.0,4210.0,3400.605712890625,267636700.0
2024-02-21,TLKM.JK,4190.0,4240.0,4070.0,4180.0,3376.37353515625,152787100.0
2024-02-22,TLKM.JK,4130.0,4150.0,4070.0,4090.0,3303.676513671875,93555100.0
2024-02-23,TLKM.JK,4070.0,4100.0,4040.0,4100.0,3311.75390625,87665800.0
2024-02-26,TLKM.JK,4060.0,4100.0,4050.0,4090.0,3303.676513671875,55761700.0
2024-02-27,TLKM.JK,4050.0,4060.0,3990.0,3990.0,3222.902099609375,119637000.0
2024-02-28,TLKM.JK,3980.0,4020.0,3950.0,3990.0,3222.902099609375,77255300.0
2024-02-29,TLKM.JK,4020.0,4040.0,3950.0,4000.0,3230.979248046875,157431900.0
2024-03-01,TLKM.JK,3950.0,3990.0,3860.0,3920.0,3166.35986328125,139582000.0
2024-03-04,TLKM.JK,3960.0,3960.0,3900.0,3940.0,3182.514892578125,81580800.0
2024-03-05,TLKM.JK,3880.0,3900.0,3860.0,3870.0,3125.97265625,100671500.0
2024-03-06,TLKM.JK,3870.0,3920.0,3860.0,3900.0,3150.205078125,83251500.0
2024-03-07,TLKM.JK,3900.0,3930.0,3900.0,3900.0,3150.205078125,86888100.0
2024-03-08,TLKM.JK,3900.0,3910.0,3840.0,3860.0,3117.895263671875,101556500.0
2024-03-13,TLKM.JK,3910.0,3910.0,3890.0,3900.0,3150.205078125,106191400.0
2024-03-14,TLKM.JK,3930.0,3980.0,3920.0,3960.0,3198.669677734375,122570700.0
2024-03-15,TLKM.JK,4000.0,4000.0,3900.0,3970.0,3206.7470703125,184885900.0
2024-03-18,TLKM.JK,3960.0,3970.0,3920.0,3920.0,3166.35986328125,57508300.0
2024-03-19,TLKM.JK,3980.0,3980.0,3940.0,3940.0,3182.514892578125,51629700.0
2024-03-20,TLKM.JK,3910.0,3940.0,3910.0,3930.0,3174.437255859375,84777400.0
2024-03-21,TLKM.JK,3930.0,3960.0,3890.0,3890.0,3142.12744140625,81520900.0
2024-03-22,TLKM.JK,3900.0,3920.0,3890.0,3900.0,3150.205078125,44501700.0
2024-03-25,TLKM.JK,3890.0,3890.0,3700.0,3730.0,3012.88818359375,313394400.0
2024-03-26,TLKM.JK,3680.0,3680.0,3610.0,3620.0,2924.0361328125,354086400.0
2024-03-27,TLKM.JK,3610.0,3630.0,3490.0,3490.0,2819.029541015625,496202800.0
2024-03-28,TLKM.JK,3470.0,3520.0,3430.0,3470.0,2802.874755859375,258985200.0
2024-04-01,TLKM.JK,3480.0,3520.0,3420.0,3510.0,2835.1845703125,248116300.0
2024-04-02,TLKM.JK,3460.0,3500.0,3410.0,3490.0,2819.029541015625,233017700.0
2024-04-03,TLKM.JK,3450.0,3490.0,3420.0,3420.0,2762.4873046875,150265700.0
2024-04-04,TLKM.JK,3410.0,3460.0,3410.0,3450.0,2786.719970703125,205184000.0
2024-04-05,TLKM.JK,3440.0,3450.0,3420.0,3430.0,2770.564697265625,116051700.0
2024-04-16,TLKM.JK,3260.0,3280.0,3150.0,3220.0,2600.9384765625,490658200.0
2024-04-17,TLKM.JK,3220.0,3240.0,3200.0,3200.0,2584.783447265625,187876400.0
2024-04-18,TLKM.JK,3190.0,3310.0,3110.0,3250.0,2625.1708984375,337490100.0
2024-04-19,TLKM.JK,3230.0,3230.0,3130.0,3150.0,2544.396484375,149997000.0
2024-04-22,TLKM.JK,3150.0,3200.0,3130.0,3170.0,2560.55126953125,140971800.0
2024-04-23,TLKM.JK,3180.0,3190.0,3080.0,3100.0,2504.009033203125,312052300.0
2024-04-24,TLKM.JK,3100.0,3110.0,3040.0,3040.0,2455.54443359375,327330800.0
2024-04-25,TLKM.JK,3010.0,3060.0,2990.0,3040.0,2455.54443359375,369525200.0
2024-04-26,TLKM.JK,2980.0,3060.0,2960.0,3030.0,2447.466796875,442527900.0
2024-04-29,TLKM.JK,3030.0,3090.0,3010.0,3080.0,2487.854248046875,172773600.0
2024-04-30,TLKM.JK,3120.0,3200.0,3110.0,3170.0,2560.55126953125,273121800.0
2024-05-02,TLKM.JK,3170.0,3200.0,3120.0,3120.0,2520.163818359375,157637100.0
2024-05-03,TLKM.JK,3180.0,3180.0,3120.0,3160.0,2552.473876953125,127945300.0
2024-05-06,TLKM.JK,3180.0,3200.0,3040.0,3050.0,2463.621826171875,221330900.0
2024-05-07,TLKM.JK,3070.0,3110.0,3060.0,3090.0,2495.931640625,124914600.0
2024-05-08,TLKM.JK,3130.0,3150.0,3050.0,3080.0,2487.854248046875,120622600.0
2024-05-13,TLKM.JK,3070.0,3100.0,3040.0,3090.0,2495.931640625,133048300.0
2024-05-14,TLKM.JK,3100.0,3120.0,3080.0,3120.0,2520.163818359375,104126800.0
2024-05-15,TLKM.JK,3120.0,3130.0,3070.0,3100.0,2504.009033203125,149143600.0
2024-05-16,TLKM.JK,2960.0,3050.0,2960.0,3010.0,2579.865966796875,196239200.0
2024-05-17,TLKM.JK,3050.0,3050.0,2980.0,2990.0,2562.723876953125,120345300.0
2024-05-20,TLKM.JK,2950.0,3000.0,2950.0,2990.0,2562.723876953125,215877500.0
2024-05-21,TLKM.JK,2990.0,2990.0,2920.0,2950.0,2528.43994140625,138864400.0
2024-05-22,TLKM.JK,2980.0,2980.0,2910.0,2940.0,2519.868896484375,145109200.0
2024-05-27,TLKM.JK,2900.0,2920.0,2780.0,2810.0,2408.4462890625,246979600.0
2024-05-28,TLKM.JK,2810.0,2880.0,2810.0,2860.0,2451.301025390625,113093300.0
2024-05-29,TLKM.JK,2850.0,2860.0,2810.0,2810.0,2408.4462890625,148952900.0
2024-05-30,TLKM.JK,2810.0,2870.0,2720.0,2810.0,2408.4462890625,253471800.0
2024-05-31,TLKM.JK,2840.0,2920.0,2810.0,2900.0,2485.585205078125,411324600.0
2024-06-03,TLKM.JK,2930.0,2970.0,2900.0,2930.0,2511.298095703125,124570400.0
2024-06-04,TLKM.JK,2980.0,3060.0,2940.0,3000.0,2571.294921875,130203100.0
2024-06-05,TLKM.JK,3000.0,3080.0,3000.0,3060.0,2622.720947265625,141157300.0
2024-06-06,TLKM.JK,3100.0,3100.0,3030.0,3050.0,2614.14990234375,107996900.0
2024-06-07,TLKM.JK,3050.0,3090.0,3050.0,3050.0,2614.14990234375,67191100.0
2024-06-10,TLKM.JK,3050.0,3050.0,2980.0,3010.0,2579.865966796875,66983900.0
2024-06-11,TLKM.JK,2960.0,2980.0,2880.0,2880.0,2468.443115234375,172688100.0
2024-06-12,TLKM.JK,2890.0,2970.0,2890.0,2920.0,2502.72705078125,91584500.0
2024-06-13,TLKM.JK,2940.0,2940.0,2830.0,2840.0,2434.1591796875,95740000.0
2024-06-14,TLKM.JK,2820.0,2830.0,2700.0,2720.0,2331.307373046875,202750500.0
2024-06-19,TLKM.JK,2780.0,2850.0,2760.0,2830.0,2425.58837890625,128843500.0
2024-06-20,TLKM.JK,2850.0,2850.0,2800.0,2840.0,2434.1591796875,55434800.0
2024-06-21,TLKM.JK,2850.0,2960.0,2840.0,2950.0,2528.43994140625,184918000.0
2024-06-24,TLKM.JK,2930.0,2980.0,2910.0,2950.0,2528.43994140625,111618800.0
2024-06-25,TLKM.JK,2950.0,2990.0,2930.0,2990.0,2562.723876953125,89913400.0
2024-06-26,TLKM.JK,2990.0,3020.0,2980.0,3000.0,2571.294921875,73994000.0
2024-06-27,TLKM.JK,3030.0,3030.0,2990.0,3030.0,2597.0078125,70154600.0
2024-06-28,TLKM.JK,3030.0,3140.0,3030.0,3130.0,2682.7177734375,213539300.0
2024-07-01,TLKM.JK,3130.0,3130.0,3080.0,3090.0,2648.433837890625,134082800.0
2024-07-02,TLKM.JK,3070.0,3090.0,3030.0,3040.0,2605.578857421875,79024200.0
2024-07-03,TLKM.JK,3040.0,3050.0,3020.0,3030.0,2597.0078125,51977100.0
2024-07-04,TLKM.JK,3000.0,3050.0,2960.0,2960.0,2537.010986328125,93100500.0
2024-07-05,TLKM.JK,2970.0,3020.0,2960.0,3020.0,2588.436767578125,69339200.0
2024-07-08,TLKM.JK,3040.0,3090.0,3000.0,3080.0,2639.86279296875,125004600.0
2024-07-09,TLKM.JK,3050.0,3120.0,3040.0,3080.0,2639.86279296875,118245600.0
2024-07-10,TLKM.JK,3090.0,3180.0,3090.0,3160.0,2708.4306640625,120007400.0
2024-07-11,TLKM.JK,3200.0,3200.0,3160.0,3180.0,2725.57275390625,126490000.0
2024-07-12,TLKM.JK,3230.0,3270.0,3210.0,3220.0,2759.8564453125,135830300.0
2024-07-15,TLKM.JK,3220.0,3220.0,3130.0,3160.0,2708.4306640625,100918500.0
2024-07-16,TLKM.JK,3180.0,3180.0,3090.0,3100.0,2657.0048828125,78769700.0
2024-07-17,TLKM.JK,3190.0,3270.0,3160.0,3250.0,2785.569580078125,167149300.0
2024-07-18,TLKM.JK,3260.0,3280.0,3190.0,3210.0,2751.28564453125,98903500.0
2024-07-19,TLKM.JK,3200.0,3210.0,3120.0,3140.0,2691.28857421875,138117200.0
2024-07-22,TLKM.JK,3180.0,3210.0,3090.0,3100.0,2657.0048828125,139383000.0
2024-07-23,TLKM.JK,3140.0,3160.0,3100.0,3160.0,2708.4306640625,74338000.0
2024-07-24,TLKM.JK,3140.0,3150.0,3040.0,3060.0,2622.720947265625,98752100.0
2024-07-25,TLKM.JK,3080.0,3090.0,3030.0,3090.0,2648.433837890625,67060000.0
2024-07-26,TLKM.JK,3110.0,3110.0,3060.0,3100.0,2657.0048828125,94900300.0
2024-07-29,TLKM.JK,3090.0,3120.0,3040.0,3050.0,2614.14990234375,90885600.0
2024-07-30,TLKM.JK,3000.0,3000.0,2880.0,2880.0,2468.443115234375,321472800.0
2024-07-31,TLKM.JK,2880.0,2920.0,2840.0,2880.0,2468.443115234375,207440800.0
2024-08-01,TLKM.JK,2890.0,2930.0,2880.0,2880.0,2468.443115234375,121021800.0
2024-08-02,TLKM.JK,2880.0,2880.0,2820.0,2850.0,2442.730224609375,105816800.0
2024-08-05,TLKM.JK,2820.0,2830.0,2760.0,2790.0,2391.30419921875,105246400.0
2024-08-06,TLKM.JK,2800.0,2840.0,2790.0,2790.0,2391.30419921875,98524200.0
2024-08-07,TLKM.JK,2800.0,2840.0,2790.0,2820.0,2417.017333984375,77263000.0
2024-08-08,TLKM.JK,2800.0,2880.0,2800.0,2850.0,2442.730224609375,99533000.0
2024-08-09,TLKM.JK,2860.0,2880.0,2830.0,2830.0,2425.58837890625,80800300.0
2024-08-12,TLKM.JK,2850.0,2910.0,2840.0,2870.0,2459.8720703125,62746600.0
2024-08-13,TLKM.JK,2900.0,2900.0,2840.0,2850.0,2442.730224609375,82063600.0
2024-08-14,TLKM.JK,2850.0,2890.0,2850.0,2860.0,2451.301025390625,70188800.0
2024-08-15,TLKM.JK,2870.0,2880.0,2820.0,2870.0,2459.8720703125,79724100.0
2024-08-16,TLKM.JK,2910.0,2990.0,2900.0,2960.0,2537.010986328125,207060000.0
2024-08-19,TLKM.JK,2960.0,2970.0,2910.0,2930.0,2511.298095703125,68692700.0
2024-08-20,TLKM.JK,2990.0,3000.0,2960.0,2980.0,2554.153076171875,100434600.0
2024-08-21,TLKM.JK,2980.0,3010.0,2960.0,2970.0,2545.58203125,111842200.0
2024-08-22,TLKM.JK,2940.0,2970.0,2920.0,2920.0,2502.72705078125,90336300.0
2024-08-23,TLKM.JK,2970.0,3010.0,2950.0,2950.0,2528.43994140625,86092500.0
2024-08-26,TLKM.JK,2940.0,2990.0,2930.0,2980.0,2554.153076171875,88941900.0
2024-08-27,TLKM.JK,2990.0,3000.0,2950.0,2990.0,2562.723876953125,71223800.0
2024-08-28,TLKM.JK,3000.0,3000.0,2960.0,2980.0,2554.153076171875,68736300.0
2024-08-29,TLKM.JK,2980.0,3080.0,2980.0,3030.0,2597.0078125,160714800.0
2024-08-30,TLKM.JK,3030.0,3070.0,3010.0,3060.0,2622.720947265625,195809000.0
2024-09-02,TLKM.JK,3090.0,3150.0,3080.0,3140.0,2691.28857421875,118928500.0
2024-09-03,TLKM.JK,3140.0,3150.0,3080.0,3080.0,2639.86279296875,82172000.0
2024-09-04,TLKM.JK,3060.0,3100.0,3040.0,3080.0,2639.86279296875,81041700.0
2024-09-05,TLKM.JK,3080.0,3090.0,3020.0,3020.0,2588.436767578125,78989400.0
2024-09-06,TLKM.JK,3010.0,3050.0,3010.0,3040.0,2605.578857421875,82391200.0
2024-09-09,TLKM.JK,3050.0,3080.0,3000.0,3030.0,2597.0078125,69264400.0
2024-09-10,TLKM.JK,3060.0,3060.0,3020.0,3030.0,2597.0078125,46436100.0
2024-09-11,TLKM.JK,3030.0,3050.0,3020.0,3040.0,2605.578857421875,62899600.0
2024-09-12,TLKM.JK,3060.0,3070.0,3050.0,3050.0,2614.14990234375,85785000.0
2024-09-13,TLKM.JK,3080.0,3120.0,3070.0,3110.0,2665.57568359375,125032200.0
2024-09-17,TLKM.JK,3120.0,3130.0,3080.0,3090.0,2648.433837890625,56181000.0
2024-09-18,TLKM.JK,3120.0,3130.0,3100.0,3120.0,2674.146728515625,87120700.0
2024-09-19,TLKM.JK,3140.0,3150.0,3120.0,3140.0,2691.28857421875,130418300.0
2024-09-20,TLKM.JK,3150.0,3170.0,3120.0,3150.0,2699.859619140625,152477400.0
2024-09-23,TLKM.JK,3150.0,3180.0,3130.0,3170.0,2717.001708984375,82274400.0
2024-09-24,TLKM.JK,3180.0,3180.0,3150.0,3160.0,2708.4306640625,92256900.0
2024-09-25,TLKM.JK,3100.0,3190.0,3060.0,3190.0,2734.1435546875,215241700.0
2024-09-26,TLKM.JK,3170.0,3180.0,3120.0,3170.0,2717.001708984375,120042500.0
2024-09-27,TLKM.JK,3130.0,3140.0,3010.0,3050.0,2614.14990234375,291217300.0
2024-09-30,TLKM.JK,3030.0,3030.0,2990.0,2990.0,2562.723876953125,150844800.0
2024-10-01,TLKM.JK,2990.0,3040.0,2990.0,3020.0,2588.436767578125,77208500.0
2024-10-02,TLKM.JK,2950.0,2980.0,2920.0,2920.0,2502.72705078125,124629400.0
2024-10-03,TLKM.JK,2950.0,2950.0,2890.0,2890.0,2477.01416015625,92510900.0
2024-10-04,TLKM.JK,2900.0,2930.0,2860.0,2880.0,2468.443115234375,76757200.0
2024-10-07,TLKM.JK,2910.0,2910.0,2870.0,2900.0,2485.585205078125,84507100.0
2024-10-08,TLKM.JK,2890.0,2990.0,2870.0,2990.0,2562.723876953125,135357200.0
2024-10-09,TLKM.JK,2980.0,3010.0,2960.0,2960.0,2537.010986328125,69435900.0
2024-10-10,TLKM.JK,2960.0,2980.0,2940.0,2950.0,2528.43994140625,57867000.0
2024-10-11,TLKM.JK,3000.0,3000.0,2920.0,2940.0,2519.868896484375,40454300.0
2024-10-14,TLKM.JK,2930.0,2970.0,2900.0,2900.0,2485.585205078125,66631500.0
2024-10-15,TLKM.JK,2920.0,2970.0,2910.0,2940.0,2519.868896484375,74529600.0
2024-10-16,TLKM.JK,2970.0,3000.0,2930.0,3000.0,2571.294921875,163988000.0
2024-10-17,TLKM.JK,3000.0,3060.0,2980.0,3040.0,2605.578857421875,107040100.0
2024-10-18,TLKM.JK,3050.0,3130.0,3040.0,3100.0,2657.0048828125,138783600.0
2024-10-21,TLKM.JK,3100.0,3130.0,3060.0,3100.0,2657.0048828125,92240300.0
2024-10-22,TLKM.JK,3060.0,3070.0,3010.0,3010.0,2579.865966796875,93662500.0
2024-10-23,TLKM.JK,2940.0,2980.0,2930.0,2940.0,2519.868896484375,99423700.0
2024-10-24,TLKM.JK,2940.0,2960.0,2900.0,2900.0,2485.585205078125,72559000.0
2024-10-25,TLKM.JK,2900.0,2950.0,2900.0,2910.0,2494.156005859375,50694200.0
2024-10-28,TLKM.JK,2920.0,2940.0,2900.0,2920.0,2502.72705078125,38720700.0
2024-10-29,TLKM.JK,2910.0,2930.0,2880.0,2900.0,2485.585205078125,67727500.0
2024-10-30,TLKM.JK,2880.0,2900.0,2850.0,2900.0,2485.585205078125,123573100.0
2024-10-31,TLKM.JK,2860.0,2870.0,2820.0,2820.0,2417.017333984375,139590300.0
2024-11-01,TLKM.JK,2820.0,2840.0,2760.0,2780.0,2382.733154296875,99364500.0
2024-11-04,TLKM.JK,2780.0,2810.0,2750.0,2800.0,2399.875244140625,63112300.0
2024-11-05,TLKM.JK,2800.0,2810.0,2730.0,2770.0,2374.162353515625,96721100.0
2024-11-06,TLKM.JK,2780.0,2800.0,2740.0,2740.0,2348.449462890625,66808900.0
2024-11-07,TLKM.JK,2760.0,2790.0,2740.0,2760.0,2365.59130859375,79485800.0
2024-11-08,TLKM.JK,2760.0,2780.0,2750.0,2750.0,2357.0205078125,66113200.0
2024-11-11,TLKM.JK,2720.0,2730.0,2650.0,2690.0,2305.594482421875,108153500.0
2024-11-12,TLKM.JK,2660.0,2670.0,2600.0,2600.0,2228.455810546875,215910600.0
2024-11-13,TLKM.JK,2610.0,2630.0,2570.0,2580.0,2211.313720703125,142812600.0
2024-11-14,TLKM.JK,2550.0,2590.0,2530.0,2530.0,2168.458740234375,185269500.0
2024-11-15,TLKM.JK,2500.0,2580.0,2500.0,2540.0,2177.029541015625,103680400.0
2024-11-18,TLKM.JK,2540.0,2610.0,2520.0,2590.0,2219.884765625,119481300.0
2024-11-19,TLKM.JK,2610.0,2850.0,2590.0,2780.0,2382.733154296875,275670300.0
2024-11-20,TLKM.JK,2740.0,2750.0,2640.0,2680.0,2297.023681640625,150242900.0
2024-11-21,TLKM.JK,2680.0,2810.0,2680.0,2770.0,2374.162353515625,128294600.0
2024-11-22,TLKM.JK,2750.0,2790.0,2720.0,2750.0,2357.0205078125,135265300.0
2024-11-25,TLKM.JK,2740.0,2780.0,2720.0,2740.0,2348.449462890625,358617100.0
2024-11-26,TLKM.JK,2770.0,2800.0,2680.0,2710.0,2322.736328125,106721000.0
2024-11-28,TLKM.JK,2680.0,2750.0,2680.0,2720.0,2331.307373046875,102808400.0
2024-11-29,TLKM.JK,2700.0,2760.0,2700.0,2710.0,2322.736328125,103162000.0
2024-12-02,TLKM.JK,2720.0,2730.0,2680.0,2680.0,2297.023681640625,66025900.0
2024-12-03,TLKM.JK,2760.0,2830.0,2710.0,2820.0,2417.017333984375,167603900.0
2024-12-04,TLKM.JK,2820.0,2850.0,2800.0,2840.0,2434.1591796875,83412800.0
2024-12-05,TLKM.JK,2840.0,2840.0,2730.0,2770.0,2374.162353515625,96025400.0
2024-12-06,TLKM.JK,2740.0,2780.0,2740.0,2760.0,2365.59130859375,48179800.0
2024-12-09,TLKM.JK,2760.0,2770.0,2730.0,2740.0,2348.449462890625,63671900.0
2024-12-10,TLKM.JK,2770.0,2830.0,2750.0,2770.0,2374.162353515625,124138200.0
2024-12-11,TLKM.JK,2770.0,2880.0,2770.0,2860.0,2451.301025390625,140611400.0
2024-12-12,TLKM.JK,2830.0,2850.0,2780.0,2820.0,2417.017333984375,66977700.0
2024-12-13,TLKM.JK,2770.0,2790.0,2750.0,2790.0,2391.30419921875,77540100.0
2024-12-16,TLKM.JK,2760.0,2760.0,2650.0,2660.0,2279.881591796875,147655600.0
2024-12-17,TLKM.JK,2630.0,2650.0,2600.0,2620.0,2245.597412109375,113785500.0
2024-12-18,TLKM.JK,2620.0,2660.0,2570.0,2570.0,2202.74267578125,79565300.0
2024-12-19,TLKM.JK,2510.0,2560.0,2500.0,2530.0,2168.458740234375,123504200.0
2024-12-20,TLKM.JK,2530.0,2570.0,2520.0,2550.0,2185.6005859375,110308800.0
2024-12-23,TLKM.JK,2580.0,2670.0,2580.0,2650.0,2271.310546875,72113700.0
2024-12-24,TLKM.JK,2680.0,2750.0,2620.0,2740.0,2348.449462890625,117582400.0
2024-12-27,TLKM.JK,2770.0,2800.0,2710.0,2750.0,2357.0205078125,92727600.0
2024-12-30,TLKM.JK,2720.0,2760.0,2700.0,2710.0,2322.736328125,74279200.0
2025-01-02,TLKM.JK,2710.0,2740.0,2680.0,2700.0,2314.165283203125,38776700.0
2025-01-03,TLKM.JK,2740.0,2770.0,2730.0,2750.0,2357.0205078125,49907500.0
2025-01-06,TLKM.JK,2760.0,2770.0,2660.0,2690.0,2305.594482421875,54087800.0
2025-01-07,TLKM.JK,2670.0,2680.0,2570.0,2570.0,2202.74267578125,109758000.0
2025-01-08,TLKM.JK,2590.0,2700.0,2590.0,2650.0,2271.310546875,100688500.0
2025-01-09,TLKM.JK,2690.0,2700.0,2620.0,2620.0,2245.597412109375,55206700.0
2025-01-10,TLKM.JK,2640.0,2690.0,2630.0,2680.0,2297.023681640625,54496800.0
2025-01-13,TLKM.JK,2670.0,2740.0,2650.0,2670.0,2288.45263671875,90816500.0
2025-01-14,TLKM.JK,2670.0,2690.0,2610.0,2620.0,2245.597412109375,53116800.0
2025-01-15,TLKM.JK,2640.0,2670.0,2620.0,2630.0,2254.16845703125,52867900.0
2025-01-16,TLKM.JK,2660.0,2660.0,2590.0,2590.0,2219.884765625,118890200.0
2025-01-17,TLKM.JK,2630.0,2680.0,2610.0,2660.0,2279.881591796875,107245400.0
2025-01-20,TLKM.JK,2670.0,2690.0,2610.0,2610.0,2237.0263671875,49752300.0
2025-01-21,TLKM.JK,2630.0,2660.0,2600.0,2630.0,2254.16845703125,86549000.0
2025-01-22,TLKM.JK,2680.0,2750.0,2650.0,2730.0,2339.87841796875,128617700.0
2025-01-23,TLKM.JK,2730.0,2750.0,2710.0,2710.0,2322.736328125,63216100.0
2025-01-24,TLKM.JK,2740.0,2750.0,2690.0,2690.0,2305.594482421875,49844700.0
2025-01-30,TLKM.JK,2690.0,2710.0,2610.0,2640.0,2262.739501953125,89736900.0
2025-01-31,TLKM.JK,2660.0,2710.0,2660.0,2660.0,2279.881591796875,83736900.0
2025-02-03,TLKM.JK,2620.0,2630.0,2560.0,2630.0,2254.16845703125,91801900.0
2025-02-04,TLKM.JK,2640.0,2660.0,2590.0,2640.0,2262.739501953125,95311100.0
2025-02-05,TLKM.JK,2600.0,2640.0,2590.0,2620.0,2245.597412109375,110400300.0
2025-02-06,TLKM.JK,2630.0,2630.0,2520.0,2560.0,2194.171630859375,90471900.0
2025-02-07,TLKM.JK,2550.0,2590.0,2510.0,2590.0,2219.884765625,105020200.0
2025-02-10,TLKM.JK,2520.0,2550.0,2440.0,2440.0,2091.31982421875,153328500.0
2025-02-11,TLKM.JK,2430.0,2450.0,2300.0,2320.0,1988.468017578125,254907800.0
2025-02-12,TLKM.JK,2360.0,2480.0,2350.0,2480.0,2125.603759765625,173407600.0
2025-02-13,TLKM.JK,2370.0,2420.0,2310.0,2420.0,2074.177978515625,219425500.0
2025-02-14,TLKM.JK,2460.0,2530.0,2440.0,2530.0,2168.458740234375,156474300.0
2025-02-17,TLKM.JK,2570.0,2650.0,2530.0,2650.0,2271.310546875,113998200.0
2025-02-18,TLKM.JK,2660.0,2710.0,2630.0,2680.0,2297.023681640625,115881200.0
2025-02-19,TLKM.JK,2680.0,2690.0,2600.0,2670.0,2288.45263671875,119388200.0
2025-02-20,TLKM.JK,2650.0,2680.0,2620.0,2670.0,2288.45263671875,90411700.0
2025-02-21,TLKM.JK,2670.0,2680.0,2630.0,2650.0,2271.310546875,75110600.0
2025-02-24,TLKM.JK,2630.0,2640.0,2570.0,2600.0,2228.455810546875,42327600.0
2025-02-25,TLKM.JK,2560.0,2580.0,2460.0,2460.0,2108.461669921875,111687700.0
2025-02-26,TLKM.JK,2500.0,2520.0,2460.0,2520.0,2159.887939453125,65752000.0
2025-02-27,TLKM.JK,2520.0,2560.0,2430.0,2490.0,2134.1748046875,88741400.0
2025-02-28,TLKM.JK,2470.0,2470.0,2350.0,2350.0,2014.1810302734375,249795300.0
2025-03-03,TLKM.JK,2400.0,2420.0,2370.0,2400.0,2057.035888671875,178833400.0
2025-03-04,TLKM.JK,2400.0,2440.0,2350.0,2380.0,2039.89404296875,131347800.0
2025-03-05,TLKM.JK,2420.0,2470.0,2410.0,2450.0,2099.890869140625,167407400.0
2025-03-06,TLKM.JK,2490.0,2510.0,2400.0,2400.0,2057.035888671875,131136100.0
2025-03-07,TLKM.JK,2430.0,2470.0,2350.0,2410.0,2065.60693359375,182407000.0
2025-03-10,TLKM.JK,2430.0,2430.0,2370.0,2390.0,2048.46484375,88949400.0
2025-03-11,TLKM.JK,2380.0,2390.0,2350.0,2370.0,2031.3231201171875,102235600.0
2025-03-12,TLKM.JK,2410.0,2490.0,2400.0,2450.0,2099.890869140625,98938700.0
2025-03-13,TLKM.JK,2470.0,2490.0,2420.0,2430.0,2082.7490234375,66706500.0
2025-03-14,TLKM.JK,2450.0,2480.0,2410.0,2420.0,2074.177978515625,107627100.0
2025-03-17,TLKM.JK,2420.0,2450.0,2410.0,2420.0,2074.177978515625,58129400.0
2025-03-18,TLKM.JK,2450.0,2470.0,2300.0,2420.0,2074.177978515625,139758600.0
2025-03-19,TLKM.JK,2420.0,2440.0,2380.0,2430.0,2082.7490234375,96825800.0
2025-03-20,TLKM.JK,2440.0,2440.0,2350.0,2390.0,2048.46484375,94823100.0
2025-03-21,TLKM.JK,2370.0,2380.0,2300.0,2310.0,1979.89697265625,204534000.0
2025-03-24,TLKM.JK,2320.0,2360.0,2240.0,2330.0,1997.0390625,105865000.0
2025-03-25,TLKM.JK,2340.0,2360.0,2300.0,2340.0,2005.6099853515625,107964200.0
2025-03-26,TLKM.JK,2360.0,2460.0,2350.0,2440.0,2091.31982421875,215856700.0
2025-03-27,TLKM.JK,2430.0,2430.0,2390.0,2410.0,2065.60693359375,120411200.0
2025-04-08,TLKM.JK,2050.0,2300.0,2050.0,2290.0,1962.7552490234375,409973200.0
2025-04-09,TLKM.JK,2440.0,2440.0,2300.0,2320.0,1988.468017578125,120363300.0
2025-04-10,TLKM.JK,2450.0,2470.0,2320.0,2350.0,2014.1810302734375,139327100.0
2025-04-11,TLKM.JK,2320.0,2350.0,2300.0,2330.0,1997.0390625,60214100.0
2025-04-14,TLKM.JK,2320.0,2430.0,2310.0,2430.0,2082.7490234375,116968600.0
2025-04-15,TLKM.JK,2460.0,2470.0,2420.0,2450.0,2099.890869140625,99064500.0
2025-04-16,TLKM.JK,2490.0,2510.0,2450.0,2480.0,2125.603759765625,121853000.0
2025-04-17,TLKM.JK,2500.0,2660.0,2490.0,2550.0,2185.6005859375,195577900.0
2025-04-21,TLKM.JK,2600.0,2610.0,2510.0,2570.0,2202.74267578125,84209300.0
2025-04-22,TLKM.JK,2570.0,2570.0,2520.0,2550.0,2185.6005859375,44958000.0
2025-04-23,TLKM.JK,2580.0,2640.0,2570.0,2630.0,2254.16845703125,128704200.0
2025-04-24,TLKM.JK,2630.0,2650.0,2600.0,2630.0,2254.16845703125,75733400.0
2025-04-25,TLKM.JK,2630.0,2650.0,2570.0,2600.0,2228.455810546875,93439600.0
2025-04-28,TLKM.JK,2600.0,2610.0,2560.0,2560.0,2194.171630859375,51086400.0
2025-04-29,TLKM.JK,2570.0,2600.0,2560.0,2590.0,2219.884765625,56546100.0
2025-04-30,TLKM.JK,2600.0,2640.0,2600.0,2640.0,2262.739501953125,96333300.0
2025-05-02,TLKM.JK,2640.0,2720.0,2620.0,2680.0,2297.023681640625,132357600.0
2025-05-05,TLKM.JK,2710.0,2710.0,2670.0,2700.0,2314.165283203125,85592500.0
2025-05-06,TLKM.JK,2720.0,2730.0,2680.0,2680.0,2297.023681640625,76948300.0
2025-05-07,TLKM.JK,2680.0,2690.0,2620.0,2620.0,2245.597412109375,100293700.0
2025-05-08,TLKM.JK,2630.0,2640.0,2570.0,2570.0,2202.74267578125,122965300.0
2025-05-09,TLKM.JK,2570.0,2630.0,2570.0,2600.0,2228.455810546875,59433500.0
2025-05-14,TLKM.JK,2530.0,2620.0,2530.0,2590.0,2219.884765625,132760900.0
2025-05-15,TLKM.JK,2580.0,2690.0,2580.0,2660.0,2279.881591796875,120039700.0
2025-05-16,TLKM.JK,2710.0,2750.0,2680.0,2740.0,2348.449462890625,101569600.0
2025-05-19,TLKM.JK,2760.0,2860.0,2740.0,2820.0,2417.017333984375,164194700.0
2025-05-20,TLKM.JK,2830.0,2840.0,2740.0,2740.0,2348.449462890625,129805200.0
2025-05-21,TLKM.JK,2710.0,2780.0,2690.0,2750.0,2357.0205078125,120242100.0
2025-05-22,TLKM.JK,2750.0,2850.0,2750.0,2800.0,2399.875244140625,131277300.0
2025-05-23,TLKM.JK,2710.0,2720.0,2690.0,2690.0,2305.594482421875,141199500.0
2025-05-26,TLKM.JK,2720.0,2820.0,2700.0,2800.0,2399.875244140625,186806300.0
2025-05-27,TLKM.JK,2840.0,2880.0,2790.0,2830.0,2425.58837890625,279180500.0
2025-05-28,TLKM.JK,2860.0,2870.0,2800.0,2820.0,2417.017333984375,531309500.0
2025-06-02,TLKM.JK,2780.0,2820.0,2750.0,2780.0,2382.733154296875,211393400.0
2025-06-03,TLKM.JK,2780.0,2830.0,2730.0,2800.0,2399.875244140625,142896600.0
2025-06-04,TLKM.JK,2810.0,2860.0,2810.0,2820.0,2417.017333984375,125006700.0
2025-06-05,TLKM.JK,2850.0,2850.0,2820.0,2840.0,2434.1591796875,95008500.0
2025-06-10,TLKM.JK,2920.0,2920.0,2880.0,2910.0,2494.156005859375,213564000.0
2025-06-11,TLKM.JK,2750.0,2810.0,2730.0,2800.0,2588.897216796875,200609800.0
2025-06-12,TLKM.JK,2830.0,2830.0,2750.0,2780.0,2570.405029296875,97099100.0
2025-06-13,TLKM.JK,2770.0,2770.0,2720.0,2740.0,2533.4208984375,81111300.0
2025-06-16,TLKM.JK,2740.0,2770.0,2730.0,2740.0,2533.4208984375,46641000.0
2025-06-17,TLKM.JK,2800.0,2800.0,2760.0,2760.0,2551.912841796875,59643500.0
2025-06-18,TLKM.JK,2770.0,2800.0,2760.0,2770.0,2561.158935546875,70757600.0
2025-06-19,TLKM.JK,2740.0,2780.0,2630.0,2690.0,2487.1904296875,98911200.0
2025-06-20,TLKM.JK,2700.0,2710.0,2640.0,2640.0,2440.960205078125,243027500.0
2025-06-23,TLKM.JK,2610.0,2610.0,2560.0,2580.0,2385.48388671875,73554200.0
2025-06-24,TLKM.JK,2600.0,2670.0,2580.0,2590.0,2394.72998046875,107300200.0
2025-06-25,TLKM.JK,2650.0,2650.0,2560.0,2620.0,2422.468017578125,79958900.0
2025-06-26,TLKM.JK,2620.0,2710.0,2590.0,2710.0,2505.6826171875,132868200.0
2025-06-30,TLKM.JK,2780.0,2790.0,2730.0,2780.0,2570.405029296875,124299500.0
2025-07-01,TLKM.JK,2800.0,2810.0,2760.0,2810.0,2598.143310546875,73006700.0
2025-07-02,TLKM.JK,2820.0,2820.0,2730.0,2780.0,2570.405029296875,92321600.0
2025-07-03,TLKM.JK,2780.0,2810.0,2690.0,2710.0,2505.6826171875,69094400.0
2025-07-04,TLKM.JK,2710.0,2720.0,2620.0,2630.0,2431.714111328125,53587300.0
2025-07-07,TLKM.JK,2630.0,2700.0,2610.0,2700.0,2496.4365234375,33446600.0
2025-07-08,TLKM.JK,2680.0,2700.0,2640.0,2650.0,2450.206298828125,45926000.0
2025-07-09,TLKM.JK,2650.0,2680.0,2640.0,2670.0,2468.698486328125,44897100.0
2025-07-10,TLKM.JK,2690.0,2710.0,2650.0,2690.0,2487.1904296875,41108700.0
2025-07-11,TLKM.JK,2710.0,2730.0,2690.0,2730.0,2524.1748046875,47851300.0
2025-07-14,TLKM.JK,2700.0,2710.0,2640.0,2690.0,2487.1904296875,60458400.0
2025-07-15,TLKM.JK,2690.0,2690.0,2640.0,2640.0,2440.960205078125,35309100.0
2025-07-16,TLKM.JK,2660.0,2680.0,2650.0,2650.0,2450.206298828125,43385900.0
2025-07-17,TLKM.JK,2700.0,2770.0,2660.0,2770.0,2561.158935546875,102642100.0
2025-07-18,TLKM.JK,2800.0,2800.0,2750.0,2770.0,2561.158935546875,83762800.0
2025-07-21,TLKM.JK,2800.0,2800.0,2750.0,2800.0,2588.897216796875,52553200.0
2025-07-22,TLKM.JK,2800.0,2850.0,2800.0,2850.0,2635.12744140625,108243300.0
2025-07-23,TLKM.JK,2870.0,2870.0,2840.0,2850.0,2635.12744140625,86077600.0
2025-07-24,TLKM.JK,2860.0,2870.0,2800.0,2840.0,2625.88134765625,74224200.0
2025-07-25,TLKM.JK,2810.0,2830.0,2780.0,2820.0,2607.389404296875,41296200.0
2025-07-28,TLKM.JK,2870.0,2870.0,2830.0,2860.0,2644.37353515625,40193800.0
2025-07-29,TLKM.JK,2870.0,2880.0,2840.0,2880.0,2662.86572265625,46357400.0
2025-07-30,TLKM.JK,2890.0,2890.0,2850.0,2880.0,2662.86572265625,99062400.0
2025-07-31,TLKM.JK,2890.0,2930.0,2860.0,2880.0,2662.86572265625,201065700.0
2025-08-01,TLKM.JK,2960.0,2990.0,2910.0,2980.0,2755.326416015625,130977000.0
2025-08-04,TLKM.JK,3000.0,3030.0,2990.0,3030.0,2801.556640625,96385300.0
2025-08-05,TLKM.JK,3050.0,3050.0,2990.0,3030.0,2801.556640625,99396900.0
2025-08-06,TLKM.JK,3000.0,3010.0,2960.0,2990.0,2764.572265625,86215200.0
2025-08-07,TLKM.JK,2990.0,2990.0,2930.0,2950.0,2727.588134765625,46506200.0
2025-08-08,TLKM.JK,2950.0,2960.0,2930.0,2940.0,2718.342041015625,46945800.0
2025-08-11,TLKM.JK,2990.0,3010.0,2970.0,2990.0,2764.572265625,74978300.0
2025-08-12,TLKM.JK,3050.0,3200.0,3010.0,3180.0,2940.24755859375,217607800.0
2025-08-13,TLKM.JK,3220.0,3420.0,3210.0,3360.0,3106.6767578125,465722400.0
2025-08-14,TLKM.JK,3370.0,3490.0,3370.0,3420.0,3162.153076171875,232557200.0
2025-08-15,TLKM.JK,3360.0,3410.0,3310.0,3310.0,3060.4462890625,182893900.0
2025-08-19,TLKM.JK,3260.0,3330.0,3240.0,3250.0,3004.969970703125,164921000.0
2025-08-20,TLKM.JK,3220.0,3290.0,3220.0,3220.0,2977.231689453125,80084600.0
2025-08-21,TLKM.JK,3210.0,3270.0,3210.0,3250.0,3004.969970703125,63861900.0
2025-08-22,TLKM.JK,3270.0,3290.0,3220.0,3240.0,2995.723876953125,61351700.0
2025-08-25,TLKM.JK,3280.0,3350.0,3250.0,3310.0,3060.4462890625,93221500.0
2025-08-26,TLKM.JK,3310.0,3320.0,3230.0,3260.0,3014.216064453125,227364800.0
2025-08-27,TLKM.JK,3200.0,3250.0,3100.0,3170.0,2931.00146484375,118158900.0
2025-08-28,TLKM.JK,3160.0,3220.0,3150.0,3180.0,2940.24755859375,55940600.0
2025-08-29,TLKM.JK,3180.0,3210.0,3100.0,3130.0,2894.017333984375,72585500.0
2025-09-01,TLKM.JK,3080.0,3110.0,2960.0,3110.0,2875.525146484375,130027900.0
2025-09-02,TLKM.JK,3120.0,3140.0,3050.0,3070.0,2838.540771484375,64402900.0
2025-09-03,TLKM.JK,3080.0,3170.0,3070.0,3110.0,2875.525146484375,113875700.0
2025-09-04,TLKM.JK,3090.0,3170.0,3090.0,3150.0,2912.50927734375,37223800.0
2025-09-08,TLKM.JK,3300.0,3300.0,3090.0,3090.0,2857.032958984375,93725000.0
2025-09-09,TLKM.JK,3100.0,3130.0,3000.0,3050.0,2820.048828125,104463400.0
2025-09-10,TLKM.JK,3070.0,3180.0,3050.0,3150.0,2912.50927734375,49840200.0
2025-09-11,TLKM.JK,3180.0,3190.0,3070.0,3080.0,2847.786865234375,71919900.0
2025-09-12,TLKM.JK,3090.0,3110.0,3050.0,3100.0,2866.279052734375,61521400.0
2025-09-15,TLKM.JK,3150.0,3260.0,3130.0,3260.0,3014.216064453125,115361300.0
2025-09-16,TLKM.JK,3300.0,3300.0,3260.0,3300.0,3051.2001953125,80642900.0
2025-09-17,TLKM.JK,3300.0,3340.0,3210.0,3340.0,3088.1845703125,73539700.0
2025-09-18,TLKM.JK,3400.0,3400.0,3230.0,3250.0,3004.969970703125,99501600.0
2025-09-19,TLKM.JK,3210.0,3300.0,3160.0,3230.0,2986.477783203125,113834400.0
2025-09-22,TLKM.JK,3300.0,3300.0,3190.0,3220.0,2977.231689453125,53704700.0
2025-09-23,TLKM.JK,3240.0,3260.0,3130.0,3190.0,2949.49365234375,40100300.0
2025-09-24,TLKM.JK,3190.0,3190.0,3150.0,3160.0,2921.75537109375,37086500.0
2025-09-25,TLKM.JK,3160.0,3200.0,3110.0,3120.0,2884.771240234375,37627500.0
2025-09-26,TLKM.JK,3100.0,3160.0,3090.0,3110.0,2875.525146484375,66789300.0
2025-09-29,TLKM.JK,3110.0,3130.0,3050.0,3080.0,2847.786865234375,85911300.0
2025-09-30,TLKM.JK,3090.0,3140.0,3060.0,3060.0,2829.294921875,117025800.0
2025-10-01,TLKM.JK,3060.0,3100.0,3060.0,3060.0,2829.294921875,59779700.0
2025-10-02,TLKM.JK,3070.0,3200.0,3060.0,3130.0,2894.017333984375,113431700.0
2025-10-03,TLKM.JK,3110.0,3130.0,3050.0,3070.0,2838.540771484375,59116700.0
2025-10-06,TLKM.JK,3080.0,3090.0,2960.0,3010.0,2783.064453125,59707600.0
2025-10-07,TLKM.JK,3030.0,3050.0,3000.0,3010.0,2783.064453125,30353000.0
2025-10-08,TLKM.JK,3030.0,3040.0,2940.0,2990.0,2764.572265625,66090700.0
2025-10-09,TLKM.JK,2950.0,3020.0,2950.0,3010.0,2783.064453125,54769300.0
2025-10-10,TLKM.JK,3030.0,3080.0,3000.0,3040.0,2810.802734375,62254500.0
2025-10-13,TLKM.JK,3020.0,3070.0,2980.0,3020.0,2792.310546875,46978500.0
2025-10-14,TLKM.JK,3050.0,3070.0,2960.0,2960.0,2736.834228515625,38518800.0
2025-10-15,TLKM.JK,3000.0,3090.0,2950.0,3080.0,2847.786865234375,67503700.0
2025-10-16,TLKM.JK,2970.0,3020.0,2900.0,2950.0,2727.588134765625,103687000.0
2025-10-17,TLKM.JK,2950.0,2960.0,2850.0,2880.0,2662.86572265625,82482200.0
2025-10-20,TLKM.JK,2930.0,2970.0,2900.0,2940.0,2718.342041015625,96029300.0
2025-10-21,TLKM.JK,2970.0,3290.0,2970.0,3280.0,3032.708251953125,223104600.0
2025-10-22,TLKM.JK,3220.0,3220.0,3120.0,3150.0,2912.50927734375,128796800.0
2025-10-23,TLKM.JK,3180.0,3400.0,3170.0,3360.0,3106.6767578125,218967200.0
2025-10-24,TLKM.JK,3370.0,3440.0,3290.0,3290.0,3041.9541015625,115104000.0
2025-10-27,TLKM.JK,3320.0,3360.0,3280.0,3330.0,3078.9384765625,105683900.0
2025-10-28,TLKM.JK,3330.0,3480.0,3270.0,3400.0,3143.660888671875,143082100.0
2025-10-29,TLKM.JK,3390.0,3390.0,3270.0,3290.0,3041.9541015625,93073800.0
2025-10-30,TLKM.JK,3290.0,3310.0,3200.0,3250.0,3004.969970703125,83523100.0
2025-10-31,TLKM.JK,3200.0,3250.0,3150.0,3210.0,2967.98583984375,126790400.0
2025-11-03,TLKM.JK,3210.0,3380.0,3210.0,3350.0,3097.4306640625,107151300.0
2025-11-04,TLKM.JK,3360.0,3590.0,3360.0,3500.0,3236.12158203125,227450800.0
2025-11-05,TLKM.JK,3600.0,3630.0,3510.0,3540.0,3273.105712890625,182624300.0
2025-11-06,TLKM.JK,3540.0,3550.0,3470.0,3480.0,3217.62939453125,71766000.0
2025-11-07,TLKM.JK,3460.0,3490.0,3420.0,3470.0,3208.38330078125,58917900.0
2025-11-10,TLKM.JK,3490.0,3550.0,3440.0,3440.0,3180.64501953125,88941900.0
2025-11-11,TLKM.JK,3500.0,3530.0,3470.0,3520.0,3254.613525390625,63130300.0
2025-11-12,TLKM.JK,3540.0,3590.0,3510.0,3560.0,3291.597900390625,61339600.0
2025-11-13,TLKM.JK,3570.0,3570.0,3480.0,3500.0,3236.12158203125,57467900.0
2025-11-14,TLKM.JK,3530.0,3560.0,3510.0,3550.0,3282.351806640625,55079600.0
2025-11-17,TLKM.JK,3570.0,3630.0,3560.0,3610.0,3337.828125,76833800.0
2025-11-18,TLKM.JK,3610.0,3630.0,3540.0,3620.0,3347.07421875,97747000.0
2025-11-19,TLKM.JK,3620.0,3690.0,3620.0,3650.0,3374.8125,109911100.0
2025-11-20,TLKM.JK,3650.0,3660.0,3620.0,3640.0,3365.56640625,52200700.0
2025-11-21,TLKM.JK,3590.0,3610.0,3460.0,3500.0,3236.12158203125,93181600.0
2025-11-24,TLKM.JK,3560.0,3700.0,3540.0,3700.0,3421.042724609375,241304000.0
2025-11-25,TLKM.JK,3690.0,3690.0,3560.0,3650.0,3374.8125,84816600.0
2025-11-26,TLKM.JK,3600.0,3720.0,3600.0,3720.0,3439.534912109375,111114600.0
2025-11-27,TLKM.JK,3700.0,3700.0,3560.0,3570.0,3300.843994140625,48436500.0
2025-11-28,TLKM.JK,3600.0,3630.0,3500.0,3510.0,3245.36767578125,70943000.0
2025-12-01,TLKM.JK,3530.0,3650.0,3520.0,3650.0,3374.8125,89045500.0
2025-12-02,TLKM.JK,3660.0,3670.0,3560.0,3560.0,3291.597900390625,62155900.0
2025-12-03,TLKM.JK,3590.0,3650.0,3580.0,3580.0,3310.090087890625,60429900.0
2025-12-04,TLKM.JK,3660.0,3660.0,3580.0,3630.0,3356.3203125,38947500.0
2025-12-05,TLKM.JK,3630.0,3700.0,3610.0,3700.0,3421.042724609375,50641400.0
2025-12-08,TLKM.JK,3700.0,3700.0,3600.0,3630.0,3356.3203125,64911000.0
2025-12-09,TLKM.JK,3650.0,3650.0,3520.0,3570.0,3300.843994140625,94381800.0
2025-12-10,TLKM.JK,3620.0,3700.0,3590.0,3640.0,3365.56640625,68644900.0
2025-12-11,TLKM.JK,3670.0,3690.0,3500.0,3570.0,3300.843994140625,84823100.0
2025-12-12,TLKM.JK,3630.0,3630.0,3500.0,3550.0,3282.351806640625,67076200.0
2025-12-15,TLKM.JK,3550.0,3560.0,3460.0,3470.0,3208.38330078125,121707400.0
2025-12-16,TLKM.JK,3490.0,3550.0,3470.0,3520.0,3254.613525390625,120576700.0
2025-12-17,TLKM.JK,3540.0,3590.0,3490.0,3500.0,3236.12158203125,118452300.0
2025-12-18,TLKM.JK,3540.0,3580.0,3460.0,3460.0,3199.13720703125,111042200.0
2025-12-19,TLKM.JK,3520.0,3520.0,3390.0,3410.0,3152.906982421875,236770700.0
2025-12-22,TLKM.JK,3440.0,3490.0,3420.0,3470.0,3208.38330078125,113720300.0
2025-12-23,TLKM.JK,3470.0,3470.0,3420.0,3470.0,3208.38330078125,39083700.0
2025-12-24,TLKM.JK,3480.0,3500.0,3440.0,3460.0,3199.13720703125,30919800.0
2025-12-29,TLKM.JK,3480.0,3530.0,3460.0,3490.0,3226.87548828125,53079900.0
2025-12-30,TLKM.JK,3490.0,3510.0,3480.0,3480.0,3217.62939453125,48019100.0
2026-01-02,TLKM.JK,3510.0,3510.0,3450.0,3470.0,3208.38330078125,34812500.0
2026-01-05,TLKM.JK,3490.0,3590.0,3480.0,3580.0,3310.090087890625,77224000.0
2026-01-06,TLKM.JK,3600.0,3600.0,3490.0,3520.0,3254.613525390625,77477100.0
2026-01-07,TLKM.JK,3540.0,3550.0,3500.0,3540.0,3273.105712890625,60466200.0
2026-01-08,TLKM.JK,3540.0,3580.0,3520.0,3530.0,3263.859619140625,61219400.0
2026-01-09,TLKM.JK,3550.0,3560.0,3450.0,3450.0,3189.89111328125,82708700.0
2026-01-12,TLKM.JK,3470.0,3530.0,3460.0,3520.0,3254.613525390625,89165400.0
2026-01-13,TLKM.JK,3600.0,3660.0,3550.0,3620.0,3347.07421875,129812000.0
2026-01-14,TLKM.JK,3690.0,3700.0,3610.0,3650.0,3374.8125,98179400.0
